{
"type": "FeatureCollection",
"name": "bike_trips",
"crs": { "type": "name", "properties": { "name": "urn:ogc:def:crs:OGC:1.3:CRS84" } },
"features": [
{ "type": "Feature", "properties": { "trip_id": "54711148", "rental_id": "16137257", "vehicle_type": "bike", "trip_started_at_utc": "2024-11-09T16:54:25", "trip_ended_at_utc": "2024-11-09T16:58:04", "latitude_start": 46.2039324, "longitude_start": 6.1461574, "latitude_end": 46.2067322, "longitude_end": 6.1463995, "distance_in_km": 0.31188102156864977, "start_station": null, "end_station": null }, "geometry": { "type": "LineString", "coordinates": [ [ 6.1461574, 46.2039324 ], [ 6.1463995, 46.2067322 ] ] } },
{ "type": "Feature", "properties": { "trip_id": "54698323", "rental_id": "16135446", "vehicle_type": "bike", "trip_started_at_utc": "2024-11-09T13:35:58", "trip_ended_at_utc": "2024-11-09T13:43:08", "latitude_start": 46.2027791, "longitude_start": 6.1525634, "latitude_end": 46.2116214, "longitude_end": 6.1498342, "distance_in_km": 1.0054007731225458, "start_station": null, "end_station": null }, "geometry": { "type": "LineString", "coordinates": [ [ 6.1525634, 46.2027791 ], [ 6.1498342, 46.2116214 ] ] } },
{ "type": "Feature", "properties": { "trip_id": "54785332", "rental_id": "16160080", "vehicle_type": "bike", "trip_started_at_utc": "2024-11-11T12:42:44", "trip_ended_at_utc": "2024-11-11T12:51:19", "latitude_start": 46.2012887, "longitude_start": 6.1556554, "latitude_end": 46.2045815, "longitude_end": 6.1472619, "distance_in_km": 0.74250739697367318, "start_station": null, "end_station": null }, "geometry": { "type": "LineString", "coordinates": [ [ 6.1556554, 46.2012887 ], [ 6.1472619, 46.2045815 ] ] } },
{ "type": "Feature", "properties": { "trip_id": "55276906", "rental_id": "16323253", "vehicle_type": "bike", "trip_started_at_utc": "2024-11-25T14:29:38", "trip_ended_at_utc": "2024-11-25T14:37:20", "latitude_start": 46.2111386, "longitude_start": 6.1524982, "latitude_end": 46.2064612, "longitude_end": 6.1447513, "distance_in_km": 0.79112418360756953, "start_station": null, "end_station": null }, "geometry": { "type": "LineString", "coordinates": [ [ 6.1524982, 46.2111386 ], [ 6.1447513, 46.2064612 ] ] } },
{ "type": "Feature", "properties": { "trip_id": "55390072", "rental_id": "16363219", "vehicle_type": "bike", "trip_started_at_utc": "2024-11-29T02:58:29", "trip_ended_at_utc": "2024-11-29T03:05:20", "latitude_start": 46.2088819, "longitude_start": 6.1446517, "latitude_end": 46.2013062, "longitude_end": 6.1397787, "distance_in_km": 0.92208160162878516, "start_station": null, "end_station": null }, "geometry": { "type": "LineString", "coordinates": [ [ 6.1446517, 46.2088819 ], [ 6.1397787, 46.2013062 ] ] } },
{ "type": "Feature", "properties": { "trip_id": "55517344", "rental_id": "16403652", "vehicle_type": "bike", "trip_started_at_utc": "2024-12-02T12:41:28", "trip_ended_at_utc": "2024-12-02T12:42:58", "latitude_start": 46.2067468, "longitude_start": 6.1465341, "latitude_end": 46.2068005, "longitude_end": 6.1465564, "distance_in_km": 0.0062128754935161, "start_station": null, "end_station": null }, "geometry": { "type": "LineString", "coordinates": [ [ 6.1465341, 46.2067468 ], [ 6.1465564, 46.2068005 ] ] } },
{ "type": "Feature", "properties": { "trip_id": "54652299", "rental_id": "16121108", "vehicle_type": "bike", "trip_started_at_utc": "2024-11-08T15:07:54", "trip_ended_at_utc": "2024-11-08T15:13:17", "latitude_start": 46.2068564, "longitude_start": 6.1464882, "latitude_end": 46.2111924, "longitude_end": 6.1528909, "distance_in_km": 0.68935036205970435, "start_station": null, "end_station": null }, "geometry": { "type": "LineString", "coordinates": [ [ 6.1464882, 46.2068564 ], [ 6.1528909, 46.2111924 ] ] } },
{ "type": "Feature", "properties": { "trip_id": "54656271", "rental_id": "16122295", "vehicle_type": "bike", "trip_started_at_utc": "2024-11-08T16:11:53", "trip_ended_at_utc": "2024-11-08T16:15:11", "latitude_start": 46.2023944, "longitude_start": 6.1569846, "latitude_end": 46.204991, "longitude_end": 6.1617864, "distance_in_km": 0.4689575981396672, "start_station": null, "end_station": null }, "geometry": { "type": "LineString", "coordinates": [ [ 6.1569846, 46.2023944 ], [ 6.1617864, 46.204991 ] ] } },
{ "type": "Feature", "properties": { "trip_id": "54655981", "rental_id": "16122295", "vehicle_type": "bike", "trip_started_at_utc": "2024-11-08T16:07:50", "trip_ended_at_utc": "2024-11-08T16:10:26", "latitude_start": 46.2012108, "longitude_start": 6.1558284, "latitude_end": 46.2024014, "longitude_end": 6.1562888, "distance_in_km": 0.13704847471181139, "start_station": null, "end_station": null }, "geometry": { "type": "LineString", "coordinates": [ [ 6.1558284, 46.2012108 ], [ 6.1562888, 46.2024014 ] ] } },
{ "type": "Feature", "properties": { "trip_id": "54947027", "rental_id": "16214726", "vehicle_type": "bike", "trip_started_at_utc": "2024-11-15T15:34:18", "trip_ended_at_utc": "2024-11-15T15:41:22", "latitude_start": 46.2112046, "longitude_start": 6.1525274, "latitude_end": 46.2068065, "longitude_end": 6.1465835, "distance_in_km": 0.66960298336234703, "start_station": null, "end_station": null }, "geometry": { "type": "LineString", "coordinates": [ [ 6.1525274, 46.2112046 ], [ 6.1465835, 46.2068065 ] ] } },
{ "type": "Feature", "properties": { "trip_id": "55238855", "rental_id": "16310293", "vehicle_type": "bike", "trip_started_at_utc": "2024-11-24T09:34:46", "trip_ended_at_utc": "2024-11-24T09:40:32", "latitude_start": 46.199856, "longitude_start": 6.1617623, "latitude_end": 46.2035589, "longitude_end": 6.160918, "distance_in_km": 0.41683991397366738, "start_station": null, "end_station": null }, "geometry": { "type": "LineString", "coordinates": [ [ 6.1617623, 46.199856 ], [ 6.160918, 46.2035589 ] ] } },
{ "type": "Feature", "properties": { "trip_id": "55337142", "rental_id": "16344845", "vehicle_type": "bike", "trip_started_at_utc": "2024-11-27T11:41:53", "trip_ended_at_utc": "2024-11-27T11:48:11", "latitude_start": 46.2067489, "longitude_start": 6.1465372, "latitude_end": 46.211219, "longitude_end": 6.15266, "distance_in_km": 0.68486911873881895, "start_station": null, "end_station": null }, "geometry": { "type": "LineString", "coordinates": [ [ 6.1465372, 46.2067489 ], [ 6.15266, 46.211219 ] ] } },
{ "type": "Feature", "properties": { "trip_id": "55385401", "rental_id": "16361533", "vehicle_type": "bike", "trip_started_at_utc": "2024-11-28T20:35:12", "trip_ended_at_utc": "2024-11-28T20:41:06", "latitude_start": 46.2057193, "longitude_start": 6.1428454, "latitude_end": 46.211488, "longitude_end": 6.1497797, "distance_in_km": 0.83437945807341263, "start_station": null, "end_station": null }, "geometry": { "type": "LineString", "coordinates": [ [ 6.1428454, 46.2057193 ], [ 6.1497797, 46.211488 ] ] } },
{ "type": "Feature", "properties": { "trip_id": "55517419", "rental_id": "16403686", "vehicle_type": "bike", "trip_started_at_utc": "2024-12-02T12:44:23", "trip_ended_at_utc": "2024-12-02T12:53:47", "latitude_start": 46.2067576, "longitude_start": 6.1464727, "latitude_end": 46.2115855, "longitude_end": 6.149535, "distance_in_km": 0.58627991153204384, "start_station": null, "end_station": null }, "geometry": { "type": "LineString", "coordinates": [ [ 6.1464727, 46.2067576 ], [ 6.149535, 46.2115855 ] ] } },
{ "type": "Feature", "properties": { "trip_id": "54673012", "rental_id": "16127549", "vehicle_type": "bike", "trip_started_at_utc": "2024-11-08T22:34:36", "trip_ended_at_utc": "2024-11-08T22:39:47", "latitude_start": 46.2019127, "longitude_start": 6.1394903, "latitude_end": 46.20334, "longitude_end": 6.1488907, "distance_in_km": 0.74065181698070393, "start_station": null, "end_station": null }, "geometry": { "type": "LineString", "coordinates": [ [ 6.1394903, 46.2019127 ], [ 6.1488907, 46.20334 ] ] } },
{ "type": "Feature", "properties": { "trip_id": "54912249", "rental_id": "16202967", "vehicle_type": "bike", "trip_started_at_utc": "2024-11-14T18:02:19", "trip_ended_at_utc": "2024-11-14T18:05:02", "latitude_start": 46.2038336, "longitude_start": 6.1436048, "latitude_end": 46.2033629, "longitude_end": 6.1488408, "distance_in_km": 0.40633649529559412, "start_station": null, "end_station": null }, "geometry": { "type": "LineString", "coordinates": [ [ 6.1436048, 46.2038336 ], [ 6.1488408, 46.2033629 ] ] } },
{ "type": "Feature", "properties": { "trip_id": "54889432", "rental_id": "16196159", "vehicle_type": "bike", "trip_started_at_utc": "2024-11-14T10:02:10", "trip_ended_at_utc": "2024-11-14T10:10:40", "latitude_start": 46.2110023, "longitude_start": 6.1527862, "latitude_end": 46.2063835, "longitude_end": 6.1446511, "distance_in_km": 0.80972288820051763, "start_station": null, "end_station": null }, "geometry": { "type": "LineString", "coordinates": [ [ 6.1527862, 46.2110023 ], [ 6.1446511, 46.2063835 ] ] } },
{ "type": "Feature", "properties": { "trip_id": "54959779", "rental_id": "16218460", "vehicle_type": "bike", "trip_started_at_utc": "2024-11-15T19:05:09", "trip_ended_at_utc": "2024-11-15T19:15:42", "latitude_start": 46.1999593, "longitude_start": 6.1427929, "latitude_end": 46.2017674, "longitude_end": 6.153108, "distance_in_km": 0.81893101627952791, "start_station": null, "end_station": null }, "geometry": { "type": "LineString", "coordinates": [ [ 6.1427929, 46.1999593 ], [ 6.153108, 46.2017674 ] ] } },
{ "type": "Feature", "properties": { "trip_id": "55176607", "rental_id": "16290599", "vehicle_type": "bike", "trip_started_at_utc": "2024-11-22T10:49:11", "trip_ended_at_utc": "2024-11-22T10:55:50", "latitude_start": 46.2070501, "longitude_start": 6.1463123, "latitude_end": 46.2017793, "longitude_end": 6.1437727, "distance_in_km": 0.61781443433861993, "start_station": null, "end_station": null }, "geometry": { "type": "LineString", "coordinates": [ [ 6.1463123, 46.2070501 ], [ 6.1437727, 46.2017793 ] ] } },
{ "type": "Feature", "properties": { "trip_id": "55284800", "rental_id": "16325838", "vehicle_type": "bike", "trip_started_at_utc": "2024-11-25T17:12:57", "trip_ended_at_utc": "2024-11-25T17:19:07", "latitude_start": 46.2066767, "longitude_start": 6.1465789, "latitude_end": 46.2018101, "longitude_end": 6.1437682, "distance_in_km": 0.58277074240319526, "start_station": null, "end_station": null }, "geometry": { "type": "LineString", "coordinates": [ [ 6.1465789, 46.2066767 ], [ 6.1437682, 46.2018101 ] ] } },
{ "type": "Feature", "properties": { "trip_id": "55311153", "rental_id": "16335225", "vehicle_type": "bike", "trip_started_at_utc": "2024-11-26T14:49:39", "trip_ended_at_utc": "2024-11-26T14:52:59", "latitude_start": 46.199508, "longitude_start": 6.1453152, "latitude_end": 46.1966908, "longitude_end": 6.1454487, "distance_in_km": 0.31342730248083628, "start_station": null, "end_station": null }, "geometry": { "type": "LineString", "coordinates": [ [ 6.1453152, 46.199508 ], [ 6.1454487, 46.1966908 ] ] } },
{ "type": "Feature", "properties": { "trip_id": "55307336", "rental_id": "16333162", "vehicle_type": "bike", "trip_started_at_utc": "2024-11-26T12:58:54", "trip_ended_at_utc": "2024-11-26T13:08:13", "latitude_start": 46.201876, "longitude_start": 6.1620568, "latitude_end": 46.2069018, "longitude_end": 6.1473642, "distance_in_km": 1.2612607460493963, "start_station": null, "end_station": null }, "geometry": { "type": "LineString", "coordinates": [ [ 6.1620568, 46.201876 ], [ 6.1473642, 46.2069018 ] ] } },
{ "type": "Feature", "properties": { "trip_id": "55355976", "rental_id": "16351123", "vehicle_type": "bike", "trip_started_at_utc": "2024-11-27T22:59:45", "trip_ended_at_utc": "2024-11-27T23:07:11", "latitude_start": 46.2093346, "longitude_start": 6.1425401, "latitude_end": 46.2012359, "longitude_end": 6.1398169, "distance_in_km": 0.92459844053896123, "start_station": null, "end_station": null }, "geometry": { "type": "LineString", "coordinates": [ [ 6.1425401, 46.2093346 ], [ 6.1398169, 46.2012359 ] ] } },
{ "type": "Feature", "properties": { "trip_id": "55584724", "rental_id": "16427549", "vehicle_type": "bike", "trip_started_at_utc": "2024-12-04T14:31:40", "trip_ended_at_utc": "2024-12-04T14:37:49", "latitude_start": 46.1998188, "longitude_start": 6.1427206, "latitude_end": 46.2061094, "longitude_end": 6.1397058, "distance_in_km": 0.73695918599370736, "start_station": null, "end_station": null }, "geometry": { "type": "LineString", "coordinates": [ [ 6.1427206, 46.1998188 ], [ 6.1397058, 46.2061094 ] ] } },
{ "type": "Feature", "properties": { "trip_id": "54594258", "rental_id": "16102049", "vehicle_type": "bike", "trip_started_at_utc": "2024-11-07T09:25:44", "trip_ended_at_utc": "2024-11-07T09:31:00", "latitude_start": 46.2068134, "longitude_start": 6.146473, "latitude_end": 46.2111748, "longitude_end": 6.1526067, "distance_in_km": 0.67673267745382604, "start_station": null, "end_station": null }, "geometry": { "type": "LineString", "coordinates": [ [ 6.146473, 46.2068134 ], [ 6.1526067, 46.2111748 ] ] } },
{ "type": "Feature", "properties": { "trip_id": "54640565", "rental_id": "16117671", "vehicle_type": "bike", "trip_started_at_utc": "2024-11-08T11:08:13", "trip_ended_at_utc": "2024-11-08T11:14:55", "latitude_start": 46.2038339, "longitude_start": 6.1432044, "latitude_end": 46.2115575, "longitude_end": 6.1493775, "distance_in_km": 0.98144769552179545, "start_station": null, "end_station": null }, "geometry": { "type": "LineString", "coordinates": [ [ 6.1432044, 46.2038339 ], [ 6.1493775, 46.2115575 ] ] } },
{ "type": "Feature", "properties": { "trip_id": "54706578", "rental_id": "16137257", "vehicle_type": "bike", "trip_started_at_utc": "2024-11-09T15:40:14", "trip_ended_at_utc": "2024-11-09T15:49:01", "latitude_start": 46.2068792, "longitude_start": 6.1464786, "latitude_end": 46.2029769, "longitude_end": 6.1529227, "distance_in_km": 0.65894817389234894, "start_station": null, "end_station": null }, "geometry": { "type": "LineString", "coordinates": [ [ 6.1464786, 46.2068792 ], [ 6.1529227, 46.2029769 ] ] } },
{ "type": "Feature", "properties": { "trip_id": "54785798", "rental_id": "16160207", "vehicle_type": "bike", "trip_started_at_utc": "2024-11-11T12:54:43", "trip_ended_at_utc": "2024-11-11T13:03:33", "latitude_start": 46.207039, "longitude_start": 6.1428989, "latitude_end": 46.201806, "longitude_end": 6.1430918, "distance_in_km": 0.58207329500995153, "start_station": null, "end_station": null }, "geometry": { "type": "LineString", "coordinates": [ [ 6.1428989, 46.207039 ], [ 6.1430918, 46.201806 ] ] } },
{ "type": "Feature", "properties": { "trip_id": "55100264", "rental_id": "16262453", "vehicle_type": "bike", "trip_started_at_utc": "2024-11-19T15:48:59", "trip_ended_at_utc": "2024-11-19T16:00:38", "latitude_start": 46.2012616, "longitude_start": 6.1557993, "latitude_end": 46.2064588, "longitude_end": 6.144611, "distance_in_km": 1.036983201013574, "start_station": null, "end_station": null }, "geometry": { "type": "LineString", "coordinates": [ [ 6.1557993, 46.2012616 ], [ 6.144611, 46.2064588 ] ] } },
{ "type": "Feature", "properties": { "trip_id": "55320492", "rental_id": "16338593", "vehicle_type": "bike", "trip_started_at_utc": "2024-11-26T18:04:06", "trip_ended_at_utc": "2024-11-26T18:16:39", "latitude_start": 46.2086858, "longitude_start": 6.1461902, "latitude_end": 46.2013731, "longitude_end": 6.1423398, "distance_in_km": 0.86544266367303158, "start_station": null, "end_station": null }, "geometry": { "type": "LineString", "coordinates": [ [ 6.1461902, 46.2086858 ], [ 6.1423398, 46.2013731 ] ] } },
{ "type": "Feature", "properties": { "trip_id": "55352356", "rental_id": "16349875", "vehicle_type": "bike", "trip_started_at_utc": "2024-11-27T19:25:10", "trip_ended_at_utc": "2024-11-27T19:29:53", "latitude_start": 46.2110747, "longitude_start": 6.1523684, "latitude_end": 46.2071067, "longitude_end": 6.1476812, "distance_in_km": 0.56988397782732525, "start_station": null, "end_station": null }, "geometry": { "type": "LineString", "coordinates": [ [ 6.1523684, 46.2110747 ], [ 6.1476812, 46.2071067 ] ] } },
{ "type": "Feature", "properties": { "trip_id": "54546329", "rental_id": "16084825", "vehicle_type": "bike", "trip_started_at_utc": "2024-11-06T00:24:08", "trip_ended_at_utc": "2024-11-06T00:30:43", "latitude_start": 46.2088856, "longitude_start": 6.1446164, "latitude_end": 46.2012169, "longitude_end": 6.1397243, "distance_in_km": 0.93213119801751443, "start_station": null, "end_station": null }, "geometry": { "type": "LineString", "coordinates": [ [ 6.1446164, 46.2088856 ], [ 6.1397243, 46.2012169 ] ] } },
{ "type": "Feature", "properties": { "trip_id": "54657672", "rental_id": "16122295", "vehicle_type": "bike", "trip_started_at_utc": "2024-11-08T16:34:23", "trip_ended_at_utc": "2024-11-08T16:38:21", "latitude_start": 46.2047285, "longitude_start": 6.1619412, "latitude_end": 46.2067827, "longitude_end": 6.1620832, "distance_in_km": 0.22867821837238439, "start_station": null, "end_station": null }, "geometry": { "type": "LineString", "coordinates": [ [ 6.1619412, 46.2047285 ], [ 6.1620832, 46.2067827 ] ] } },
{ "type": "Feature", "properties": { "trip_id": "54708428", "rental_id": "16137257", "vehicle_type": "bike", "trip_started_at_utc": "2024-11-09T16:08:58", "trip_ended_at_utc": "2024-11-09T16:14:05", "latitude_start": 46.2029211, "longitude_start": 6.1528223, "latitude_end": 46.204353, "longitude_end": 6.1463765, "distance_in_km": 0.52098126029311775, "start_station": null, "end_station": null }, "geometry": { "type": "LineString", "coordinates": [ [ 6.1528223, 46.2029211 ], [ 6.1463765, 46.204353 ] ] } },
{ "type": "Feature", "properties": { "trip_id": "54704559", "rental_id": "16136792", "vehicle_type": "bike", "trip_started_at_utc": "2024-11-09T15:09:35", "trip_ended_at_utc": "2024-11-09T15:22:21", "latitude_start": 46.2046187, "longitude_start": 6.1623348, "latitude_end": 46.2068462, "longitude_end": 6.1440848, "distance_in_km": 1.4261009370544284, "start_station": null, "end_station": null }, "geometry": { "type": "LineString", "coordinates": [ [ 6.1623348, 46.2046187 ], [ 6.1440848, 46.2068462 ] ] } },
{ "type": "Feature", "properties": { "trip_id": "54888162", "rental_id": "16195700", "vehicle_type": "bike", "trip_started_at_utc": "2024-11-14T09:16:24", "trip_ended_at_utc": "2024-11-14T09:22:52", "latitude_start": 46.2066945, "longitude_start": 6.1464685, "latitude_end": 46.2110838, "longitude_end": 6.1525181, "distance_in_km": 0.67447722180753855, "start_station": null, "end_station": null }, "geometry": { "type": "LineString", "coordinates": [ [ 6.1464685, 46.2066945 ], [ 6.1525181, 46.2110838 ] ] } },
{ "type": "Feature", "properties": { "trip_id": "54945027", "rental_id": "16214104", "vehicle_type": "bike", "trip_started_at_utc": "2024-11-15T15:02:54", "trip_ended_at_utc": "2024-11-15T15:10:40", "latitude_start": 46.2068926, "longitude_start": 6.1465283, "latitude_end": 46.2112213, "longitude_end": 6.1524916, "distance_in_km": 0.66501672697746561, "start_station": null, "end_station": null }, "geometry": { "type": "LineString", "coordinates": [ [ 6.1465283, 46.2068926 ], [ 6.1524916, 46.2112213 ] ] } },
{ "type": "Feature", "properties": { "trip_id": "55310432", "rental_id": "16335225", "vehicle_type": "bike", "trip_started_at_utc": "2024-11-26T14:31:10", "trip_ended_at_utc": "2024-11-26T14:40:38", "latitude_start": 46.2071316, "longitude_start": 6.1429134, "latitude_end": 46.1996266, "longitude_end": 6.145231, "distance_in_km": 0.85336629975872424, "start_station": null, "end_station": null }, "geometry": { "type": "LineString", "coordinates": [ [ 6.1429134, 46.2071316 ], [ 6.145231, 46.1996266 ] ] } },
{ "type": "Feature", "properties": { "trip_id": "52538768", "rental_id": "15455843", "vehicle_type": "bike", "trip_started_at_utc": "2024-09-28T23:02:52", "trip_ended_at_utc": "2024-09-28T23:08:51", "latitude_start": 46.2041978, "longitude_start": 6.1493863, "latitude_end": 46.2031737, "longitude_end": 6.1587092, "distance_in_km": 0.72645032549036226, "start_station": null, "end_station": null }, "geometry": { "type": "LineString", "coordinates": [ [ 6.1493863, 46.2041978 ], [ 6.1587092, 46.2031737 ] ] } },
{ "type": "Feature", "properties": { "trip_id": "46697153", "rental_id": "13874174", "vehicle_type": "bike", "trip_started_at_utc": "2024-07-19T12:53:36", "trip_ended_at_utc": "2024-07-19T12:58:40", "latitude_start": 46.2114917, "longitude_start": 6.152845, "latitude_end": 46.2105065, "longitude_end": 6.1496706, "distance_in_km": 0.2677033864951408, "start_station": null, "end_station": null }, "geometry": { "type": "LineString", "coordinates": [ [ 6.152845, 46.2114917 ], [ 6.1496706, 46.2105065 ] ] } },
{ "type": "Feature", "properties": { "trip_id": "46944800", "rental_id": "13932119", "vehicle_type": "bike", "trip_started_at_utc": "2024-07-21T18:57:41", "trip_ended_at_utc": "2024-07-21T19:08:19", "latitude_start": 46.2089103, "longitude_start": 6.1445367, "latitude_end": 46.2032114, "longitude_end": 6.1587601, "distance_in_km": 1.2647571680030274, "start_station": null, "end_station": null }, "geometry": { "type": "LineString", "coordinates": [ [ 6.1445367, 46.2089103 ], [ 6.1587601, 46.2032114 ] ] } },
{ "type": "Feature", "properties": { "trip_id": "48411219", "rental_id": "14287168", "vehicle_type": "bike", "trip_started_at_utc": "2024-08-07T13:40:15", "trip_ended_at_utc": "2024-08-07T13:54:21", "latitude_start": 46.2102966, "longitude_start": 6.1448929, "latitude_end": 46.2051744, "longitude_end": 6.1580629, "distance_in_km": 1.1625411545941524, "start_station": null, "end_station": null }, "geometry": { "type": "LineString", "coordinates": [ [ 6.1448929, 46.2102966 ], [ 6.1580629, 46.2051744 ] ] } },
{ "type": "Feature", "properties": { "trip_id": "49446732", "rental_id": "14546775", "vehicle_type": "bike", "trip_started_at_utc": "2024-08-18T07:25:44", "trip_ended_at_utc": "2024-08-18T07:38:45", "latitude_start": 46.196548, "longitude_start": 6.1465666, "latitude_end": 46.2064142, "longitude_end": 6.1446797, "distance_in_km": 1.1066424475952787, "start_station": null, "end_station": null }, "geometry": { "type": "LineString", "coordinates": [ [ 6.1465666, 46.196548 ], [ 6.1446797, 46.2064142 ] ] } },
{ "type": "Feature", "properties": { "trip_id": "49606780", "rental_id": "14584317", "vehicle_type": "bike", "trip_started_at_utc": "2024-08-19T19:22:12", "trip_ended_at_utc": "2024-08-19T19:33:26", "latitude_start": 46.2102618, "longitude_start": 6.1430337, "latitude_end": 46.203117, "longitude_end": 6.1587566, "distance_in_km": 1.4474514085711014, "start_station": null, "end_station": null }, "geometry": { "type": "LineString", "coordinates": [ [ 6.1430337, 46.2102618 ], [ 6.1587566, 46.203117 ] ] } },
{ "type": "Feature", "properties": { "trip_id": "52266781", "rental_id": "15365453", "vehicle_type": "bike", "trip_started_at_utc": "2024-09-23T16:15:07", "trip_ended_at_utc": "2024-09-23T16:19:35", "latitude_start": 46.1997608, "longitude_start": 6.1428547, "latitude_end": 46.199516, "longitude_end": 6.1411061, "distance_in_km": 0.13730356322370449, "start_station": null, "end_station": null }, "geometry": { "type": "LineString", "coordinates": [ [ 6.1428547, 46.1997608 ], [ 6.1411061, 46.199516 ] ] } },
{ "type": "Feature", "properties": { "trip_id": "46027077", "rental_id": "13698133", "vehicle_type": "bike", "trip_started_at_utc": "2024-07-09T21:33:58", "trip_ended_at_utc": "2024-07-09T21:38:21", "latitude_start": 46.1970661, "longitude_start": 6.1429544, "latitude_end": 46.201764, "longitude_end": 6.1438512, "distance_in_km": 0.52692352035793877, "start_station": null, "end_station": null }, "geometry": { "type": "LineString", "coordinates": [ [ 6.1429544, 46.1970661 ], [ 6.1438512, 46.201764 ] ] } },
{ "type": "Feature", "properties": { "trip_id": "46111522", "rental_id": "13722513", "vehicle_type": "bike", "trip_started_at_utc": "2024-07-11T09:52:34", "trip_ended_at_utc": "2024-07-11T10:00:16", "latitude_start": 46.2031569, "longitude_start": 6.1469029, "latitude_end": 46.2093563, "longitude_end": 6.1425053, "distance_in_km": 0.76793062138144264, "start_station": null, "end_station": null }, "geometry": { "type": "LineString", "coordinates": [ [ 6.1469029, 46.2031569 ], [ 6.1425053, 46.2093563 ] ] } },
{ "type": "Feature", "properties": { "trip_id": "46823380", "rental_id": "13904498", "vehicle_type": "bike", "trip_started_at_utc": "2024-07-20T15:39:36", "trip_ended_at_utc": "2024-07-20T15:52:47", "latitude_start": 46.2081562, "longitude_start": 6.1487453, "latitude_end": 46.2013659, "longitude_end": 6.1397752, "distance_in_km": 1.0230440408177937, "start_station": null, "end_station": null }, "geometry": { "type": "LineString", "coordinates": [ [ 6.1487453, 46.2081562 ], [ 6.1397752, 46.2013659 ] ] } },
{ "type": "Feature", "properties": { "trip_id": "47647577", "rental_id": "14102952", "vehicle_type": "bike", "trip_started_at_utc": "2024-07-30T09:13:30", "trip_ended_at_utc": "2024-07-30T09:23:03", "latitude_start": 46.2041127, "longitude_start": 6.1618331, "latitude_end": 46.2056142, "longitude_end": 6.1427228, "distance_in_km": 1.4801013764020226, "start_station": null, "end_station": null }, "geometry": { "type": "LineString", "coordinates": [ [ 6.1618331, 46.2041127 ], [ 6.1427228, 46.2056142 ] ] } },
{ "type": "Feature", "properties": { "trip_id": "47901749", "rental_id": "14164238", "vehicle_type": "bike", "trip_started_at_utc": "2024-08-01T23:02:15", "trip_ended_at_utc": "2024-08-01T23:45:11", "latitude_start": 46.2046824, "longitude_start": 6.1469725, "latitude_end": 46.1986627, "longitude_end": 6.1432515, "distance_in_km": 0.72804692464118148, "start_station": null, "end_station": null }, "geometry": { "type": "LineString", "coordinates": [ [ 6.1469725, 46.2046824 ], [ 6.1432515, 46.1986627 ] ] } },
{ "type": "Feature", "properties": { "trip_id": "48928389", "rental_id": "14416550", "vehicle_type": "bike", "trip_started_at_utc": "2024-08-12T19:05:30", "trip_ended_at_utc": "2024-08-12T19:18:34", "latitude_start": 46.20706, "longitude_start": 6.143063, "latitude_end": 46.1972555, "longitude_end": 6.1431196, "distance_in_km": 1.0902210714949361, "start_station": null, "end_station": null }, "geometry": { "type": "LineString", "coordinates": [ [ 6.143063, 46.20706 ], [ 6.1431196, 46.1972555 ] ] } },
{ "type": "Feature", "properties": { "trip_id": "49507671", "rental_id": "14560224", "vehicle_type": "bike", "trip_started_at_utc": "2024-08-18T17:09:12", "trip_ended_at_utc": "2024-08-18T17:17:27", "latitude_start": 46.1999108, "longitude_start": 6.1486245, "latitude_end": 46.2000805, "longitude_end": 6.1619113, "distance_in_km": 1.0227652282461026, "start_station": null, "end_station": null }, "geometry": { "type": "LineString", "coordinates": [ [ 6.1486245, 46.1999108 ], [ 6.1619113, 46.2000805 ] ] } },
{ "type": "Feature", "properties": { "trip_id": "50719189", "rental_id": "14901985", "vehicle_type": "bike", "trip_started_at_utc": "2024-09-02T11:44:20", "trip_ended_at_utc": "2024-09-02T11:49:09", "latitude_start": 46.2090329, "longitude_start": 6.1443328, "latitude_end": 46.2100949, "longitude_end": 6.1478759, "distance_in_km": 0.2971154114986494, "start_station": null, "end_station": null }, "geometry": { "type": "LineString", "coordinates": [ [ 6.1443328, 46.2090329 ], [ 6.1478759, 46.2100949 ] ] } },
{ "type": "Feature", "properties": { "trip_id": "48086719", "rental_id": "14207373", "vehicle_type": "bike", "trip_started_at_utc": "2024-08-03T18:35:11", "trip_ended_at_utc": "2024-08-03T18:36:59", "latitude_start": 46.2096429, "longitude_start": 6.14266, "latitude_end": 46.2087874, "longitude_end": 6.1412974, "distance_in_km": 0.14157396163730779, "start_station": null, "end_station": null }, "geometry": { "type": "LineString", "coordinates": [ [ 6.14266, 46.2096429 ], [ 6.1412974, 46.2087874 ] ] } },
{ "type": "Feature", "properties": { "trip_id": "48186395", "rental_id": "14231841", "vehicle_type": "bike", "trip_started_at_utc": "2024-08-05T06:26:09", "trip_ended_at_utc": "2024-08-05T06:34:16", "latitude_start": 46.2029911, "longitude_start": 6.1618678, "latitude_end": 46.2057253, "longitude_end": 6.1428638, "distance_in_km": 1.4937549085705073, "start_station": null, "end_station": null }, "geometry": { "type": "LineString", "coordinates": [ [ 6.1618678, 46.2029911 ], [ 6.1428638, 46.2057253 ] ] } },
{ "type": "Feature", "properties": { "trip_id": "51345297", "rental_id": "15088348", "vehicle_type": "bike", "trip_started_at_utc": "2024-09-10T14:23:21", "trip_ended_at_utc": "2024-09-10T14:31:52", "latitude_start": 46.208928, "longitude_start": 6.1443497, "latitude_end": 46.2051086, "longitude_end": 6.1579696, "distance_in_km": 1.1308708500604081, "start_station": null, "end_station": null }, "geometry": { "type": "LineString", "coordinates": [ [ 6.1443497, 46.208928 ], [ 6.1579696, 46.2051086 ] ] } },
{ "type": "Feature", "properties": { "trip_id": "51552964", "rental_id": "15156207", "vehicle_type": "bike", "trip_started_at_utc": "2024-09-14T06:35:15", "trip_ended_at_utc": "2024-09-14T06:47:02", "latitude_start": 46.2031966, "longitude_start": 6.1587621, "latitude_end": 46.2088424, "longitude_end": 6.1448531, "distance_in_km": 1.2408807970864015, "start_station": null, "end_station": null }, "geometry": { "type": "LineString", "coordinates": [ [ 6.1587621, 46.2031966 ], [ 6.1448531, 46.2088424 ] ] } },
{ "type": "Feature", "properties": { "trip_id": "46346544", "rental_id": "13784617", "vehicle_type": "bike", "trip_started_at_utc": "2024-07-14T16:05:53", "trip_ended_at_utc": "2024-07-14T16:16:50", "latitude_start": 46.2036632, "longitude_start": 6.1586795, "latitude_end": 46.2091567, "longitude_end": 6.1427959, "distance_in_km": 1.3664441005865555, "start_station": null, "end_station": null }, "geometry": { "type": "LineString", "coordinates": [ [ 6.1586795, 46.2036632 ], [ 6.1427959, 46.2091567 ] ] } },
{ "type": "Feature", "properties": { "trip_id": "46634775", "rental_id": "13857983", "vehicle_type": "bike", "trip_started_at_utc": "2024-07-18T16:15:14", "trip_ended_at_utc": "2024-07-18T16:23:56", "latitude_start": 46.2111905, "longitude_start": 6.152372, "latitude_end": 46.2056458, "longitude_end": 6.1428268, "distance_in_km": 0.95897688942692405, "start_station": null, "end_station": null }, "geometry": { "type": "LineString", "coordinates": [ [ 6.152372, 46.2111905 ], [ 6.1428268, 46.2056458 ] ] } },
{ "type": "Feature", "properties": { "trip_id": "47174569", "rental_id": "13989025", "vehicle_type": "bike", "trip_started_at_utc": "2024-07-24T20:30:14", "trip_ended_at_utc": "2024-07-24T20:43:32", "latitude_start": 46.2018881, "longitude_start": 6.1538471, "latitude_end": 46.2057028, "longitude_end": 6.1574361, "distance_in_km": 0.50617404328802962, "start_station": null, "end_station": null }, "geometry": { "type": "LineString", "coordinates": [ [ 6.1538471, 46.2018881 ], [ 6.1574361, 46.2057028 ] ] } },
{ "type": "Feature", "properties": { "trip_id": "48128726", "rental_id": "14218104", "vehicle_type": "bike", "trip_started_at_utc": "2024-08-04T11:05:11", "trip_ended_at_utc": "2024-08-04T11:17:25", "latitude_start": 46.207625, "longitude_start": 6.1409493, "latitude_end": 46.2115326, "longitude_end": 6.1495037, "distance_in_km": 0.78873163667325452, "start_station": null, "end_station": null }, "geometry": { "type": "LineString", "coordinates": [ [ 6.1409493, 46.207625 ], [ 6.1495037, 46.2115326 ] ] } },
{ "type": "Feature", "properties": { "trip_id": "50058680", "rental_id": "14710256", "vehicle_type": "bike", "trip_started_at_utc": "2024-08-25T12:09:02", "trip_ended_at_utc": "2024-08-25T12:17:57", "latitude_start": 46.2043722, "longitude_start": 6.1590148, "latitude_end": 46.1985017, "longitude_end": 6.1473642, "distance_in_km": 1.1090872856851215, "start_station": null, "end_station": null }, "geometry": { "type": "LineString", "coordinates": [ [ 6.1590148, 46.2043722 ], [ 6.1473642, 46.1985017 ] ] } },
{ "type": "Feature", "properties": { "trip_id": "50459619", "rental_id": "14829099", "vehicle_type": "bike", "trip_started_at_utc": "2024-08-30T11:40:01", "trip_ended_at_utc": "2024-08-30T12:02:41", "latitude_start": 46.2028307, "longitude_start": 6.1412383, "latitude_end": 46.1969767, "longitude_end": 6.1428456, "distance_in_km": 0.66258599577351462, "start_station": null, "end_station": null }, "geometry": { "type": "LineString", "coordinates": [ [ 6.1412383, 46.2028307 ], [ 6.1428456, 46.1969767 ] ] } },
{ "type": "Feature", "properties": { "trip_id": "52635792", "rental_id": "15486657", "vehicle_type": "bike", "trip_started_at_utc": "2024-09-30T19:01:57", "trip_ended_at_utc": "2024-09-30T19:09:06", "latitude_start": 46.2088447, "longitude_start": 6.1445929, "latitude_end": 46.2113318, "longitude_end": 6.1490979, "distance_in_km": 0.4434534652778841, "start_station": null, "end_station": null }, "geometry": { "type": "LineString", "coordinates": [ [ 6.1445929, 46.2088447 ], [ 6.1490979, 46.2113318 ] ] } },
{ "type": "Feature", "properties": { "trip_id": "46640168", "rental_id": "13858782", "vehicle_type": "bike", "trip_started_at_utc": "2024-07-18T17:09:24", "trip_ended_at_utc": "2024-07-18T17:11:58", "latitude_start": 46.2039356, "longitude_start": 6.143708, "latitude_end": 46.2043498, "longitude_end": 6.1460298, "distance_in_km": 0.1845195220372963, "start_station": null, "end_station": null }, "geometry": { "type": "LineString", "coordinates": [ [ 6.143708, 46.2039356 ], [ 6.1460298, 46.2043498 ] ] } },
{ "type": "Feature", "properties": { "trip_id": "53515814", "rental_id": "15758286", "vehicle_type": "bike", "trip_started_at_utc": "2024-10-17T07:11:23", "trip_ended_at_utc": "2024-10-17T07:15:53", "latitude_start": 46.2032244, "longitude_start": 6.1513582, "latitude_end": 46.2057048, "longitude_end": 6.1425641, "distance_in_km": 0.73080825267191973, "start_station": null, "end_station": null }, "geometry": { "type": "LineString", "coordinates": [ [ 6.1513582, 46.2032244 ], [ 6.1425641, 46.2057048 ] ] } },
{ "type": "Feature", "properties": { "trip_id": "48640929", "rental_id": "14345822", "vehicle_type": "bike", "trip_started_at_utc": "2024-08-09T22:24:05", "trip_ended_at_utc": "2024-08-09T22:29:31", "latitude_start": 46.2037503, "longitude_start": 6.1435771, "latitude_end": 46.1958786, "longitude_end": 6.1461255, "distance_in_km": 0.89699976259850367, "start_station": null, "end_station": null }, "geometry": { "type": "LineString", "coordinates": [ [ 6.1435771, 46.2037503 ], [ 6.1461255, 46.1958786 ] ] } },
{ "type": "Feature", "properties": { "trip_id": "49004582", "rental_id": "14436472", "vehicle_type": "bike", "trip_started_at_utc": "2024-08-13T16:03:23", "trip_ended_at_utc": "2024-08-13T16:18:18", "latitude_start": 46.2093184, "longitude_start": 6.1423938, "latitude_end": 46.2032187, "longitude_end": 6.1587979, "distance_in_km": 1.4330366268187189, "start_station": null, "end_station": null }, "geometry": { "type": "LineString", "coordinates": [ [ 6.1423938, 46.2093184 ], [ 6.1587979, 46.2032187 ] ] } },
{ "type": "Feature", "properties": { "trip_id": "46006282", "rental_id": "13692390", "vehicle_type": "bike", "trip_started_at_utc": "2024-07-09T16:05:23", "trip_ended_at_utc": "2024-07-09T16:14:28", "latitude_start": 46.2052016, "longitude_start": 6.1626904, "latitude_end": 46.2093973, "longitude_end": 6.1425184, "distance_in_km": 1.6208839847504115, "start_station": null, "end_station": null }, "geometry": { "type": "LineString", "coordinates": [ [ 6.1626904, 46.2052016 ], [ 6.1425184, 46.2093973 ] ] } },
{ "type": "Feature", "properties": { "trip_id": "52862425", "rental_id": "15563304", "vehicle_type": "bike", "trip_started_at_utc": "2024-10-05T07:38:42", "trip_ended_at_utc": "2024-10-05T07:48:23", "latitude_start": 46.2067708, "longitude_start": 6.1465489, "latitude_end": 46.2052059, "longitude_end": 6.1581952, "distance_in_km": 0.91297184946517795, "start_station": null, "end_station": null }, "geometry": { "type": "LineString", "coordinates": [ [ 6.1465489, 46.2067708 ], [ 6.1581952, 46.2052059 ] ] } },
{ "type": "Feature", "properties": { "trip_id": "48456322", "rental_id": "14297633", "vehicle_type": "bike", "trip_started_at_utc": "2024-08-07T20:52:15", "trip_ended_at_utc": "2024-08-07T20:56:42", "latitude_start": 46.1941715, "longitude_start": 6.1487722, "latitude_end": 46.1939447, "longitude_end": 6.148662, "distance_in_km": 0.026607305212283501, "start_station": null, "end_station": null }, "geometry": { "type": "LineString", "coordinates": [ [ 6.1487722, 46.1941715 ], [ 6.148662, 46.1939447 ] ] } },
{ "type": "Feature", "properties": { "trip_id": "48766915", "rental_id": "14376485", "vehicle_type": "bike", "trip_started_at_utc": "2024-08-11T06:30:43", "trip_ended_at_utc": "2024-08-11T06:47:20", "latitude_start": 46.2057364, "longitude_start": 6.1428388, "latitude_end": 46.2056922, "longitude_end": 6.1424639, "distance_in_km": 0.029266041133677801, "start_station": null, "end_station": null }, "geometry": { "type": "LineString", "coordinates": [ [ 6.1428388, 46.2057364 ], [ 6.1424639, 46.2056922 ] ] } },
{ "type": "Feature", "properties": { "trip_id": "48969099", "rental_id": "14428227", "vehicle_type": "bike", "trip_started_at_utc": "2024-08-13T11:10:23", "trip_ended_at_utc": "2024-08-13T11:18:54", "latitude_start": 46.2027077, "longitude_start": 6.1613142, "latitude_end": 46.2057, "longitude_end": 6.1428503, "distance_in_km": 1.4593637391679335, "start_station": null, "end_station": null }, "geometry": { "type": "LineString", "coordinates": [ [ 6.1613142, 46.2027077 ], [ 6.1428503, 46.2057 ] ] } },
{ "type": "Feature", "properties": { "trip_id": "49598309", "rental_id": "14582555", "vehicle_type": "bike", "trip_started_at_utc": "2024-08-19T17:38:27", "trip_ended_at_utc": "2024-08-19T17:42:19", "latitude_start": 46.2001993, "longitude_start": 6.1483634, "latitude_end": 46.2017533, "longitude_end": 6.1505752, "distance_in_km": 0.2425591403832526, "start_station": null, "end_station": null }, "geometry": { "type": "LineString", "coordinates": [ [ 6.1483634, 46.2001993 ], [ 6.1505752, 46.2017533 ] ] } },
{ "type": "Feature", "properties": { "trip_id": "49627567", "rental_id": "14591221", "vehicle_type": "bike", "trip_started_at_utc": "2024-08-20T08:06:30", "trip_ended_at_utc": "2024-08-20T08:09:37", "latitude_start": 46.2016951, "longitude_start": 6.1437326, "latitude_end": 46.2056556, "longitude_end": 6.1428826, "distance_in_km": 0.4452199136481686, "start_station": null, "end_station": null }, "geometry": { "type": "LineString", "coordinates": [ [ 6.1437326, 46.2016951 ], [ 6.1428826, 46.2056556 ] ] } },
{ "type": "Feature", "properties": { "trip_id": "49785947", "rental_id": "14633391", "vehicle_type": "bike", "trip_started_at_utc": "2024-08-22T06:35:07", "trip_ended_at_utc": "2024-08-22T06:42:32", "latitude_start": 46.211409, "longitude_start": 6.1496681, "latitude_end": 46.1998322, "longitude_end": 6.1427575, "distance_in_km": 1.3928086311219281, "start_station": null, "end_station": null }, "geometry": { "type": "LineString", "coordinates": [ [ 6.1496681, 46.211409 ], [ 6.1427575, 46.1998322 ] ] } },
{ "type": "Feature", "properties": { "trip_id": "50380828", "rental_id": "14805363", "vehicle_type": "bike", "trip_started_at_utc": "2024-08-29T13:41:35", "trip_ended_at_utc": "2024-08-29T14:00:57", "latitude_start": 46.1942051, "longitude_start": 6.1486337, "latitude_end": 46.2112286, "longitude_end": 6.1526275, "distance_in_km": 1.9177207863420465, "start_station": null, "end_station": null }, "geometry": { "type": "LineString", "coordinates": [ [ 6.1486337, 46.1942051 ], [ 6.1526275, 46.2112286 ] ] } },
{ "type": "Feature", "properties": { "trip_id": "45854955", "rental_id": "13650129", "vehicle_type": "bike", "trip_started_at_utc": "2024-07-07T11:17:15", "trip_ended_at_utc": "2024-07-07T11:31:18", "latitude_start": 46.2095122, "longitude_start": 6.1423654, "latitude_end": 46.2025213, "longitude_end": 6.1604084, "distance_in_km": 1.5912836521428724, "start_station": null, "end_station": null }, "geometry": { "type": "LineString", "coordinates": [ [ 6.1423654, 46.2095122 ], [ 6.1604084, 46.2025213 ] ] } },
{ "type": "Feature", "properties": { "trip_id": "47544547", "rental_id": "14076700", "vehicle_type": "bike", "trip_started_at_utc": "2024-07-28T21:21:47", "trip_ended_at_utc": "2024-07-28T21:22:20", "latitude_start": 46.2065877, "longitude_start": 6.1619461, "latitude_end": 46.2066687, "longitude_end": 6.161779, "distance_in_km": 0.015699528829172499, "start_station": null, "end_station": null }, "geometry": { "type": "LineString", "coordinates": [ [ 6.1619461, 46.2065877 ], [ 6.161779, 46.2066687 ] ] } },
{ "type": "Feature", "properties": { "trip_id": "47821987", "rental_id": "14145402", "vehicle_type": "bike", "trip_started_at_utc": "2024-08-01T07:57:17", "trip_ended_at_utc": "2024-08-01T08:04:05", "latitude_start": 46.2037767, "longitude_start": 6.1433433, "latitude_end": 46.2004765, "longitude_end": 6.1593968, "distance_in_km": 1.2888236770687811, "start_station": null, "end_station": null }, "geometry": { "type": "LineString", "coordinates": [ [ 6.1433433, 46.2037767 ], [ 6.1593968, 46.2004765 ] ] } },
{ "type": "Feature", "properties": { "trip_id": "48091992", "rental_id": "14208630", "vehicle_type": "bike", "trip_started_at_utc": "2024-08-03T19:40:51", "trip_ended_at_utc": "2024-08-03T19:53:00", "latitude_start": 46.2034488, "longitude_start": 6.161022, "latitude_end": 46.2042556, "longitude_end": 6.1390624, "distance_in_km": 1.6923361955563627, "start_station": null, "end_station": null }, "geometry": { "type": "LineString", "coordinates": [ [ 6.161022, 46.2034488 ], [ 6.1390624, 46.2042556 ] ] } },
{ "type": "Feature", "properties": { "trip_id": "48131963", "rental_id": "14218810", "vehicle_type": "bike", "trip_started_at_utc": "2024-08-04T11:45:27", "trip_ended_at_utc": "2024-08-04T11:51:28", "latitude_start": 46.2070702, "longitude_start": 6.1471838, "latitude_end": 46.2111282, "longitude_end": 6.1524434, "distance_in_km": 0.60614549050811273, "start_station": null, "end_station": null }, "geometry": { "type": "LineString", "coordinates": [ [ 6.1471838, 46.2070702 ], [ 6.1524434, 46.2111282 ] ] } },
{ "type": "Feature", "properties": { "trip_id": "46095350", "rental_id": "13717089", "vehicle_type": "bike", "trip_started_at_utc": "2024-07-10T21:51:07", "trip_ended_at_utc": "2024-07-10T21:58:18", "latitude_start": 46.2032082, "longitude_start": 6.158791, "latitude_end": 46.2096308, "longitude_end": 6.1469039, "distance_in_km": 1.1605219409748715, "start_station": null, "end_station": null }, "geometry": { "type": "LineString", "coordinates": [ [ 6.158791, 46.2032082 ], [ 6.1469039, 46.2096308 ] ] } },
{ "type": "Feature", "properties": { "trip_id": "46462007", "rental_id": "13815181", "vehicle_type": "bike", "trip_started_at_utc": "2024-07-16T12:05:00", "trip_ended_at_utc": "2024-07-16T12:12:27", "latitude_start": 46.2112734, "longitude_start": 6.1526587, "latitude_end": 46.2046371, "longitude_end": 6.1470389, "distance_in_km": 0.85530582880751027, "start_station": null, "end_station": null }, "geometry": { "type": "LineString", "coordinates": [ [ 6.1526587, 46.2112734 ], [ 6.1470389, 46.2046371 ] ] } },
{ "type": "Feature", "properties": { "trip_id": "46997219", "rental_id": "13945435", "vehicle_type": "bike", "trip_started_at_utc": "2024-07-22T16:23:53", "trip_ended_at_utc": "2024-07-22T16:36:32", "latitude_start": 46.1999779, "longitude_start": 6.1427712, "latitude_end": 46.2106119, "longitude_end": 6.1497611, "distance_in_km": 1.2990510189030582, "start_station": null, "end_station": null }, "geometry": { "type": "LineString", "coordinates": [ [ 6.1427712, 46.1999779 ], [ 6.1497611, 46.2106119 ] ] } },
{ "type": "Feature", "properties": { "trip_id": "52941941", "rental_id": "15585370", "vehicle_type": "bike", "trip_started_at_utc": "2024-10-06T09:22:46", "trip_ended_at_utc": "2024-10-06T09:30:53", "latitude_start": 46.2041751, "longitude_start": 6.1493149, "latitude_end": 46.209293, "longitude_end": 6.1426394, "distance_in_km": 0.76664792770208523, "start_station": null, "end_station": null }, "geometry": { "type": "LineString", "coordinates": [ [ 6.1493149, 46.2041751 ], [ 6.1426394, 46.209293 ] ] } },
{ "type": "Feature", "properties": { "trip_id": "48251411", "rental_id": "14246821", "vehicle_type": "bike", "trip_started_at_utc": "2024-08-05T17:27:28", "trip_ended_at_utc": "2024-08-05T17:44:08", "latitude_start": 46.2111639, "longitude_start": 6.1526162, "latitude_end": 46.2101066, "longitude_end": 6.1441245, "distance_in_km": 0.66391194875087123, "start_station": null, "end_station": null }, "geometry": { "type": "LineString", "coordinates": [ [ 6.1526162, 46.2111639 ], [ 6.1441245, 46.2101066 ] ] } },
{ "type": "Feature", "properties": { "trip_id": "48494279", "rental_id": "14308391", "vehicle_type": "bike", "trip_started_at_utc": "2024-08-08T11:58:26", "trip_ended_at_utc": "2024-08-08T12:05:16", "latitude_start": 46.2068825, "longitude_start": 6.1464446, "latitude_end": 46.2006376, "longitude_end": 6.1594074, "distance_in_km": 1.2154727261943967, "start_station": null, "end_station": null }, "geometry": { "type": "LineString", "coordinates": [ [ 6.1464446, 46.2068825 ], [ 6.1594074, 46.2006376 ] ] } },
{ "type": "Feature", "properties": { "trip_id": "48537528", "rental_id": "14318162", "vehicle_type": "bike", "trip_started_at_utc": "2024-08-08T17:37:39", "trip_ended_at_utc": "2024-08-08T17:44:55", "latitude_start": 46.2015691, "longitude_start": 6.1394416, "latitude_end": 46.207795, "longitude_end": 6.1462945, "distance_in_km": 0.87028072176179305, "start_station": null, "end_station": null }, "geometry": { "type": "LineString", "coordinates": [ [ 6.1394416, 46.2015691 ], [ 6.1462945, 46.207795 ] ] } },
{ "type": "Feature", "properties": { "trip_id": "48647586", "rental_id": "14347547", "vehicle_type": "bike", "trip_started_at_utc": "2024-08-10T01:10:18", "trip_ended_at_utc": "2024-08-10T01:19:02", "latitude_start": 46.2102215, "longitude_start": 6.1460018, "latitude_end": 46.2111, "longitude_end": 6.1466306, "distance_in_km": 0.1090111807117173, "start_station": null, "end_station": null }, "geometry": { "type": "LineString", "coordinates": [ [ 6.1460018, 46.2102215 ], [ 6.1466306, 46.2111 ] ] } },
{ "type": "Feature", "properties": { "trip_id": "49100264", "rental_id": "14460780", "vehicle_type": "bike", "trip_started_at_utc": "2024-08-14T16:36:36", "trip_ended_at_utc": "2024-08-14T16:44:55", "latitude_start": 46.2103379, "longitude_start": 6.144822, "latitude_end": 46.2038413, "longitude_end": 6.1432029, "distance_in_km": 0.73305611163643325, "start_station": null, "end_station": null }, "geometry": { "type": "LineString", "coordinates": [ [ 6.144822, 46.2103379 ], [ 6.1432029, 46.2038413 ] ] } },
{ "type": "Feature", "properties": { "trip_id": "51476699", "rental_id": "15131856", "vehicle_type": "bike", "trip_started_at_utc": "2024-09-12T23:30:17", "trip_ended_at_utc": "2024-09-12T23:34:16", "latitude_start": 46.2092778, "longitude_start": 6.1426095, "latitude_end": 46.2069247, "longitude_end": 6.1473213, "distance_in_km": 0.44713195504581521, "start_station": null, "end_station": null }, "geometry": { "type": "LineString", "coordinates": [ [ 6.1426095, 46.2092778 ], [ 6.1473213, 46.2069247 ] ] } },
{ "type": "Feature", "properties": { "trip_id": "46002626", "rental_id": "13691422", "vehicle_type": "bike", "trip_started_at_utc": "2024-07-09T15:30:55", "trip_ended_at_utc": "2024-07-09T15:40:09", "latitude_start": 46.2028787, "longitude_start": 6.1413645, "latitude_end": 46.2000289, "longitude_end": 6.1550729, "distance_in_km": 1.1015729442983095, "start_station": null, "end_station": null }, "geometry": { "type": "LineString", "coordinates": [ [ 6.1413645, 46.2028787 ], [ 6.1550729, 46.2000289 ] ] } },
{ "type": "Feature", "properties": { "trip_id": "49716536", "rental_id": "14614855", "vehicle_type": "bike", "trip_started_at_utc": "2024-08-21T10:15:53", "trip_ended_at_utc": "2024-08-21T10:19:43", "latitude_start": 46.203833, "longitude_start": 6.1433105, "latitude_end": 46.2074616, "longitude_end": 6.145614, "distance_in_km": 0.44070552324376377, "start_station": null, "end_station": null }, "geometry": { "type": "LineString", "coordinates": [ [ 6.1433105, 46.203833 ], [ 6.145614, 46.2074616 ] ] } },
{ "type": "Feature", "properties": { "trip_id": "45668190", "rental_id": "13595123", "vehicle_type": "bike", "trip_started_at_utc": "2024-07-04T10:26:02", "trip_ended_at_utc": "2024-07-04T10:30:23", "latitude_start": 46.2028449, "longitude_start": 6.1594519, "latitude_end": 46.2019998, "longitude_end": 6.1515537, "distance_in_km": 0.61506277567220202, "start_station": null, "end_station": null }, "geometry": { "type": "LineString", "coordinates": [ [ 6.1594519, 46.2028449 ], [ 6.1515537, 46.2019998 ] ] } },
{ "type": "Feature", "properties": { "trip_id": "46340204", "rental_id": "13783162", "vehicle_type": "bike", "trip_started_at_utc": "2024-07-14T14:56:26", "trip_ended_at_utc": "2024-07-14T15:12:33", "latitude_start": 46.2023924, "longitude_start": 6.160736, "latitude_end": 46.1997593, "longitude_end": 6.1429123, "distance_in_km": 1.4026360799800359, "start_station": null, "end_station": null }, "geometry": { "type": "LineString", "coordinates": [ [ 6.160736, 46.2023924 ], [ 6.1429123, 46.1997593 ] ] } },
{ "type": "Feature", "properties": { "trip_id": "53162894", "rental_id": "15658017", "vehicle_type": "bike", "trip_started_at_utc": "2024-10-11T04:02:55", "trip_ended_at_utc": "2024-10-11T04:08:56", "latitude_start": 46.2047669, "longitude_start": 6.1509582, "latitude_end": 46.2112437, "longitude_end": 6.1526296, "distance_in_km": 0.73158303323765772, "start_station": null, "end_station": null }, "geometry": { "type": "LineString", "coordinates": [ [ 6.1509582, 46.2047669 ], [ 6.1526296, 46.2112437 ] ] } },
{ "type": "Feature", "properties": { "trip_id": "50039414", "rental_id": "14704779", "vehicle_type": "bike", "trip_started_at_utc": "2024-08-25T08:03:32", "trip_ended_at_utc": "2024-08-25T08:14:49", "latitude_start": 46.2049443, "longitude_start": 6.1604776, "latitude_end": 46.2103685, "longitude_end": 6.1448297, "distance_in_km": 1.3467506682400434, "start_station": null, "end_station": null }, "geometry": { "type": "LineString", "coordinates": [ [ 6.1604776, 46.2049443 ], [ 6.1448297, 46.2103685 ] ] } },
{ "type": "Feature", "properties": { "trip_id": "50823929", "rental_id": "14934397", "vehicle_type": "bike", "trip_started_at_utc": "2024-09-03T17:51:43", "trip_ended_at_utc": "2024-09-03T18:01:31", "latitude_start": 46.2051913, "longitude_start": 6.1580618, "latitude_end": 46.2111323, "longitude_end": 6.1525511, "distance_in_km": 0.78500300023523462, "start_station": null, "end_station": null }, "geometry": { "type": "LineString", "coordinates": [ [ 6.1580618, 46.2051913 ], [ 6.1525511, 46.2111323 ] ] } },
{ "type": "Feature", "properties": { "trip_id": "47071763", "rental_id": "13964307", "vehicle_type": "bike", "trip_started_at_utc": "2024-07-23T16:34:49", "trip_ended_at_utc": "2024-07-23T16:46:01", "latitude_start": 46.1997671, "longitude_start": 6.1427574, "latitude_end": 46.2114844, "longitude_end": 6.149652, "distance_in_km": 1.4067956669609487, "start_station": null, "end_station": null }, "geometry": { "type": "LineString", "coordinates": [ [ 6.1427574, 46.1997671 ], [ 6.149652, 46.2114844 ] ] } },
{ "type": "Feature", "properties": { "trip_id": "47750290", "rental_id": "14127911", "vehicle_type": "bike", "trip_started_at_utc": "2024-07-31T11:19:40", "trip_ended_at_utc": "2024-07-31T11:26:56", "latitude_start": 46.2111739, "longitude_start": 6.1528111, "latitude_end": 46.2097686, "longitude_end": 6.1458631, "distance_in_km": 0.55700464151513673, "start_station": null, "end_station": null }, "geometry": { "type": "LineString", "coordinates": [ [ 6.1528111, 46.2111739 ], [ 6.1458631, 46.2097686 ] ] } },
{ "type": "Feature", "properties": { "trip_id": "48820599", "rental_id": "14389326", "vehicle_type": "bike", "trip_started_at_utc": "2024-08-11T15:54:10", "trip_ended_at_utc": "2024-08-11T16:00:18", "latitude_start": 46.2104911, "longitude_start": 6.1470939, "latitude_end": 46.2040983, "longitude_end": 6.1495897, "distance_in_km": 0.73633649720186012, "start_station": null, "end_station": null }, "geometry": { "type": "LineString", "coordinates": [ [ 6.1470939, 46.2104911 ], [ 6.1495897, 46.2040983 ] ] } },
{ "type": "Feature", "properties": { "trip_id": "50276186", "rental_id": "14774255", "vehicle_type": "bike", "trip_started_at_utc": "2024-08-28T10:08:17", "trip_ended_at_utc": "2024-08-28T10:14:31", "latitude_start": 46.204239, "longitude_start": 6.1493286, "latitude_end": 46.2115259, "longitude_end": 6.1494915, "distance_in_km": 0.81036454359112031, "start_station": null, "end_station": null }, "geometry": { "type": "LineString", "coordinates": [ [ 6.1493286, 46.204239 ], [ 6.1494915, 46.2115259 ] ] } },
{ "type": "Feature", "properties": { "trip_id": "45592171", "rental_id": "13569444", "vehicle_type": "bike", "trip_started_at_utc": "2024-07-02T18:06:22", "trip_ended_at_utc": "2024-07-02T18:16:28", "latitude_start": 46.2087351, "longitude_start": 6.1460725, "latitude_end": 46.2036176, "longitude_end": 6.1585375, "distance_in_km": 1.1153203639927027, "start_station": null, "end_station": null }, "geometry": { "type": "LineString", "coordinates": [ [ 6.1460725, 46.2087351 ], [ 6.1585375, 46.2036176 ] ] } },
{ "type": "Feature", "properties": { "trip_id": "45811542", "rental_id": "13637842", "vehicle_type": "bike", "trip_started_at_utc": "2024-07-06T15:30:56", "trip_ended_at_utc": "2024-07-06T15:39:55", "latitude_start": 46.2031103, "longitude_start": 6.1591548, "latitude_end": 46.1970406, "longitude_end": 6.1430801, "distance_in_km": 1.4092796099726363, "start_station": null, "end_station": null }, "geometry": { "type": "LineString", "coordinates": [ [ 6.1591548, 46.2031103 ], [ 6.1430801, 46.1970406 ] ] } },
{ "type": "Feature", "properties": { "trip_id": "45896944", "rental_id": "13661124", "vehicle_type": "bike", "trip_started_at_utc": "2024-07-08T05:22:08", "trip_ended_at_utc": "2024-07-08T05:29:35", "latitude_start": 46.208511, "longitude_start": 6.1424056, "latitude_end": 46.2054117, "longitude_end": 6.1624662, "distance_in_km": 1.5817270913147667, "start_station": null, "end_station": null }, "geometry": { "type": "LineString", "coordinates": [ [ 6.1424056, 46.208511 ], [ 6.1624662, 46.2054117 ] ] } },
{ "type": "Feature", "properties": { "trip_id": "46144071", "rental_id": "13731063", "vehicle_type": "bike", "trip_started_at_utc": "2024-07-11T16:27:48", "trip_ended_at_utc": "2024-07-11T16:39:45", "latitude_start": 46.1994651, "longitude_start": 6.1428443, "latitude_end": 46.2117925, "longitude_end": 6.1483768, "distance_in_km": 1.4353439400220136, "start_station": null, "end_station": null }, "geometry": { "type": "LineString", "coordinates": [ [ 6.1428443, 46.1994651 ], [ 6.1483768, 46.2117925 ] ] } },
{ "type": "Feature", "properties": { "trip_id": "53769483", "rental_id": "15835055", "vehicle_type": "bike", "trip_started_at_utc": "2024-10-21T14:09:39", "trip_ended_at_utc": "2024-10-21T14:23:05", "latitude_start": 46.1946798, "longitude_start": 6.148821, "latitude_end": 46.2012781, "longitude_end": 6.1373966, "distance_in_km": 1.1451901329296634, "start_station": null, "end_station": null }, "geometry": { "type": "LineString", "coordinates": [ [ 6.148821, 46.1946798 ], [ 6.1373966, 46.2012781 ] ] } },
{ "type": "Feature", "properties": { "trip_id": "50213703", "rental_id": "14754522", "vehicle_type": "bike", "trip_started_at_utc": "2024-08-27T13:27:39", "trip_ended_at_utc": "2024-08-27T15:18:01", "latitude_start": 46.2004979, "longitude_start": 6.1594146, "latitude_end": 46.2005544, "longitude_end": 6.159419, "distance_in_km": 0.0062916429265668997, "start_station": null, "end_station": null }, "geometry": { "type": "LineString", "coordinates": [ [ 6.1594146, 46.2004979 ], [ 6.159419, 46.2005544 ] ] } },
{ "type": "Feature", "properties": { "trip_id": "46368251", "rental_id": "13789604", "vehicle_type": "bike", "trip_started_at_utc": "2024-07-14T21:31:51", "trip_ended_at_utc": "2024-07-14T21:36:32", "latitude_start": 46.2016524, "longitude_start": 6.1528381, "latitude_end": 46.2031933, "longitude_end": 6.1587815, "distance_in_km": 0.48843989880139072, "start_station": null, "end_station": null }, "geometry": { "type": "LineString", "coordinates": [ [ 6.1528381, 46.2016524 ], [ 6.1587815, 46.2031933 ] ] } },
{ "type": "Feature", "properties": { "trip_id": "47191348", "rental_id": "13994345", "vehicle_type": "bike", "trip_started_at_utc": "2024-07-25T08:16:37", "trip_ended_at_utc": "2024-07-25T08:24:36", "latitude_start": 46.2005989, "longitude_start": 6.159332, "latitude_end": 46.2067168, "longitude_end": 6.1464187, "distance_in_km": 1.2043167134722923, "start_station": null, "end_station": null }, "geometry": { "type": "LineString", "coordinates": [ [ 6.159332, 46.2005989 ], [ 6.1464187, 46.2067168 ] ] } },
{ "type": "Feature", "properties": { "trip_id": "48621043", "rental_id": "14340574", "vehicle_type": "bike", "trip_started_at_utc": "2024-08-09T17:57:01", "trip_ended_at_utc": "2024-08-09T18:05:04", "latitude_start": 46.2068927, "longitude_start": 6.1465673, "latitude_end": 46.2005178, "longitude_end": 6.1595576, "distance_in_km": 1.2255152017743871, "start_station": null, "end_station": null }, "geometry": { "type": "LineString", "coordinates": [ [ 6.1465673, 46.2068927 ], [ 6.1595576, 46.2005178 ] ] } },
{ "type": "Feature", "properties": { "trip_id": "48854885", "rental_id": "14398198", "vehicle_type": "bike", "trip_started_at_utc": "2024-08-12T06:24:13", "trip_ended_at_utc": "2024-08-12T06:31:33", "latitude_start": 46.2027062, "longitude_start": 6.1613874, "latitude_end": 46.2048495, "longitude_end": 6.1435492, "distance_in_km": 1.3933195031428574, "start_station": null, "end_station": null }, "geometry": { "type": "LineString", "coordinates": [ [ 6.1613874, 46.2027062 ], [ 6.1435492, 46.2048495 ] ] } },
{ "type": "Feature", "properties": { "trip_id": "50720197", "rental_id": "14901985", "vehicle_type": "bike", "trip_started_at_utc": "2024-09-02T11:57:29", "trip_ended_at_utc": "2024-09-02T12:11:02", "latitude_start": 46.2101746, "longitude_start": 6.147836, "latitude_end": 46.1949207, "longitude_end": 6.1486164, "distance_in_km": 1.6972219331674356, "start_station": null, "end_station": null }, "geometry": { "type": "LineString", "coordinates": [ [ 6.147836, 46.2101746 ], [ 6.1486164, 46.1949207 ] ] } },
{ "type": "Feature", "properties": { "trip_id": "51974781", "rental_id": "15282662", "vehicle_type": "bike", "trip_started_at_utc": "2024-09-20T06:39:04", "trip_ended_at_utc": "2024-09-20T06:47:33", "latitude_start": 46.211427, "longitude_start": 6.1496937, "latitude_end": 46.1998182, "longitude_end": 6.1430415, "distance_in_km": 1.388644941371161, "start_station": null, "end_station": null }, "geometry": { "type": "LineString", "coordinates": [ [ 6.1496937, 46.211427 ], [ 6.1430415, 46.1998182 ] ] } },
{ "type": "Feature", "properties": { "trip_id": "51978506", "rental_id": "15284178", "vehicle_type": "bike", "trip_started_at_utc": "2024-09-20T07:55:50", "trip_ended_at_utc": "2024-09-20T08:02:54", "latitude_start": 46.2036623, "longitude_start": 6.1586535, "latitude_end": 46.2078453, "longitude_end": 6.1463228, "distance_in_km": 1.0567735681249226, "start_station": null, "end_station": null }, "geometry": { "type": "LineString", "coordinates": [ [ 6.1586535, 46.2036623 ], [ 6.1463228, 46.2078453 ] ] } },
{ "type": "Feature", "properties": { "trip_id": "46797054", "rental_id": "13899173", "vehicle_type": "bike", "trip_started_at_utc": "2024-07-20T12:29:05", "trip_ended_at_utc": "2024-07-20T12:54:14", "latitude_start": 46.2088007, "longitude_start": 6.1446372, "latitude_end": 46.2118188, "longitude_end": 6.148126, "distance_in_km": 0.42976227075377332, "start_station": null, "end_station": null }, "geometry": { "type": "LineString", "coordinates": [ [ 6.1446372, 46.2088007 ], [ 6.148126, 46.2118188 ] ] } },
{ "type": "Feature", "properties": { "trip_id": "52685678", "rental_id": "15505100", "vehicle_type": "bike", "trip_started_at_utc": "2024-10-02T06:35:20", "trip_ended_at_utc": "2024-10-02T06:46:52", "latitude_start": 46.2105716, "longitude_start": 6.1497392, "latitude_end": 46.1998508, "longitude_end": 6.1413317, "distance_in_km": 1.3563621308285301, "start_station": null, "end_station": null }, "geometry": { "type": "LineString", "coordinates": [ [ 6.1497392, 46.2105716 ], [ 6.1413317, 46.1998508 ] ] } },
{ "type": "Feature", "properties": { "trip_id": "54211908", "rental_id": "15979330", "vehicle_type": "bike", "trip_started_at_utc": "2024-10-29T23:24:48", "trip_ended_at_utc": "2024-10-29T23:30:51", "latitude_start": 46.2094009, "longitude_start": 6.1424613, "latitude_end": 46.2011876, "longitude_end": 6.1397164, "distance_in_km": 0.93738910492996641, "start_station": null, "end_station": null }, "geometry": { "type": "LineString", "coordinates": [ [ 6.1424613, 46.2094009 ], [ 6.1397164, 46.2011876 ] ] } },
{ "type": "Feature", "properties": { "trip_id": "46145546", "rental_id": "13731472", "vehicle_type": "bike", "trip_started_at_utc": "2024-07-11T16:42:48", "trip_ended_at_utc": "2024-07-11T16:48:55", "latitude_start": 46.203276, "longitude_start": 6.1587666, "latitude_end": 46.2038188, "longitude_end": 6.1435061, "distance_in_km": 1.1759668944240398, "start_station": null, "end_station": null }, "geometry": { "type": "LineString", "coordinates": [ [ 6.1587666, 46.203276 ], [ 6.1435061, 46.2038188 ] ] } },
{ "type": "Feature", "properties": { "trip_id": "46946829", "rental_id": "13932505", "vehicle_type": "bike", "trip_started_at_utc": "2024-07-21T19:27:32", "trip_ended_at_utc": "2024-07-21T19:35:13", "latitude_start": 46.2004805, "longitude_start": 6.1595881, "latitude_end": 46.203944, "longitude_end": 6.1432784, "distance_in_km": 1.3129459347790351, "start_station": null, "end_station": null }, "geometry": { "type": "LineString", "coordinates": [ [ 6.1595881, 46.2004805 ], [ 6.1432784, 46.203944 ] ] } },
{ "type": "Feature", "properties": { "trip_id": "47042662", "rental_id": "13957887", "vehicle_type": "bike", "trip_started_at_utc": "2024-07-23T11:26:02", "trip_ended_at_utc": "2024-07-23T11:49:41", "latitude_start": 46.2029688, "longitude_start": 6.1414262, "latitude_end": 46.2037352, "longitude_end": 6.1432391, "distance_in_km": 0.1634857545547124, "start_station": null, "end_station": null }, "geometry": { "type": "LineString", "coordinates": [ [ 6.1414262, 46.2029688 ], [ 6.1432391, 46.2037352 ] ] } },
{ "type": "Feature", "properties": { "trip_id": "52430120", "rental_id": "15421602", "vehicle_type": "bike", "trip_started_at_utc": "2024-09-27T01:24:46", "trip_ended_at_utc": "2024-09-27T01:34:43", "latitude_start": 46.2017346, "longitude_start": 6.1539085, "latitude_end": 46.2089357, "longitude_end": 6.1446149, "distance_in_km": 1.0736224451988476, "start_station": null, "end_station": null }, "geometry": { "type": "LineString", "coordinates": [ [ 6.1539085, 46.2017346 ], [ 6.1446149, 46.2089357 ] ] } },
{ "type": "Feature", "properties": { "trip_id": "48301045", "rental_id": "14260244", "vehicle_type": "bike", "trip_started_at_utc": "2024-08-06T11:46:24", "trip_ended_at_utc": "2024-08-06T11:53:07", "latitude_start": 46.2014696, "longitude_start": 6.1530733, "latitude_end": 46.2028177, "longitude_end": 6.1593531, "distance_in_km": 0.50600664262177697, "start_station": null, "end_station": null }, "geometry": { "type": "LineString", "coordinates": [ [ 6.1530733, 46.2014696 ], [ 6.1593531, 46.2028177 ] ] } },
{ "type": "Feature", "properties": { "trip_id": "49039936", "rental_id": "14444695", "vehicle_type": "bike", "trip_started_at_utc": "2024-08-14T05:43:15", "trip_ended_at_utc": "2024-08-14T05:46:18", "latitude_start": 46.2055503, "longitude_start": 6.1450661, "latitude_end": 46.2093924, "longitude_end": 6.1424986, "distance_in_km": 0.47069660398242991, "start_station": null, "end_station": null }, "geometry": { "type": "LineString", "coordinates": [ [ 6.1450661, 46.2055503 ], [ 6.1424986, 46.2093924 ] ] } },
{ "type": "Feature", "properties": { "trip_id": "50266324", "rental_id": "14770917", "vehicle_type": "bike", "trip_started_at_utc": "2024-08-28T07:21:04", "trip_ended_at_utc": "2024-08-28T07:26:36", "latitude_start": 46.201212, "longitude_start": 6.1556991, "latitude_end": 46.2068751, "longitude_end": 6.1464479, "distance_in_km": 0.95047462386962323, "start_station": null, "end_station": null }, "geometry": { "type": "LineString", "coordinates": [ [ 6.1556991, 46.201212 ], [ 6.1464479, 46.2068751 ] ] } },
{ "type": "Feature", "properties": { "trip_id": "51880228", "rental_id": "15250793", "vehicle_type": "bike", "trip_started_at_utc": "2024-09-18T15:46:45", "trip_ended_at_utc": "2024-09-18T15:52:57", "latitude_start": 46.2094555, "longitude_start": 6.1423594, "latitude_end": 46.204255, "longitude_end": 6.1491655, "distance_in_km": 0.7802003174877381, "start_station": null, "end_station": null }, "geometry": { "type": "LineString", "coordinates": [ [ 6.1423594, 46.2094555 ], [ 6.1491655, 46.204255 ] ] } },
{ "type": "Feature", "properties": { "trip_id": "45968502", "rental_id": "13682408", "vehicle_type": "bike", "trip_started_at_utc": "2024-07-09T08:20:09", "trip_ended_at_utc": "2024-07-09T08:27:12", "latitude_start": 46.2006315, "longitude_start": 6.1593913, "latitude_end": 46.2066336, "longitude_end": 6.1464874, "distance_in_km": 1.1964903071445654, "start_station": null, "end_station": null }, "geometry": { "type": "LineString", "coordinates": [ [ 6.1593913, 46.2006315 ], [ 6.1464874, 46.2066336 ] ] } },
{ "type": "Feature", "properties": { "trip_id": "49672459", "rental_id": "14598858", "vehicle_type": "bike", "trip_started_at_utc": "2024-08-20T15:52:50", "trip_ended_at_utc": "2024-08-20T15:54:56", "latitude_start": 46.203068, "longitude_start": 6.1603408, "latitude_end": 46.2024529, "longitude_end": 6.1608401, "distance_in_km": 0.078450996131386494, "start_station": null, "end_station": null }, "geometry": { "type": "LineString", "coordinates": [ [ 6.1603408, 46.203068 ], [ 6.1608401, 46.2024529 ] ] } },
{ "type": "Feature", "properties": { "trip_id": "44001173", "rental_id": "13068658", "vehicle_type": "bike", "trip_started_at_utc": "2024-06-06T17:09:53", "trip_ended_at_utc": "2024-06-06T17:28:13", "latitude_start": 46.2032, "longitude_start": 6.148905, "latitude_end": 46.2115714, "longitude_end": 6.1495077, "distance_in_km": 0.93201336098093801, "start_station": null, "end_station": null }, "geometry": { "type": "LineString", "coordinates": [ [ 6.148905, 46.2032 ], [ 6.1495077, 46.2115714 ] ] } },
{ "type": "Feature", "properties": { "trip_id": "51431464", "rental_id": "15117744", "vehicle_type": "bike", "trip_started_at_utc": "2024-09-12T09:46:29", "trip_ended_at_utc": "2024-09-12T09:51:45", "latitude_start": 46.2077788, "longitude_start": 6.1465077, "latitude_end": 46.2069728, "longitude_end": 6.1439453, "distance_in_km": 0.21659546559860501, "start_station": null, "end_station": null }, "geometry": { "type": "LineString", "coordinates": [ [ 6.1465077, 46.2077788 ], [ 6.1439453, 46.2069728 ] ] } },
{ "type": "Feature", "properties": { "trip_id": "51902988", "rental_id": "15258225", "vehicle_type": "bike", "trip_started_at_utc": "2024-09-19T05:28:19", "trip_ended_at_utc": "2024-09-19T05:32:46", "latitude_start": 46.2023113, "longitude_start": 6.1563666, "latitude_end": 46.2054118, "longitude_end": 6.1624083, "distance_in_km": 0.57882829929207424, "start_station": null, "end_station": null }, "geometry": { "type": "LineString", "coordinates": [ [ 6.1563666, 46.2023113 ], [ 6.1624083, 46.2054118 ] ] } },
{ "type": "Feature", "properties": { "trip_id": "52747944", "rental_id": "15527195", "vehicle_type": "bike", "trip_started_at_utc": "2024-10-03T11:51:53", "trip_ended_at_utc": "2024-10-03T11:56:23", "latitude_start": 46.1962776, "longitude_start": 6.150584, "latitude_end": 46.1986358, "longitude_end": 6.1472807, "distance_in_km": 0.36523854308623971, "start_station": null, "end_station": null }, "geometry": { "type": "LineString", "coordinates": [ [ 6.150584, 46.1962776 ], [ 6.1472807, 46.1986358 ] ] } },
{ "type": "Feature", "properties": { "trip_id": "48168594", "rental_id": "14226838", "vehicle_type": "bike", "trip_started_at_utc": "2024-08-04T18:17:35", "trip_ended_at_utc": "2024-08-04T18:30:55", "latitude_start": 46.2054497, "longitude_start": 6.1401067, "latitude_end": 46.20555, "longitude_end": 6.1428112, "distance_in_km": 0.2084240204418687, "start_station": null, "end_station": null }, "geometry": { "type": "LineString", "coordinates": [ [ 6.1401067, 46.2054497 ], [ 6.1428112, 46.20555 ] ] } },
{ "type": "Feature", "properties": { "trip_id": "48931225", "rental_id": "14417211", "vehicle_type": "bike", "trip_started_at_utc": "2024-08-12T19:41:21", "trip_ended_at_utc": "2024-08-12T19:46:34", "latitude_start": 46.1998407, "longitude_start": 6.1428756, "latitude_end": 46.2093288, "longitude_end": 6.1425443, "distance_in_km": 1.0553382569026557, "start_station": null, "end_station": null }, "geometry": { "type": "LineString", "coordinates": [ [ 6.1428756, 46.1998407 ], [ 6.1425443, 46.2093288 ] ] } },
{ "type": "Feature", "properties": { "trip_id": "49427461", "rental_id": "14541412", "vehicle_type": "bike", "trip_started_at_utc": "2024-08-17T20:45:30", "trip_ended_at_utc": "2024-08-17T20:58:18", "latitude_start": 46.210377, "longitude_start": 6.1447254, "latitude_end": 46.2025221, "longitude_end": 6.1523107, "distance_in_km": 1.050524072406853, "start_station": null, "end_station": null }, "geometry": { "type": "LineString", "coordinates": [ [ 6.1447254, 46.210377 ], [ 6.1523107, 46.2025221 ] ] } },
{ "type": "Feature", "properties": { "trip_id": "47009069", "rental_id": "13948294", "vehicle_type": "bike", "trip_started_at_utc": "2024-07-22T18:46:06", "trip_ended_at_utc": "2024-07-22T19:32:59", "latitude_start": 46.2112179, "longitude_start": 6.1524563, "latitude_end": 46.2081084, "longitude_end": 6.1487286, "distance_in_km": 0.44925539620874289, "start_station": null, "end_station": null }, "geometry": { "type": "LineString", "coordinates": [ [ 6.1524563, 46.2112179 ], [ 6.1487286, 46.2081084 ] ] } },
{ "type": "Feature", "properties": { "trip_id": "47157960", "rental_id": "13985414", "vehicle_type": "bike", "trip_started_at_utc": "2024-07-24T17:12:43", "trip_ended_at_utc": "2024-07-24T17:27:17", "latitude_start": 46.2012146, "longitude_start": 6.1397196, "latitude_end": 46.2112566, "longitude_end": 6.1528276, "distance_in_km": 1.5047757479706487, "start_station": null, "end_station": null }, "geometry": { "type": "LineString", "coordinates": [ [ 6.1397196, 46.2012146 ], [ 6.1528276, 46.2112566 ] ] } },
{ "type": "Feature", "properties": { "trip_id": "48077440", "rental_id": "14205213", "vehicle_type": "bike", "trip_started_at_utc": "2024-08-03T17:03:46", "trip_ended_at_utc": "2024-08-03T17:09:23", "latitude_start": 46.2105178, "longitude_start": 6.1432615, "latitude_end": 46.2046883, "longitude_end": 6.1469985, "distance_in_km": 0.7091371390845902, "start_station": null, "end_station": null }, "geometry": { "type": "LineString", "coordinates": [ [ 6.1432615, 46.2105178 ], [ 6.1469985, 46.2046883 ] ] } },
{ "type": "Feature", "properties": { "trip_id": "49528661", "rental_id": "14565080", "vehicle_type": "bike", "trip_started_at_utc": "2024-08-19T04:54:10", "trip_ended_at_utc": "2024-08-19T04:59:12", "latitude_start": 46.2037306, "longitude_start": 6.1587199, "latitude_end": 46.2078611, "longitude_end": 6.1462935, "distance_in_km": 1.0608502691809696, "start_station": null, "end_station": null }, "geometry": { "type": "LineString", "coordinates": [ [ 6.1587199, 46.2037306 ], [ 6.1462935, 46.2078611 ] ] } },
{ "type": "Feature", "properties": { "trip_id": "53397718", "rental_id": "15731057", "vehicle_type": "bike", "trip_started_at_utc": "2024-10-15T13:18:52", "trip_ended_at_utc": "2024-10-15T13:28:47", "latitude_start": 46.2070323, "longitude_start": 6.1432878, "latitude_end": 46.2114497, "longitude_end": 6.1524876, "distance_in_km": 0.86164253384032641, "start_station": null, "end_station": null }, "geometry": { "type": "LineString", "coordinates": [ [ 6.1432878, 46.2070323 ], [ 6.1524876, 46.2114497 ] ] } },
{ "type": "Feature", "properties": { "trip_id": "49184296", "rental_id": "14482460", "vehicle_type": "bike", "trip_started_at_utc": "2024-08-15T14:52:08", "trip_ended_at_utc": "2024-08-15T14:57:41", "latitude_start": 46.2002318, "longitude_start": 6.1413721, "latitude_end": 46.2014549, "longitude_end": 6.1529778, "distance_in_km": 0.90348989710796102, "start_station": null, "end_station": null }, "geometry": { "type": "LineString", "coordinates": [ [ 6.1413721, 46.2002318 ], [ 6.1529778, 46.2014549 ] ] } },
{ "type": "Feature", "properties": { "trip_id": "50278655", "rental_id": "14774952", "vehicle_type": "bike", "trip_started_at_utc": "2024-08-28T10:38:10", "trip_ended_at_utc": "2024-08-28T10:46:33", "latitude_start": 46.2032364, "longitude_start": 6.1514173, "latitude_end": 46.2013271, "longitude_end": 6.1397406, "distance_in_km": 0.92337397540681077, "start_station": null, "end_station": null }, "geometry": { "type": "LineString", "coordinates": [ [ 6.1514173, 46.2032364 ], [ 6.1397406, 46.2013271 ] ] } },
{ "type": "Feature", "properties": { "trip_id": "46027257", "rental_id": "13698191", "vehicle_type": "bike", "trip_started_at_utc": "2024-07-09T21:39:06", "trip_ended_at_utc": "2024-07-09T21:46:42", "latitude_start": 46.2017065, "longitude_start": 6.1437448, "latitude_end": 46.2031143, "longitude_end": 6.1586131, "distance_in_km": 1.1549158737775549, "start_station": null, "end_station": null }, "geometry": { "type": "LineString", "coordinates": [ [ 6.1437448, 46.2017065 ], [ 6.1586131, 46.2031143 ] ] } },
{ "type": "Feature", "properties": { "trip_id": "52978442", "rental_id": "15594537", "vehicle_type": "bike", "trip_started_at_utc": "2024-10-06T17:51:00", "trip_ended_at_utc": "2024-10-06T17:56:59", "latitude_start": 46.2068473, "longitude_start": 6.1465695, "latitude_end": 46.2025417, "longitude_end": 6.1475263, "distance_in_km": 0.4843906934526146, "start_station": null, "end_station": null }, "geometry": { "type": "LineString", "coordinates": [ [ 6.1465695, 46.2068473 ], [ 6.1475263, 46.2025417 ] ] } },
{ "type": "Feature", "properties": { "trip_id": "49108854", "rental_id": "14462622", "vehicle_type": "bike", "trip_started_at_utc": "2024-08-14T17:50:22", "trip_ended_at_utc": "2024-08-14T17:51:59", "latitude_start": 46.2041645, "longitude_start": 6.1492857, "latitude_end": 46.2031367, "longitude_end": 6.1488208, "distance_in_km": 0.1197556140821157, "start_station": null, "end_station": null }, "geometry": { "type": "LineString", "coordinates": [ [ 6.1492857, 46.2041645 ], [ 6.1488208, 46.2031367 ] ] } },
{ "type": "Feature", "properties": { "trip_id": "47037476", "rental_id": "13956698", "vehicle_type": "bike", "trip_started_at_utc": "2024-07-23T10:21:24", "trip_ended_at_utc": "2024-07-23T10:34:30", "latitude_start": 46.201528, "longitude_start": 6.1386289, "latitude_end": 46.211268, "longitude_end": 6.1528447, "distance_in_km": 1.5393925994819433, "start_station": null, "end_station": null }, "geometry": { "type": "LineString", "coordinates": [ [ 6.1386289, 46.201528 ], [ 6.1528447, 46.211268 ] ] } },
{ "type": "Feature", "properties": { "trip_id": "48608160", "rental_id": "14337199", "vehicle_type": "bike", "trip_started_at_utc": "2024-08-09T16:02:14", "trip_ended_at_utc": "2024-08-09T16:13:50", "latitude_start": 46.2056535, "longitude_start": 6.1428284, "latitude_end": 46.2028609, "longitude_end": 6.1617948, "distance_in_km": 1.4922624014893151, "start_station": null, "end_station": null }, "geometry": { "type": "LineString", "coordinates": [ [ 6.1428284, 46.2056535 ], [ 6.1617948, 46.2028609 ] ] } },
{ "type": "Feature", "properties": { "trip_id": "50000313", "rental_id": "14693572", "vehicle_type": "bike", "trip_started_at_utc": "2024-08-24T16:09:39", "trip_ended_at_utc": "2024-08-24T16:18:34", "latitude_start": 46.2069466, "longitude_start": 6.1430581, "latitude_end": 46.2112231, "longitude_end": 6.1528013, "distance_in_km": 0.88782697527828625, "start_station": null, "end_station": null }, "geometry": { "type": "LineString", "coordinates": [ [ 6.1430581, 46.2069466 ], [ 6.1528013, 46.2112231 ] ] } },
{ "type": "Feature", "properties": { "trip_id": "50132650", "rental_id": "14730613", "vehicle_type": "bike", "trip_started_at_utc": "2024-08-26T12:23:37", "trip_ended_at_utc": "2024-08-26T12:30:29", "latitude_start": 46.1954438, "longitude_start": 6.1577707, "latitude_end": 46.2031505, "longitude_end": 6.1555721, "distance_in_km": 0.8734939291203806, "start_station": null, "end_station": null }, "geometry": { "type": "LineString", "coordinates": [ [ 6.1577707, 46.1954438 ], [ 6.1555721, 46.2031505 ] ] } },
{ "type": "Feature", "properties": { "trip_id": "50336193", "rental_id": "14790537", "vehicle_type": "bike", "trip_started_at_utc": "2024-08-28T20:40:25", "trip_ended_at_utc": "2024-08-28T20:48:33", "latitude_start": 46.2012869, "longitude_start": 6.1398209, "latitude_end": 46.2012221, "longitude_end": 6.1398965, "distance_in_km": 0.0092612421574769996, "start_station": null, "end_station": null }, "geometry": { "type": "LineString", "coordinates": [ [ 6.1398209, 46.2012869 ], [ 6.1398965, 46.2012221 ] ] } },
{ "type": "Feature", "properties": { "trip_id": "47109946", "rental_id": "13974988", "vehicle_type": "bike", "trip_started_at_utc": "2024-07-24T09:57:38", "trip_ended_at_utc": "2024-07-24T11:07:15", "latitude_start": 46.2112386, "longitude_start": 6.1528091, "latitude_end": 46.2061088, "longitude_end": 6.158469, "distance_in_km": 0.71767375921421994, "start_station": null, "end_station": null }, "geometry": { "type": "LineString", "coordinates": [ [ 6.1528091, 46.2112386 ], [ 6.158469, 46.2061088 ] ] } },
{ "type": "Feature", "properties": { "trip_id": "48072245", "rental_id": "14204390", "vehicle_type": "bike", "trip_started_at_utc": "2024-08-03T16:18:51", "trip_ended_at_utc": "2024-08-03T16:31:19", "latitude_start": 46.1965188, "longitude_start": 6.1434944, "latitude_end": 46.2046711, "longitude_end": 6.1469697, "distance_in_km": 0.94513117559947757, "start_station": null, "end_station": null }, "geometry": { "type": "LineString", "coordinates": [ [ 6.1434944, 46.1965188 ], [ 6.1469697, 46.2046711 ] ] } },
{ "type": "Feature", "properties": { "trip_id": "48297389", "rental_id": "14259439", "vehicle_type": "bike", "trip_started_at_utc": "2024-08-06T11:09:44", "trip_ended_at_utc": "2024-08-06T11:18:24", "latitude_start": 46.2026948, "longitude_start": 6.1614073, "latitude_end": 46.2055904, "longitude_end": 6.1428751, "distance_in_km": 1.46207803405155, "start_station": null, "end_station": null }, "geometry": { "type": "LineString", "coordinates": [ [ 6.1614073, 46.2026948 ], [ 6.1428751, 46.2055904 ] ] } },
{ "type": "Feature", "properties": { "trip_id": "46454021", "rental_id": "13813252", "vehicle_type": "bike", "trip_started_at_utc": "2024-07-16T09:59:20", "trip_ended_at_utc": "2024-07-16T10:21:06", "latitude_start": 46.2028814, "longitude_start": 6.1414446, "latitude_end": 46.2102787, "longitude_end": 6.1448969, "distance_in_km": 0.86438241585684361, "start_station": null, "end_station": null }, "geometry": { "type": "LineString", "coordinates": [ [ 6.1414446, 46.2028814 ], [ 6.1448969, 46.2102787 ] ] } },
{ "type": "Feature", "properties": { "trip_id": "52821496", "rental_id": "15550895", "vehicle_type": "bike", "trip_started_at_utc": "2024-10-04T14:30:03", "trip_ended_at_utc": "2024-10-04T14:30:44", "latitude_start": 46.1969183, "longitude_start": 6.1453272, "latitude_end": 46.1969424, "longitude_end": 6.1452635, "distance_in_km": 0.0055873884128559998, "start_station": null, "end_station": null }, "geometry": { "type": "LineString", "coordinates": [ [ 6.1453272, 46.1969183 ], [ 6.1452635, 46.1969424 ] ] } },
{ "type": "Feature", "properties": { "trip_id": "49232483", "rental_id": "14494329", "vehicle_type": "bike", "trip_started_at_utc": "2024-08-16T03:14:23", "trip_ended_at_utc": "2024-08-16T03:24:11", "latitude_start": 46.2041037, "longitude_start": 6.1621629, "latitude_end": 46.2101336, "longitude_end": 6.144629, "distance_in_km": 1.506696811651655, "start_station": null, "end_station": null }, "geometry": { "type": "LineString", "coordinates": [ [ 6.1621629, 46.2041037 ], [ 6.144629, 46.2101336 ] ] } },
{ "type": "Feature", "properties": { "trip_id": "49652235", "rental_id": "14597172", "vehicle_type": "bike", "trip_started_at_utc": "2024-08-20T12:52:11", "trip_ended_at_utc": "2024-08-20T13:31:58", "latitude_start": 46.2057994, "longitude_start": 6.1429627, "latitude_end": 46.2066108, "longitude_end": 6.1616257, "distance_in_km": 1.4390281351732639, "start_station": null, "end_station": null }, "geometry": { "type": "LineString", "coordinates": [ [ 6.1429627, 46.2057994 ], [ 6.1616257, 46.2066108 ] ] } },
{ "type": "Feature", "properties": { "trip_id": "51674700", "rental_id": "15190313", "vehicle_type": "bike", "trip_started_at_utc": "2024-09-15T14:29:55", "trip_ended_at_utc": "2024-09-15T14:36:20", "latitude_start": 46.2111955, "longitude_start": 6.1526585, "latitude_end": 46.2043299, "longitude_end": 6.1463108, "distance_in_km": 0.90631853913537963, "start_station": null, "end_station": null }, "geometry": { "type": "LineString", "coordinates": [ [ 6.1526585, 46.2111955 ], [ 6.1463108, 46.2043299 ] ] } },
{ "type": "Feature", "properties": { "trip_id": "52326156", "rental_id": "15385485", "vehicle_type": "bike", "trip_started_at_utc": "2024-09-24T18:51:05", "trip_ended_at_utc": "2024-09-24T18:58:04", "latitude_start": 46.2018237, "longitude_start": 6.1506573, "latitude_end": 46.2114991, "longitude_end": 6.1497816, "distance_in_km": 1.0779655092641378, "start_station": null, "end_station": null }, "geometry": { "type": "LineString", "coordinates": [ [ 6.1506573, 46.2018237 ], [ 6.1497816, 46.2114991 ] ] } },
{ "type": "Feature", "properties": { "trip_id": "46512321", "rental_id": "13827161", "vehicle_type": "bike", "trip_started_at_utc": "2024-07-17T05:27:06", "trip_ended_at_utc": "2024-07-17T05:31:40", "latitude_start": 46.202998, "longitude_start": 6.1541634, "latitude_end": 46.2054317, "longitude_end": 6.1625116, "distance_in_km": 0.69712133792299535, "start_station": null, "end_station": null }, "geometry": { "type": "LineString", "coordinates": [ [ 6.1541634, 46.202998 ], [ 6.1625116, 46.2054317 ] ] } },
{ "type": "Feature", "properties": { "trip_id": "48234640", "rental_id": "14242745", "vehicle_type": "bike", "trip_started_at_utc": "2024-08-05T15:14:39", "trip_ended_at_utc": "2024-08-05T15:17:16", "latitude_start": 46.202058, "longitude_start": 6.1519395, "latitude_end": 46.2020427, "longitude_end": 6.1525654, "distance_in_km": 0.048199334793713397, "start_station": null, "end_station": null }, "geometry": { "type": "LineString", "coordinates": [ [ 6.1519395, 46.202058 ], [ 6.1525654, 46.2020427 ] ] } },
{ "type": "Feature", "properties": { "trip_id": "50512102", "rental_id": "14840010", "vehicle_type": "bike", "trip_started_at_utc": "2024-08-30T20:27:25", "trip_ended_at_utc": "2024-08-30T20:29:26", "latitude_start": 46.2101764, "longitude_start": 6.1448699, "latitude_end": 46.2105546, "longitude_end": 6.1434069, "distance_in_km": 0.1201739834629665, "start_station": null, "end_station": null }, "geometry": { "type": "LineString", "coordinates": [ [ 6.1448699, 46.2101764 ], [ 6.1434069, 46.2105546 ] ] } },
{ "type": "Feature", "properties": { "trip_id": "45960596", "rental_id": "13679483", "vehicle_type": "bike", "trip_started_at_utc": "2024-07-09T05:17:53", "trip_ended_at_utc": "2024-07-09T05:28:26", "latitude_start": 46.2093577, "longitude_start": 6.1425052, "latitude_end": 46.2053601, "longitude_end": 6.1623976, "distance_in_km": 1.5940063370709301, "start_station": null, "end_station": null }, "geometry": { "type": "LineString", "coordinates": [ [ 6.1425052, 46.2093577 ], [ 6.1623976, 46.2053601 ] ] } },
{ "type": "Feature", "properties": { "trip_id": "46210034", "rental_id": "13747910", "vehicle_type": "bike", "trip_started_at_utc": "2024-07-12T15:38:56", "trip_ended_at_utc": "2024-07-12T15:41:07", "latitude_start": 46.2072065, "longitude_start": 6.1459547, "latitude_end": 46.2066615, "longitude_end": 6.1464626, "distance_in_km": 0.0721118741709455, "start_station": null, "end_station": null }, "geometry": { "type": "LineString", "coordinates": [ [ 6.1459547, 46.2072065 ], [ 6.1464626, 46.2066615 ] ] } },
{ "type": "Feature", "properties": { "trip_id": "46372434", "rental_id": "13791119", "vehicle_type": "bike", "trip_started_at_utc": "2024-07-14T23:41:53", "trip_ended_at_utc": "2024-07-14T23:45:12", "latitude_start": 46.2069711, "longitude_start": 6.1473584, "latitude_end": 46.2091334, "longitude_end": 6.148037, "distance_in_km": 0.2460424680731407, "start_station": null, "end_station": null }, "geometry": { "type": "LineString", "coordinates": [ [ 6.1473584, 46.2069711 ], [ 6.148037, 46.2091334 ] ] } },
{ "type": "Feature", "properties": { "trip_id": "47611887", "rental_id": "14093545", "vehicle_type": "bike", "trip_started_at_utc": "2024-07-29T17:29:02", "trip_ended_at_utc": "2024-07-29T17:38:06", "latitude_start": 46.2031811, "longitude_start": 6.1512814, "latitude_end": 46.2015365, "longitude_end": 6.1393953, "distance_in_km": 0.93285003570288438, "start_station": null, "end_station": null }, "geometry": { "type": "LineString", "coordinates": [ [ 6.1512814, 46.2031811 ], [ 6.1393953, 46.2015365 ] ] } },
{ "type": "Feature", "properties": { "trip_id": "48143122", "rental_id": "14221222", "vehicle_type": "bike", "trip_started_at_utc": "2024-08-04T13:49:05", "trip_ended_at_utc": "2024-08-04T13:58:14", "latitude_start": 46.2026705, "longitude_start": 6.1602323, "latitude_end": 46.2089577, "longitude_end": 6.144272, "distance_in_km": 1.4132504872240483, "start_station": null, "end_station": null }, "geometry": { "type": "LineString", "coordinates": [ [ 6.1602323, 46.2026705 ], [ 6.144272, 46.2089577 ] ] } },
{ "type": "Feature", "properties": { "trip_id": "50111936", "rental_id": "14724351", "vehicle_type": "bike", "trip_started_at_utc": "2024-08-26T07:32:38", "trip_ended_at_utc": "2024-08-26T07:35:54", "latitude_start": 46.1968319, "longitude_start": 6.1430023, "latitude_end": 46.199051, "longitude_end": 6.1432658, "distance_in_km": 0.2475850673068789, "start_station": null, "end_station": null }, "geometry": { "type": "LineString", "coordinates": [ [ 6.1430023, 46.1968319 ], [ 6.1432658, 46.199051 ] ] } },
{ "type": "Feature", "properties": { "trip_id": "46100941", "rental_id": "13718972", "vehicle_type": "bike", "trip_started_at_utc": "2024-07-11T05:18:11", "trip_ended_at_utc": "2024-07-11T05:26:22", "latitude_start": 46.2093488, "longitude_start": 6.1425475, "latitude_end": 46.2054186, "longitude_end": 6.1624309, "distance_in_km": 1.5912660161261647, "start_station": null, "end_station": null }, "geometry": { "type": "LineString", "coordinates": [ [ 6.1425475, 46.2093488 ], [ 6.1624309, 46.2054186 ] ] } },
{ "type": "Feature", "properties": { "trip_id": "52454488", "rental_id": "15430511", "vehicle_type": "bike", "trip_started_at_utc": "2024-09-27T14:07:00", "trip_ended_at_utc": "2024-09-27T14:14:41", "latitude_start": 46.1998566, "longitude_start": 6.1427943, "latitude_end": 46.2114438, "longitude_end": 6.1498216, "distance_in_km": 1.3973284462627429, "start_station": null, "end_station": null }, "geometry": { "type": "LineString", "coordinates": [ [ 6.1427943, 46.1998566 ], [ 6.1498216, 46.2114438 ] ] } },
{ "type": "Feature", "properties": { "trip_id": "46032328", "rental_id": "13699969", "vehicle_type": "bike", "trip_started_at_utc": "2024-07-10T05:16:06", "trip_ended_at_utc": "2024-07-10T05:23:54", "latitude_start": 46.20933, "longitude_start": 6.1424863, "latitude_end": 46.2053403, "longitude_end": 6.1627276, "distance_in_km": 1.6195671265293281, "start_station": null, "end_station": null }, "geometry": { "type": "LineString", "coordinates": [ [ 6.1424863, 46.20933 ], [ 6.1627276, 46.2053403 ] ] } },
{ "type": "Feature", "properties": { "trip_id": "47245931", "rental_id": "14006855", "vehicle_type": "bike", "trip_started_at_utc": "2024-07-25T17:06:37", "trip_ended_at_utc": "2024-07-25T17:09:03", "latitude_start": 46.2069383, "longitude_start": 6.1473033, "latitude_end": 46.2068788, "longitude_end": 6.1473063, "distance_in_km": 0.0066201350576647004, "start_station": null, "end_station": null }, "geometry": { "type": "LineString", "coordinates": [ [ 6.1473033, 46.2069383 ], [ 6.1473063, 46.2068788 ] ] } },
{ "type": "Feature", "properties": { "trip_id": "53283895", "rental_id": "15695795", "vehicle_type": "bike", "trip_started_at_utc": "2024-10-13T01:35:39", "trip_ended_at_utc": "2024-10-13T01:52:45", "latitude_start": 46.2092931, "longitude_start": 6.142464, "latitude_end": 46.2103862, "longitude_end": 6.1436901, "distance_in_km": 0.1538674237923387, "start_station": null, "end_station": null }, "geometry": { "type": "LineString", "coordinates": [ [ 6.142464, 46.2092931 ], [ 6.1436901, 46.2103862 ] ] } },
{ "type": "Feature", "properties": { "trip_id": "49292936", "rental_id": "14510199", "vehicle_type": "bike", "trip_started_at_utc": "2024-08-16T17:12:52", "trip_ended_at_utc": "2024-08-16T17:16:03", "latitude_start": 46.2084207, "longitude_start": 6.144751, "latitude_end": 46.2115151, "longitude_end": 6.1494942, "distance_in_km": 0.50160350224992345, "start_station": null, "end_station": null }, "geometry": { "type": "LineString", "coordinates": [ [ 6.144751, 46.2084207 ], [ 6.1494942, 46.2115151 ] ] } },
{ "type": "Feature", "properties": { "trip_id": "51296579", "rental_id": "15071762", "vehicle_type": "bike", "trip_started_at_utc": "2024-09-09T15:33:54", "trip_ended_at_utc": "2024-09-09T15:41:48", "latitude_start": 46.2054242, "longitude_start": 6.1624824, "latitude_end": 46.2093961, "longitude_end": 6.1425084, "distance_in_km": 1.5992445925041048, "start_station": null, "end_station": null }, "geometry": { "type": "LineString", "coordinates": [ [ 6.1624824, 46.2054242 ], [ 6.1425084, 46.2093961 ] ] } },
{ "type": "Feature", "properties": { "trip_id": "45561538", "rental_id": "13560200", "vehicle_type": "bike", "trip_started_at_utc": "2024-07-02T10:18:49", "trip_ended_at_utc": "2024-07-02T10:21:55", "latitude_start": 46.196615, "longitude_start": 6.143288, "latitude_end": 46.1966076, "longitude_end": 6.1441451, "distance_in_km": 0.065974127314297706, "start_station": null, "end_station": null }, "geometry": { "type": "LineString", "coordinates": [ [ 6.143288, 46.196615 ], [ 6.1441451, 46.1966076 ] ] } },
{ "type": "Feature", "properties": { "trip_id": "47250497", "rental_id": "14007975", "vehicle_type": "bike", "trip_started_at_utc": "2024-07-25T17:51:56", "trip_ended_at_utc": "2024-07-25T18:00:16", "latitude_start": 46.2112343, "longitude_start": 6.1527975, "latitude_end": 46.207166, "longitude_end": 6.1445996, "distance_in_km": 0.77626547050888695, "start_station": null, "end_station": null }, "geometry": { "type": "LineString", "coordinates": [ [ 6.1527975, 46.2112343 ], [ 6.1445996, 46.207166 ] ] } },
{ "type": "Feature", "properties": { "trip_id": "48870383", "rental_id": "14402814", "vehicle_type": "bike", "trip_started_at_utc": "2024-08-12T10:19:49", "trip_ended_at_utc": "2024-08-12T10:29:31", "latitude_start": 46.2056622, "longitude_start": 6.1429556, "latitude_end": 46.2027376, "longitude_end": 6.1613777, "distance_in_km": 1.4545303820260005, "start_station": null, "end_station": null }, "geometry": { "type": "LineString", "coordinates": [ [ 6.1429556, 46.2056622 ], [ 6.1613777, 46.2027376 ] ] } },
{ "type": "Feature", "properties": { "trip_id": "50696429", "rental_id": "14894205", "vehicle_type": "bike", "trip_started_at_utc": "2024-09-02T05:17:48", "trip_ended_at_utc": "2024-09-02T05:30:24", "latitude_start": 46.2093277, "longitude_start": 6.1425391, "latitude_end": 46.205371, "longitude_end": 6.1625316, "distance_in_km": 1.6001489944089626, "start_station": null, "end_station": null }, "geometry": { "type": "LineString", "coordinates": [ [ 6.1425391, 46.2093277 ], [ 6.1625316, 46.205371 ] ] } },
{ "type": "Feature", "properties": { "trip_id": "50852124", "rental_id": "14944451", "vehicle_type": "bike", "trip_started_at_utc": "2024-09-04T09:53:18", "trip_ended_at_utc": "2024-09-04T10:05:06", "latitude_start": 46.2032224, "longitude_start": 6.1587173, "latitude_end": 46.2078887, "longitude_end": 6.1463981, "distance_in_km": 1.0807306754520889, "start_station": null, "end_station": null }, "geometry": { "type": "LineString", "coordinates": [ [ 6.1587173, 46.2032224 ], [ 6.1463981, 46.2078887 ] ] } },
{ "type": "Feature", "properties": { "trip_id": "52627217", "rental_id": "15484013", "vehicle_type": "bike", "trip_started_at_utc": "2024-09-30T16:00:45", "trip_ended_at_utc": "2024-09-30T16:10:01", "latitude_start": 46.2057968, "longitude_start": 6.160816, "latitude_end": 46.2094129, "longitude_end": 6.1425284, "distance_in_km": 1.4635895055135584, "start_station": null, "end_station": null }, "geometry": { "type": "LineString", "coordinates": [ [ 6.160816, 46.2057968 ], [ 6.1425284, 46.2094129 ] ] } },
{ "type": "Feature", "properties": { "trip_id": "45532453", "rental_id": "13550580", "vehicle_type": "bike", "trip_started_at_utc": "2024-07-01T16:31:16", "trip_ended_at_utc": "2024-07-01T17:23:32", "latitude_start": 46.2005137, "longitude_start": 6.1593786, "latitude_end": 46.2004951, "longitude_end": 6.1594382, "distance_in_km": 0.0050316664793864001, "start_station": null, "end_station": null }, "geometry": { "type": "LineString", "coordinates": [ [ 6.1593786, 46.2005137 ], [ 6.1594382, 46.2004951 ] ] } },
{ "type": "Feature", "properties": { "trip_id": "45569895", "rental_id": "13562182", "vehicle_type": "bike", "trip_started_at_utc": "2024-07-02T12:49:50", "trip_ended_at_utc": "2024-07-02T12:56:19", "latitude_start": 46.2020926, "longitude_start": 6.1517415, "latitude_end": 46.2009192, "longitude_end": 6.1569064, "distance_in_km": 0.4183614505096252, "start_station": null, "end_station": null }, "geometry": { "type": "LineString", "coordinates": [ [ 6.1517415, 46.2020926 ], [ 6.1569064, 46.2009192 ] ] } },
{ "type": "Feature", "properties": { "trip_id": "45730845", "rental_id": "13614749", "vehicle_type": "bike", "trip_started_at_utc": "2024-07-05T12:28:10", "trip_ended_at_utc": "2024-07-05T12:30:33", "latitude_start": 46.1997909, "longitude_start": 6.1428837, "latitude_end": 46.1964929, "longitude_end": 6.1433487, "distance_in_km": 0.36846365876511161, "start_station": null, "end_station": null }, "geometry": { "type": "LineString", "coordinates": [ [ 6.1428837, 46.1997909 ], [ 6.1433487, 46.1964929 ] ] } },
{ "type": "Feature", "properties": { "trip_id": "47255481", "rental_id": "14009095", "vehicle_type": "bike", "trip_started_at_utc": "2024-07-25T18:48:32", "trip_ended_at_utc": "2024-07-25T18:59:33", "latitude_start": 46.2024215, "longitude_start": 6.1607931, "latitude_end": 46.2089712, "longitude_end": 6.1441416, "distance_in_km": 1.4739193589809148, "start_station": null, "end_station": null }, "geometry": { "type": "LineString", "coordinates": [ [ 6.1607931, 46.2024215 ], [ 6.1441416, 46.2089712 ] ] } },
{ "type": "Feature", "properties": { "trip_id": "50204691", "rental_id": "14751947", "vehicle_type": "bike", "trip_started_at_utc": "2024-08-27T11:42:28", "trip_ended_at_utc": "2024-08-27T11:49:28", "latitude_start": 46.1943085, "longitude_start": 6.1485235, "latitude_end": 46.2038826, "longitude_end": 6.1434182, "distance_in_km": 1.1347901111833738, "start_station": null, "end_station": null }, "geometry": { "type": "LineString", "coordinates": [ [ 6.1485235, 46.1943085 ], [ 6.1434182, 46.2038826 ] ] } },
{ "type": "Feature", "properties": { "trip_id": "50858956", "rental_id": "14946476", "vehicle_type": "bike", "trip_started_at_utc": "2024-09-04T11:31:01", "trip_ended_at_utc": "2024-09-04T11:36:13", "latitude_start": 46.2094842, "longitude_start": 6.1456376, "latitude_end": 46.2046657, "longitude_end": 6.1469497, "distance_in_km": 0.54522447564167553, "start_station": null, "end_station": null }, "geometry": { "type": "LineString", "coordinates": [ [ 6.1456376, 46.2094842 ], [ 6.1469497, 46.2046657 ] ] } },
{ "type": "Feature", "properties": { "trip_id": "46010492", "rental_id": "13691422", "vehicle_type": "bike", "trip_started_at_utc": "2024-07-09T16:49:29", "trip_ended_at_utc": "2024-07-09T16:55:21", "latitude_start": 46.2000178, "longitude_start": 6.1550726, "latitude_end": 46.2013312, "longitude_end": 6.1557665, "distance_in_km": 0.15550152846890511, "start_station": null, "end_station": null }, "geometry": { "type": "LineString", "coordinates": [ [ 6.1550726, 46.2000178 ], [ 6.1557665, 46.2013312 ] ] } },
{ "type": "Feature", "properties": { "trip_id": "52938366", "rental_id": "15584039", "vehicle_type": "bike", "trip_started_at_utc": "2024-10-06T08:16:58", "trip_ended_at_utc": "2024-10-06T08:18:00", "latitude_start": 46.205353, "longitude_start": 6.1602389, "latitude_end": 46.2058078, "longitude_end": 6.1608782, "distance_in_km": 0.070553982162916098, "start_station": null, "end_station": null }, "geometry": { "type": "LineString", "coordinates": [ [ 6.1602389, 46.205353 ], [ 6.1608782, 46.2058078 ] ] } },
{ "type": "Feature", "properties": { "trip_id": "48685339", "rental_id": "14357820", "vehicle_type": "bike", "trip_started_at_utc": "2024-08-10T12:22:45", "trip_ended_at_utc": "2024-08-10T12:29:09", "latitude_start": 46.2088652, "longitude_start": 6.144601, "latitude_end": 46.2110206, "longitude_end": 6.1524123, "distance_in_km": 0.64709265471972277, "start_station": null, "end_station": null }, "geometry": { "type": "LineString", "coordinates": [ [ 6.144601, 46.2088652 ], [ 6.1524123, 46.2110206 ] ] } },
{ "type": "Feature", "properties": { "trip_id": "46023811", "rental_id": "13697152", "vehicle_type": "bike", "trip_started_at_utc": "2024-07-09T20:15:57", "trip_ended_at_utc": "2024-07-09T20:29:46", "latitude_start": 46.2032666, "longitude_start": 6.1588137, "latitude_end": 46.1974434, "longitude_end": 6.1463712, "distance_in_km": 1.1559750733375145, "start_station": null, "end_station": null }, "geometry": { "type": "LineString", "coordinates": [ [ 6.1588137, 46.2032666 ], [ 6.1463712, 46.1974434 ] ] } },
{ "type": "Feature", "properties": { "trip_id": "48012047", "rental_id": "14191555", "vehicle_type": "bike", "trip_started_at_utc": "2024-08-03T07:52:29", "trip_ended_at_utc": "2024-08-03T08:05:04", "latitude_start": 46.2115266, "longitude_start": 6.1498381, "latitude_end": 46.2056685, "longitude_end": 6.1428449, "distance_in_km": 0.84492521906915874, "start_station": null, "end_station": null }, "geometry": { "type": "LineString", "coordinates": [ [ 6.1498381, 46.2115266 ], [ 6.1428449, 46.2056685 ] ] } },
{ "type": "Feature", "properties": { "trip_id": "49267525", "rental_id": "14503640", "vehicle_type": "bike", "trip_started_at_utc": "2024-08-16T13:39:20", "trip_ended_at_utc": "2024-08-16T13:46:37", "latitude_start": 46.1997603, "longitude_start": 6.1398046, "latitude_end": 46.2014407, "longitude_end": 6.1530483, "distance_in_km": 1.0362482593289533, "start_station": null, "end_station": null }, "geometry": { "type": "LineString", "coordinates": [ [ 6.1398046, 46.1997603 ], [ 6.1530483, 46.2014407 ] ] } },
{ "type": "Feature", "properties": { "trip_id": "51969970", "rental_id": "15280253", "vehicle_type": "bike", "trip_started_at_utc": "2024-09-20T02:34:10", "trip_ended_at_utc": "2024-09-20T02:35:57", "latitude_start": 46.1996166, "longitude_start": 6.1373405, "latitude_end": 46.201328, "longitude_end": 6.1397883, "distance_in_km": 0.26777593534879718, "start_station": null, "end_station": null }, "geometry": { "type": "LineString", "coordinates": [ [ 6.1373405, 46.1996166 ], [ 6.1397883, 46.201328 ] ] } },
{ "type": "Feature", "properties": { "trip_id": "45565364", "rental_id": "13561539", "vehicle_type": "bike", "trip_started_at_utc": "2024-07-02T11:30:07", "trip_ended_at_utc": "2024-07-02T11:39:43", "latitude_start": 46.2097418, "longitude_start": 6.142624, "latitude_end": 46.2111209, "longitude_end": 6.1527048, "distance_in_km": 0.7907132117473018, "start_station": null, "end_station": null }, "geometry": { "type": "LineString", "coordinates": [ [ 6.142624, 46.2097418 ], [ 6.1527048, 46.2111209 ] ] } },
{ "type": "Feature", "properties": { "trip_id": "46963909", "rental_id": "13936935", "vehicle_type": "bike", "trip_started_at_utc": "2024-07-22T08:08:28", "trip_ended_at_utc": "2024-07-22T08:15:56", "latitude_start": 46.2025888, "longitude_start": 6.1554972, "latitude_end": 46.2068756, "longitude_end": 6.1464083, "distance_in_km": 0.84642960536069278, "start_station": null, "end_station": null }, "geometry": { "type": "LineString", "coordinates": [ [ 6.1554972, 46.2025888 ], [ 6.1464083, 46.2068756 ] ] } },
{ "type": "Feature", "properties": { "trip_id": "53749302", "rental_id": "15828280", "vehicle_type": "bike", "trip_started_at_utc": "2024-10-21T06:19:08", "trip_ended_at_utc": "2024-10-21T06:30:29", "latitude_start": 46.2026874, "longitude_start": 6.1613765, "latitude_end": 46.2096402, "longitude_end": 6.142756, "distance_in_km": 1.6281865576448058, "start_station": null, "end_station": null }, "geometry": { "type": "LineString", "coordinates": [ [ 6.1613765, 46.2026874 ], [ 6.142756, 46.2096402 ] ] } },
{ "type": "Feature", "properties": { "trip_id": "48763127", "rental_id": "14374951", "vehicle_type": "bike", "trip_started_at_utc": "2024-08-11T01:39:35", "trip_ended_at_utc": "2024-08-11T01:45:17", "latitude_start": 46.210385, "longitude_start": 6.1459252, "latitude_end": 46.2089188, "longitude_end": 6.14464, "distance_in_km": 0.19068420344196491, "start_station": null, "end_station": null }, "geometry": { "type": "LineString", "coordinates": [ [ 6.1459252, 46.210385 ], [ 6.14464, 46.2089188 ] ] } },
{ "type": "Feature", "properties": { "trip_id": "49292221", "rental_id": "14510041", "vehicle_type": "bike", "trip_started_at_utc": "2024-08-16T17:06:33", "trip_ended_at_utc": "2024-08-16T17:13:19", "latitude_start": 46.2058158, "longitude_start": 6.1608117, "latitude_end": 46.2094141, "longitude_end": 6.1425705, "distance_in_km": 1.4596125880225426, "start_station": null, "end_station": null }, "geometry": { "type": "LineString", "coordinates": [ [ 6.1608117, 46.2058158 ], [ 6.1425705, 46.2094141 ] ] } },
{ "type": "Feature", "properties": { "trip_id": "53971824", "rental_id": "15904674", "vehicle_type": "bike", "trip_started_at_utc": "2024-10-25T13:17:28", "trip_ended_at_utc": "2024-10-25T13:28:22", "latitude_start": 46.1943347, "longitude_start": 6.1485554, "latitude_end": 46.2012912, "longitude_end": 6.1373911, "distance_in_km": 1.1561548731119489, "start_station": null, "end_station": null }, "geometry": { "type": "LineString", "coordinates": [ [ 6.1485554, 46.1943347 ], [ 6.1373911, 46.2012912 ] ] } },
{ "type": "Feature", "properties": { "trip_id": "49865090", "rental_id": "14655737", "vehicle_type": "bike", "trip_started_at_utc": "2024-08-23T06:38:31", "trip_ended_at_utc": "2024-08-23T06:47:08", "latitude_start": 46.2114176, "longitude_start": 6.1496237, "latitude_end": 46.1998456, "longitude_end": 6.1429054, "distance_in_km": 1.3867303665438997, "start_station": null, "end_station": null }, "geometry": { "type": "LineString", "coordinates": [ [ 6.1496237, 46.2114176 ], [ 6.1429054, 46.1998456 ] ] } },
{ "type": "Feature", "properties": { "trip_id": "50993915", "rental_id": "14984651", "vehicle_type": "bike", "trip_started_at_utc": "2024-09-05T21:34:46", "trip_ended_at_utc": "2024-09-05T21:41:42", "latitude_start": 46.2074036, "longitude_start": 6.1449876, "latitude_end": 46.1960753, "longitude_end": 6.1478687, "distance_in_km": 1.2790177458483831, "start_station": null, "end_station": null }, "geometry": { "type": "LineString", "coordinates": [ [ 6.1449876, 46.2074036 ], [ 6.1478687, 46.1960753 ] ] } },
{ "type": "Feature", "properties": { "trip_id": "51807655", "rental_id": "15228965", "vehicle_type": "bike", "trip_started_at_utc": "2024-09-17T14:44:03", "trip_ended_at_utc": "2024-09-17T15:02:16", "latitude_start": 46.2015088, "longitude_start": 6.1529776, "latitude_end": 46.1982643, "longitude_end": 6.1552539, "distance_in_km": 0.4010594910288961, "start_station": null, "end_station": null }, "geometry": { "type": "LineString", "coordinates": [ [ 6.1529776, 46.2015088 ], [ 6.1552539, 46.1982643 ] ] } },
{ "type": "Feature", "properties": { "trip_id": "52593799", "rental_id": "15472140", "vehicle_type": "bike", "trip_started_at_utc": "2024-09-29T22:21:57", "trip_ended_at_utc": "2024-09-29T22:27:34", "latitude_start": 46.2093523, "longitude_start": 6.1424989, "latitude_end": 46.1982129, "longitude_end": 6.1428596, "distance_in_km": 1.2389577124257285, "start_station": null, "end_station": null }, "geometry": { "type": "LineString", "coordinates": [ [ 6.1424989, 46.2093523 ], [ 6.1428596, 46.1982129 ] ] } },
{ "type": "Feature", "properties": { "trip_id": "45553542", "rental_id": "13557478", "vehicle_type": "bike", "trip_started_at_utc": "2024-07-02T06:47:16", "trip_ended_at_utc": "2024-07-02T06:53:39", "latitude_start": 46.2088423, "longitude_start": 6.1444479, "latitude_end": 46.2018921, "longitude_end": 6.1503519, "distance_in_km": 0.89648902221589644, "start_station": null, "end_station": null }, "geometry": { "type": "LineString", "coordinates": [ [ 6.1444479, 46.2088423 ], [ 6.1503519, 46.2018921 ] ] } },
{ "type": "Feature", "properties": { "trip_id": "45925182", "rental_id": "13669424", "vehicle_type": "bike", "trip_started_at_utc": "2024-07-08T13:57:03", "trip_ended_at_utc": "2024-07-08T14:04:02", "latitude_start": 46.2048592, "longitude_start": 6.1594567, "latitude_end": 46.2014325, "longitude_end": 6.1528951, "distance_in_km": 0.63259887566003348, "start_station": null, "end_station": null }, "geometry": { "type": "LineString", "coordinates": [ [ 6.1594567, 46.2048592 ], [ 6.1528951, 46.2014325 ] ] } },
{ "type": "Feature", "properties": { "trip_id": "46418323", "rental_id": "13803293", "vehicle_type": "bike", "trip_started_at_utc": "2024-07-15T16:07:53", "trip_ended_at_utc": "2024-07-15T16:18:04", "latitude_start": 46.2096559, "longitude_start": 6.1458571, "latitude_end": 46.2039956, "longitude_end": 6.1575887, "distance_in_km": 1.1005290489024389, "start_station": null, "end_station": null }, "geometry": { "type": "LineString", "coordinates": [ [ 6.1458571, 46.2096559 ], [ 6.1575887, 46.2039956 ] ] } },
{ "type": "Feature", "properties": { "trip_id": "48833535", "rental_id": "14391988", "vehicle_type": "bike", "trip_started_at_utc": "2024-08-11T17:57:53", "trip_ended_at_utc": "2024-08-11T18:05:22", "latitude_start": 46.2104834, "longitude_start": 6.1437059, "latitude_end": 46.2095485, "longitude_end": 6.1425484, "distance_in_km": 0.1368944245890871, "start_station": null, "end_station": null }, "geometry": { "type": "LineString", "coordinates": [ [ 6.1437059, 46.2104834 ], [ 6.1425484, 46.2095485 ] ] } },
{ "type": "Feature", "properties": { "trip_id": "49011187", "rental_id": "14438104", "vehicle_type": "bike", "trip_started_at_utc": "2024-08-13T16:54:40", "trip_ended_at_utc": "2024-08-13T17:09:56", "latitude_start": 46.1956987, "longitude_start": 6.1520906, "latitude_end": 46.2069683, "longitude_end": 6.1473555, "distance_in_km": 1.3050368793993079, "start_station": null, "end_station": null }, "geometry": { "type": "LineString", "coordinates": [ [ 6.1520906, 46.1956987 ], [ 6.1473555, 46.2069683 ] ] } },
{ "type": "Feature", "properties": { "trip_id": "49286793", "rental_id": "14508804", "vehicle_type": "bike", "trip_started_at_utc": "2024-08-16T16:19:55", "trip_ended_at_utc": "2024-08-16T16:24:14", "latitude_start": 46.211265, "longitude_start": 6.1526936, "latitude_end": 46.2081244, "longitude_end": 6.1487083, "distance_in_km": 0.46475620257423611, "start_station": null, "end_station": null }, "geometry": { "type": "LineString", "coordinates": [ [ 6.1526936, 46.211265 ], [ 6.1487083, 46.2081244 ] ] } },
{ "type": "Feature", "properties": { "trip_id": "51225810", "rental_id": "15051228", "vehicle_type": "bike", "trip_started_at_utc": "2024-09-08T13:38:11", "trip_ended_at_utc": "2024-09-08T13:48:14", "latitude_start": 46.2012904, "longitude_start": 6.1373443, "latitude_end": 46.2092924, "longitude_end": 6.1426442, "distance_in_km": 0.97880595966555084, "start_station": null, "end_station": null }, "geometry": { "type": "LineString", "coordinates": [ [ 6.1373443, 46.2012904 ], [ 6.1426442, 46.2092924 ] ] } },
{ "type": "Feature", "properties": { "trip_id": "51628707", "rental_id": "15175883", "vehicle_type": "bike", "trip_started_at_utc": "2024-09-14T22:32:16", "trip_ended_at_utc": "2024-09-14T22:35:21", "latitude_start": 46.2032055, "longitude_start": 6.1587204, "latitude_end": 46.2017334, "longitude_end": 6.1531146, "distance_in_km": 0.46142953792920188, "start_station": null, "end_station": null }, "geometry": { "type": "LineString", "coordinates": [ [ 6.1587204, 46.2032055 ], [ 6.1531146, 46.2017334 ] ] } },
{ "type": "Feature", "properties": { "trip_id": "46979812", "rental_id": "13941170", "vehicle_type": "bike", "trip_started_at_utc": "2024-07-22T12:57:46", "trip_ended_at_utc": "2024-07-22T13:00:56", "latitude_start": 46.2014858, "longitude_start": 6.1530519, "latitude_end": 46.2042025, "longitude_end": 6.1575522, "distance_in_km": 0.45957026711471838, "start_station": null, "end_station": null }, "geometry": { "type": "LineString", "coordinates": [ [ 6.1530519, 46.2014858 ], [ 6.1575522, 46.2042025 ] ] } },
{ "type": "Feature", "properties": { "trip_id": "47552944", "rental_id": "14079507", "vehicle_type": "bike", "trip_started_at_utc": "2024-07-29T06:32:50", "trip_ended_at_utc": "2024-07-29T06:41:10", "latitude_start": 46.2024344, "longitude_start": 6.160781, "latitude_end": 46.205657, "longitude_end": 6.1429104, "distance_in_km": 1.4211896389588523, "start_station": null, "end_station": null }, "geometry": { "type": "LineString", "coordinates": [ [ 6.160781, 46.2024344 ], [ 6.1429104, 46.205657 ] ] } },
{ "type": "Feature", "properties": { "trip_id": "49667106", "rental_id": "14600734", "vehicle_type": "bike", "trip_started_at_utc": "2024-08-20T15:10:37", "trip_ended_at_utc": "2024-08-20T15:18:29", "latitude_start": 46.2013065, "longitude_start": 6.1559476, "latitude_end": 46.2012171, "longitude_end": 6.1418188, "distance_in_km": 1.0874143144443886, "start_station": null, "end_station": null }, "geometry": { "type": "LineString", "coordinates": [ [ 6.1559476, 46.2013065 ], [ 6.1418188, 46.2012171 ] ] } },
{ "type": "Feature", "properties": { "trip_id": "49989596", "rental_id": "14691314", "vehicle_type": "bike", "trip_started_at_utc": "2024-08-24T14:46:05", "trip_ended_at_utc": "2024-08-24T14:48:48", "latitude_start": 46.2105578, "longitude_start": 6.144176, "latitude_end": 46.2062057, "longitude_end": 6.1444335, "distance_in_km": 0.48433769782125152, "start_station": null, "end_station": null }, "geometry": { "type": "LineString", "coordinates": [ [ 6.144176, 46.2105578 ], [ 6.1444335, 46.2062057 ] ] } },
{ "type": "Feature", "properties": { "trip_id": "50434839", "rental_id": "14820845", "vehicle_type": "bike", "trip_started_at_utc": "2024-08-30T05:17:12", "trip_ended_at_utc": "2024-08-30T05:24:11", "latitude_start": 46.2093136, "longitude_start": 6.1425598, "latitude_end": 46.2028049, "longitude_end": 6.1569848, "distance_in_km": 1.3251580040998778, "start_station": null, "end_station": null }, "geometry": { "type": "LineString", "coordinates": [ [ 6.1425598, 46.2093136 ], [ 6.1569848, 46.2028049 ] ] } },
{ "type": "Feature", "properties": { "trip_id": "47174603", "rental_id": "13989053", "vehicle_type": "bike", "trip_started_at_utc": "2024-07-24T20:30:49", "trip_ended_at_utc": "2024-07-24T20:38:21", "latitude_start": 46.1989573, "longitude_start": 6.1495486, "latitude_end": 46.210542, "longitude_end": 6.1471065, "distance_in_km": 1.3017989808028587, "start_station": null, "end_station": null }, "geometry": { "type": "LineString", "coordinates": [ [ 6.1495486, 46.1989573 ], [ 6.1471065, 46.210542 ] ] } },
{ "type": "Feature", "properties": { "trip_id": "47639690", "rental_id": "14100581", "vehicle_type": "bike", "trip_started_at_utc": "2024-07-30T06:54:55", "trip_ended_at_utc": "2024-07-30T07:08:58", "latitude_start": 46.207812, "longitude_start": 6.14637, "latitude_end": 46.1961188, "longitude_end": 6.1545854, "distance_in_km": 1.4458008441785359, "start_station": null, "end_station": null }, "geometry": { "type": "LineString", "coordinates": [ [ 6.14637, 46.207812 ], [ 6.1545854, 46.1961188 ] ] } },
{ "type": "Feature", "properties": { "trip_id": "47650020", "rental_id": "14103599", "vehicle_type": "bike", "trip_started_at_utc": "2024-07-30T09:43:21", "trip_ended_at_utc": "2024-07-30T09:46:20", "latitude_start": 46.2005549, "longitude_start": 6.1596508, "latitude_end": 46.2014713, "longitude_end": 6.1530238, "distance_in_km": 0.5201036998083538, "start_station": null, "end_station": null }, "geometry": { "type": "LineString", "coordinates": [ [ 6.1596508, 46.2005549 ], [ 6.1530238, 46.2014713 ] ] } },
{ "type": "Feature", "properties": { "trip_id": "52738473", "rental_id": "15524275", "vehicle_type": "bike", "trip_started_at_utc": "2024-10-03T08:43:12", "trip_ended_at_utc": "2024-10-03T08:47:01", "latitude_start": 46.208132, "longitude_start": 6.148708, "latitude_end": 46.2111131, "longitude_end": 6.1524938, "distance_in_km": 0.44130037056033422, "start_station": null, "end_station": null }, "geometry": { "type": "LineString", "coordinates": [ [ 6.148708, 46.208132 ], [ 6.1524938, 46.2111131 ] ] } },
{ "type": "Feature", "properties": { "trip_id": "48886051", "rental_id": "14406278", "vehicle_type": "bike", "trip_started_at_utc": "2024-08-12T12:59:20", "trip_ended_at_utc": "2024-08-12T12:59:59", "latitude_start": 46.2046983, "longitude_start": 6.146994, "latitude_end": 46.2047009, "longitude_end": 6.1469951, "distance_in_km": 0.00030124569297379999, "start_station": null, "end_station": null }, "geometry": { "type": "LineString", "coordinates": [ [ 6.146994, 46.2046983 ], [ 6.1469951, 46.2047009 ] ] } },
{ "type": "Feature", "properties": { "trip_id": "51059743", "rental_id": "15005264", "vehicle_type": "bike", "trip_started_at_utc": "2024-09-06T17:13:30", "trip_ended_at_utc": "2024-09-06T17:23:27", "latitude_start": 46.1947934, "longitude_start": 6.1486917, "latitude_end": 46.2087673, "longitude_end": 6.1448877, "distance_in_km": 1.5811679893255552, "start_station": null, "end_station": null }, "geometry": { "type": "LineString", "coordinates": [ [ 6.1486917, 46.1947934 ], [ 6.1448877, 46.2087673 ] ] } },
{ "type": "Feature", "properties": { "trip_id": "46666945", "rental_id": "13866499", "vehicle_type": "bike", "trip_started_at_utc": "2024-07-19T06:26:42", "trip_ended_at_utc": "2024-07-19T06:37:05", "latitude_start": 46.2114447, "longitude_start": 6.1496074, "latitude_end": 46.1997699, "longitude_end": 6.1428773, "distance_in_km": 1.3976798971125448, "start_station": null, "end_station": null }, "geometry": { "type": "LineString", "coordinates": [ [ 6.1496074, 46.2114447 ], [ 6.1428773, 46.1997699 ] ] } },
{ "type": "Feature", "properties": { "trip_id": "49062466", "rental_id": "14451984", "vehicle_type": "bike", "trip_started_at_utc": "2024-08-14T11:15:20", "trip_ended_at_utc": "2024-08-14T12:12:44", "latitude_start": 46.2028075, "longitude_start": 6.1414224, "latitude_end": 46.2056602, "longitude_end": 6.1428844, "distance_in_km": 0.33656881873799349, "start_station": null, "end_station": null }, "geometry": { "type": "LineString", "coordinates": [ [ 6.1414224, 46.2028075 ], [ 6.1428844, 46.2056602 ] ] } },
{ "type": "Feature", "properties": { "trip_id": "49715412", "rental_id": "14614698", "vehicle_type": "bike", "trip_started_at_utc": "2024-08-21T10:00:50", "trip_ended_at_utc": "2024-08-21T10:07:45", "latitude_start": 46.2032005, "longitude_start": 6.1586067, "latitude_end": 46.2077716, "longitude_end": 6.1464275, "distance_in_km": 1.0662065191003609, "start_station": null, "end_station": null }, "geometry": { "type": "LineString", "coordinates": [ [ 6.1586067, 46.2032005 ], [ 6.1464275, 46.2077716 ] ] } },
{ "type": "Feature", "properties": { "trip_id": "50529105", "rental_id": "14848722", "vehicle_type": "bike", "trip_started_at_utc": "2024-08-31T06:37:57", "trip_ended_at_utc": "2024-08-31T06:46:40", "latitude_start": 46.2110054, "longitude_start": 6.1527175, "latitude_end": 46.2063509, "longitude_end": 6.1445803, "distance_in_km": 0.81237122941384965, "start_station": null, "end_station": null }, "geometry": { "type": "LineString", "coordinates": [ [ 6.1527175, 46.2110054 ], [ 6.1445803, 46.2063509 ] ] } },
{ "type": "Feature", "properties": { "trip_id": "51351233", "rental_id": "15090255", "vehicle_type": "bike", "trip_started_at_utc": "2024-09-10T15:38:37", "trip_ended_at_utc": "2024-09-10T15:42:40", "latitude_start": 46.2082477, "longitude_start": 6.1393415, "latitude_end": 46.2083191, "longitude_end": 6.1448372, "distance_in_km": 0.42297592334198941, "start_station": null, "end_station": null }, "geometry": { "type": "LineString", "coordinates": [ [ 6.1393415, 46.2082477 ], [ 6.1448372, 46.2083191 ] ] } },
{ "type": "Feature", "properties": { "trip_id": "46696414", "rental_id": "13874174", "vehicle_type": "bike", "trip_started_at_utc": "2024-07-19T12:46:23", "trip_ended_at_utc": "2024-07-19T12:52:39", "latitude_start": 46.2095377, "longitude_start": 6.1467827, "latitude_end": 46.2115061, "longitude_end": 6.1528324, "distance_in_km": 0.51440225876286905, "start_station": null, "end_station": null }, "geometry": { "type": "LineString", "coordinates": [ [ 6.1467827, 46.2095377 ], [ 6.1528324, 46.2115061 ] ] } },
{ "type": "Feature", "properties": { "trip_id": "53562744", "rental_id": "15771472", "vehicle_type": "bike", "trip_started_at_utc": "2024-10-17T18:55:57", "trip_ended_at_utc": "2024-10-17T18:56:58", "latitude_start": 46.200172, "longitude_start": 6.1413463, "latitude_end": 46.2004189, "longitude_end": 6.1410291, "distance_in_km": 0.036738217708042399, "start_station": null, "end_station": null }, "geometry": { "type": "LineString", "coordinates": [ [ 6.1413463, 46.200172 ], [ 6.1410291, 46.2004189 ] ] } },
{ "type": "Feature", "properties": { "trip_id": "48392021", "rental_id": "14283004", "vehicle_type": "bike", "trip_started_at_utc": "2024-08-07T10:42:25", "trip_ended_at_utc": "2024-08-07T10:44:25", "latitude_start": 46.2025094, "longitude_start": 6.1616569, "latitude_end": 46.2053807, "longitude_end": 6.1601505, "distance_in_km": 0.33966991416015019, "start_station": null, "end_station": null }, "geometry": { "type": "LineString", "coordinates": [ [ 6.1616569, 46.2025094 ], [ 6.1601505, 46.2053807 ] ] } },
{ "type": "Feature", "properties": { "trip_id": "49324769", "rental_id": "14518880", "vehicle_type": "bike", "trip_started_at_utc": "2024-08-17T04:51:16", "trip_ended_at_utc": "2024-08-17T04:56:24", "latitude_start": 46.211186, "longitude_start": 6.15278, "latitude_end": 46.2069868, "longitude_end": 6.1472845, "distance_in_km": 0.62996143977394126, "start_station": null, "end_station": null }, "geometry": { "type": "LineString", "coordinates": [ [ 6.15278, 46.211186 ], [ 6.1472845, 46.2069868 ] ] } },
{ "type": "Feature", "properties": { "trip_id": "44866705", "rental_id": "13345877", "vehicle_type": "bike", "trip_started_at_utc": "2024-06-21T19:29:11", "trip_ended_at_utc": "2024-06-21T19:39:29", "latitude_start": 46.2067316, "longitude_start": 6.1617478, "latitude_end": 46.1972975, "longitude_end": 6.1431698, "distance_in_km": 1.7733252797216223, "start_station": null, "end_station": null }, "geometry": { "type": "LineString", "coordinates": [ [ 6.1617478, 46.2067316 ], [ 6.1431698, 46.1972975 ] ] } },
{ "type": "Feature", "properties": { "trip_id": "50845437", "rental_id": "14942202", "vehicle_type": "bike", "trip_started_at_utc": "2024-09-04T07:47:15", "trip_ended_at_utc": "2024-09-04T07:51:05", "latitude_start": 46.2001191, "longitude_start": 6.1484287, "latitude_end": 46.1991443, "longitude_end": 6.1429243, "distance_in_km": 0.43728463174233212, "start_station": null, "end_station": null }, "geometry": { "type": "LineString", "coordinates": [ [ 6.1484287, 46.2001191 ], [ 6.1429243, 46.1991443 ] ] } },
{ "type": "Feature", "properties": { "trip_id": "51789838", "rental_id": "15223851", "vehicle_type": "bike", "trip_started_at_utc": "2024-09-17T10:45:26", "trip_ended_at_utc": "2024-09-17T10:51:58", "latitude_start": 46.1977791, "longitude_start": 6.1483509, "latitude_end": 46.2009053, "longitude_end": 6.1396784, "distance_in_km": 0.75256443619543434, "start_station": null, "end_station": null }, "geometry": { "type": "LineString", "coordinates": [ [ 6.1483509, 46.1977791 ], [ 6.1396784, 46.2009053 ] ] } },
{ "type": "Feature", "properties": { "trip_id": "51887778", "rental_id": "15253228", "vehicle_type": "bike", "trip_started_at_utc": "2024-09-18T17:19:36", "trip_ended_at_utc": "2024-09-18T17:28:20", "latitude_start": 46.1997677, "longitude_start": 6.1429949, "latitude_end": 46.2104569, "longitude_end": 6.1498552, "distance_in_km": 1.3005608667404431, "start_station": null, "end_station": null }, "geometry": { "type": "LineString", "coordinates": [ [ 6.1429949, 46.1997677 ], [ 6.1498552, 46.2104569 ] ] } },
{ "type": "Feature", "properties": { "trip_id": "45995026", "rental_id": "13689410", "vehicle_type": "bike", "trip_started_at_utc": "2024-07-09T14:17:54", "trip_ended_at_utc": "2024-07-09T14:22:40", "latitude_start": 46.2025327, "longitude_start": 6.1475508, "latitude_end": 46.2055834, "longitude_end": 6.1429411, "distance_in_km": 0.49083561848580332, "start_station": null, "end_station": null }, "geometry": { "type": "LineString", "coordinates": [ [ 6.1475508, 46.2025327 ], [ 6.1429411, 46.2055834 ] ] } },
{ "type": "Feature", "properties": { "trip_id": "46997528", "rental_id": "13945511", "vehicle_type": "bike", "trip_started_at_utc": "2024-07-22T16:26:40", "trip_ended_at_utc": "2024-07-22T16:33:39", "latitude_start": 46.2095057, "longitude_start": 6.1424721, "latitude_end": 46.2017637, "longitude_end": 6.1506255, "distance_in_km": 1.065264704819453, "start_station": null, "end_station": null }, "geometry": { "type": "LineString", "coordinates": [ [ 6.1424721, 46.2095057 ], [ 6.1506255, 46.2017637 ] ] } },
{ "type": "Feature", "properties": { "trip_id": "53108676", "rental_id": "15639133", "vehicle_type": "bike", "trip_started_at_utc": "2024-10-09T17:11:06", "trip_ended_at_utc": "2024-10-09T17:18:27", "latitude_start": 46.2060747, "longitude_start": 6.1412266, "latitude_end": 46.2030136, "longitude_end": 6.1541776, "distance_in_km": 1.0531847652679791, "start_station": null, "end_station": null }, "geometry": { "type": "LineString", "coordinates": [ [ 6.1412266, 46.2060747 ], [ 6.1541776, 46.2030136 ] ] } },
{ "type": "Feature", "properties": { "trip_id": "49323433", "rental_id": "14518393", "vehicle_type": "bike", "trip_started_at_utc": "2024-08-17T02:30:30", "trip_ended_at_utc": "2024-08-17T02:39:53", "latitude_start": 46.2096891, "longitude_start": 6.1468561, "latitude_end": 46.203133, "longitude_end": 6.1585999, "distance_in_km": 1.1611120498816916, "start_station": null, "end_station": null }, "geometry": { "type": "LineString", "coordinates": [ [ 6.1468561, 46.2096891 ], [ 6.1585999, 46.203133 ] ] } },
{ "type": "Feature", "properties": { "trip_id": "45525329", "rental_id": "13547584", "vehicle_type": "bike", "trip_started_at_utc": "2024-07-01T15:07:04", "trip_ended_at_utc": "2024-07-01T15:08:39", "latitude_start": 46.2041774, "longitude_start": 6.149336, "latitude_end": 46.2040607, "longitude_end": 6.1481951, "distance_in_km": 0.088754173013009502, "start_station": null, "end_station": null }, "geometry": { "type": "LineString", "coordinates": [ [ 6.149336, 46.2041774 ], [ 6.1481951, 46.2040607 ] ] } },
{ "type": "Feature", "properties": { "trip_id": "45850935", "rental_id": "13649141", "vehicle_type": "bike", "trip_started_at_utc": "2024-07-07T10:23:26", "trip_ended_at_utc": "2024-07-07T10:42:02", "latitude_start": 46.2023785, "longitude_start": 6.1607473, "latitude_end": 46.2113531, "longitude_end": 6.1460638, "distance_in_km": 1.5075280218642455, "start_station": null, "end_station": null }, "geometry": { "type": "LineString", "coordinates": [ [ 6.1607473, 46.2023785 ], [ 6.1460638, 46.2113531 ] ] } },
{ "type": "Feature", "properties": { "trip_id": "46052023", "rental_id": "13704488", "vehicle_type": "bike", "trip_started_at_utc": "2024-07-10T11:56:19", "trip_ended_at_utc": "2024-07-10T12:08:24", "latitude_start": 46.2024187, "longitude_start": 6.1482543, "latitude_end": 46.1994965, "longitude_end": 6.1518152, "distance_in_km": 0.42507305256333422, "start_station": null, "end_station": null }, "geometry": { "type": "LineString", "coordinates": [ [ 6.1482543, 46.2024187 ], [ 6.1518152, 46.1994965 ] ] } },
{ "type": "Feature", "properties": { "trip_id": "46173607", "rental_id": "13739261", "vehicle_type": "bike", "trip_started_at_utc": "2024-07-12T07:07:27", "trip_ended_at_utc": "2024-07-12T07:15:31", "latitude_start": 46.2031508, "longitude_start": 6.1587609, "latitude_end": 46.2087464, "longitude_end": 6.1446287, "distance_in_km": 1.2529466599198471, "start_station": null, "end_station": null }, "geometry": { "type": "LineString", "coordinates": [ [ 6.1587609, 46.2031508 ], [ 6.1446287, 46.2087464 ] ] } },
{ "type": "Feature", "properties": { "trip_id": "46225205", "rental_id": "13752449", "vehicle_type": "bike", "trip_started_at_utc": "2024-07-12T18:47:55", "trip_ended_at_utc": "2024-07-12T18:53:42", "latitude_start": 46.2093016, "longitude_start": 6.142646, "latitude_end": 46.1996083, "longitude_end": 6.1374116, "distance_in_km": 1.1506610352207782, "start_station": null, "end_station": null }, "geometry": { "type": "LineString", "coordinates": [ [ 6.142646, 46.2093016 ], [ 6.1374116, 46.1996083 ] ] } },
{ "type": "Feature", "properties": { "trip_id": "47533184", "rental_id": "14074293", "vehicle_type": "bike", "trip_started_at_utc": "2024-07-28T18:16:01", "trip_ended_at_utc": "2024-07-28T18:32:07", "latitude_start": 46.1948244, "longitude_start": 6.1486867, "latitude_end": 46.1950191, "longitude_end": 6.1516037, "distance_in_km": 0.2255629956373226, "start_station": null, "end_station": null }, "geometry": { "type": "LineString", "coordinates": [ [ 6.1486867, 46.1948244 ], [ 6.1516037, 46.1950191 ] ] } },
{ "type": "Feature", "properties": { "trip_id": "48531869", "rental_id": "14316818", "vehicle_type": "bike", "trip_started_at_utc": "2024-08-08T16:47:47", "trip_ended_at_utc": "2024-08-08T16:54:36", "latitude_start": 46.2054927, "longitude_start": 6.1415045, "latitude_end": 46.1969544, "longitude_end": 6.145262, "distance_in_km": 0.99248122751254442, "start_station": null, "end_station": null }, "geometry": { "type": "LineString", "coordinates": [ [ 6.1415045, 46.2054927 ], [ 6.145262, 46.1969544 ] ] } },
{ "type": "Feature", "properties": { "trip_id": "49510840", "rental_id": "14560946", "vehicle_type": "bike", "trip_started_at_utc": "2024-08-18T17:42:20", "trip_ended_at_utc": "2024-08-18T17:47:21", "latitude_start": 46.1999862, "longitude_start": 6.1619788, "latitude_end": 46.2015597, "longitude_end": 6.1531256, "distance_in_km": 0.70346464270636877, "start_station": null, "end_station": null }, "geometry": { "type": "LineString", "coordinates": [ [ 6.1619788, 46.1999862 ], [ 6.1531256, 46.2015597 ] ] } },
{ "type": "Feature", "properties": { "trip_id": "50411078", "rental_id": "14814182", "vehicle_type": "bike", "trip_started_at_utc": "2024-08-29T17:57:39", "trip_ended_at_utc": "2024-08-29T18:03:29", "latitude_start": 46.2056392, "longitude_start": 6.1428374, "latitude_end": 46.2068203, "longitude_end": 6.1474008, "distance_in_km": 0.37492743125205152, "start_station": null, "end_station": null }, "geometry": { "type": "LineString", "coordinates": [ [ 6.1428374, 46.2056392 ], [ 6.1474008, 46.2068203 ] ] } },
{ "type": "Feature", "properties": { "trip_id": "51398910", "rental_id": "15106573", "vehicle_type": "bike", "trip_started_at_utc": "2024-09-11T15:33:14", "trip_ended_at_utc": "2024-09-11T15:37:40", "latitude_start": 46.2077688, "longitude_start": 6.1464184, "latitude_end": 46.2087355, "longitude_end": 6.1460301, "distance_in_km": 0.1115680189852406, "start_station": null, "end_station": null }, "geometry": { "type": "LineString", "coordinates": [ [ 6.1464184, 46.2077688 ], [ 6.1460301, 46.2087355 ] ] } },
{ "type": "Feature", "properties": { "trip_id": "45936149", "rental_id": "13672507", "vehicle_type": "bike", "trip_started_at_utc": "2024-07-08T15:59:09", "trip_ended_at_utc": "2024-07-08T16:10:39", "latitude_start": 46.2054321, "longitude_start": 6.1624693, "latitude_end": 46.2093734, "longitude_end": 6.1425629, "distance_in_km": 1.5933064866441653, "start_station": null, "end_station": null }, "geometry": { "type": "LineString", "coordinates": [ [ 6.1624693, 46.2054321 ], [ 6.1425629, 46.2093734 ] ] } },
{ "type": "Feature", "properties": { "trip_id": "53599443", "rental_id": "15783298", "vehicle_type": "bike", "trip_started_at_utc": "2024-10-18T14:03:15", "trip_ended_at_utc": "2024-10-18T14:07:19", "latitude_start": 46.2043118, "longitude_start": 6.1463413, "latitude_end": 46.208253, "longitude_end": 6.1449098, "distance_in_km": 0.45187537723795618, "start_station": null, "end_station": null }, "geometry": { "type": "LineString", "coordinates": [ [ 6.1463413, 46.2043118 ], [ 6.1449098, 46.208253 ] ] } },
{ "type": "Feature", "properties": { "trip_id": "48435141", "rental_id": "14292695", "vehicle_type": "bike", "trip_started_at_utc": "2024-08-07T16:46:03", "trip_ended_at_utc": "2024-08-07T16:59:06", "latitude_start": 46.2027557, "longitude_start": 6.1617948, "latitude_end": 46.2112489, "longitude_end": 6.1528798, "distance_in_km": 1.1672799340321851, "start_station": null, "end_station": null }, "geometry": { "type": "LineString", "coordinates": [ [ 6.1617948, 46.2027557 ], [ 6.1528798, 46.2112489 ] ] } },
{ "type": "Feature", "properties": { "trip_id": "49905769", "rental_id": "14665748", "vehicle_type": "bike", "trip_started_at_utc": "2024-08-23T15:47:08", "trip_ended_at_utc": "2024-08-23T15:53:34", "latitude_start": 46.2070215, "longitude_start": 6.1429613, "latitude_end": 46.2031032, "longitude_end": 6.1488745, "distance_in_km": 0.63000483727801837, "start_station": null, "end_station": null }, "geometry": { "type": "LineString", "coordinates": [ [ 6.1429613, 46.2070215 ], [ 6.1488745, 46.2031032 ] ] } },
{ "type": "Feature", "properties": { "trip_id": "52337426", "rental_id": "15390207", "vehicle_type": "bike", "trip_started_at_utc": "2024-09-25T06:41:56", "trip_ended_at_utc": "2024-09-25T06:50:17", "latitude_start": 46.2105001, "longitude_start": 6.1499301, "latitude_end": 46.1998194, "longitude_end": 6.1428447, "distance_in_km": 1.3068293486669746, "start_station": null, "end_station": null }, "geometry": { "type": "LineString", "coordinates": [ [ 6.1499301, 46.2105001 ], [ 6.1428447, 46.1998194 ] ] } },
{ "type": "Feature", "properties": { "trip_id": "45701434", "rental_id": "13605094", "vehicle_type": "bike", "trip_started_at_utc": "2024-07-04T19:21:04", "trip_ended_at_utc": "2024-07-04T20:07:10", "latitude_start": 46.204175, "longitude_start": 6.1499815, "latitude_end": 46.2042673, "longitude_end": 6.1588984, "distance_in_km": 0.68629477389008853, "start_station": null, "end_station": null }, "geometry": { "type": "LineString", "coordinates": [ [ 6.1499815, 46.204175 ], [ 6.1588984, 46.2042673 ] ] } },
{ "type": "Feature", "properties": { "trip_id": "46414596", "rental_id": "13802363", "vehicle_type": "bike", "trip_started_at_utc": "2024-07-15T15:29:41", "trip_ended_at_utc": "2024-07-15T15:38:15", "latitude_start": 46.1965586, "longitude_start": 6.1429518, "latitude_end": 46.2043228, "longitude_end": 6.1462535, "distance_in_km": 0.89995988084603395, "start_station": null, "end_station": null }, "geometry": { "type": "LineString", "coordinates": [ [ 6.1429518, 46.1965586 ], [ 6.1462535, 46.2043228 ] ] } },
{ "type": "Feature", "properties": { "trip_id": "52821598", "rental_id": "15550926", "vehicle_type": "bike", "trip_started_at_utc": "2024-10-04T14:31:01", "trip_ended_at_utc": "2024-10-04T14:45:43", "latitude_start": 46.1969657, "longitude_start": 6.1453043, "latitude_end": 46.2007579, "longitude_end": 6.1593663, "distance_in_km": 1.1615199085817194, "start_station": null, "end_station": null }, "geometry": { "type": "LineString", "coordinates": [ [ 6.1453043, 46.1969657 ], [ 6.1593663, 46.2007579 ] ] } },
{ "type": "Feature", "properties": { "trip_id": "49292255", "rental_id": "14509907", "vehicle_type": "bike", "trip_started_at_utc": "2024-08-16T17:06:59", "trip_ended_at_utc": "2024-08-16T17:10:15", "latitude_start": 46.2069117, "longitude_start": 6.1442283, "latitude_end": 46.2085424, "longitude_end": 6.1424472, "distance_in_km": 0.2272979156147879, "start_station": null, "end_station": null }, "geometry": { "type": "LineString", "coordinates": [ [ 6.1442283, 46.2069117 ], [ 6.1424472, 46.2085424 ] ] } },
{ "type": "Feature", "properties": { "trip_id": "49948650", "rental_id": "14680933", "vehicle_type": "bike", "trip_started_at_utc": "2024-08-24T08:31:44", "trip_ended_at_utc": "2024-08-24T08:36:39", "latitude_start": 46.2039325, "longitude_start": 6.1437038, "latitude_end": 46.1996132, "longitude_end": 6.1430362, "distance_in_km": 0.48302532255111191, "start_station": null, "end_station": null }, "geometry": { "type": "LineString", "coordinates": [ [ 6.1437038, 46.2039325 ], [ 6.1430362, 46.1996132 ] ] } },
{ "type": "Feature", "properties": { "trip_id": "50591465", "rental_id": "14865378", "vehicle_type": "bike", "trip_started_at_utc": "2024-08-31T17:00:26", "trip_ended_at_utc": "2024-08-31T17:11:50", "latitude_start": 46.2089956, "longitude_start": 6.1442931, "latitude_end": 46.2031926, "longitude_end": 6.1587016, "distance_in_km": 1.2828868869121841, "start_station": null, "end_station": null }, "geometry": { "type": "LineString", "coordinates": [ [ 6.1442931, 46.2089956 ], [ 6.1587016, 46.2031926 ] ] } },
{ "type": "Feature", "properties": { "trip_id": "47274076", "rental_id": "14014261", "vehicle_type": "bike", "trip_started_at_utc": "2024-07-26T06:06:55", "trip_ended_at_utc": "2024-07-26T06:07:31", "latitude_start": 46.2111084, "longitude_start": 6.1525064, "latitude_end": 46.2111379, "longitude_end": 6.1525179, "distance_in_km": 0.0033975159047448999, "start_station": null, "end_station": null }, "geometry": { "type": "LineString", "coordinates": [ [ 6.1525064, 46.2111084 ], [ 6.1525179, 46.2111379 ] ] } },
{ "type": "Feature", "properties": { "trip_id": "52938039", "rental_id": "15584039", "vehicle_type": "bike", "trip_started_at_utc": "2024-10-06T08:08:07", "trip_ended_at_utc": "2024-10-06T08:16:58", "latitude_start": 46.2067469, "longitude_start": 6.1465026, "latitude_end": 46.205353, "longitude_end": 6.1602389, "distance_in_km": 1.0683722665004554, "start_station": null, "end_station": null }, "geometry": { "type": "LineString", "coordinates": [ [ 6.1465026, 46.2067469 ], [ 6.1602389, 46.205353 ] ] } },
{ "type": "Feature", "properties": { "trip_id": "47830426", "rental_id": "14147667", "vehicle_type": "bike", "trip_started_at_utc": "2024-08-01T10:05:39", "trip_ended_at_utc": "2024-08-01T10:16:17", "latitude_start": 46.1965542, "longitude_start": 6.1465257, "latitude_end": 46.2085331, "longitude_end": 6.1425992, "distance_in_km": 1.3658418655351507, "start_station": null, "end_station": null }, "geometry": { "type": "LineString", "coordinates": [ [ 6.1465257, 46.1965542 ], [ 6.1425992, 46.2085331 ] ] } },
{ "type": "Feature", "properties": { "trip_id": "47994224", "rental_id": "14186341", "vehicle_type": "bike", "trip_started_at_utc": "2024-08-02T20:59:41", "trip_ended_at_utc": "2024-08-02T21:13:36", "latitude_start": 46.2037404, "longitude_start": 6.1586394, "latitude_end": 46.2096101, "longitude_end": 6.1466918, "distance_in_km": 1.1275235982157183, "start_station": null, "end_station": null }, "geometry": { "type": "LineString", "coordinates": [ [ 6.1586394, 46.2037404 ], [ 6.1466918, 46.2096101 ] ] } },
{ "type": "Feature", "properties": { "trip_id": "48570109", "rental_id": "14327565", "vehicle_type": "bike", "trip_started_at_utc": "2024-08-09T07:44:45", "trip_ended_at_utc": "2024-08-09T07:46:42", "latitude_start": 46.2039544, "longitude_start": 6.1481411, "latitude_end": 46.2068738, "longitude_end": 6.1464694, "distance_in_km": 0.34918467360955402, "start_station": null, "end_station": null }, "geometry": { "type": "LineString", "coordinates": [ [ 6.1481411, 46.2039544 ], [ 6.1464694, 46.2068738 ] ] } },
{ "type": "Feature", "properties": { "trip_id": "50013581", "rental_id": "14696892", "vehicle_type": "bike", "trip_started_at_utc": "2024-08-24T18:21:07", "trip_ended_at_utc": "2024-08-24T18:26:43", "latitude_start": 46.198008, "longitude_start": 6.1471689, "latitude_end": 46.2068762, "longitude_end": 6.1441084, "distance_in_km": 1.0138394985250097, "start_station": null, "end_station": null }, "geometry": { "type": "LineString", "coordinates": [ [ 6.1471689, 46.198008 ], [ 6.1441084, 46.2068762 ] ] } },
{ "type": "Feature", "properties": { "trip_id": "51332876", "rental_id": "15084733", "vehicle_type": "bike", "trip_started_at_utc": "2024-09-10T11:01:57", "trip_ended_at_utc": "2024-09-10T11:05:22", "latitude_start": 46.1958616, "longitude_start": 6.1477968, "latitude_end": 46.1966222, "longitude_end": 6.1441808, "distance_in_km": 0.2908836134981953, "start_station": null, "end_station": null }, "geometry": { "type": "LineString", "coordinates": [ [ 6.1477968, 46.1958616 ], [ 6.1441808, 46.1966222 ] ] } },
{ "type": "Feature", "properties": { "trip_id": "45981793", "rental_id": "13685583", "vehicle_type": "bike", "trip_started_at_utc": "2024-07-09T11:41:14", "trip_ended_at_utc": "2024-07-09T11:47:32", "latitude_start": 46.2031209, "longitude_start": 6.1464789, "latitude_end": 46.2031724, "longitude_end": 6.1587951, "distance_in_km": 0.94785385287034196, "start_station": null, "end_station": null }, "geometry": { "type": "LineString", "coordinates": [ [ 6.1464789, 46.2031209 ], [ 6.1587951, 46.2031724 ] ] } },
{ "type": "Feature", "properties": { "trip_id": "46643895", "rental_id": "13860260", "vehicle_type": "bike", "trip_started_at_utc": "2024-07-18T17:50:11", "trip_ended_at_utc": "2024-07-18T17:55:55", "latitude_start": 46.2012343, "longitude_start": 6.153396, "latitude_end": 46.2032295, "longitude_end": 6.1586518, "distance_in_km": 0.46133358797321861, "start_station": null, "end_station": null }, "geometry": { "type": "LineString", "coordinates": [ [ 6.153396, 46.2012343 ], [ 6.1586518, 46.2032295 ] ] } },
{ "type": "Feature", "properties": { "trip_id": "46649290", "rental_id": "13860240", "vehicle_type": "bike", "trip_started_at_utc": "2024-07-18T19:01:01", "trip_ended_at_utc": "2024-07-18T19:10:01", "latitude_start": 46.2010562, "longitude_start": 6.1401307, "latitude_end": 46.1961625, "longitude_end": 6.1420895, "distance_in_km": 0.56465333487776692, "start_station": null, "end_station": null }, "geometry": { "type": "LineString", "coordinates": [ [ 6.1401307, 46.2010562 ], [ 6.1420895, 46.1961625 ] ] } },
{ "type": "Feature", "properties": { "trip_id": "47495328", "rental_id": "14065594", "vehicle_type": "bike", "trip_started_at_utc": "2024-07-28T12:28:54", "trip_ended_at_utc": "2024-07-28T12:31:19", "latitude_start": 46.1944098, "longitude_start": 6.1479184, "latitude_end": 46.1947711, "longitude_end": 6.1486818, "distance_in_km": 0.071180526531180996, "start_station": null, "end_station": null }, "geometry": { "type": "LineString", "coordinates": [ [ 6.1479184, 46.1944098 ], [ 6.1486818, 46.1947711 ] ] } },
{ "type": "Feature", "properties": { "trip_id": "47963752", "rental_id": "14179202", "vehicle_type": "bike", "trip_started_at_utc": "2024-08-02T15:45:20", "trip_ended_at_utc": "2024-08-02T15:53:51", "latitude_start": 46.2067993, "longitude_start": 6.146459, "latitude_end": 46.2024227, "longitude_end": 6.1607869, "distance_in_km": 1.2052450309515668, "start_station": null, "end_station": null }, "geometry": { "type": "LineString", "coordinates": [ [ 6.146459, 46.2067993 ], [ 6.1607869, 46.2024227 ] ] } },
{ "type": "Feature", "properties": { "trip_id": "48158093", "rental_id": "14224535", "vehicle_type": "bike", "trip_started_at_utc": "2024-08-04T16:20:10", "trip_ended_at_utc": "2024-08-04T16:27:07", "latitude_start": 46.2112087, "longitude_start": 6.1526305, "latitude_end": 46.2107072, "longitude_end": 6.1432595, "distance_in_km": 0.72322881990698196, "start_station": null, "end_station": null }, "geometry": { "type": "LineString", "coordinates": [ [ 6.1526305, 46.2112087 ], [ 6.1432595, 46.2107072 ] ] } },
{ "type": "Feature", "properties": { "trip_id": "49508578", "rental_id": "14560414", "vehicle_type": "bike", "trip_started_at_utc": "2024-08-18T17:17:52", "trip_ended_at_utc": "2024-08-18T17:28:15", "latitude_start": 46.2093999, "longitude_start": 6.142417, "latitude_end": 46.1972232, "longitude_end": 6.1429358, "distance_in_km": 1.3545779219301364, "start_station": null, "end_station": null }, "geometry": { "type": "LineString", "coordinates": [ [ 6.142417, 46.2093999 ], [ 6.1429358, 46.1972232 ] ] } },
{ "type": "Feature", "properties": { "trip_id": "45568876", "rental_id": "13562630", "vehicle_type": "bike", "trip_started_at_utc": "2024-07-02T12:32:56", "trip_ended_at_utc": "2024-07-02T12:46:08", "latitude_start": 46.2111726, "longitude_start": 6.1525741, "latitude_end": 46.2013114, "longitude_end": 6.153055, "distance_in_km": 1.0971414485228907, "start_station": null, "end_station": null }, "geometry": { "type": "LineString", "coordinates": [ [ 6.1525741, 46.2111726 ], [ 6.153055, 46.2013114 ] ] } },
{ "type": "Feature", "properties": { "trip_id": "47072591", "rental_id": "13964487", "vehicle_type": "bike", "trip_started_at_utc": "2024-07-23T16:44:35", "trip_ended_at_utc": "2024-07-23T16:49:02", "latitude_start": 46.2032028, "longitude_start": 6.1587151, "latitude_end": 46.2039946, "longitude_end": 6.1482267, "distance_in_km": 0.81195279099365958, "start_station": null, "end_station": null }, "geometry": { "type": "LineString", "coordinates": [ [ 6.1587151, 46.2032028 ], [ 6.1482267, 46.2039946 ] ] } },
{ "type": "Feature", "properties": { "trip_id": "47130782", "rental_id": "13979380", "vehicle_type": "bike", "trip_started_at_utc": "2024-07-24T13:25:55", "trip_ended_at_utc": "2024-07-24T13:33:48", "latitude_start": 46.2052049, "longitude_start": 6.1591462, "latitude_end": 46.2032255, "longitude_end": 6.1489499, "distance_in_km": 0.81496116190317447, "start_station": null, "end_station": null }, "geometry": { "type": "LineString", "coordinates": [ [ 6.1591462, 46.2052049 ], [ 6.1489499, 46.2032255 ] ] } },
{ "type": "Feature", "properties": { "trip_id": "47327258", "rental_id": "14026875", "vehicle_type": "bike", "trip_started_at_utc": "2024-07-26T16:45:05", "trip_ended_at_utc": "2024-07-26T16:53:27", "latitude_start": 46.2035676, "longitude_start": 6.1586726, "latitude_end": 46.2038096, "longitude_end": 6.1437317, "distance_in_km": 1.1501330798283671, "start_station": null, "end_station": null }, "geometry": { "type": "LineString", "coordinates": [ [ 6.1586726, 46.2035676 ], [ 6.1437317, 46.2038096 ] ] } },
{ "type": "Feature", "properties": { "trip_id": "53203806", "rental_id": "15672068", "vehicle_type": "bike", "trip_started_at_utc": "2024-10-11T16:55:58", "trip_ended_at_utc": "2024-10-11T17:04:53", "latitude_start": 46.2068957, "longitude_start": 6.1464151, "latitude_end": 46.2021679, "longitude_end": 6.1560556, "distance_in_km": 0.9092769739745078, "start_station": null, "end_station": null }, "geometry": { "type": "LineString", "coordinates": [ [ 6.1464151, 46.2068957 ], [ 6.1560556, 46.2021679 ] ] } },
{ "type": "Feature", "properties": { "trip_id": "48885576", "rental_id": "14406167", "vehicle_type": "bike", "trip_started_at_utc": "2024-08-12T12:55:18", "trip_ended_at_utc": "2024-08-12T12:57:10", "latitude_start": 46.204269, "longitude_start": 6.1461371, "latitude_end": 46.2045139, "longitude_end": 6.1473297, "distance_in_km": 0.095733410080630701, "start_station": null, "end_station": null }, "geometry": { "type": "LineString", "coordinates": [ [ 6.1461371, 46.204269 ], [ 6.1473297, 46.2045139 ] ] } },
{ "type": "Feature", "properties": { "trip_id": "52282898", "rental_id": "15370165", "vehicle_type": "bike", "trip_started_at_utc": "2024-09-23T22:00:14", "trip_ended_at_utc": "2024-09-23T22:09:02", "latitude_start": 46.2013249, "longitude_start": 6.1558339, "latitude_end": 46.2114759, "longitude_end": 6.1497991, "distance_in_km": 1.220543455236996, "start_station": null, "end_station": null }, "geometry": { "type": "LineString", "coordinates": [ [ 6.1558339, 46.2013249 ], [ 6.1497991, 46.2114759 ] ] } },
{ "type": "Feature", "properties": { "trip_id": "48488682", "rental_id": "14305643", "vehicle_type": "bike", "trip_started_at_utc": "2024-08-08T11:09:01", "trip_ended_at_utc": "2024-08-08T11:18:32", "latitude_start": 46.2027583, "longitude_start": 6.1613736, "latitude_end": 46.2057169, "longitude_end": 6.1428708, "distance_in_km": 1.4614297239396168, "start_station": null, "end_station": null }, "geometry": { "type": "LineString", "coordinates": [ [ 6.1613736, 46.2027583 ], [ 6.1428708, 46.2057169 ] ] } },
{ "type": "Feature", "properties": { "trip_id": "47339690", "rental_id": "14029790", "vehicle_type": "bike", "trip_started_at_utc": "2024-07-26T19:17:52", "trip_ended_at_utc": "2024-07-26T19:27:09", "latitude_start": 46.2017538, "longitude_start": 6.1436817, "latitude_end": 46.2111124, "longitude_end": 6.1524545, "distance_in_km": 1.2404328256088906, "start_station": null, "end_station": null }, "geometry": { "type": "LineString", "coordinates": [ [ 6.1436817, 46.2017538 ], [ 6.1524545, 46.2111124 ] ] } },
{ "type": "Feature", "properties": { "trip_id": "48362432", "rental_id": "14274311", "vehicle_type": "bike", "trip_started_at_utc": "2024-08-06T20:52:12", "trip_ended_at_utc": "2024-08-06T21:00:01", "latitude_start": 46.204539, "longitude_start": 6.1473229, "latitude_end": 46.2006647, "longitude_end": 6.1594816, "distance_in_km": 1.0301322260842809, "start_station": null, "end_station": null }, "geometry": { "type": "LineString", "coordinates": [ [ 6.1473229, 46.204539 ], [ 6.1594816, 46.2006647 ] ] } },
{ "type": "Feature", "properties": { "trip_id": "50823873", "rental_id": "14934375", "vehicle_type": "bike", "trip_started_at_utc": "2024-09-03T17:51:05", "trip_ended_at_utc": "2024-09-03T18:01:18", "latitude_start": 46.2031516, "longitude_start": 6.15875, "latitude_end": 46.2111631, "longitude_end": 6.1524708, "distance_in_km": 1.0134495217392565, "start_station": null, "end_station": null }, "geometry": { "type": "LineString", "coordinates": [ [ 6.15875, 46.2031516 ], [ 6.1524708, 46.2111631 ] ] } },
{ "type": "Feature", "properties": { "trip_id": "51433986", "rental_id": "15118402", "vehicle_type": "bike", "trip_started_at_utc": "2024-09-12T10:29:59", "trip_ended_at_utc": "2024-09-12T10:36:02", "latitude_start": 46.2027531, "longitude_start": 6.1452916, "latitude_end": 46.2013252, "longitude_end": 6.1558307, "distance_in_km": 0.82648442411603273, "start_station": null, "end_station": null }, "geometry": { "type": "LineString", "coordinates": [ [ 6.1452916, 46.2027531 ], [ 6.1558307, 46.2013252 ] ] } },
{ "type": "Feature", "properties": { "trip_id": "46023025", "rental_id": "13696919", "vehicle_type": "bike", "trip_started_at_utc": "2024-07-09T19:56:20", "trip_ended_at_utc": "2024-07-09T20:05:24", "latitude_start": 46.197146, "longitude_start": 6.1429484, "latitude_end": 46.2031943, "longitude_end": 6.1587792, "distance_in_km": 1.3916767047048666, "start_station": null, "end_station": null }, "geometry": { "type": "LineString", "coordinates": [ [ 6.1429484, 46.197146 ], [ 6.1587792, 46.2031943 ] ] } },
{ "type": "Feature", "properties": { "trip_id": "46013661", "rental_id": "13694367", "vehicle_type": "bike", "trip_started_at_utc": "2024-07-09T17:27:06", "trip_ended_at_utc": "2024-07-09T17:39:35", "latitude_start": 46.2087125, "longitude_start": 6.1448825, "latitude_end": 46.2005497, "longitude_end": 6.1597148, "distance_in_km": 1.4583348225891637, "start_station": null, "end_station": null }, "geometry": { "type": "LineString", "coordinates": [ [ 6.1448825, 46.2087125 ], [ 6.1597148, 46.2005497 ] ] } },
{ "type": "Feature", "properties": { "trip_id": "46372314", "rental_id": "13791084", "vehicle_type": "bike", "trip_started_at_utc": "2024-07-14T23:35:18", "trip_ended_at_utc": "2024-07-14T23:41:13", "latitude_start": 46.1987433, "longitude_start": 6.1445348, "latitude_end": 46.2069797, "longitude_end": 6.1473395, "distance_in_km": 0.94093896022089663, "start_station": null, "end_station": null }, "geometry": { "type": "LineString", "coordinates": [ [ 6.1445348, 46.1987433 ], [ 6.1473395, 46.2069797 ] ] } },
{ "type": "Feature", "properties": { "trip_id": "49108159", "rental_id": "14462622", "vehicle_type": "bike", "trip_started_at_utc": "2024-08-14T17:44:03", "trip_ended_at_utc": "2024-08-14T17:50:22", "latitude_start": 46.2055712, "longitude_start": 6.142802, "latitude_end": 46.2041645, "longitude_end": 6.1492857, "distance_in_km": 0.52290348773393402, "start_station": null, "end_station": null }, "geometry": { "type": "LineString", "coordinates": [ [ 6.142802, 46.2055712 ], [ 6.1492857, 46.2041645 ] ] } },
{ "type": "Feature", "properties": { "trip_id": "49718321", "rental_id": "14614855", "vehicle_type": "bike", "trip_started_at_utc": "2024-08-21T10:38:40", "trip_ended_at_utc": "2024-08-21T10:44:42", "latitude_start": 46.206955, "longitude_start": 6.1431633, "latitude_end": 46.1999157, "longitude_end": 6.1427642, "distance_in_km": 0.78333804127517537, "start_station": null, "end_station": null }, "geometry": { "type": "LineString", "coordinates": [ [ 6.1431633, 46.206955 ], [ 6.1427642, 46.1999157 ] ] } },
{ "type": "Feature", "properties": { "trip_id": "50070451", "rental_id": "14713084", "vehicle_type": "bike", "trip_started_at_utc": "2024-08-25T14:05:13", "trip_ended_at_utc": "2024-08-25T14:09:00", "latitude_start": 46.201501, "longitude_start": 6.1370147, "latitude_end": 46.1998986, "longitude_end": 6.1428784, "distance_in_km": 0.48518348821706608, "start_station": null, "end_station": null }, "geometry": { "type": "LineString", "coordinates": [ [ 6.1370147, 46.201501 ], [ 6.1428784, 46.1998986 ] ] } },
{ "type": "Feature", "properties": { "trip_id": "47425107", "rental_id": "14049620", "vehicle_type": "bike", "trip_started_at_utc": "2024-07-27T16:22:31", "trip_ended_at_utc": "2024-07-27T16:27:20", "latitude_start": 46.2103854, "longitude_start": 6.1500516, "latitude_end": 46.2095453, "longitude_end": 6.1424419, "distance_in_km": 0.59296307835178252, "start_station": null, "end_station": null }, "geometry": { "type": "LineString", "coordinates": [ [ 6.1500516, 46.2103854 ], [ 6.1424419, 46.2095453 ] ] } },
{ "type": "Feature", "properties": { "trip_id": "49677662", "rental_id": "14603437", "vehicle_type": "bike", "trip_started_at_utc": "2024-08-20T16:39:09", "trip_ended_at_utc": "2024-08-20T16:47:18", "latitude_start": 46.2077688, "longitude_start": 6.1465765, "latitude_end": 46.2041098, "longitude_end": 6.1573983, "distance_in_km": 0.92686150871487805, "start_station": null, "end_station": null }, "geometry": { "type": "LineString", "coordinates": [ [ 6.1465765, 46.2077688 ], [ 6.1573983, 46.2041098 ] ] } },
{ "type": "Feature", "properties": { "trip_id": "52769581", "rental_id": "15534063", "vehicle_type": "bike", "trip_started_at_utc": "2024-10-03T16:48:16", "trip_ended_at_utc": "2024-10-03T16:51:55", "latitude_start": 46.2012816, "longitude_start": 6.1397523, "latitude_end": 46.1982815, "longitude_end": 6.1427639, "distance_in_km": 0.40621385068496302, "start_station": null, "end_station": null }, "geometry": { "type": "LineString", "coordinates": [ [ 6.1397523, 46.2012816 ], [ 6.1427639, 46.1982815 ] ] } },
{ "type": "Feature", "properties": { "trip_id": "47818105", "rental_id": "14144110", "vehicle_type": "bike", "trip_started_at_utc": "2024-08-01T06:32:48", "trip_ended_at_utc": "2024-08-01T06:36:21", "latitude_start": 46.2039011, "longitude_start": 6.1432079, "latitude_end": 46.2015495, "longitude_end": 6.153198, "distance_in_km": 0.8120797525122988, "start_station": null, "end_station": null }, "geometry": { "type": "LineString", "coordinates": [ [ 6.1432079, 46.2039011 ], [ 6.153198, 46.2015495 ] ] } },
{ "type": "Feature", "properties": { "trip_id": "48526214", "rental_id": "14315442", "vehicle_type": "bike", "trip_started_at_utc": "2024-08-08T16:02:14", "trip_ended_at_utc": "2024-08-08T16:11:53", "latitude_start": 46.2057412, "longitude_start": 6.1429078, "latitude_end": 46.2029032, "longitude_end": 6.1617697, "distance_in_km": 1.4854599596215865, "start_station": null, "end_station": null }, "geometry": { "type": "LineString", "coordinates": [ [ 6.1429078, 46.2057412 ], [ 6.1617697, 46.2029032 ] ] } },
{ "type": "Feature", "properties": { "trip_id": "51072032", "rental_id": "15008747", "vehicle_type": "bike", "trip_started_at_utc": "2024-09-06T19:50:51", "trip_ended_at_utc": "2024-09-06T19:56:05", "latitude_start": 46.1965112, "longitude_start": 6.1433064, "latitude_end": 46.2015816, "longitude_end": 6.1535974, "distance_in_km": 0.97221434583274924, "start_station": null, "end_station": null }, "geometry": { "type": "LineString", "coordinates": [ [ 6.1433064, 46.1965112 ], [ 6.1535974, 46.2015816 ] ] } },
{ "type": "Feature", "properties": { "trip_id": "52205700", "rental_id": "15346442", "vehicle_type": "bike", "trip_started_at_utc": "2024-09-22T16:43:55", "trip_ended_at_utc": "2024-09-22T16:51:39", "latitude_start": 46.2112271, "longitude_start": 6.1525311, "latitude_end": 46.2057258, "longitude_end": 6.142891, "distance_in_km": 0.96150362788872223, "start_station": null, "end_station": null }, "geometry": { "type": "LineString", "coordinates": [ [ 6.1525311, 46.2112271 ], [ 6.142891, 46.2057258 ] ] } },
{ "type": "Feature", "properties": { "trip_id": "52296729", "rental_id": "15375915", "vehicle_type": "bike", "trip_started_at_utc": "2024-09-24T09:57:50", "trip_ended_at_utc": "2024-09-24T10:04:15", "latitude_start": 46.2032151, "longitude_start": 6.1587946, "latitude_end": 46.207977, "longitude_end": 6.1462801, "distance_in_km": 1.0990196295265062, "start_station": null, "end_station": null }, "geometry": { "type": "LineString", "coordinates": [ [ 6.1587946, 46.2032151 ], [ 6.1462801, 46.207977 ] ] } },
{ "type": "Feature", "properties": { "trip_id": "45605241", "rental_id": "13573538", "vehicle_type": "bike", "trip_started_at_utc": "2024-07-03T05:19:44", "trip_ended_at_utc": "2024-07-03T05:27:16", "latitude_start": 46.2093548, "longitude_start": 6.1424786, "latitude_end": 46.2053591, "longitude_end": 6.1625222, "distance_in_km": 1.60512484406928, "start_station": null, "end_station": null }, "geometry": { "type": "LineString", "coordinates": [ [ 6.1424786, 46.2093548 ], [ 6.1625222, 46.2053591 ] ] } },
{ "type": "Feature", "properties": { "trip_id": "45870990", "rental_id": "13654033", "vehicle_type": "bike", "trip_started_at_utc": "2024-07-07T15:01:32", "trip_ended_at_utc": "2024-07-07T15:12:20", "latitude_start": 46.2091743, "longitude_start": 6.1449445, "latitude_end": 46.2031428, "longitude_end": 6.1586387, "distance_in_km": 1.2491418086964103, "start_station": null, "end_station": null }, "geometry": { "type": "LineString", "coordinates": [ [ 6.1449445, 46.2091743 ], [ 6.1586387, 46.2031428 ] ] } },
{ "type": "Feature", "properties": { "trip_id": "46434414", "rental_id": "13807163", "vehicle_type": "bike", "trip_started_at_utc": "2024-07-15T19:56:05", "trip_ended_at_utc": "2024-07-15T20:11:21", "latitude_start": 46.2046672, "longitude_start": 6.1469102, "latitude_end": 46.2102475, "longitude_end": 6.1448901, "distance_in_km": 0.63967804052607458, "start_station": null, "end_station": null }, "geometry": { "type": "LineString", "coordinates": [ [ 6.1469102, 46.2046672 ], [ 6.1448901, 46.2102475 ] ] } },
{ "type": "Feature", "properties": { "trip_id": "47232304", "rental_id": "14003544", "vehicle_type": "bike", "trip_started_at_utc": "2024-07-25T15:13:12", "trip_ended_at_utc": "2024-07-25T15:20:41", "latitude_start": 46.1955687, "longitude_start": 6.1556329, "latitude_end": 46.2043996, "longitude_end": 6.1462375, "distance_in_km": 1.2194677738038286, "start_station": null, "end_station": null }, "geometry": { "type": "LineString", "coordinates": [ [ 6.1556329, 46.1955687 ], [ 6.1462375, 46.2043996 ] ] } },
{ "type": "Feature", "properties": { "trip_id": "47602514", "rental_id": "14091430", "vehicle_type": "bike", "trip_started_at_utc": "2024-07-29T16:03:56", "trip_ended_at_utc": "2024-07-29T16:13:08", "latitude_start": 46.2053652, "longitude_start": 6.1626663, "latitude_end": 46.2092973, "longitude_end": 6.1427141, "distance_in_km": 1.5964167001254947, "start_station": null, "end_station": null }, "geometry": { "type": "LineString", "coordinates": [ [ 6.1626663, 46.2053652 ], [ 6.1427141, 46.2092973 ] ] } },
{ "type": "Feature", "properties": { "trip_id": "47755526", "rental_id": "14129008", "vehicle_type": "bike", "trip_started_at_utc": "2024-07-31T12:11:21", "trip_ended_at_utc": "2024-07-31T12:14:54", "latitude_start": 46.2103117, "longitude_start": 6.1447588, "latitude_end": 46.2112386, "longitude_end": 6.152958, "distance_in_km": 0.63927385160785555, "start_station": null, "end_station": null }, "geometry": { "type": "LineString", "coordinates": [ [ 6.1447588, 46.2103117 ], [ 6.152958, 46.2112386 ] ] } },
{ "type": "Feature", "properties": { "trip_id": "48240413", "rental_id": "14244364", "vehicle_type": "bike", "trip_started_at_utc": "2024-08-05T15:57:19", "trip_ended_at_utc": "2024-08-05T16:09:56", "latitude_start": 46.2052741, "longitude_start": 6.1624418, "latitude_end": 46.2096188, "longitude_end": 6.1426387, "distance_in_km": 1.5986431289381002, "start_station": null, "end_station": null }, "geometry": { "type": "LineString", "coordinates": [ [ 6.1624418, 46.2052741 ], [ 6.1426387, 46.2096188 ] ] } },
{ "type": "Feature", "properties": { "trip_id": "48264548", "rental_id": "14249778", "vehicle_type": "bike", "trip_started_at_utc": "2024-08-05T20:08:18", "trip_ended_at_utc": "2024-08-05T20:15:03", "latitude_start": 46.2005488, "longitude_start": 6.1595032, "latitude_end": 46.2039652, "longitude_end": 6.1434618, "distance_in_km": 1.2916691156920892, "start_station": null, "end_station": null }, "geometry": { "type": "LineString", "coordinates": [ [ 6.1595032, 46.2005488 ], [ 6.1434618, 46.2039652 ] ] } },
{ "type": "Feature", "properties": { "trip_id": "49011774", "rental_id": "14438322", "vehicle_type": "bike", "trip_started_at_utc": "2024-08-13T16:59:31", "trip_ended_at_utc": "2024-08-13T17:09:51", "latitude_start": 46.2031901, "longitude_start": 6.1586998, "latitude_end": 46.2079494, "longitude_end": 6.1464552, "distance_in_km": 1.0807241495032072, "start_station": null, "end_station": null }, "geometry": { "type": "LineString", "coordinates": [ [ 6.1586998, 46.2031901 ], [ 6.1464552, 46.2079494 ] ] } },
{ "type": "Feature", "properties": { "trip_id": "52114010", "rental_id": "15321680", "vehicle_type": "bike", "trip_started_at_utc": "2024-09-21T15:37:09", "trip_ended_at_utc": "2024-09-21T15:40:35", "latitude_start": 46.2005628, "longitude_start": 6.1589867, "latitude_end": 46.2023258, "longitude_end": 6.1565745, "distance_in_km": 0.26998998912216449, "start_station": null, "end_station": null }, "geometry": { "type": "LineString", "coordinates": [ [ 6.1589867, 46.2005628 ], [ 6.1565745, 46.2023258 ] ] } },
{ "type": "Feature", "properties": { "trip_id": "51432891", "rental_id": "15118402", "vehicle_type": "bike", "trip_started_at_utc": "2024-09-12T10:11:52", "trip_ended_at_utc": "2024-09-12T10:17:16", "latitude_start": 46.2013357, "longitude_start": 6.1558947, "latitude_end": 46.2030171, "longitude_end": 6.1453152, "distance_in_km": 0.83538745081828425, "start_station": null, "end_station": null }, "geometry": { "type": "LineString", "coordinates": [ [ 6.1558947, 46.2013357 ], [ 6.1453152, 46.2030171 ] ] } },
{ "type": "Feature", "properties": { "trip_id": "46747624", "rental_id": "13886183", "vehicle_type": "bike", "trip_started_at_utc": "2024-07-19T20:33:55", "trip_ended_at_utc": "2024-07-19T20:42:50", "latitude_start": 46.1995673, "longitude_start": 6.1517889, "latitude_end": 46.2025227, "longitude_end": 6.1607705, "distance_in_km": 0.76537819843518551, "start_station": null, "end_station": null }, "geometry": { "type": "LineString", "coordinates": [ [ 6.1517889, 46.1995673 ], [ 6.1607705, 46.2025227 ] ] } },
{ "type": "Feature", "properties": { "trip_id": "47085080", "rental_id": "13966915", "vehicle_type": "bike", "trip_started_at_utc": "2024-07-23T19:37:28", "trip_ended_at_utc": "2024-07-23T19:53:59", "latitude_start": 46.2094828, "longitude_start": 6.1423914, "latitude_end": 46.2022464, "longitude_end": 6.1608637, "distance_in_km": 1.6334669850200028, "start_station": null, "end_station": null }, "geometry": { "type": "LineString", "coordinates": [ [ 6.1423914, 46.2094828 ], [ 6.1608637, 46.2022464 ] ] } },
{ "type": "Feature", "properties": { "trip_id": "48244773", "rental_id": "14245278", "vehicle_type": "bike", "trip_started_at_utc": "2024-08-05T16:30:34", "trip_ended_at_utc": "2024-08-05T16:43:53", "latitude_start": 46.2077616, "longitude_start": 6.1407492, "latitude_end": 46.2027205, "longitude_end": 6.1613387, "distance_in_km": 1.6807078954689736, "start_station": null, "end_station": null }, "geometry": { "type": "LineString", "coordinates": [ [ 6.1407492, 46.2077616 ], [ 6.1613387, 46.2027205 ] ] } },
{ "type": "Feature", "properties": { "trip_id": "51239244", "rental_id": "15054506", "vehicle_type": "bike", "trip_started_at_utc": "2024-09-08T15:40:12", "trip_ended_at_utc": "2024-09-08T15:52:42", "latitude_start": 46.2093581, "longitude_start": 6.1423741, "latitude_end": 46.2032809, "longitude_end": 6.1587204, "distance_in_km": 1.4279332531956217, "start_station": null, "end_station": null }, "geometry": { "type": "LineString", "coordinates": [ [ 6.1423741, 46.2093581 ], [ 6.1587204, 46.2032809 ] ] } },
{ "type": "Feature", "properties": { "trip_id": "47820759", "rental_id": "14144907", "vehicle_type": "bike", "trip_started_at_utc": "2024-08-01T07:30:44", "trip_ended_at_utc": "2024-08-01T07:32:07", "latitude_start": 46.2093312, "longitude_start": 6.1424727, "latitude_end": 46.2088216, "longitude_end": 6.1414599, "distance_in_km": 0.096357754897565595, "start_station": null, "end_station": null }, "geometry": { "type": "LineString", "coordinates": [ [ 6.1424727, 46.2093312 ], [ 6.1414599, 46.2088216 ] ] } },
{ "type": "Feature", "properties": { "trip_id": "46118053", "rental_id": "13724341", "vehicle_type": "bike", "trip_started_at_utc": "2024-07-11T11:27:48", "trip_ended_at_utc": "2024-07-11T11:51:19", "latitude_start": 46.2028926, "longitude_start": 6.1413599, "latitude_end": 46.197428, "longitude_end": 6.1431853, "distance_in_km": 0.62366595231087396, "start_station": null, "end_station": null }, "geometry": { "type": "LineString", "coordinates": [ [ 6.1413599, 46.2028926 ], [ 6.1431853, 46.197428 ] ] } },
{ "type": "Feature", "properties": { "trip_id": "46558741", "rental_id": "13838611", "vehicle_type": "bike", "trip_started_at_utc": "2024-07-17T16:19:36", "trip_ended_at_utc": "2024-07-17T16:42:07", "latitude_start": 46.200594, "longitude_start": 6.1594243, "latitude_end": 46.2005004, "longitude_end": 6.1594843, "distance_in_km": 0.011386264055103099, "start_station": null, "end_station": null }, "geometry": { "type": "LineString", "coordinates": [ [ 6.1594243, 46.200594 ], [ 6.1594843, 46.2005004 ] ] } },
{ "type": "Feature", "properties": { "trip_id": "46698114", "rental_id": "13874556", "vehicle_type": "bike", "trip_started_at_utc": "2024-07-19T13:02:24", "trip_ended_at_utc": "2024-07-19T13:08:55", "latitude_start": 46.205641, "longitude_start": 6.1428546, "latitude_end": 46.2110941, "longitude_end": 6.1529073, "distance_in_km": 0.98289194509820665, "start_station": null, "end_station": null }, "geometry": { "type": "LineString", "coordinates": [ [ 6.1428546, 46.205641 ], [ 6.1529073, 46.2110941 ] ] } },
{ "type": "Feature", "properties": { "trip_id": "53851605", "rental_id": "15864124", "vehicle_type": "bike", "trip_started_at_utc": "2024-10-23T10:09:09", "trip_ended_at_utc": "2024-10-23T10:18:57", "latitude_start": 46.2115856, "longitude_start": 6.1477423, "latitude_end": 46.1985717, "longitude_end": 6.1472059, "distance_in_km": 1.4476705661549181, "start_station": null, "end_station": null }, "geometry": { "type": "LineString", "coordinates": [ [ 6.1477423, 46.2115856 ], [ 6.1472059, 46.1985717 ] ] } },
{ "type": "Feature", "properties": { "trip_id": "50197794", "rental_id": "14748622", "vehicle_type": "bike", "trip_started_at_utc": "2024-08-27T10:16:50", "trip_ended_at_utc": "2024-08-27T10:17:52", "latitude_start": 46.2034487, "longitude_start": 6.1395392, "latitude_end": 46.2032226, "longitude_end": 6.1377217, "distance_in_km": 0.1421131746485598, "start_station": null, "end_station": null }, "geometry": { "type": "LineString", "coordinates": [ [ 6.1395392, 46.2034487 ], [ 6.1377217, 46.2032226 ] ] } },
{ "type": "Feature", "properties": { "trip_id": "50780405", "rental_id": "14921305", "vehicle_type": "bike", "trip_started_at_utc": "2024-09-03T09:24:14", "trip_ended_at_utc": "2024-09-03T09:32:24", "latitude_start": 46.2033097, "longitude_start": 6.1589464, "latitude_end": 46.2090287, "longitude_end": 6.1444507, "distance_in_km": 1.2840383869788512, "start_station": null, "end_station": null }, "geometry": { "type": "LineString", "coordinates": [ [ 6.1589464, 46.2033097 ], [ 6.1444507, 46.2090287 ] ] } },
{ "type": "Feature", "properties": { "trip_id": "51536086", "rental_id": "15150556", "vehicle_type": "bike", "trip_started_at_utc": "2024-09-13T18:59:07", "trip_ended_at_utc": "2024-09-13T19:05:29", "latitude_start": 46.2041679, "longitude_start": 6.1493125, "latitude_end": 46.2053883, "longitude_end": 6.160117, "distance_in_km": 0.84247470095241872, "start_station": null, "end_station": null }, "geometry": { "type": "LineString", "coordinates": [ [ 6.1493125, 46.2041679 ], [ 6.160117, 46.2053883 ] ] } },
{ "type": "Feature", "properties": { "trip_id": "45571010", "rental_id": "13562182", "vehicle_type": "bike", "trip_started_at_utc": "2024-07-02T13:07:39", "trip_ended_at_utc": "2024-07-02T13:10:06", "latitude_start": 46.2009215, "longitude_start": 6.1569009, "latitude_end": 46.2006447, "longitude_end": 6.1589207, "distance_in_km": 0.15846533827643039, "start_station": null, "end_station": null }, "geometry": { "type": "LineString", "coordinates": [ [ 6.1569009, 46.2009215 ], [ 6.1589207, 46.2006447 ] ] } },
{ "type": "Feature", "properties": { "trip_id": "47148981", "rental_id": "13983301", "vehicle_type": "bike", "trip_started_at_utc": "2024-07-24T15:55:46", "trip_ended_at_utc": "2024-07-24T16:09:11", "latitude_start": 46.2012897, "longitude_start": 6.1533378, "latitude_end": 46.208878, "longitude_end": 6.1447277, "distance_in_km": 1.0728479676602281, "start_station": null, "end_station": null }, "geometry": { "type": "LineString", "coordinates": [ [ 6.1533378, 46.2012897 ], [ 6.1447277, 46.208878 ] ] } },
{ "type": "Feature", "properties": { "trip_id": "50485696", "rental_id": "14835881", "vehicle_type": "bike", "trip_started_at_utc": "2024-08-30T15:37:13", "trip_ended_at_utc": "2024-08-30T15:49:49", "latitude_start": 46.2057134, "longitude_start": 6.1429626, "latitude_end": 46.2029126, "longitude_end": 6.1618495, "distance_in_km": 1.4864681166319815, "start_station": null, "end_station": null }, "geometry": { "type": "LineString", "coordinates": [ [ 6.1429626, 46.2057134 ], [ 6.1618495, 46.2029126 ] ] } },
{ "type": "Feature", "properties": { "trip_id": "45668430", "rental_id": "13595123", "vehicle_type": "bike", "trip_started_at_utc": "2024-07-04T10:31:47", "trip_ended_at_utc": "2024-07-04T10:33:17", "latitude_start": 46.2019366, "longitude_start": 6.1519478, "latitude_end": 46.2014466, "longitude_end": 6.1530368, "distance_in_km": 0.099964019269957904, "start_station": null, "end_station": null }, "geometry": { "type": "LineString", "coordinates": [ [ 6.1519478, 46.2019366 ], [ 6.1530368, 46.2014466 ] ] } },
{ "type": "Feature", "properties": { "trip_id": "46072253", "rental_id": "13711019", "vehicle_type": "bike", "trip_started_at_utc": "2024-07-10T15:59:14", "trip_ended_at_utc": "2024-07-10T16:12:31", "latitude_start": 46.2096608, "longitude_start": 6.1426369, "latitude_end": 46.1941663, "longitude_end": 6.1455035, "distance_in_km": 1.73697959489575, "start_station": null, "end_station": null }, "geometry": { "type": "LineString", "coordinates": [ [ 6.1426369, 46.2096608 ], [ 6.1455035, 46.1941663 ] ] } },
{ "type": "Feature", "properties": { "trip_id": "47432605", "rental_id": "14051211", "vehicle_type": "bike", "trip_started_at_utc": "2024-07-27T17:27:10", "trip_ended_at_utc": "2024-07-27T17:31:31", "latitude_start": 46.1969024, "longitude_start": 6.1453732, "latitude_end": 46.201687, "longitude_end": 6.1436305, "distance_in_km": 0.54867034170443807, "start_station": null, "end_station": null }, "geometry": { "type": "LineString", "coordinates": [ [ 6.1453732, 46.1969024 ], [ 6.1436305, 46.201687 ] ] } },
{ "type": "Feature", "properties": { "trip_id": "53114734", "rental_id": "15640876", "vehicle_type": "bike", "trip_started_at_utc": "2024-10-09T20:17:25", "trip_ended_at_utc": "2024-10-09T20:19:51", "latitude_start": 46.2047242, "longitude_start": 6.1469562, "latitude_end": 46.2057084, "longitude_end": 6.1427055, "distance_in_km": 0.34493640299787198, "start_station": null, "end_station": null }, "geometry": { "type": "LineString", "coordinates": [ [ 6.1469562, 46.2047242 ], [ 6.1427055, 46.2057084 ] ] } },
{ "type": "Feature", "properties": { "trip_id": "48069297", "rental_id": "14203761", "vehicle_type": "bike", "trip_started_at_utc": "2024-08-03T15:54:48", "trip_ended_at_utc": "2024-08-03T16:08:37", "latitude_start": 46.2038507, "longitude_start": 6.1432764, "latitude_end": 46.2115838, "longitude_end": 6.1497439, "distance_in_km": 0.99352487232663522, "start_station": null, "end_station": null }, "geometry": { "type": "LineString", "coordinates": [ [ 6.1432764, 46.2038507 ], [ 6.1497439, 46.2115838 ] ] } },
{ "type": "Feature", "properties": { "trip_id": "48523909", "rental_id": "14314920", "vehicle_type": "bike", "trip_started_at_utc": "2024-08-08T15:44:53", "trip_ended_at_utc": "2024-08-08T16:16:06", "latitude_start": 46.2046705, "longitude_start": 6.1470376, "latitude_end": 46.2006454, "longitude_end": 6.160045, "distance_in_km": 1.0965398378380409, "start_station": null, "end_station": null }, "geometry": { "type": "LineString", "coordinates": [ [ 6.1470376, 46.2046705 ], [ 6.160045, 46.2006454 ] ] } },
{ "type": "Feature", "properties": { "trip_id": "52108704", "rental_id": "15320765", "vehicle_type": "bike", "trip_started_at_utc": "2024-09-21T14:57:41", "trip_ended_at_utc": "2024-09-21T14:59:28", "latitude_start": 46.202922, "longitude_start": 6.1452213, "latitude_end": 46.2025436, "longitude_end": 6.14763, "distance_in_km": 0.1900867193611202, "start_station": null, "end_station": null }, "geometry": { "type": "LineString", "coordinates": [ [ 6.1452213, 46.202922 ], [ 6.14763, 46.2025436 ] ] } },
{ "type": "Feature", "properties": { "trip_id": "50525466", "rental_id": "14847288", "vehicle_type": "bike", "trip_started_at_utc": "2024-08-31T01:26:00", "trip_ended_at_utc": "2024-08-31T01:50:59", "latitude_start": 46.2111957, "longitude_start": 6.1527448, "latitude_end": 46.2022572, "longitude_end": 6.1564923, "distance_in_km": 1.0349090450211118, "start_station": null, "end_station": null }, "geometry": { "type": "LineString", "coordinates": [ [ 6.1527448, 46.2111957 ], [ 6.1564923, 46.2022572 ] ] } },
{ "type": "Feature", "properties": { "trip_id": "51328125", "rental_id": "15083336", "vehicle_type": "bike", "trip_started_at_utc": "2024-09-10T09:42:08", "trip_ended_at_utc": "2024-09-10T09:45:43", "latitude_start": 46.2036421, "longitude_start": 6.1586915, "latitude_end": 46.2032611, "longitude_end": 6.1588997, "distance_in_km": 0.045294013017678103, "start_station": null, "end_station": null }, "geometry": { "type": "LineString", "coordinates": [ [ 6.1586915, 46.2036421 ], [ 6.1588997, 46.2032611 ] ] } },
{ "type": "Feature", "properties": { "trip_id": "53900128", "rental_id": "15880872", "vehicle_type": "bike", "trip_started_at_utc": "2024-10-24T08:40:07", "trip_ended_at_utc": "2024-10-24T08:46:34", "latitude_start": 46.2069658, "longitude_start": 6.1473276, "latitude_end": 46.2019904, "longitude_end": 6.1505305, "distance_in_km": 0.60566427417847235, "start_station": null, "end_station": null }, "geometry": { "type": "LineString", "coordinates": [ [ 6.1473276, 46.2069658 ], [ 6.1505305, 46.2019904 ] ] } },
{ "type": "Feature", "properties": { "trip_id": "48099099", "rental_id": "14210292", "vehicle_type": "bike", "trip_started_at_utc": "2024-08-03T21:22:27", "trip_ended_at_utc": "2024-08-03T21:33:08", "latitude_start": 46.2041808, "longitude_start": 6.139205, "latitude_end": 46.2043873, "longitude_end": 6.1571813, "distance_in_km": 1.3835913912704705, "start_station": null, "end_station": null }, "geometry": { "type": "LineString", "coordinates": [ [ 6.139205, 46.2041808 ], [ 6.1571813, 46.2043873 ] ] } },
{ "type": "Feature", "properties": { "trip_id": "48779788", "rental_id": "14380379", "vehicle_type": "bike", "trip_started_at_utc": "2024-08-11T10:03:31", "trip_ended_at_utc": "2024-08-11T10:22:33", "latitude_start": 46.2022453, "longitude_start": 6.159284, "latitude_end": 46.1941347, "longitude_end": 6.1485089, "distance_in_km": 1.2251961796039568, "start_station": null, "end_station": null }, "geometry": { "type": "LineString", "coordinates": [ [ 6.159284, 46.2022453 ], [ 6.1485089, 46.1941347 ] ] } },
{ "type": "Feature", "properties": { "trip_id": "46569364", "rental_id": "13841127", "vehicle_type": "bike", "trip_started_at_utc": "2024-07-17T18:18:07", "trip_ended_at_utc": "2024-07-17T18:27:42", "latitude_start": 46.199873, "longitude_start": 6.1428839, "latitude_end": 46.2105557, "longitude_end": 6.1497494, "distance_in_km": 1.3000625367843319, "start_station": null, "end_station": null }, "geometry": { "type": "LineString", "coordinates": [ [ 6.1428839, 46.199873 ], [ 6.1497494, 46.2105557 ] ] } },
{ "type": "Feature", "properties": { "trip_id": "47446459", "rental_id": "14054226", "vehicle_type": "bike", "trip_started_at_utc": "2024-07-27T19:58:30", "trip_ended_at_utc": "2024-07-27T20:01:26", "latitude_start": 46.202738, "longitude_start": 6.1595147, "latitude_end": 46.2027991, "longitude_end": 6.1592968, "distance_in_km": 0.018093389333066898, "start_station": null, "end_station": null }, "geometry": { "type": "LineString", "coordinates": [ [ 6.1595147, 46.202738 ], [ 6.1592968, 46.2027991 ] ] } },
{ "type": "Feature", "properties": { "trip_id": "47786665", "rental_id": "14135974", "vehicle_type": "bike", "trip_started_at_utc": "2024-07-31T16:51:02", "trip_ended_at_utc": "2024-07-31T17:04:41", "latitude_start": 46.1953393, "longitude_start": 6.1577543, "latitude_end": 46.2087987, "longitude_end": 6.1446997, "distance_in_km": 1.8025693428641212, "start_station": null, "end_station": null }, "geometry": { "type": "LineString", "coordinates": [ [ 6.1577543, 46.1953393 ], [ 6.1446997, 46.2087987 ] ] } },
{ "type": "Feature", "properties": { "trip_id": "54183723", "rental_id": "15969915", "vehicle_type": "bike", "trip_started_at_utc": "2024-10-29T12:39:54", "trip_ended_at_utc": "2024-10-29T12:44:39", "latitude_start": 46.1951692, "longitude_start": 6.1479035, "latitude_end": 46.2014783, "longitude_end": 6.153452, "distance_in_km": 0.82129442353755167, "start_station": null, "end_station": null }, "geometry": { "type": "LineString", "coordinates": [ [ 6.1479035, 46.1951692 ], [ 6.153452, 46.2014783 ] ] } },
{ "type": "Feature", "properties": { "trip_id": "52021986", "rental_id": "15297135", "vehicle_type": "bike", "trip_started_at_utc": "2024-09-20T16:22:01", "trip_ended_at_utc": "2024-09-20T16:32:24", "latitude_start": 46.1995507, "longitude_start": 6.142753, "latitude_end": 46.2114429, "longitude_end": 6.1496339, "distance_in_km": 1.4244345741352074, "start_station": null, "end_station": null }, "geometry": { "type": "LineString", "coordinates": [ [ 6.142753, 46.1995507 ], [ 6.1496339, 46.2114429 ] ] } },
{ "type": "Feature", "properties": { "trip_id": "48486118", "rental_id": "14306156", "vehicle_type": "bike", "trip_started_at_utc": "2024-08-08T10:46:28", "trip_ended_at_utc": "2024-08-08T10:49:05", "latitude_start": 46.2037697, "longitude_start": 6.1579402, "latitude_end": 46.2013486, "longitude_end": 6.155682, "distance_in_km": 0.32043602814266348, "start_station": null, "end_station": null }, "geometry": { "type": "LineString", "coordinates": [ [ 6.1579402, 46.2037697 ], [ 6.155682, 46.2013486 ] ] } },
{ "type": "Feature", "properties": { "trip_id": "45521887", "rental_id": "13547435", "vehicle_type": "bike", "trip_started_at_utc": "2024-07-01T14:24:35", "trip_ended_at_utc": "2024-07-01T14:29:54", "latitude_start": 46.2093194, "longitude_start": 6.1424722, "latitude_end": 46.2088891, "longitude_end": 6.1444669, "distance_in_km": 0.16077721356947269, "start_station": null, "end_station": null }, "geometry": { "type": "LineString", "coordinates": [ [ 6.1424722, 46.2093194 ], [ 6.1444669, 46.2088891 ] ] } },
{ "type": "Feature", "properties": { "trip_id": "46661085", "rental_id": "13864454", "vehicle_type": "bike", "trip_started_at_utc": "2024-07-18T23:09:03", "trip_ended_at_utc": "2024-07-18T23:17:04", "latitude_start": 46.2045841, "longitude_start": 6.1470478, "latitude_end": 46.2014101, "longitude_end": 6.1530263, "distance_in_km": 0.57987226689030635, "start_station": null, "end_station": null }, "geometry": { "type": "LineString", "coordinates": [ [ 6.1470478, 46.2045841 ], [ 6.1530263, 46.2014101 ] ] } },
{ "type": "Feature", "properties": { "trip_id": "47793925", "rental_id": "14137682", "vehicle_type": "bike", "trip_started_at_utc": "2024-07-31T17:59:24", "trip_ended_at_utc": "2024-07-31T18:10:15", "latitude_start": 46.211152, "longitude_start": 6.1527415, "latitude_end": 46.2084877, "longitude_end": 6.1462838, "distance_in_km": 0.57852612265689718, "start_station": null, "end_station": null }, "geometry": { "type": "LineString", "coordinates": [ [ 6.1527415, 46.211152 ], [ 6.1462838, 46.2084877 ] ] } },
{ "type": "Feature", "properties": { "trip_id": "48387770", "rental_id": "14282123", "vehicle_type": "bike", "trip_started_at_utc": "2024-08-07T10:00:24", "trip_ended_at_utc": "2024-08-07T10:09:36", "latitude_start": 46.2052286, "longitude_start": 6.1580753, "latitude_end": 46.2070042, "longitude_end": 6.1472636, "distance_in_km": 0.85511298491419707, "start_station": null, "end_station": null }, "geometry": { "type": "LineString", "coordinates": [ [ 6.1580753, 46.2052286 ], [ 6.1472636, 46.2070042 ] ] } },
{ "type": "Feature", "properties": { "trip_id": "48529135", "rental_id": "14316159", "vehicle_type": "bike", "trip_started_at_utc": "2024-08-08T16:25:39", "trip_ended_at_utc": "2024-08-08T16:33:56", "latitude_start": 46.1998602, "longitude_start": 6.1428584, "latitude_end": 46.2116223, "longitude_end": 6.1495093, "distance_in_km": 1.404467768450637, "start_station": null, "end_station": null }, "geometry": { "type": "LineString", "coordinates": [ [ 6.1428584, 46.1998602 ], [ 6.1495093, 46.2116223 ] ] } },
{ "type": "Feature", "properties": { "trip_id": "49749999", "rental_id": "14623188", "vehicle_type": "bike", "trip_started_at_utc": "2024-08-21T15:48:48", "trip_ended_at_utc": "2024-08-21T16:01:12", "latitude_start": 46.2088574, "longitude_start": 6.1446387, "latitude_end": 46.2031676, "longitude_end": 6.158659, "distance_in_km": 1.2507442090652727, "start_station": null, "end_station": null }, "geometry": { "type": "LineString", "coordinates": [ [ 6.1446387, 46.2088574 ], [ 6.158659, 46.2031676 ] ] } },
{ "type": "Feature", "properties": { "trip_id": "50745178", "rental_id": "14909193", "vehicle_type": "bike", "trip_started_at_utc": "2024-09-02T16:18:18", "trip_ended_at_utc": "2024-09-02T16:29:35", "latitude_start": 46.1949215, "longitude_start": 6.1512014, "latitude_end": 46.2077759, "longitude_end": 6.1464372, "distance_in_km": 1.4756248858293295, "start_station": null, "end_station": null }, "geometry": { "type": "LineString", "coordinates": [ [ 6.1512014, 46.1949215 ], [ 6.1464372, 46.2077759 ] ] } },
{ "type": "Feature", "properties": { "trip_id": "45767216", "rental_id": "13625507", "vehicle_type": "bike", "trip_started_at_utc": "2024-07-05T22:06:49", "trip_ended_at_utc": "2024-07-05T23:20:55", "latitude_start": 46.2002214, "longitude_start": 6.1414583, "latitude_end": 46.2056644, "longitude_end": 6.1427894, "distance_in_km": 0.61384302079312003, "start_station": null, "end_station": null }, "geometry": { "type": "LineString", "coordinates": [ [ 6.1414583, 46.2002214 ], [ 6.1427894, 46.2056644 ] ] } },
{ "type": "Feature", "properties": { "trip_id": "46375416", "rental_id": "13792169", "vehicle_type": "bike", "trip_started_at_utc": "2024-07-15T05:18:36", "trip_ended_at_utc": "2024-07-15T05:29:17", "latitude_start": 46.2095133, "longitude_start": 6.1424391, "latitude_end": 46.205471, "longitude_end": 6.1625159, "distance_in_km": 1.6090161704005883, "start_station": null, "end_station": null }, "geometry": { "type": "LineString", "coordinates": [ [ 6.1424391, 46.2095133 ], [ 6.1625159, 46.205471 ] ] } },
{ "type": "Feature", "properties": { "trip_id": "52925913", "rental_id": "15579674", "vehicle_type": "bike", "trip_started_at_utc": "2024-10-05T21:06:04", "trip_ended_at_utc": "2024-10-05T21:13:03", "latitude_start": 46.2111596, "longitude_start": 6.1524835, "latitude_end": 46.2033199, "longitude_end": 6.1488509, "distance_in_km": 0.91545941865777836, "start_station": null, "end_station": null }, "geometry": { "type": "LineString", "coordinates": [ [ 6.1524835, 46.2111596 ], [ 6.1488509, 46.2033199 ] ] } },
{ "type": "Feature", "properties": { "trip_id": "54282430", "rental_id": "16004008", "vehicle_type": "bike", "trip_started_at_utc": "2024-10-31T13:06:49", "trip_ended_at_utc": "2024-10-31T13:12:48", "latitude_start": 46.2111196, "longitude_start": 6.146655, "latitude_end": 46.2040611, "longitude_end": 6.1481162, "distance_in_km": 0.79288413580636197, "start_station": null, "end_station": null }, "geometry": { "type": "LineString", "coordinates": [ [ 6.146655, 46.2111196 ], [ 6.1481162, 46.2040611 ] ] } },
{ "type": "Feature", "properties": { "trip_id": "49899949", "rental_id": "14665748", "vehicle_type": "bike", "trip_started_at_utc": "2024-08-23T14:53:07", "trip_ended_at_utc": "2024-08-23T14:58:44", "latitude_start": 46.1956759, "longitude_start": 6.1555292, "latitude_end": 46.2004597, "longitude_end": 6.1491651, "distance_in_km": 0.72310143020466466, "start_station": null, "end_station": null }, "geometry": { "type": "LineString", "coordinates": [ [ 6.1555292, 46.1956759 ], [ 6.1491651, 46.2004597 ] ] } },
{ "type": "Feature", "properties": { "trip_id": "50111876", "rental_id": "14724797", "vehicle_type": "bike", "trip_started_at_utc": "2024-08-26T07:31:00", "trip_ended_at_utc": "2024-08-26T08:08:36", "latitude_start": 46.2056931, "longitude_start": 6.1428422, "latitude_end": 46.2112285, "longitude_end": 6.1526604, "distance_in_km": 0.97450698700574045, "start_station": null, "end_station": null }, "geometry": { "type": "LineString", "coordinates": [ [ 6.1428422, 46.2056931 ], [ 6.1526604, 46.2112285 ] ] } },
{ "type": "Feature", "properties": { "trip_id": "46188625", "rental_id": "13743370", "vehicle_type": "bike", "trip_started_at_utc": "2024-07-12T11:32:52", "trip_ended_at_utc": "2024-07-12T11:51:07", "latitude_start": 46.202983, "longitude_start": 6.141477, "latitude_end": 46.1996217, "longitude_end": 6.1411597, "distance_in_km": 0.37455698122462378, "start_station": null, "end_station": null }, "geometry": { "type": "LineString", "coordinates": [ [ 6.141477, 46.202983 ], [ 6.1411597, 46.1996217 ] ] } },
{ "type": "Feature", "properties": { "trip_id": "46425094", "rental_id": "13804644", "vehicle_type": "bike", "trip_started_at_utc": "2024-07-15T17:20:51", "trip_ended_at_utc": "2024-07-15T17:38:54", "latitude_start": 46.203206, "longitude_start": 6.1518915, "latitude_end": 46.2006539, "longitude_end": 6.1594462, "distance_in_km": 0.64697056471200221, "start_station": null, "end_station": null }, "geometry": { "type": "LineString", "coordinates": [ [ 6.1518915, 46.203206 ], [ 6.1594462, 46.2006539 ] ] } },
{ "type": "Feature", "properties": { "trip_id": "51441584", "rental_id": "15120964", "vehicle_type": "bike", "trip_started_at_utc": "2024-09-12T12:38:07", "trip_ended_at_utc": "2024-09-12T12:52:07", "latitude_start": 46.2093991, "longitude_start": 6.1424444, "latitude_end": 46.2031816, "longitude_end": 6.1587401, "distance_in_km": 1.4319712714029285, "start_station": null, "end_station": null }, "geometry": { "type": "LineString", "coordinates": [ [ 6.1424444, 46.2093991 ], [ 6.1587401, 46.2031816 ] ] } },
{ "type": "Feature", "properties": { "trip_id": "46798139", "rental_id": "13898782", "vehicle_type": "bike", "trip_started_at_utc": "2024-07-20T12:37:18", "trip_ended_at_utc": "2024-07-20T12:39:27", "latitude_start": 46.2094166, "longitude_start": 6.1424444, "latitude_end": 46.2084982, "longitude_end": 6.1424172, "distance_in_km": 0.102143027906289, "start_station": null, "end_station": null }, "geometry": { "type": "LineString", "coordinates": [ [ 6.1424444, 46.2094166 ], [ 6.1424172, 46.2084982 ] ] } },
{ "type": "Feature", "properties": { "trip_id": "53414034", "rental_id": "15735324", "vehicle_type": "bike", "trip_started_at_utc": "2024-10-15T16:26:38", "trip_ended_at_utc": "2024-10-15T16:35:53", "latitude_start": 46.2023952, "longitude_start": 6.1607595, "latitude_end": 46.2068985, "longitude_end": 6.144021, "distance_in_km": 1.3820410117987605, "start_station": null, "end_station": null }, "geometry": { "type": "LineString", "coordinates": [ [ 6.1607595, 46.2023952 ], [ 6.144021, 46.2068985 ] ] } },
{ "type": "Feature", "properties": { "trip_id": "48832661", "rental_id": "14392074", "vehicle_type": "bike", "trip_started_at_utc": "2024-08-11T17:48:22", "trip_ended_at_utc": "2024-08-11T19:10:55", "latitude_start": 46.1942384, "longitude_start": 6.1488098, "latitude_end": 46.1943352, "longitude_end": 6.1486032, "distance_in_km": 0.019202518767038899, "start_station": null, "end_station": null }, "geometry": { "type": "LineString", "coordinates": [ [ 6.1488098, 46.1942384 ], [ 6.1486032, 46.1943352 ] ] } },
{ "type": "Feature", "properties": { "trip_id": "50743515", "rental_id": "14908908", "vehicle_type": "bike", "trip_started_at_utc": "2024-09-02T16:03:23", "trip_ended_at_utc": "2024-09-02T16:13:17", "latitude_start": 46.205552, "longitude_start": 6.1623867, "latitude_end": 46.2093467, "longitude_end": 6.142529, "distance_in_km": 1.5852860259803725, "start_station": null, "end_station": null }, "geometry": { "type": "LineString", "coordinates": [ [ 6.1623867, 46.205552 ], [ 6.142529, 46.2093467 ] ] } },
{ "type": "Feature", "properties": { "trip_id": "52345623", "rental_id": "15392975", "vehicle_type": "bike", "trip_started_at_utc": "2024-09-25T09:54:05", "trip_ended_at_utc": "2024-09-25T09:55:31", "latitude_start": 46.1953941, "longitude_start": 6.1443322, "latitude_end": 46.1964435, "longitude_end": 6.1443816, "distance_in_km": 0.1167500703977814, "start_station": null, "end_station": null }, "geometry": { "type": "LineString", "coordinates": [ [ 6.1443322, 46.1953941 ], [ 6.1443816, 46.1964435 ] ] } },
{ "type": "Feature", "properties": { "trip_id": "45974625", "rental_id": "13684284", "vehicle_type": "bike", "trip_started_at_utc": "2024-07-09T10:08:22", "trip_ended_at_utc": "2024-07-09T10:13:07", "latitude_start": 46.1948813, "longitude_start": 6.1515325, "latitude_end": 46.1970327, "longitude_end": 6.1429302, "distance_in_km": 0.70399875951794022, "start_station": null, "end_station": null }, "geometry": { "type": "LineString", "coordinates": [ [ 6.1515325, 46.1948813 ], [ 6.1429302, 46.1970327 ] ] } },
{ "type": "Feature", "properties": { "trip_id": "46178935", "rental_id": "13740912", "vehicle_type": "bike", "trip_started_at_utc": "2024-07-12T09:08:44", "trip_ended_at_utc": "2024-07-12T09:13:55", "latitude_start": 46.2006782, "longitude_start": 6.1592119, "latitude_end": 46.2027449, "longitude_end": 6.1558208, "distance_in_km": 0.34773873688179169, "start_station": null, "end_station": null }, "geometry": { "type": "LineString", "coordinates": [ [ 6.1592119, 46.2006782 ], [ 6.1558208, 46.2027449 ] ] } },
{ "type": "Feature", "properties": { "trip_id": "52862749", "rental_id": "15563304", "vehicle_type": "bike", "trip_started_at_utc": "2024-10-05T07:48:23", "trip_ended_at_utc": "2024-10-05T07:49:29", "latitude_start": 46.2052059, "longitude_start": 6.1581952, "latitude_end": 46.2051884, "longitude_end": 6.158042, "distance_in_km": 0.011949116387648499, "start_station": null, "end_station": null }, "geometry": { "type": "LineString", "coordinates": [ [ 6.1581952, 46.2052059 ], [ 6.158042, 46.2051884 ] ] } },
{ "type": "Feature", "properties": { "trip_id": "54272216", "rental_id": "16000866", "vehicle_type": "bike", "trip_started_at_utc": "2024-10-31T09:31:10", "trip_ended_at_utc": "2024-10-31T09:36:28", "latitude_start": 46.206798, "longitude_start": 6.1464866, "latitude_end": 46.2111341, "longitude_end": 6.1524993, "distance_in_km": 0.66823940459386244, "start_station": null, "end_station": null }, "geometry": { "type": "LineString", "coordinates": [ [ 6.1464866, 46.206798 ], [ 6.1524993, 46.2111341 ] ] } },
{ "type": "Feature", "properties": { "trip_id": "52288053", "rental_id": "15372512", "vehicle_type": "bike", "trip_started_at_utc": "2024-09-24T06:13:40", "trip_ended_at_utc": "2024-09-24T06:24:00", "latitude_start": 46.2023766, "longitude_start": 6.1618356, "latitude_end": 46.2056111, "longitude_end": 6.1429367, "distance_in_km": 1.4982193495073, "start_station": null, "end_station": null }, "geometry": { "type": "LineString", "coordinates": [ [ 6.1618356, 46.2023766 ], [ 6.1429367, 46.2056111 ] ] } },
{ "type": "Feature", "properties": { "trip_id": "45756927", "rental_id": "13622345", "vehicle_type": "bike", "trip_started_at_utc": "2024-07-05T18:32:51", "trip_ended_at_utc": "2024-07-05T18:45:15", "latitude_start": 46.2031125, "longitude_start": 6.1586835, "latitude_end": 46.1970205, "longitude_end": 6.143088, "distance_in_km": 1.3782340152294923, "start_station": null, "end_station": null }, "geometry": { "type": "LineString", "coordinates": [ [ 6.1586835, 46.2031125 ], [ 6.143088, 46.1970205 ] ] } },
{ "type": "Feature", "properties": { "trip_id": "46445701", "rental_id": "13810861", "vehicle_type": "bike", "trip_started_at_utc": "2024-07-16T06:57:22", "trip_ended_at_utc": "2024-07-16T07:08:25", "latitude_start": 46.2066358, "longitude_start": 6.161745, "latitude_end": 46.2093252, "longitude_end": 6.1425248, "distance_in_km": 1.508957822388912, "start_station": null, "end_station": null }, "geometry": { "type": "LineString", "coordinates": [ [ 6.161745, 46.2066358 ], [ 6.1425248, 46.2093252 ] ] } },
{ "type": "Feature", "properties": { "trip_id": "48229098", "rental_id": "14241818", "vehicle_type": "bike", "trip_started_at_utc": "2024-08-05T14:33:04", "trip_ended_at_utc": "2024-08-05T14:34:27", "latitude_start": 46.2004297, "longitude_start": 6.1597015, "latitude_end": 46.2004053, "longitude_end": 6.1595455, "distance_in_km": 0.012308870727346301, "start_station": null, "end_station": null }, "geometry": { "type": "LineString", "coordinates": [ [ 6.1597015, 46.2004297 ], [ 6.1595455, 46.2004053 ] ] } },
{ "type": "Feature", "properties": { "trip_id": "51352974", "rental_id": "15090722", "vehicle_type": "bike", "trip_started_at_utc": "2024-09-10T15:59:49", "trip_ended_at_utc": "2024-09-10T16:09:23", "latitude_start": 46.2068446, "longitude_start": 6.1430232, "latitude_end": 46.2001492, "longitude_end": 6.1485426, "distance_in_km": 0.8571445098385716, "start_station": null, "end_station": null }, "geometry": { "type": "LineString", "coordinates": [ [ 6.1430232, 46.2068446 ], [ 6.1485426, 46.2001492 ] ] } },
{ "type": "Feature", "properties": { "trip_id": "51784871", "rental_id": "15220945", "vehicle_type": "bike", "trip_started_at_utc": "2024-09-17T09:30:40", "trip_ended_at_utc": "2024-09-17T09:45:29", "latitude_start": 46.2102095, "longitude_start": 6.1439779, "latitude_end": 46.2066408, "longitude_end": 6.1616613, "distance_in_km": 1.4174374199510962, "start_station": null, "end_station": null }, "geometry": { "type": "LineString", "coordinates": [ [ 6.1439779, 46.2102095 ], [ 6.1616613, 46.2066408 ] ] } },
{ "type": "Feature", "properties": { "trip_id": "51839146", "rental_id": "15237985", "vehicle_type": "bike", "trip_started_at_utc": "2024-09-18T05:24:03", "trip_ended_at_utc": "2024-09-18T05:33:44", "latitude_start": 46.2093383, "longitude_start": 6.1424732, "latitude_end": 46.2053817, "longitude_end": 6.1624594, "distance_in_km": 1.5996795388545433, "start_station": null, "end_station": null }, "geometry": { "type": "LineString", "coordinates": [ [ 6.1424732, 46.2093383 ], [ 6.1624594, 46.2053817 ] ] } },
{ "type": "Feature", "properties": { "trip_id": "46285206", "rental_id": "13768691", "vehicle_type": "bike", "trip_started_at_utc": "2024-07-13T19:24:17", "trip_ended_at_utc": "2024-07-13T19:29:40", "latitude_start": 46.2112568, "longitude_start": 6.1526188, "latitude_end": 46.2100777, "longitude_end": 6.1456375, "distance_in_km": 0.55296515811949865, "start_station": null, "end_station": null }, "geometry": { "type": "LineString", "coordinates": [ [ 6.1526188, 46.2112568 ], [ 6.1456375, 46.2100777 ] ] } },
{ "type": "Feature", "properties": { "trip_id": "48179923", "rental_id": "14229442", "vehicle_type": "bike", "trip_started_at_utc": "2024-08-04T22:22:01", "trip_ended_at_utc": "2024-08-04T22:29:06", "latitude_start": 46.2085633, "longitude_start": 6.1423861, "latitude_end": 46.1995775, "longitude_end": 6.1374414, "distance_in_km": 1.0691856469654064, "start_station": null, "end_station": null }, "geometry": { "type": "LineString", "coordinates": [ [ 6.1423861, 46.2085633 ], [ 6.1374414, 46.1995775 ] ] } },
{ "type": "Feature", "properties": { "trip_id": "45890170", "rental_id": "13658920", "vehicle_type": "bike", "trip_started_at_utc": "2024-07-07T20:13:06", "trip_ended_at_utc": "2024-07-07T20:13:56", "latitude_start": 46.2032242, "longitude_start": 6.1588062, "latitude_end": 46.2032433, "longitude_end": 6.1588102, "distance_in_km": 0.0021460196272654001, "start_station": null, "end_station": null }, "geometry": { "type": "LineString", "coordinates": [ [ 6.1588062, 46.2032242 ], [ 6.1588102, 46.2032433 ] ] } },
{ "type": "Feature", "properties": { "trip_id": "47174565", "rental_id": "13989049", "vehicle_type": "bike", "trip_started_at_utc": "2024-07-24T20:30:13", "trip_ended_at_utc": "2024-07-24T20:43:39", "latitude_start": 46.2016177, "longitude_start": 6.15318, "latitude_end": 46.2057067, "longitude_end": 6.1573782, "distance_in_km": 0.55777628865656581, "start_station": null, "end_station": null }, "geometry": { "type": "LineString", "coordinates": [ [ 6.15318, 46.2016177 ], [ 6.1573782, 46.2057067 ] ] } },
{ "type": "Feature", "properties": { "trip_id": "47794334", "rental_id": "14137769", "vehicle_type": "bike", "trip_started_at_utc": "2024-07-31T18:03:32", "trip_ended_at_utc": "2024-07-31T18:17:26", "latitude_start": 46.2011003, "longitude_start": 6.1434405, "latitude_end": 46.1988562, "longitude_end": 6.1439442, "distance_in_km": 0.2525262423064813, "start_station": null, "end_station": null }, "geometry": { "type": "LineString", "coordinates": [ [ 6.1434405, 46.2011003 ], [ 6.1439442, 46.1988562 ] ] } },
{ "type": "Feature", "properties": { "trip_id": "47976837", "rental_id": "14182033", "vehicle_type": "bike", "trip_started_at_utc": "2024-08-02T17:31:34", "trip_ended_at_utc": "2024-08-02T17:40:38", "latitude_start": 46.2098306, "longitude_start": 6.1427509, "latitude_end": 46.2032668, "longitude_end": 6.1587239, "distance_in_km": 1.4295413194535072, "start_station": null, "end_station": null }, "geometry": { "type": "LineString", "coordinates": [ [ 6.1427509, 46.2098306 ], [ 6.1587239, 46.2032668 ] ] } },
{ "type": "Feature", "properties": { "trip_id": "50338999", "rental_id": "14791604", "vehicle_type": "bike", "trip_started_at_utc": "2024-08-28T21:55:29", "trip_ended_at_utc": "2024-08-29T13:47:12", "latitude_start": 46.2012799, "longitude_start": 6.1396856, "latitude_end": 46.2012004, "longitude_end": 6.1403299, "distance_in_km": 0.050367914134901902, "start_station": null, "end_station": null }, "geometry": { "type": "LineString", "coordinates": [ [ 6.1396856, 46.2012799 ], [ 6.1403299, 46.2012004 ] ] } },
{ "type": "Feature", "properties": { "trip_id": "46111192", "rental_id": "13722513", "vehicle_type": "bike", "trip_started_at_utc": "2024-07-11T09:46:49", "trip_ended_at_utc": "2024-07-11T09:52:28", "latitude_start": 46.1998259, "longitude_start": 6.1428633, "latitude_end": 46.2031564, "longitude_end": 6.1469059, "distance_in_km": 0.48367867241316131, "start_station": null, "end_station": null }, "geometry": { "type": "LineString", "coordinates": [ [ 6.1428633, 46.1998259 ], [ 6.1469059, 46.2031564 ] ] } },
{ "type": "Feature", "properties": { "trip_id": "46443897", "rental_id": "13810192", "vehicle_type": "bike", "trip_started_at_utc": "2024-07-16T06:16:50", "trip_ended_at_utc": "2024-07-16T06:19:51", "latitude_start": 46.20017, "longitude_start": 6.1484995, "latitude_end": 46.2039378, "longitude_end": 6.143499, "distance_in_km": 0.56888408121837908, "start_station": null, "end_station": null }, "geometry": { "type": "LineString", "coordinates": [ [ 6.1484995, 46.20017 ], [ 6.143499, 46.2039378 ] ] } },
{ "type": "Feature", "properties": { "trip_id": "48109568", "rental_id": "14213000", "vehicle_type": "bike", "trip_started_at_utc": "2024-08-04T01:39:27", "trip_ended_at_utc": "2024-08-04T01:44:05", "latitude_start": 46.2070366, "longitude_start": 6.1429638, "latitude_end": 46.2087648, "longitude_end": 6.1461086, "distance_in_km": 0.30901688791973408, "start_station": null, "end_station": null }, "geometry": { "type": "LineString", "coordinates": [ [ 6.1429638, 46.2070366 ], [ 6.1461086, 46.2087648 ] ] } },
{ "type": "Feature", "properties": { "trip_id": "49116189", "rental_id": "14464538", "vehicle_type": "bike", "trip_started_at_utc": "2024-08-14T19:10:36", "trip_ended_at_utc": "2024-08-14T19:20:45", "latitude_start": 46.2036819, "longitude_start": 6.1607033, "latitude_end": 46.2096458, "longitude_end": 6.1457787, "distance_in_km": 1.3262098182116688, "start_station": null, "end_station": null }, "geometry": { "type": "LineString", "coordinates": [ [ 6.1607033, 46.2036819 ], [ 6.1457787, 46.2096458 ] ] } },
{ "type": "Feature", "properties": { "trip_id": "46513411", "rental_id": "13827549", "vehicle_type": "bike", "trip_started_at_utc": "2024-07-17T05:59:37", "trip_ended_at_utc": "2024-07-17T06:09:57", "latitude_start": 46.2027358, "longitude_start": 6.1602651, "latitude_end": 46.2057244, "longitude_end": 6.1427481, "distance_in_km": 1.3884126236135088, "start_station": null, "end_station": null }, "geometry": { "type": "LineString", "coordinates": [ [ 6.1602651, 46.2027358 ], [ 6.1427481, 46.2057244 ] ] } },
{ "type": "Feature", "properties": { "trip_id": "47312993", "rental_id": "14023602", "vehicle_type": "bike", "trip_started_at_utc": "2024-07-26T14:33:57", "trip_ended_at_utc": "2024-07-26T14:42:03", "latitude_start": 46.1949595, "longitude_start": 6.1515225, "latitude_end": 46.2013025, "longitude_end": 6.1557262, "distance_in_km": 0.77597752463934955, "start_station": null, "end_station": null }, "geometry": { "type": "LineString", "coordinates": [ [ 6.1515225, 46.1949595 ], [ 6.1557262, 46.2013025 ] ] } },
{ "type": "Feature", "properties": { "trip_id": "53162866", "rental_id": "15658017", "vehicle_type": "bike", "trip_started_at_utc": "2024-10-11T03:58:05", "trip_ended_at_utc": "2024-10-11T04:01:32", "latitude_start": 46.2041565, "longitude_start": 6.1492589, "latitude_end": 46.2047649, "longitude_end": 6.151097, "distance_in_km": 0.15679900221185561, "start_station": null, "end_station": null }, "geometry": { "type": "LineString", "coordinates": [ [ 6.1492589, 46.2041565 ], [ 6.151097, 46.2047649 ] ] } },
{ "type": "Feature", "properties": { "trip_id": "53355729", "rental_id": "15718764", "vehicle_type": "bike", "trip_started_at_utc": "2024-10-14T15:58:32", "trip_ended_at_utc": "2024-10-14T16:04:54", "latitude_start": 46.2070388, "longitude_start": 6.1428878, "latitude_end": 46.1992672, "longitude_end": 6.1430097, "distance_in_km": 0.8642147675458669, "start_station": null, "end_station": null }, "geometry": { "type": "LineString", "coordinates": [ [ 6.1428878, 46.2070388 ], [ 6.1430097, 46.1992672 ] ] } },
{ "type": "Feature", "properties": { "trip_id": "48072024", "rental_id": "14204324", "vehicle_type": "bike", "trip_started_at_utc": "2024-08-03T16:17:01", "trip_ended_at_utc": "2024-08-03T16:32:54", "latitude_start": 46.200692, "longitude_start": 6.142796, "latitude_end": 46.2051719, "longitude_end": 6.1580393, "distance_in_km": 1.2744901226900529, "start_station": null, "end_station": null }, "geometry": { "type": "LineString", "coordinates": [ [ 6.142796, 46.200692 ], [ 6.1580393, 46.2051719 ] ] } },
{ "type": "Feature", "properties": { "trip_id": "48371653", "rental_id": "14277188", "vehicle_type": "bike", "trip_started_at_utc": "2024-08-07T05:43:10", "trip_ended_at_utc": "2024-08-07T05:51:24", "latitude_start": 46.2023947, "longitude_start": 6.1608098, "latitude_end": 46.2057077, "longitude_end": 6.1428336, "distance_in_km": 1.431608728285225, "start_station": null, "end_station": null }, "geometry": { "type": "LineString", "coordinates": [ [ 6.1608098, 46.2023947 ], [ 6.1428336, 46.2057077 ] ] } },
{ "type": "Feature", "properties": { "trip_id": "49062634", "rental_id": "14452024", "vehicle_type": "bike", "trip_started_at_utc": "2024-08-14T11:16:55", "trip_ended_at_utc": "2024-08-14T11:18:45", "latitude_start": 46.2047606, "longitude_start": 6.1619466, "latitude_end": 46.2026629, "longitude_end": 6.1613236, "distance_in_km": 0.23813043197219891, "start_station": null, "end_station": null }, "geometry": { "type": "LineString", "coordinates": [ [ 6.1619466, 46.2047606 ], [ 6.1613236, 46.2026629 ] ] } },
{ "type": "Feature", "properties": { "trip_id": "50227655", "rental_id": "14758547", "vehicle_type": "bike", "trip_started_at_utc": "2024-08-27T15:36:04", "trip_ended_at_utc": "2024-08-27T15:47:09", "latitude_start": 46.2072586, "longitude_start": 6.1412863, "latitude_end": 46.2018047, "longitude_end": 6.1438052, "distance_in_km": 0.63667430026363081, "start_station": null, "end_station": null }, "geometry": { "type": "LineString", "coordinates": [ [ 6.1412863, 46.2072586 ], [ 6.1438052, 46.2018047 ] ] } },
{ "type": "Feature", "properties": { "trip_id": "45559278", "rental_id": "13559555", "vehicle_type": "bike", "trip_started_at_utc": "2024-07-02T09:30:12", "trip_ended_at_utc": "2024-07-02T09:42:47", "latitude_start": 46.2018718, "longitude_start": 6.1539418, "latitude_end": 46.2056102, "longitude_end": 6.1428105, "distance_in_km": 0.95217133334880177, "start_station": null, "end_station": null }, "geometry": { "type": "LineString", "coordinates": [ [ 6.1539418, 46.2018718 ], [ 6.1428105, 46.2056102 ] ] } },
{ "type": "Feature", "properties": { "trip_id": "45907087", "rental_id": "13664657", "vehicle_type": "bike", "trip_started_at_utc": "2024-07-08T09:47:22", "trip_ended_at_utc": "2024-07-08T09:51:10", "latitude_start": 46.2004166, "longitude_start": 6.1490897, "latitude_end": 46.2012727, "longitude_end": 6.1557973, "distance_in_km": 0.52493228545722082, "start_station": null, "end_station": null }, "geometry": { "type": "LineString", "coordinates": [ [ 6.1490897, 46.2004166 ], [ 6.1557973, 46.2012727 ] ] } },
{ "type": "Feature", "properties": { "trip_id": "45957101", "rental_id": "13678171", "vehicle_type": "bike", "trip_started_at_utc": "2024-07-08T22:12:26", "trip_ended_at_utc": "2024-07-08T22:18:51", "latitude_start": 46.2071011, "longitude_start": 6.1466384, "latitude_end": 46.2016798, "longitude_end": 6.1395726, "distance_in_km": 0.81183164905422112, "start_station": null, "end_station": null }, "geometry": { "type": "LineString", "coordinates": [ [ 6.1466384, 46.2071011 ], [ 6.1395726, 46.2016798 ] ] } },
{ "type": "Feature", "properties": { "trip_id": "46120128", "rental_id": "13724844", "vehicle_type": "bike", "trip_started_at_utc": "2024-07-11T11:59:19", "trip_ended_at_utc": "2024-07-11T12:03:52", "latitude_start": 46.1970939, "longitude_start": 6.1431856, "latitude_end": 46.2028546, "longitude_end": 6.1412977, "distance_in_km": 0.65683392766836368, "start_station": null, "end_station": null }, "geometry": { "type": "LineString", "coordinates": [ [ 6.1431856, 46.1970939 ], [ 6.1412977, 46.2028546 ] ] } },
{ "type": "Feature", "properties": { "trip_id": "49836908", "rental_id": "14646857", "vehicle_type": "bike", "trip_started_at_utc": "2024-08-22T16:40:31", "trip_ended_at_utc": "2024-08-22T16:46:27", "latitude_start": 46.2069666, "longitude_start": 6.1431237, "latitude_end": 46.2116143, "longitude_end": 6.149588, "distance_in_km": 0.71729890535280538, "start_station": null, "end_station": null }, "geometry": { "type": "LineString", "coordinates": [ [ 6.1431237, 46.2069666 ], [ 6.149588, 46.2116143 ] ] } },
{ "type": "Feature", "properties": { "trip_id": "51784088", "rental_id": "15222283", "vehicle_type": "bike", "trip_started_at_utc": "2024-09-17T09:19:02", "trip_ended_at_utc": "2024-09-17T09:36:42", "latitude_start": 46.203187, "longitude_start": 6.1586994, "latitude_end": 46.2076824, "longitude_end": 6.1464746, "distance_in_km": 1.0653178763355913, "start_station": null, "end_station": null }, "geometry": { "type": "LineString", "coordinates": [ [ 6.1586994, 46.203187 ], [ 6.1464746, 46.2076824 ] ] } },
{ "type": "Feature", "properties": { "trip_id": "51945845", "rental_id": "15272774", "vehicle_type": "bike", "trip_started_at_utc": "2024-09-19T15:57:03", "trip_ended_at_utc": "2024-09-19T16:09:02", "latitude_start": 46.2057925, "longitude_start": 6.1607585, "latitude_end": 46.2093746, "longitude_end": 6.1424773, "distance_in_km": 1.4620820201515921, "start_station": null, "end_station": null }, "geometry": { "type": "LineString", "coordinates": [ [ 6.1607585, 46.2057925 ], [ 6.1424773, 46.2093746 ] ] } },
{ "type": "Feature", "properties": { "trip_id": "45566954", "rental_id": "13562041", "vehicle_type": "bike", "trip_started_at_utc": "2024-07-02T11:59:02", "trip_ended_at_utc": "2024-07-02T12:02:57", "latitude_start": 46.1964571, "longitude_start": 6.1511724, "latitude_end": 46.1951296, "longitude_end": 6.1537812, "distance_in_km": 0.24921535588963201, "start_station": null, "end_station": null }, "geometry": { "type": "LineString", "coordinates": [ [ 6.1511724, 46.1964571 ], [ 6.1537812, 46.1951296 ] ] } },
{ "type": "Feature", "properties": { "trip_id": "47116661", "rental_id": "13974988", "vehicle_type": "bike", "trip_started_at_utc": "2024-07-24T11:09:06", "trip_ended_at_utc": "2024-07-24T11:39:27", "latitude_start": 46.206099, "longitude_start": 6.1584717, "latitude_end": 46.194343, "longitude_end": 6.1485914, "distance_in_km": 1.5122916624088272, "start_station": null, "end_station": null }, "geometry": { "type": "LineString", "coordinates": [ [ 6.1584717, 46.206099 ], [ 6.1485914, 46.194343 ] ] } },
{ "type": "Feature", "properties": { "trip_id": "48552851", "rental_id": "14321928", "vehicle_type": "bike", "trip_started_at_utc": "2024-08-08T20:52:49", "trip_ended_at_utc": "2024-08-08T20:57:16", "latitude_start": 46.2015068, "longitude_start": 6.1534569, "latitude_end": 46.2037705, "longitude_end": 6.1436649, "distance_in_km": 0.79451191811311594, "start_station": null, "end_station": null }, "geometry": { "type": "LineString", "coordinates": [ [ 6.1534569, 46.2015068 ], [ 6.1436649, 46.2037705 ] ] } },
{ "type": "Feature", "properties": { "trip_id": "49736228", "rental_id": "14619817", "vehicle_type": "bike", "trip_started_at_utc": "2024-08-21T13:53:52", "trip_ended_at_utc": "2024-08-21T14:52:09", "latitude_start": 46.1986504, "longitude_start": 6.1473052, "latitude_end": 46.1966824, "longitude_end": 6.1465599, "distance_in_km": 0.2262253954613638, "start_station": null, "end_station": null }, "geometry": { "type": "LineString", "coordinates": [ [ 6.1473052, 46.1986504 ], [ 6.1465599, 46.1966824 ] ] } },
{ "type": "Feature", "properties": { "trip_id": "45585377", "rental_id": "13567422", "vehicle_type": "bike", "trip_started_at_utc": "2024-07-02T16:18:00", "trip_ended_at_utc": "2024-07-02T16:29:49", "latitude_start": 46.2018954, "longitude_start": 6.1504975, "latitude_end": 46.209476, "longitude_end": 6.1448117, "distance_in_km": 0.94972312673280523, "start_station": null, "end_station": null }, "geometry": { "type": "LineString", "coordinates": [ [ 6.1504975, 46.2018954 ], [ 6.1448117, 46.209476 ] ] } },
{ "type": "Feature", "properties": { "trip_id": "45636393", "rental_id": "13584231", "vehicle_type": "bike", "trip_started_at_utc": "2024-07-03T15:47:40", "trip_ended_at_utc": "2024-07-03T15:56:41", "latitude_start": 46.2040137, "longitude_start": 6.1575465, "latitude_end": 46.2056443, "longitude_end": 6.1428453, "distance_in_km": 1.1457850109165699, "start_station": null, "end_station": null }, "geometry": { "type": "LineString", "coordinates": [ [ 6.1575465, 46.2040137 ], [ 6.1428453, 46.2056443 ] ] } },
{ "type": "Feature", "properties": { "trip_id": "49938995", "rental_id": "14677326", "vehicle_type": "bike", "trip_started_at_utc": "2024-08-24T00:26:21", "trip_ended_at_utc": "2024-08-24T00:33:26", "latitude_start": 46.1969043, "longitude_start": 6.1451071, "latitude_end": 46.1979134, "longitude_end": 6.1511643, "distance_in_km": 0.47951492786246341, "start_station": null, "end_station": null }, "geometry": { "type": "LineString", "coordinates": [ [ 6.1451071, 46.1969043 ], [ 6.1511643, 46.1979134 ] ] } },
{ "type": "Feature", "properties": { "trip_id": "45642354", "rental_id": "13586039", "vehicle_type": "bike", "trip_started_at_utc": "2024-07-03T17:12:06", "trip_ended_at_utc": "2024-07-03T17:15:59", "latitude_start": 46.201314, "longitude_start": 6.153502, "latitude_end": 46.2032144, "longitude_end": 6.1587413, "distance_in_km": 0.45523252273399101, "start_station": null, "end_station": null }, "geometry": { "type": "LineString", "coordinates": [ [ 6.153502, 46.201314 ], [ 6.1587413, 46.2032144 ] ] } },
{ "type": "Feature", "properties": { "trip_id": "45709624", "rental_id": "13607610", "vehicle_type": "bike", "trip_started_at_utc": "2024-07-05T01:50:01", "trip_ended_at_utc": "2024-07-05T01:52:23", "latitude_start": 46.1996637, "longitude_start": 6.1374036, "latitude_end": 46.2013262, "longitude_end": 6.1397708, "distance_in_km": 0.25954822783473902, "start_station": null, "end_station": null }, "geometry": { "type": "LineString", "coordinates": [ [ 6.1374036, 46.1996637 ], [ 6.1397708, 46.2013262 ] ] } },
{ "type": "Feature", "properties": { "trip_id": "47011097", "rental_id": "13948801", "vehicle_type": "bike", "trip_started_at_utc": "2024-07-22T19:17:09", "trip_ended_at_utc": "2024-07-22T19:20:45", "latitude_start": 46.2005583, "longitude_start": 6.1594945, "latitude_end": 46.2053367, "longitude_end": 6.16019, "distance_in_km": 0.53402382182849761, "start_station": null, "end_station": null }, "geometry": { "type": "LineString", "coordinates": [ [ 6.1594945, 46.2005583 ], [ 6.16019, 46.2053367 ] ] } },
{ "type": "Feature", "properties": { "trip_id": "47691476", "rental_id": "14112864", "vehicle_type": "bike", "trip_started_at_utc": "2024-07-30T16:00:18", "trip_ended_at_utc": "2024-07-30T16:12:43", "latitude_start": 46.2057213, "longitude_start": 6.1427727, "latitude_end": 46.2024168, "longitude_end": 6.1607677, "distance_in_km": 1.4327637320961315, "start_station": null, "end_station": null }, "geometry": { "type": "LineString", "coordinates": [ [ 6.1427727, 46.2057213 ], [ 6.1607677, 46.2024168 ] ] } },
{ "type": "Feature", "properties": { "trip_id": "47883871", "rental_id": "14159765", "vehicle_type": "bike", "trip_started_at_utc": "2024-08-01T18:10:30", "trip_ended_at_utc": "2024-08-01T18:32:40", "latitude_start": 46.2033308, "longitude_start": 6.148924, "latitude_end": 46.2104769, "longitude_end": 6.149962, "distance_in_km": 0.79861602178987112, "start_station": null, "end_station": null }, "geometry": { "type": "LineString", "coordinates": [ [ 6.148924, 46.2033308 ], [ 6.149962, 46.2104769 ] ] } },
{ "type": "Feature", "properties": { "trip_id": "48435652", "rental_id": "14292814", "vehicle_type": "bike", "trip_started_at_utc": "2024-08-07T16:50:07", "trip_ended_at_utc": "2024-08-07T18:03:28", "latitude_start": 46.2051648, "longitude_start": 6.1579988, "latitude_end": 46.2044058, "longitude_end": 6.1569709, "distance_in_km": 0.1156728161639926, "start_station": null, "end_station": null }, "geometry": { "type": "LineString", "coordinates": [ [ 6.1579988, 46.2051648 ], [ 6.1569709, 46.2044058 ] ] } },
{ "type": "Feature", "properties": { "trip_id": "50911189", "rental_id": "14961930", "vehicle_type": "bike", "trip_started_at_utc": "2024-09-05T05:09:09", "trip_ended_at_utc": "2024-09-05T05:17:28", "latitude_start": 46.2032348, "longitude_start": 6.1590432, "latitude_end": 46.2086906, "longitude_end": 6.144646, "distance_in_km": 1.2631484776802726, "start_station": null, "end_station": null }, "geometry": { "type": "LineString", "coordinates": [ [ 6.1590432, 46.2032348 ], [ 6.144646, 46.2086906 ] ] } },
{ "type": "Feature", "properties": { "trip_id": "47175998", "rental_id": "13989049", "vehicle_type": "bike", "trip_started_at_utc": "2024-07-24T20:57:10", "trip_ended_at_utc": "2024-07-24T21:04:22", "latitude_start": 46.2056635, "longitude_start": 6.157404, "latitude_end": 46.2014532, "longitude_end": 6.1530416, "distance_in_km": 0.57609637938384295, "start_station": null, "end_station": null }, "geometry": { "type": "LineString", "coordinates": [ [ 6.157404, 46.2056635 ], [ 6.1530416, 46.2014532 ] ] } },
{ "type": "Feature", "properties": { "trip_id": "48242765", "rental_id": "14244872", "vehicle_type": "bike", "trip_started_at_utc": "2024-08-05T16:15:16", "trip_ended_at_utc": "2024-08-05T16:24:11", "latitude_start": 46.2032037, "longitude_start": 6.1489391, "latitude_end": 46.2028336, "longitude_end": 6.1618592, "distance_in_km": 0.99516539743034804, "start_station": null, "end_station": null }, "geometry": { "type": "LineString", "coordinates": [ [ 6.1489391, 46.2032037 ], [ 6.1618592, 46.2028336 ] ] } },
{ "type": "Feature", "properties": { "trip_id": "48854853", "rental_id": "14398189", "vehicle_type": "bike", "trip_started_at_utc": "2024-08-12T06:23:25", "trip_ended_at_utc": "2024-08-12T06:23:53", "latitude_start": 46.2027443, "longitude_start": 6.1613317, "latitude_end": 46.2027549, "longitude_end": 6.1613835, "distance_in_km": 0.0041570763066453003, "start_station": null, "end_station": null }, "geometry": { "type": "LineString", "coordinates": [ [ 6.1613317, 46.2027443 ], [ 6.1613835, 46.2027549 ] ] } },
{ "type": "Feature", "properties": { "trip_id": "49764862", "rental_id": "14626886", "vehicle_type": "bike", "trip_started_at_utc": "2024-08-21T18:12:13", "trip_ended_at_utc": "2024-08-21T19:02:34", "latitude_start": 46.2014316, "longitude_start": 6.1529375, "latitude_end": 46.2112032, "longitude_end": 6.1523292, "distance_in_km": 1.087561947837052, "start_station": null, "end_station": null }, "geometry": { "type": "LineString", "coordinates": [ [ 6.1529375, 46.2014316 ], [ 6.1523292, 46.2112032 ] ] } },
{ "type": "Feature", "properties": { "trip_id": "50242829", "rental_id": "14762908", "vehicle_type": "bike", "trip_started_at_utc": "2024-08-27T18:06:00", "trip_ended_at_utc": "2024-08-27T18:12:10", "latitude_start": 46.2111688, "longitude_start": 6.1525338, "latitude_end": 46.2078189, "longitude_end": 6.1465283, "distance_in_km": 0.59355409642069568, "start_station": null, "end_station": null }, "geometry": { "type": "LineString", "coordinates": [ [ 6.1525338, 46.2111688 ], [ 6.1465283, 46.2078189 ] ] } },
{ "type": "Feature", "properties": { "trip_id": "46018433", "rental_id": "13695726", "vehicle_type": "bike", "trip_started_at_utc": "2024-07-09T18:30:43", "trip_ended_at_utc": "2024-07-09T18:40:48", "latitude_start": 46.2115295, "longitude_start": 6.1497535, "latitude_end": 46.2000525, "longitude_end": 6.1429504, "distance_in_km": 1.3793970418867556, "start_station": null, "end_station": null }, "geometry": { "type": "LineString", "coordinates": [ [ 6.1497535, 46.2115295 ], [ 6.1429504, 46.2000525 ] ] } },
{ "type": "Feature", "properties": { "trip_id": "48546211", "rental_id": "14320278", "vehicle_type": "bike", "trip_started_at_utc": "2024-08-08T19:08:37", "trip_ended_at_utc": "2024-08-08T19:19:37", "latitude_start": 46.1966321, "longitude_start": 6.1434597, "latitude_end": 46.2092954, "longitude_end": 6.1424576, "distance_in_km": 1.4102072557764731, "start_station": null, "end_station": null }, "geometry": { "type": "LineString", "coordinates": [ [ 6.1434597, 46.1966321 ], [ 6.1424576, 46.2092954 ] ] } },
{ "type": "Feature", "properties": { "trip_id": "48817680", "rental_id": "14388734", "vehicle_type": "bike", "trip_started_at_utc": "2024-08-11T15:28:39", "trip_ended_at_utc": "2024-08-11T15:40:55", "latitude_start": 46.1946929, "longitude_start": 6.1487625, "latitude_end": 46.2023195, "longitude_end": 6.1617666, "distance_in_km": 1.3118289611961702, "start_station": null, "end_station": null }, "geometry": { "type": "LineString", "coordinates": [ [ 6.1487625, 46.1946929 ], [ 6.1617666, 46.2023195 ] ] } },
{ "type": "Feature", "properties": { "trip_id": "45689972", "rental_id": "13601762", "vehicle_type": "bike", "trip_started_at_utc": "2024-07-04T16:18:14", "trip_ended_at_utc": "2024-07-04T16:24:48", "latitude_start": 46.1995765, "longitude_start": 6.1411824, "latitude_end": 46.204174, "longitude_end": 6.1462085, "distance_in_km": 0.64106744599700971, "start_station": null, "end_station": null }, "geometry": { "type": "LineString", "coordinates": [ [ 6.1411824, 46.1995765 ], [ 6.1462085, 46.204174 ] ] } },
{ "type": "Feature", "properties": { "trip_id": "45870549", "rental_id": "13653935", "vehicle_type": "bike", "trip_started_at_utc": "2024-07-07T14:55:26", "trip_ended_at_utc": "2024-07-07T15:00:52", "latitude_start": 46.2096309, "longitude_start": 6.145936, "latitude_end": 46.208879, "longitude_end": 6.144712, "distance_in_km": 0.125941953084726, "start_station": null, "end_station": null }, "geometry": { "type": "LineString", "coordinates": [ [ 6.145936, 46.2096309 ], [ 6.144712, 46.208879 ] ] } },
{ "type": "Feature", "properties": { "trip_id": "48563897", "rental_id": "14325262", "vehicle_type": "bike", "trip_started_at_utc": "2024-08-09T04:13:38", "trip_ended_at_utc": "2024-08-09T04:19:08", "latitude_start": 46.2017719, "longitude_start": 6.1505633, "latitude_end": 46.211105, "longitude_end": 6.1525026, "distance_in_km": 1.0484703419348866, "start_station": null, "end_station": null }, "geometry": { "type": "LineString", "coordinates": [ [ 6.1505633, 46.2017719 ], [ 6.1525026, 46.211105 ] ] } },
{ "type": "Feature", "properties": { "trip_id": "49422164", "rental_id": "14540218", "vehicle_type": "bike", "trip_started_at_utc": "2024-08-17T19:38:20", "trip_ended_at_utc": "2024-08-17T19:56:26", "latitude_start": 46.2039096, "longitude_start": 6.143549, "latitude_end": 46.211099, "longitude_end": 6.152593, "distance_in_km": 1.0599241009015223, "start_station": null, "end_station": null }, "geometry": { "type": "LineString", "coordinates": [ [ 6.143549, 46.2039096 ], [ 6.152593, 46.211099 ] ] } },
{ "type": "Feature", "properties": { "trip_id": "45906875", "rental_id": "13664657", "vehicle_type": "bike", "trip_started_at_utc": "2024-07-08T09:43:47", "trip_ended_at_utc": "2024-07-08T09:45:48", "latitude_start": 46.2001254, "longitude_start": 6.1485761, "latitude_end": 46.2002282, "longitude_end": 6.1490246, "distance_in_km": 0.036361249299106398, "start_station": null, "end_station": null }, "geometry": { "type": "LineString", "coordinates": [ [ 6.1485761, 46.2001254 ], [ 6.1490246, 46.2002282 ] ] } },
{ "type": "Feature", "properties": { "trip_id": "46397363", "rental_id": "13798279", "vehicle_type": "bike", "trip_started_at_utc": "2024-07-15T12:15:27", "trip_ended_at_utc": "2024-07-15T12:24:46", "latitude_start": 46.2037304, "longitude_start": 6.1584707, "latitude_end": 46.2042527, "longitude_end": 6.149351, "distance_in_km": 0.70422672733980318, "start_station": null, "end_station": null }, "geometry": { "type": "LineString", "coordinates": [ [ 6.1584707, 46.2037304 ], [ 6.149351, 46.2042527 ] ] } },
{ "type": "Feature", "properties": { "trip_id": "47214565", "rental_id": "13999676", "vehicle_type": "bike", "trip_started_at_utc": "2024-07-25T12:40:21", "trip_ended_at_utc": "2024-07-25T12:52:38", "latitude_start": 46.2042417, "longitude_start": 6.1463698, "latitude_end": 46.2027771, "longitude_end": 6.1630498, "distance_in_km": 1.2939491318199512, "start_station": null, "end_station": null }, "geometry": { "type": "LineString", "coordinates": [ [ 6.1463698, 46.2042417 ], [ 6.1630498, 46.2027771 ] ] } },
{ "type": "Feature", "properties": { "trip_id": "47705777", "rental_id": "14116175", "vehicle_type": "bike", "trip_started_at_utc": "2024-07-30T18:00:03", "trip_ended_at_utc": "2024-07-30T18:09:29", "latitude_start": 46.2109867, "longitude_start": 6.1527609, "latitude_end": 46.206468, "longitude_end": 6.1447269, "distance_in_km": 0.79665659736523675, "start_station": null, "end_station": null }, "geometry": { "type": "LineString", "coordinates": [ [ 6.1527609, 46.2109867 ], [ 6.1447269, 46.206468 ] ] } },
{ "type": "Feature", "properties": { "trip_id": "48948582", "rental_id": "14422796", "vehicle_type": "bike", "trip_started_at_utc": "2024-08-13T06:53:15", "trip_ended_at_utc": "2024-08-13T06:54:41", "latitude_start": 46.2030242, "longitude_start": 6.1617863, "latitude_end": 46.2021403, "longitude_end": 6.1611348, "distance_in_km": 0.1103355272775433, "start_station": null, "end_station": null }, "geometry": { "type": "LineString", "coordinates": [ [ 6.1617863, 46.2030242 ], [ 6.1611348, 46.2021403 ] ] } },
{ "type": "Feature", "properties": { "trip_id": "49429164", "rental_id": "14541831", "vehicle_type": "bike", "trip_started_at_utc": "2024-08-17T21:09:24", "trip_ended_at_utc": "2024-08-17T21:19:41", "latitude_start": 46.203925, "longitude_start": 6.1559932, "latitude_end": 46.2110587, "longitude_end": 6.1528829, "distance_in_km": 0.8285553051718505, "start_station": null, "end_station": null }, "geometry": { "type": "LineString", "coordinates": [ [ 6.1559932, 46.203925 ], [ 6.1528829, 46.2110587 ] ] } },
{ "type": "Feature", "properties": { "trip_id": "49760943", "rental_id": "14625906", "vehicle_type": "bike", "trip_started_at_utc": "2024-08-21T17:26:23", "trip_ended_at_utc": "2024-08-21T17:35:42", "latitude_start": 46.2112811, "longitude_start": 6.1526904, "latitude_end": 46.2065186, "longitude_end": 6.1449718, "distance_in_km": 0.79574950385663468, "start_station": null, "end_station": null }, "geometry": { "type": "LineString", "coordinates": [ [ 6.1526904, 46.2112811 ], [ 6.1449718, 46.2065186 ] ] } },
{ "type": "Feature", "properties": { "trip_id": "49884632", "rental_id": "14661739", "vehicle_type": "bike", "trip_started_at_utc": "2024-08-23T12:05:24", "trip_ended_at_utc": "2024-08-23T12:18:28", "latitude_start": 46.2068708, "longitude_start": 6.1439723, "latitude_end": 46.2035305, "longitude_end": 6.1607665, "distance_in_km": 1.3447216224240239, "start_station": null, "end_station": null }, "geometry": { "type": "LineString", "coordinates": [ [ 6.1439723, 46.2068708 ], [ 6.1607665, 46.2035305 ] ] } },
{ "type": "Feature", "properties": { "trip_id": "44875191", "rental_id": "13348552", "vehicle_type": "bike", "trip_started_at_utc": "2024-06-21T22:54:03", "trip_ended_at_utc": "2024-06-21T22:56:57", "latitude_start": 46.2015883, "longitude_start": 6.1392305, "latitude_end": 46.2010574, "longitude_end": 6.1428565, "distance_in_km": 0.28523660122068462, "start_station": null, "end_station": null }, "geometry": { "type": "LineString", "coordinates": [ [ 6.1392305, 46.2015883 ], [ 6.1428565, 46.2010574 ] ] } },
{ "type": "Feature", "properties": { "trip_id": "46017230", "rental_id": "13695367", "vehicle_type": "bike", "trip_started_at_utc": "2024-07-09T18:14:10", "trip_ended_at_utc": "2024-07-09T18:24:04", "latitude_start": 46.2042941, "longitude_start": 6.1591585, "latitude_end": 46.2095548, "longitude_end": 6.1423327, "distance_in_km": 1.4208057992035978, "start_station": null, "end_station": null }, "geometry": { "type": "LineString", "coordinates": [ [ 6.1591585, 46.2042941 ], [ 6.1423327, 46.2095548 ] ] } },
{ "type": "Feature", "properties": { "trip_id": "46059457", "rental_id": "13707638", "vehicle_type": "bike", "trip_started_at_utc": "2024-07-10T13:35:37", "trip_ended_at_utc": "2024-07-10T13:42:17", "latitude_start": 46.2050699, "longitude_start": 6.1566135, "latitude_end": 46.2040667, "longitude_end": 6.1437101, "distance_in_km": 0.99924691590284165, "start_station": null, "end_station": null }, "geometry": { "type": "LineString", "coordinates": [ [ 6.1566135, 46.2050699 ], [ 6.1437101, 46.2040667 ] ] } },
{ "type": "Feature", "properties": { "trip_id": "48741679", "rental_id": "14369503", "vehicle_type": "bike", "trip_started_at_utc": "2024-08-10T19:18:12", "trip_ended_at_utc": "2024-08-10T19:34:04", "latitude_start": 46.2024892, "longitude_start": 6.16077, "latitude_end": 46.2115049, "longitude_end": 6.1495716, "distance_in_km": 1.321978049253566, "start_station": null, "end_station": null }, "geometry": { "type": "LineString", "coordinates": [ [ 6.16077, 46.2024892 ], [ 6.1495716, 46.2115049 ] ] } },
{ "type": "Feature", "properties": { "trip_id": "49243187", "rental_id": "14496652", "vehicle_type": "bike", "trip_started_at_utc": "2024-08-16T08:37:56", "trip_ended_at_utc": "2024-08-16T08:46:43", "latitude_start": 46.1944803, "longitude_start": 6.1522773, "latitude_end": 46.1943654, "longitude_end": 6.1485619, "distance_in_km": 0.28626234997496081, "start_station": null, "end_station": null }, "geometry": { "type": "LineString", "coordinates": [ [ 6.1522773, 46.1944803 ], [ 6.1485619, 46.1943654 ] ] } },
{ "type": "Feature", "properties": { "trip_id": "51773502", "rental_id": "15219361", "vehicle_type": "bike", "trip_started_at_utc": "2024-09-17T06:32:04", "trip_ended_at_utc": "2024-09-17T06:40:43", "latitude_start": 46.2114406, "longitude_start": 6.1497451, "latitude_end": 46.1998424, "longitude_end": 6.1429013, "distance_in_km": 1.3930565451338546, "start_station": null, "end_station": null }, "geometry": { "type": "LineString", "coordinates": [ [ 6.1497451, 46.2114406 ], [ 6.1429013, 46.1998424 ] ] } },
{ "type": "Feature", "properties": { "trip_id": "45560486", "rental_id": "13560017", "vehicle_type": "bike", "trip_started_at_utc": "2024-07-02T09:57:29", "trip_ended_at_utc": "2024-07-02T09:58:51", "latitude_start": 46.2036279, "longitude_start": 6.1586243, "latitude_end": 46.2036414, "longitude_end": 6.1585992, "distance_in_km": 0.0024463529502147998, "start_station": null, "end_station": null }, "geometry": { "type": "LineString", "coordinates": [ [ 6.1586243, 46.2036279 ], [ 6.1585992, 46.2036414 ] ] } },
{ "type": "Feature", "properties": { "trip_id": "48539983", "rental_id": "14318723", "vehicle_type": "bike", "trip_started_at_utc": "2024-08-08T18:01:47", "trip_ended_at_utc": "2024-08-08T18:07:15", "latitude_start": 46.2014972, "longitude_start": 6.1531012, "latitude_end": 46.2046838, "longitude_end": 6.1473091, "distance_in_km": 0.56942740641874656, "start_station": null, "end_station": null }, "geometry": { "type": "LineString", "coordinates": [ [ 6.1531012, 46.2014972 ], [ 6.1473091, 46.2046838 ] ] } },
{ "type": "Feature", "properties": { "trip_id": "48646826", "rental_id": "14347547", "vehicle_type": "bike", "trip_started_at_utc": "2024-08-10T00:42:29", "trip_ended_at_utc": "2024-08-10T00:51:29", "latitude_start": 46.206336, "longitude_start": 6.162062, "latitude_end": 46.2103189, "longitude_end": 6.145834, "distance_in_km": 1.3249740049873626, "start_station": null, "end_station": null }, "geometry": { "type": "LineString", "coordinates": [ [ 6.162062, 46.206336 ], [ 6.145834, 46.2103189 ] ] } },
{ "type": "Feature", "properties": { "trip_id": "50302530", "rental_id": "14781333", "vehicle_type": "bike", "trip_started_at_utc": "2024-08-28T14:46:45", "trip_ended_at_utc": "2024-08-28T14:53:07", "latitude_start": 46.2093603, "longitude_start": 6.1424093, "latitude_end": 46.2115313, "longitude_end": 6.1495276, "distance_in_km": 0.59857868021490901, "start_station": null, "end_station": null }, "geometry": { "type": "LineString", "coordinates": [ [ 6.1424093, 46.2093603 ], [ 6.1495276, 46.2115313 ] ] } },
{ "type": "Feature", "properties": { "trip_id": "47201084", "rental_id": "13996832", "vehicle_type": "bike", "trip_started_at_utc": "2024-07-25T10:24:02", "trip_ended_at_utc": "2024-07-25T10:33:42", "latitude_start": 46.1953698, "longitude_start": 6.1578807, "latitude_end": 46.2016923, "longitude_end": 6.1439414, "distance_in_km": 1.2826667958909577, "start_station": null, "end_station": null }, "geometry": { "type": "LineString", "coordinates": [ [ 6.1578807, 46.1953698 ], [ 6.1439414, 46.2016923 ] ] } },
{ "type": "Feature", "properties": { "trip_id": "49704083", "rental_id": "14611207", "vehicle_type": "bike", "trip_started_at_utc": "2024-08-21T06:28:41", "trip_ended_at_utc": "2024-08-21T06:38:32", "latitude_start": 46.2024214, "longitude_start": 6.1605227, "latitude_end": 46.2077829, "longitude_end": 6.146508, "distance_in_km": 1.2323190665504351, "start_station": null, "end_station": null }, "geometry": { "type": "LineString", "coordinates": [ [ 6.1605227, 46.2024214 ], [ 6.146508, 46.2077829 ] ] } },
{ "type": "Feature", "properties": { "trip_id": "51381234", "rental_id": "15100784", "vehicle_type": "bike", "trip_started_at_utc": "2024-09-11T10:39:00", "trip_ended_at_utc": "2024-09-11T10:41:24", "latitude_start": 46.2076729, "longitude_start": 6.1455214, "latitude_end": 46.2079074, "longitude_end": 6.1452187, "distance_in_km": 0.034964268608637897, "start_station": null, "end_station": null }, "geometry": { "type": "LineString", "coordinates": [ [ 6.1455214, 46.2076729 ], [ 6.1452187, 46.2079074 ] ] } },
{ "type": "Feature", "properties": { "trip_id": "51585570", "rental_id": "15165468", "vehicle_type": "bike", "trip_started_at_utc": "2024-09-14T13:14:47", "trip_ended_at_utc": "2024-09-14T13:19:30", "latitude_start": 46.2080914, "longitude_start": 6.1437135, "latitude_end": 46.2111663, "longitude_end": 6.1527816, "distance_in_km": 0.77705166319663721, "start_station": null, "end_station": null }, "geometry": { "type": "LineString", "coordinates": [ [ 6.1437135, 46.2080914 ], [ 6.1527816, 46.2111663 ] ] } },
{ "type": "Feature", "properties": { "trip_id": "45694660", "rental_id": "13602893", "vehicle_type": "bike", "trip_started_at_utc": "2024-07-04T17:21:30", "trip_ended_at_utc": "2024-07-04T17:25:29", "latitude_start": 46.2033012, "longitude_start": 6.1464094, "latitude_end": 46.2020013, "longitude_end": 6.1517382, "distance_in_km": 0.43482728911932761, "start_station": null, "end_station": null }, "geometry": { "type": "LineString", "coordinates": [ [ 6.1464094, 46.2033012 ], [ 6.1517382, 46.2020013 ] ] } },
{ "type": "Feature", "properties": { "trip_id": "46824289", "rental_id": "13904683", "vehicle_type": "bike", "trip_started_at_utc": "2024-07-20T15:45:59", "trip_ended_at_utc": "2024-07-20T15:51:28", "latitude_start": 46.2042622, "longitude_start": 6.1490625, "latitude_end": 46.2065662, "longitude_end": 6.1449775, "distance_in_km": 0.40553539079770712, "start_station": null, "end_station": null }, "geometry": { "type": "LineString", "coordinates": [ [ 6.1490625, 46.2042622 ], [ 6.1449775, 46.2065662 ] ] } },
{ "type": "Feature", "properties": { "trip_id": "46990512", "rental_id": "13943727", "vehicle_type": "bike", "trip_started_at_utc": "2024-07-22T15:14:43", "trip_ended_at_utc": "2024-07-22T15:30:26", "latitude_start": 46.1943471, "longitude_start": 6.1485956, "latitude_end": 46.2093579, "longitude_end": 6.1424916, "distance_in_km": 1.7339741471906065, "start_station": null, "end_station": null }, "geometry": { "type": "LineString", "coordinates": [ [ 6.1485956, 46.1943471 ], [ 6.1424916, 46.2093579 ] ] } },
{ "type": "Feature", "properties": { "trip_id": "47172937", "rental_id": "13988658", "vehicle_type": "bike", "trip_started_at_utc": "2024-07-24T19:59:29", "trip_ended_at_utc": "2024-07-24T20:06:26", "latitude_start": 46.200113, "longitude_start": 6.1485938, "latitude_end": 46.2029646, "longitude_end": 6.1617155, "distance_in_km": 1.0584667069286413, "start_station": null, "end_station": null }, "geometry": { "type": "LineString", "coordinates": [ [ 6.1485938, 46.200113 ], [ 6.1617155, 46.2029646 ] ] } },
{ "type": "Feature", "properties": { "trip_id": "48210009", "rental_id": "14236866", "vehicle_type": "bike", "trip_started_at_utc": "2024-08-05T11:38:58", "trip_ended_at_utc": "2024-08-05T11:48:27", "latitude_start": 46.2027718, "longitude_start": 6.1614399, "latitude_end": 46.2056266, "longitude_end": 6.1428394, "distance_in_km": 1.4662152808533877, "start_station": null, "end_station": null }, "geometry": { "type": "LineString", "coordinates": [ [ 6.1614399, 46.2027718 ], [ 6.1428394, 46.2056266 ] ] } },
{ "type": "Feature", "properties": { "trip_id": "52388063", "rental_id": "15407306", "vehicle_type": "bike", "trip_started_at_utc": "2024-09-26T06:19:46", "trip_ended_at_utc": "2024-09-26T06:26:33", "latitude_start": 46.2023902, "longitude_start": 6.160816, "latitude_end": 46.205639, "longitude_end": 6.1427196, "distance_in_km": 1.4387413282026269, "start_station": null, "end_station": null }, "geometry": { "type": "LineString", "coordinates": [ [ 6.160816, 46.2023902 ], [ 6.1427196, 46.205639 ] ] } },
{ "type": "Feature", "properties": { "trip_id": "53087488", "rental_id": "15632531", "vehicle_type": "bike", "trip_started_at_utc": "2024-10-09T10:01:34", "trip_ended_at_utc": "2024-10-09T10:18:58", "latitude_start": 46.202289, "longitude_start": 6.1575456, "latitude_end": 46.2093704, "longitude_end": 6.1425441, "distance_in_km": 1.3974083302817153, "start_station": null, "end_station": null }, "geometry": { "type": "LineString", "coordinates": [ [ 6.1575456, 46.202289 ], [ 6.1425441, 46.2093704 ] ] } },
{ "type": "Feature", "properties": { "trip_id": "50411319", "rental_id": "14814250", "vehicle_type": "bike", "trip_started_at_utc": "2024-08-29T18:00:19", "trip_ended_at_utc": "2024-08-29T18:47:19", "latitude_start": 46.2019246, "longitude_start": 6.150505, "latitude_end": 46.2113526, "longitude_end": 6.1526629, "distance_in_km": 1.0614177495282191, "start_station": null, "end_station": null }, "geometry": { "type": "LineString", "coordinates": [ [ 6.150505, 46.2019246 ], [ 6.1526629, 46.2113526 ] ] } },
{ "type": "Feature", "properties": { "trip_id": "45581874", "rental_id": "13566388", "vehicle_type": "bike", "trip_started_at_utc": "2024-07-02T15:36:06", "trip_ended_at_utc": "2024-07-02T15:37:53", "latitude_start": 46.2035835, "longitude_start": 6.1586766, "latitude_end": 46.2039636, "longitude_end": 6.1575619, "distance_in_km": 0.095631398643938104, "start_station": null, "end_station": null }, "geometry": { "type": "LineString", "coordinates": [ [ 6.1586766, 46.2035835 ], [ 6.1575619, 46.2039636 ] ] } },
{ "type": "Feature", "properties": { "trip_id": "46246818", "rental_id": "13758748", "vehicle_type": "bike", "trip_started_at_utc": "2024-07-13T08:49:32", "trip_ended_at_utc": "2024-07-13T08:57:48", "latitude_start": 46.2005611, "longitude_start": 6.1595546, "latitude_end": 46.206672, "longitude_end": 6.1464396, "distance_in_km": 1.2167228407245214, "start_station": null, "end_station": null }, "geometry": { "type": "LineString", "coordinates": [ [ 6.1595546, 46.2005611 ], [ 6.1464396, 46.206672 ] ] } },
{ "type": "Feature", "properties": { "trip_id": "51663045", "rental_id": "15187233", "vehicle_type": "bike", "trip_started_at_utc": "2024-09-15T12:31:24", "trip_ended_at_utc": "2024-09-15T12:39:17", "latitude_start": 46.2068133, "longitude_start": 6.1473917, "latitude_end": 46.2110583, "longitude_end": 6.1524017, "distance_in_km": 0.60945285630609691, "start_station": null, "end_station": null }, "geometry": { "type": "LineString", "coordinates": [ [ 6.1473917, 46.2068133 ], [ 6.1524017, 46.2110583 ] ] } },
{ "type": "Feature", "properties": { "trip_id": "51997396", "rental_id": "15288943", "vehicle_type": "bike", "trip_started_at_utc": "2024-09-20T12:28:37", "trip_ended_at_utc": "2024-09-20T12:32:40", "latitude_start": 46.2083481, "longitude_start": 6.1448521, "latitude_end": 46.2044225, "longitude_end": 6.1462896, "distance_in_km": 0.45030642027064183, "start_station": null, "end_station": null }, "geometry": { "type": "LineString", "coordinates": [ [ 6.1448521, 46.2083481 ], [ 6.1462896, 46.2044225 ] ] } },
{ "type": "Feature", "properties": { "trip_id": "46376561", "rental_id": "13792635", "vehicle_type": "bike", "trip_started_at_utc": "2024-07-15T06:05:03", "trip_ended_at_utc": "2024-07-15T06:08:40", "latitude_start": 46.200093, "longitude_start": 6.1485311, "latitude_end": 46.2040493, "longitude_end": 6.1433521, "distance_in_km": 0.59362737760958195, "start_station": null, "end_station": null }, "geometry": { "type": "LineString", "coordinates": [ [ 6.1485311, 46.200093 ], [ 6.1433521, 46.2040493 ] ] } },
{ "type": "Feature", "properties": { "trip_id": "47126487", "rental_id": "13978516", "vehicle_type": "bike", "trip_started_at_utc": "2024-07-24T12:47:26", "trip_ended_at_utc": "2024-07-24T14:03:56", "latitude_start": 46.2005605, "longitude_start": 6.1594525, "latitude_end": 46.2005352, "longitude_end": 6.1594072, "distance_in_km": 0.0044798643187036, "start_station": null, "end_station": null }, "geometry": { "type": "LineString", "coordinates": [ [ 6.1594525, 46.2005605 ], [ 6.1594072, 46.2005352 ] ] } },
{ "type": "Feature", "properties": { "trip_id": "48900723", "rental_id": "14409738", "vehicle_type": "bike", "trip_started_at_utc": "2024-08-12T15:03:24", "trip_ended_at_utc": "2024-08-12T15:07:38", "latitude_start": 46.2012912, "longitude_start": 6.1557786, "latitude_end": 46.205124, "longitude_end": 6.1591243, "distance_in_km": 0.49792828644843329, "start_station": null, "end_station": null }, "geometry": { "type": "LineString", "coordinates": [ [ 6.1557786, 46.2012912 ], [ 6.1591243, 46.205124 ] ] } },
{ "type": "Feature", "properties": { "trip_id": "46561088", "rental_id": "13839183", "vehicle_type": "bike", "trip_started_at_utc": "2024-07-17T16:43:49", "trip_ended_at_utc": "2024-07-17T16:58:46", "latitude_start": 46.2089554, "longitude_start": 6.1443597, "latitude_end": 46.1998022, "longitude_end": 6.1428696, "distance_in_km": 1.0242306823367493, "start_station": null, "end_station": null }, "geometry": { "type": "LineString", "coordinates": [ [ 6.1443597, 46.2089554 ], [ 6.1428696, 46.1998022 ] ] } },
{ "type": "Feature", "properties": { "trip_id": "54181563", "rental_id": "15969915", "vehicle_type": "bike", "trip_started_at_utc": "2024-10-29T11:52:56", "trip_ended_at_utc": "2024-10-29T11:58:34", "latitude_start": 46.2013613, "longitude_start": 6.1531647, "latitude_end": 46.1951493, "longitude_end": 6.148003, "distance_in_km": 0.79683900975199595, "start_station": null, "end_station": null }, "geometry": { "type": "LineString", "coordinates": [ [ 6.1531647, 46.2013613 ], [ 6.148003, 46.1951493 ] ] } },
{ "type": "Feature", "properties": { "trip_id": "50324554", "rental_id": "14787651", "vehicle_type": "bike", "trip_started_at_utc": "2024-08-28T17:58:52", "trip_ended_at_utc": "2024-08-28T18:43:33", "latitude_start": 46.2001589, "longitude_start": 6.1484777, "latitude_end": 46.2111627, "longitude_end": 6.1526161, "distance_in_km": 1.2643353025656181, "start_station": null, "end_station": null }, "geometry": { "type": "LineString", "coordinates": [ [ 6.1484777, 46.2001589 ], [ 6.1526161, 46.2111627 ] ] } },
{ "type": "Feature", "properties": { "trip_id": "51352347", "rental_id": "15090255", "vehicle_type": "bike", "trip_started_at_utc": "2024-09-10T15:51:53", "trip_ended_at_utc": "2024-09-10T15:59:01", "latitude_start": 46.20817, "longitude_start": 6.1446771, "latitude_end": 46.2112453, "longitude_end": 6.1523232, "distance_in_km": 0.68051866218842161, "start_station": null, "end_station": null }, "geometry": { "type": "LineString", "coordinates": [ [ 6.1446771, 46.20817 ], [ 6.1523232, 46.2112453 ] ] } },
{ "type": "Feature", "properties": { "trip_id": "46321080", "rental_id": "13778856", "vehicle_type": "bike", "trip_started_at_utc": "2024-07-14T11:46:45", "trip_ended_at_utc": "2024-07-14T11:51:48", "latitude_start": 46.2094988, "longitude_start": 6.1424977, "latitude_end": 46.1996645, "longitude_end": 6.1374374, "distance_in_km": 1.1607968722061639, "start_station": null, "end_station": null }, "geometry": { "type": "LineString", "coordinates": [ [ 6.1424977, 46.2094988 ], [ 6.1374374, 46.1996645 ] ] } },
{ "type": "Feature", "properties": { "trip_id": "50077281", "rental_id": "14714568", "vehicle_type": "bike", "trip_started_at_utc": "2024-08-25T15:12:45", "trip_ended_at_utc": "2024-08-25T15:30:21", "latitude_start": 46.2090096, "longitude_start": 6.1449765, "latitude_end": 46.2111617, "longitude_end": 6.1524883, "distance_in_km": 0.62560184567845345, "start_station": null, "end_station": null }, "geometry": { "type": "LineString", "coordinates": [ [ 6.1449765, 46.2090096 ], [ 6.1524883, 46.2111617 ] ] } },
{ "type": "Feature", "properties": { "trip_id": "48911551", "rental_id": "14412480", "vehicle_type": "bike", "trip_started_at_utc": "2024-08-12T16:23:37", "trip_ended_at_utc": "2024-08-12T16:31:21", "latitude_start": 46.211165, "longitude_start": 6.1526449, "latitude_end": 46.2017018, "longitude_end": 6.150652, "distance_in_km": 1.0633785608602495, "start_station": null, "end_station": null }, "geometry": { "type": "LineString", "coordinates": [ [ 6.1526449, 46.211165 ], [ 6.150652, 46.2017018 ] ] } },
{ "type": "Feature", "properties": { "trip_id": "50853186", "rental_id": "14944793", "vehicle_type": "bike", "trip_started_at_utc": "2024-09-04T10:09:12", "trip_ended_at_utc": "2024-09-04T10:19:54", "latitude_start": 46.2111686, "longitude_start": 6.1525085, "latitude_end": 46.2016094, "longitude_end": 6.139598, "distance_in_km": 1.4549584771956108, "start_station": null, "end_station": null }, "geometry": { "type": "LineString", "coordinates": [ [ 6.1525085, 46.2111686 ], [ 6.139598, 46.2016094 ] ] } },
{ "type": "Feature", "properties": { "trip_id": "52442549", "rental_id": "15426651", "vehicle_type": "bike", "trip_started_at_utc": "2024-09-27T10:08:23", "trip_ended_at_utc": "2024-09-27T10:17:19", "latitude_start": 46.2012804, "longitude_start": 6.1558499, "latitude_end": 46.1947196, "longitude_end": 6.151717, "distance_in_km": 0.7958609240926291, "start_station": null, "end_station": null }, "geometry": { "type": "LineString", "coordinates": [ [ 6.1558499, 46.2012804 ], [ 6.151717, 46.1947196 ] ] } },
{ "type": "Feature", "properties": { "trip_id": "46366957", "rental_id": "13789604", "vehicle_type": "bike", "trip_started_at_utc": "2024-07-14T21:12:03", "trip_ended_at_utc": "2024-07-14T21:20:09", "latitude_start": 46.1986722, "longitude_start": 6.1441917, "latitude_end": 46.2017241, "longitude_end": 6.152793, "distance_in_km": 0.74389430333154305, "start_station": null, "end_station": null }, "geometry": { "type": "LineString", "coordinates": [ [ 6.1441917, 46.1986722 ], [ 6.152793, 46.2017241 ] ] } },
{ "type": "Feature", "properties": { "trip_id": "47627783", "rental_id": "14095594", "vehicle_type": "bike", "trip_started_at_utc": "2024-07-29T21:10:09", "trip_ended_at_utc": "2024-07-29T21:12:46", "latitude_start": 46.1990883, "longitude_start": 6.1412544, "latitude_end": 46.1995859, "longitude_end": 6.1411336, "distance_in_km": 0.056106354109833702, "start_station": null, "end_station": null }, "geometry": { "type": "LineString", "coordinates": [ [ 6.1412544, 46.1990883 ], [ 6.1411336, 46.1995859 ] ] } },
{ "type": "Feature", "properties": { "trip_id": "47998434", "rental_id": "14187374", "vehicle_type": "bike", "trip_started_at_utc": "2024-08-02T22:13:21", "trip_ended_at_utc": "2024-08-02T22:23:05", "latitude_start": 46.2112991, "longitude_start": 6.1525503, "latitude_end": 46.2056606, "longitude_end": 6.1428795, "distance_in_km": 0.97308637823393762, "start_station": null, "end_station": null }, "geometry": { "type": "LineString", "coordinates": [ [ 6.1525503, 46.2112991 ], [ 6.1428795, 46.2056606 ] ] } },
{ "type": "Feature", "properties": { "trip_id": "51885366", "rental_id": "15252478", "vehicle_type": "bike", "trip_started_at_utc": "2024-09-18T16:46:43", "trip_ended_at_utc": "2024-09-18T16:58:51", "latitude_start": 46.2104795, "longitude_start": 6.1470904, "latitude_end": 46.2032491, "longitude_end": 6.1586033, "distance_in_km": 1.1963735529045592, "start_station": null, "end_station": null }, "geometry": { "type": "LineString", "coordinates": [ [ 6.1470904, 46.2104795 ], [ 6.1586033, 46.2032491 ] ] } },
{ "type": "Feature", "properties": { "trip_id": "48486887", "rental_id": "14305694", "vehicle_type": "bike", "trip_started_at_utc": "2024-08-08T10:53:20", "trip_ended_at_utc": "2024-08-08T10:55:12", "latitude_start": 46.2017406, "longitude_start": 6.1389987, "latitude_end": 46.201578, "longitude_end": 6.1393728, "distance_in_km": 0.033997317968039703, "start_station": null, "end_station": null }, "geometry": { "type": "LineString", "coordinates": [ [ 6.1389987, 46.2017406 ], [ 6.1393728, 46.201578 ] ] } },
{ "type": "Feature", "properties": { "trip_id": "45582786", "rental_id": "13566442", "vehicle_type": "bike", "trip_started_at_utc": "2024-07-02T15:46:51", "trip_ended_at_utc": "2024-07-02T15:50:51", "latitude_start": 46.2029982, "longitude_start": 6.1453812, "latitude_end": 46.2019386, "longitude_end": 6.1519793, "distance_in_km": 0.5212763409797444, "start_station": null, "end_station": null }, "geometry": { "type": "LineString", "coordinates": [ [ 6.1453812, 46.2029982 ], [ 6.1519793, 46.2019386 ] ] } },
{ "type": "Feature", "properties": { "trip_id": "45890510", "rental_id": "13658787", "vehicle_type": "bike", "trip_started_at_utc": "2024-07-07T20:19:32", "trip_ended_at_utc": "2024-07-07T20:36:46", "latitude_start": 46.1951744, "longitude_start": 6.1422899, "latitude_end": 46.202298, "longitude_end": 6.1616968, "distance_in_km": 1.6906851929194462, "start_station": null, "end_station": null }, "geometry": { "type": "LineString", "coordinates": [ [ 6.1422899, 46.1951744 ], [ 6.1616968, 46.202298 ] ] } },
{ "type": "Feature", "properties": { "trip_id": "53442289", "rental_id": "15741071", "vehicle_type": "bike", "trip_started_at_utc": "2024-10-16T06:14:46", "trip_ended_at_utc": "2024-10-16T06:23:22", "latitude_start": 46.2024362, "longitude_start": 6.1607903, "latitude_end": 46.2077791, "longitude_end": 6.1464483, "distance_in_km": 1.2534404723149426, "start_station": null, "end_station": null }, "geometry": { "type": "LineString", "coordinates": [ [ 6.1607903, 46.2024362 ], [ 6.1464483, 46.2077791 ] ] } },
{ "type": "Feature", "properties": { "trip_id": "50342693", "rental_id": "14792800", "vehicle_type": "bike", "trip_started_at_utc": "2024-08-29T01:58:50", "trip_ended_at_utc": "2024-08-29T02:08:03", "latitude_start": 46.2054024, "longitude_start": 6.1625649, "latitude_end": 46.2023719, "longitude_end": 6.1605593, "distance_in_km": 0.37064268455710131, "start_station": null, "end_station": null }, "geometry": { "type": "LineString", "coordinates": [ [ 6.1625649, 46.2054024 ], [ 6.1605593, 46.2023719 ] ] } },
{ "type": "Feature", "properties": { "trip_id": "47674705", "rental_id": "14109019", "vehicle_type": "bike", "trip_started_at_utc": "2024-07-30T13:48:34", "trip_ended_at_utc": "2024-07-30T14:00:39", "latitude_start": 46.2040461, "longitude_start": 6.1619018, "latitude_end": 46.205604, "longitude_end": 6.1427722, "distance_in_km": 1.4822980061163469, "start_station": null, "end_station": null }, "geometry": { "type": "LineString", "coordinates": [ [ 6.1619018, 46.2040461 ], [ 6.1427722, 46.205604 ] ] } },
{ "type": "Feature", "properties": { "trip_id": "48106508", "rental_id": "14212153", "vehicle_type": "bike", "trip_started_at_utc": "2024-08-03T23:50:06", "trip_ended_at_utc": "2024-08-03T23:59:07", "latitude_start": 46.1999526, "longitude_start": 6.1403471, "latitude_end": 46.2038329, "longitude_end": 6.143368, "distance_in_km": 0.49012033371848002, "start_station": null, "end_station": null }, "geometry": { "type": "LineString", "coordinates": [ [ 6.1403471, 46.1999526 ], [ 6.143368, 46.2038329 ] ] } },
{ "type": "Feature", "properties": { "trip_id": "48442941", "rental_id": "14294584", "vehicle_type": "bike", "trip_started_at_utc": "2024-08-07T17:57:05", "trip_ended_at_utc": "2024-08-07T18:02:08", "latitude_start": 46.195624, "longitude_start": 6.1556267, "latitude_end": 46.2028037, "longitude_end": 6.1524668, "distance_in_km": 0.83456830703923313, "start_station": null, "end_station": null }, "geometry": { "type": "LineString", "coordinates": [ [ 6.1556267, 46.195624 ], [ 6.1524668, 46.2028037 ] ] } },
{ "type": "Feature", "properties": { "trip_id": "50743616", "rental_id": "14908932", "vehicle_type": "bike", "trip_started_at_utc": "2024-09-02T16:04:19", "trip_ended_at_utc": "2024-09-02T16:15:56", "latitude_start": 46.2056426, "longitude_start": 6.1429111, "latitude_end": 46.2029458, "longitude_end": 6.1618294, "distance_in_km": 1.4864554914114887, "start_station": null, "end_station": null }, "geometry": { "type": "LineString", "coordinates": [ [ 6.1429111, 46.2056426 ], [ 6.1618294, 46.2029458 ] ] } },
{ "type": "Feature", "properties": { "trip_id": "45697437", "rental_id": "13603991", "vehicle_type": "bike", "trip_started_at_utc": "2024-07-04T18:05:33", "trip_ended_at_utc": "2024-07-04T18:19:16", "latitude_start": 46.203847, "longitude_start": 6.1431749, "latitude_end": 46.19653, "longitude_end": 6.1433967, "distance_in_km": 0.81379361045849397, "start_station": null, "end_station": null }, "geometry": { "type": "LineString", "coordinates": [ [ 6.1431749, 46.203847 ], [ 6.1433967, 46.19653 ] ] } },
{ "type": "Feature", "properties": { "trip_id": "46053994", "rental_id": "13706245", "vehicle_type": "bike", "trip_started_at_utc": "2024-07-10T12:23:11", "trip_ended_at_utc": "2024-07-10T12:33:43", "latitude_start": 46.1999266, "longitude_start": 6.1484901, "latitude_end": 46.1946098, "longitude_end": 6.1560348, "distance_in_km": 0.82868696098129235, "start_station": null, "end_station": null }, "geometry": { "type": "LineString", "coordinates": [ [ 6.1484901, 46.1999266 ], [ 6.1560348, 46.1946098 ] ] } },
{ "type": "Feature", "properties": { "trip_id": "47447614", "rental_id": "14054463", "vehicle_type": "bike", "trip_started_at_utc": "2024-07-27T20:13:26", "trip_ended_at_utc": "2024-07-27T20:22:41", "latitude_start": 46.2067177, "longitude_start": 6.1617926, "latitude_end": 46.1959892, "longitude_end": 6.1478408, "distance_in_km": 1.6050151941116113, "start_station": null, "end_station": null }, "geometry": { "type": "LineString", "coordinates": [ [ 6.1617926, 46.2067177 ], [ 6.1478408, 46.1959892 ] ] } },
{ "type": "Feature", "properties": { "trip_id": "54533643", "rental_id": "16080751", "vehicle_type": "bike", "trip_started_at_utc": "2024-11-05T16:40:55", "trip_ended_at_utc": "2024-11-05T16:47:39", "latitude_start": 46.2013762, "longitude_start": 6.1532229, "latitude_end": 46.1947829, "longitude_end": 6.1479293, "distance_in_km": 0.83874516959051815, "start_station": null, "end_station": null }, "geometry": { "type": "LineString", "coordinates": [ [ 6.1532229, 46.2013762 ], [ 6.1479293, 46.1947829 ] ] } },
{ "type": "Feature", "properties": { "trip_id": "46004434", "rental_id": "13691192", "vehicle_type": "bike", "trip_started_at_utc": "2024-07-09T15:48:00", "trip_ended_at_utc": "2024-07-09T15:49:49", "latitude_start": 46.2013226, "longitude_start": 6.1536613, "latitude_end": 46.2016292, "longitude_end": 6.1538345, "distance_in_km": 0.036605624903722697, "start_station": null, "end_station": null }, "geometry": { "type": "LineString", "coordinates": [ [ 6.1536613, 46.2013226 ], [ 6.1538345, 46.2016292 ] ] } },
{ "type": "Feature", "properties": { "trip_id": "48000977", "rental_id": "14188014", "vehicle_type": "bike", "trip_started_at_utc": "2024-08-02T22:57:55", "trip_ended_at_utc": "2024-08-02T23:25:25", "latitude_start": 46.2037583, "longitude_start": 6.1587198, "latitude_end": 46.2029136, "longitude_end": 6.1532804, "distance_in_km": 0.42901491187094309, "start_station": null, "end_station": null }, "geometry": { "type": "LineString", "coordinates": [ [ 6.1587198, 46.2037583 ], [ 6.1532804, 46.2029136 ] ] } },
{ "type": "Feature", "properties": { "trip_id": "47281969", "rental_id": "14016739", "vehicle_type": "bike", "trip_started_at_utc": "2024-07-26T09:00:01", "trip_ended_at_utc": "2024-07-26T09:13:53", "latitude_start": 46.2038071, "longitude_start": 6.1436321, "latitude_end": 46.2112673, "longitude_end": 6.1527991, "distance_in_km": 1.0889231081840376, "start_station": null, "end_station": null }, "geometry": { "type": "LineString", "coordinates": [ [ 6.1436321, 46.2038071 ], [ 6.1527991, 46.2112673 ] ] } },
{ "type": "Feature", "properties": { "trip_id": "49552277", "rental_id": "14572097", "vehicle_type": "bike", "trip_started_at_utc": "2024-08-19T11:04:18", "trip_ended_at_utc": "2024-08-19T11:11:22", "latitude_start": 46.1958975, "longitude_start": 6.1443649, "latitude_end": 46.2003706, "longitude_end": 6.1467035, "distance_in_km": 0.52895237914826931, "start_station": null, "end_station": null }, "geometry": { "type": "LineString", "coordinates": [ [ 6.1443649, 46.1958975 ], [ 6.1467035, 46.2003706 ] ] } },
{ "type": "Feature", "properties": { "trip_id": "50520920", "rental_id": "14845801", "vehicle_type": "bike", "trip_started_at_utc": "2024-08-30T23:06:35", "trip_ended_at_utc": "2024-08-30T23:07:08", "latitude_start": 46.2115295, "longitude_start": 6.1495147, "latitude_end": 46.2115648, "longitude_end": 6.1495627, "distance_in_km": 0.0053896775057304998, "start_station": null, "end_station": null }, "geometry": { "type": "LineString", "coordinates": [ [ 6.1495147, 46.2115295 ], [ 6.1495627, 46.2115648 ] ] } },
{ "type": "Feature", "properties": { "trip_id": "51381004", "rental_id": "15100784", "vehicle_type": "bike", "trip_started_at_utc": "2024-09-11T10:34:42", "trip_ended_at_utc": "2024-09-11T10:38:14", "latitude_start": 46.2069348, "longitude_start": 6.1429469, "latitude_end": 46.2075914, "longitude_end": 6.1455133, "distance_in_km": 0.2105551620524142, "start_station": null, "end_station": null }, "geometry": { "type": "LineString", "coordinates": [ [ 6.1429469, 46.2069348 ], [ 6.1455133, 46.2075914 ] ] } },
{ "type": "Feature", "properties": { "trip_id": "46400143", "rental_id": "13798883", "vehicle_type": "bike", "trip_started_at_utc": "2024-07-15T12:49:52", "trip_ended_at_utc": "2024-07-15T12:55:07", "latitude_start": 46.2040099, "longitude_start": 6.1435221, "latitude_end": 46.2092844, "longitude_end": 6.1423171, "distance_in_km": 0.59378384129908668, "start_station": null, "end_station": null }, "geometry": { "type": "LineString", "coordinates": [ [ 6.1435221, 46.2040099 ], [ 6.1423171, 46.2092844 ] ] } },
{ "type": "Feature", "properties": { "trip_id": "46978174", "rental_id": "13940612", "vehicle_type": "bike", "trip_started_at_utc": "2024-07-22T12:33:19", "trip_ended_at_utc": "2024-07-22T12:34:44", "latitude_start": 46.2052437, "longitude_start": 6.1592558, "latitude_end": 46.2053193, "longitude_end": 6.1578351, "distance_in_km": 0.10965342663998701, "start_station": null, "end_station": null }, "geometry": { "type": "LineString", "coordinates": [ [ 6.1592558, 46.2052437 ], [ 6.1578351, 46.2053193 ] ] } },
{ "type": "Feature", "properties": { "trip_id": "47378806", "rental_id": "14040516", "vehicle_type": "bike", "trip_started_at_utc": "2024-07-27T10:42:29", "trip_ended_at_utc": "2024-07-27T10:42:46", "latitude_start": 46.2014017, "longitude_start": 6.1530295, "latitude_end": 46.2013906, "longitude_end": 6.1530592, "distance_in_km": 0.0025976957668901999, "start_station": null, "end_station": null }, "geometry": { "type": "LineString", "coordinates": [ [ 6.1530295, 46.2014017 ], [ 6.1530592, 46.2013906 ] ] } },
{ "type": "Feature", "properties": { "trip_id": "52644389", "rental_id": "15490373", "vehicle_type": "bike", "trip_started_at_utc": "2024-10-01T06:43:44", "trip_ended_at_utc": "2024-10-01T06:54:08", "latitude_start": 46.211419, "longitude_start": 6.1496006, "latitude_end": 46.1996506, "longitude_end": 6.1410731, "distance_in_km": 1.4639154354067592, "start_station": null, "end_station": null }, "geometry": { "type": "LineString", "coordinates": [ [ 6.1496006, 46.211419 ], [ 6.1410731, 46.1996506 ] ] } },
{ "type": "Feature", "properties": { "trip_id": "47982782", "rental_id": "14183520", "vehicle_type": "bike", "trip_started_at_utc": "2024-08-02T18:30:53", "trip_ended_at_utc": "2024-08-02T18:32:51", "latitude_start": 46.2114204, "longitude_start": 6.1496627, "latitude_end": 46.2119153, "longitude_end": 6.1483826, "distance_in_km": 0.1128293746491293, "start_station": null, "end_station": null }, "geometry": { "type": "LineString", "coordinates": [ [ 6.1496627, 46.2114204 ], [ 6.1483826, 46.2119153 ] ] } },
{ "type": "Feature", "properties": { "trip_id": "49552428", "rental_id": "14570747", "vehicle_type": "bike", "trip_started_at_utc": "2024-08-19T11:05:52", "trip_ended_at_utc": "2024-08-19T11:08:15", "latitude_start": 46.2021481, "longitude_start": 6.1516291, "latitude_end": 46.2014468, "longitude_end": 6.1529909, "distance_in_km": 0.13063337533249991, "start_station": null, "end_station": null }, "geometry": { "type": "LineString", "coordinates": [ [ 6.1516291, 46.2021481 ], [ 6.1529909, 46.2014468 ] ] } },
{ "type": "Feature", "properties": { "trip_id": "49688592", "rental_id": "14606255", "vehicle_type": "bike", "trip_started_at_utc": "2024-08-20T18:54:30", "trip_ended_at_utc": "2024-08-20T19:05:00", "latitude_start": 46.2090353, "longitude_start": 6.1442905, "latitude_end": 46.197186, "longitude_end": 6.1431159, "distance_in_km": 1.3206813569846385, "start_station": null, "end_station": null }, "geometry": { "type": "LineString", "coordinates": [ [ 6.1442905, 46.2090353 ], [ 6.1431159, 46.197186 ] ] } },
{ "type": "Feature", "properties": { "trip_id": "49717020", "rental_id": "14614855", "vehicle_type": "bike", "trip_started_at_utc": "2024-08-21T10:22:39", "trip_ended_at_utc": "2024-08-21T10:24:49", "latitude_start": 46.2076028, "longitude_start": 6.1456165, "latitude_end": 46.2068621, "longitude_end": 6.1429577, "distance_in_km": 0.2205573709529558, "start_station": null, "end_station": null }, "geometry": { "type": "LineString", "coordinates": [ [ 6.1456165, 46.2076028 ], [ 6.1429577, 46.2068621 ] ] } },
{ "type": "Feature", "properties": { "trip_id": "50892517", "rental_id": "14956327", "vehicle_type": "bike", "trip_started_at_utc": "2024-09-04T17:26:53", "trip_ended_at_utc": "2024-09-04T17:32:48", "latitude_start": 46.2001167, "longitude_start": 6.1486004, "latitude_end": 46.1978081, "longitude_end": 6.1607778, "distance_in_km": 0.97174595199297242, "start_station": null, "end_station": null }, "geometry": { "type": "LineString", "coordinates": [ [ 6.1486004, 46.2001167 ], [ 6.1607778, 46.1978081 ] ] } },
{ "type": "Feature", "properties": { "trip_id": "51788573", "rental_id": "15223089", "vehicle_type": "bike", "trip_started_at_utc": "2024-09-17T10:24:05", "trip_ended_at_utc": "2024-09-17T10:32:24", "latitude_start": 46.2109771, "longitude_start": 6.1497103, "latitude_end": 46.1996792, "longitude_end": 6.1428144, "distance_in_km": 1.3637578413376976, "start_station": null, "end_station": null }, "geometry": { "type": "LineString", "coordinates": [ [ 6.1497103, 46.2109771 ], [ 6.1428144, 46.1996792 ] ] } },
{ "type": "Feature", "properties": { "trip_id": "52598489", "rental_id": "15474451", "vehicle_type": "bike", "trip_started_at_utc": "2024-09-30T06:23:25", "trip_ended_at_utc": "2024-09-30T06:29:23", "latitude_start": 46.1942199, "longitude_start": 6.1485312, "latitude_end": 46.2016027, "longitude_end": 6.1532265, "distance_in_km": 0.89695146191129205, "start_station": null, "end_station": null }, "geometry": { "type": "LineString", "coordinates": [ [ 6.1485312, 46.1942199 ], [ 6.1532265, 46.2016027 ] ] } },
{ "type": "Feature", "properties": { "trip_id": "45857598", "rental_id": "13650743", "vehicle_type": "bike", "trip_started_at_utc": "2024-07-07T11:56:40", "trip_ended_at_utc": "2024-07-07T12:27:58", "latitude_start": 46.2055807, "longitude_start": 6.1415217, "latitude_end": 46.2056857, "longitude_end": 6.1428146, "distance_in_km": 0.1001778711498159, "start_station": null, "end_station": null }, "geometry": { "type": "LineString", "coordinates": [ [ 6.1415217, 46.2055807 ], [ 6.1428146, 46.2056857 ] ] } },
{ "type": "Feature", "properties": { "trip_id": "46265913", "rental_id": "13763452", "vehicle_type": "bike", "trip_started_at_utc": "2024-07-13T14:24:16", "trip_ended_at_utc": "2024-07-13T14:56:28", "latitude_start": 46.2052914, "longitude_start": 6.1579505, "latitude_end": 46.1999567, "longitude_end": 6.162071, "distance_in_km": 0.67263399195365925, "start_station": null, "end_station": null }, "geometry": { "type": "LineString", "coordinates": [ [ 6.1579505, 46.2052914 ], [ 6.162071, 46.1999567 ] ] } },
{ "type": "Feature", "properties": { "trip_id": "48486575", "rental_id": "14306685", "vehicle_type": "bike", "trip_started_at_utc": "2024-08-08T10:50:50", "trip_ended_at_utc": "2024-08-08T10:56:12", "latitude_start": 46.201724, "longitude_start": 6.1538222, "latitude_end": 46.2088647, "longitude_end": 6.1446305, "distance_in_km": 1.0633908449727152, "start_station": null, "end_station": null }, "geometry": { "type": "LineString", "coordinates": [ [ 6.1538222, 46.201724 ], [ 6.1446305, 46.2088647 ] ] } },
{ "type": "Feature", "properties": { "trip_id": "48632378", "rental_id": "14343475", "vehicle_type": "bike", "trip_started_at_utc": "2024-08-09T20:05:47", "trip_ended_at_utc": "2024-08-09T20:11:27", "latitude_start": 46.1985773, "longitude_start": 6.1442344, "latitude_end": 46.2037549, "longitude_end": 6.1434998, "distance_in_km": 0.57849298715389597, "start_station": null, "end_station": null }, "geometry": { "type": "LineString", "coordinates": [ [ 6.1442344, 46.1985773 ], [ 6.1434998, 46.2037549 ] ] } },
{ "type": "Feature", "properties": { "trip_id": "49683265", "rental_id": "14604818", "vehicle_type": "bike", "trip_started_at_utc": "2024-08-20T17:40:03", "trip_ended_at_utc": "2024-08-20T17:51:03", "latitude_start": 46.1955388, "longitude_start": 6.1556334, "latitude_end": 46.2077897, "longitude_end": 6.1464418, "distance_in_km": 1.5349593064877829, "start_station": null, "end_station": null }, "geometry": { "type": "LineString", "coordinates": [ [ 6.1556334, 46.1955388 ], [ 6.1464418, 46.2077897 ] ] } },
{ "type": "Feature", "properties": { "trip_id": "51502077", "rental_id": "15138670", "vehicle_type": "bike", "trip_started_at_utc": "2024-09-13T12:18:49", "trip_ended_at_utc": "2024-09-13T12:20:03", "latitude_start": 46.2019704, "longitude_start": 6.1623667, "latitude_end": 46.2024647, "longitude_end": 6.1607908, "distance_in_km": 0.1331543850853209, "start_station": null, "end_station": null }, "geometry": { "type": "LineString", "coordinates": [ [ 6.1623667, 46.2019704 ], [ 6.1607908, 46.2024647 ] ] } },
{ "type": "Feature", "properties": { "trip_id": "45618615", "rental_id": "13578697", "vehicle_type": "bike", "trip_started_at_utc": "2024-07-03T11:03:58", "trip_ended_at_utc": "2024-07-03T11:08:40", "latitude_start": 46.2015166, "longitude_start": 6.1530242, "latitude_end": 46.2038396, "longitude_end": 6.1437181, "distance_in_km": 0.76134745852092856, "start_station": null, "end_station": null }, "geometry": { "type": "LineString", "coordinates": [ [ 6.1530242, 46.2015166 ], [ 6.1437181, 46.2038396 ] ] } },
{ "type": "Feature", "properties": { "trip_id": "46098199", "rental_id": "13717928", "vehicle_type": "bike", "trip_started_at_utc": "2024-07-10T23:55:34", "trip_ended_at_utc": "2024-07-11T00:03:38", "latitude_start": 46.2100808, "longitude_start": 6.1470879, "latitude_end": 46.2032434, "longitude_end": 6.1588614, "distance_in_km": 1.1827483889858932, "start_station": null, "end_station": null }, "geometry": { "type": "LineString", "coordinates": [ [ 6.1470879, 46.2100808 ], [ 6.1588614, 46.2032434 ] ] } },
{ "type": "Feature", "properties": { "trip_id": "48277064", "rental_id": "14253807", "vehicle_type": "bike", "trip_started_at_utc": "2024-08-06T06:35:04", "trip_ended_at_utc": "2024-08-06T06:45:13", "latitude_start": 46.2115498, "longitude_start": 6.1498302, "latitude_end": 46.1996899, "longitude_end": 6.1432249, "distance_in_km": 1.4133349171849727, "start_station": null, "end_station": null }, "geometry": { "type": "LineString", "coordinates": [ [ 6.1498302, 46.2115498 ], [ 6.1432249, 46.1996899 ] ] } },
{ "type": "Feature", "properties": { "trip_id": "49991724", "rental_id": "14691314", "vehicle_type": "bike", "trip_started_at_utc": "2024-08-24T15:01:02", "trip_ended_at_utc": "2024-08-24T15:05:30", "latitude_start": 46.2061956, "longitude_start": 6.1444256, "latitude_end": 46.2043693, "longitude_end": 6.1463281, "distance_in_km": 0.2503497094044751, "start_station": null, "end_station": null }, "geometry": { "type": "LineString", "coordinates": [ [ 6.1444256, 46.2061956 ], [ 6.1463281, 46.2043693 ] ] } },
{ "type": "Feature", "properties": { "trip_id": "50511866", "rental_id": "14843010", "vehicle_type": "bike", "trip_started_at_utc": "2024-08-30T20:23:13", "trip_ended_at_utc": "2024-08-30T20:37:16", "latitude_start": 46.21129, "longitude_start": 6.1525545, "latitude_end": 46.2002372, "longitude_end": 6.1398592, "distance_in_km": 1.5700139781447902, "start_station": null, "end_station": null }, "geometry": { "type": "LineString", "coordinates": [ [ 6.1525545, 46.21129 ], [ 6.1398592, 46.2002372 ] ] } },
{ "type": "Feature", "properties": { "trip_id": "51359814", "rental_id": "15092867", "vehicle_type": "bike", "trip_started_at_utc": "2024-09-10T17:48:23", "trip_ended_at_utc": "2024-09-10T18:00:49", "latitude_start": 46.1986338, "longitude_start": 6.1472476, "latitude_end": 46.1968171, "longitude_end": 6.1485082, "distance_in_km": 0.22410007944367211, "start_station": null, "end_station": null }, "geometry": { "type": "LineString", "coordinates": [ [ 6.1472476, 46.1986338 ], [ 6.1485082, 46.1968171 ] ] } },
{ "type": "Feature", "properties": { "trip_id": "51875814", "rental_id": "15249386", "vehicle_type": "bike", "trip_started_at_utc": "2024-09-18T14:58:28", "trip_ended_at_utc": "2024-09-18T15:08:27", "latitude_start": 46.2055181, "longitude_start": 6.1624814, "latitude_end": 46.2093522, "longitude_end": 6.1424481, "distance_in_km": 1.5994780417330936, "start_station": null, "end_station": null }, "geometry": { "type": "LineString", "coordinates": [ [ 6.1624814, 46.2055181 ], [ 6.1424481, 46.2093522 ] ] } },
{ "type": "Feature", "properties": { "trip_id": "46746075", "rental_id": "13885840", "vehicle_type": "bike", "trip_started_at_utc": "2024-07-19T20:12:42", "trip_ended_at_utc": "2024-07-19T20:26:09", "latitude_start": 46.2030952, "longitude_start": 6.1554755, "latitude_end": 46.1995009, "longitude_end": 6.1517136, "distance_in_km": 0.49351472729008378, "start_station": null, "end_station": null }, "geometry": { "type": "LineString", "coordinates": [ [ 6.1554755, 46.2030952 ], [ 6.1517136, 46.1995009 ] ] } },
{ "type": "Feature", "properties": { "trip_id": "49056298", "rental_id": "14450525", "vehicle_type": "bike", "trip_started_at_utc": "2024-08-14T10:10:13", "trip_ended_at_utc": "2024-08-14T10:15:29", "latitude_start": 46.2013162, "longitude_start": 6.1558667, "latitude_end": 46.2031845, "longitude_end": 6.1454076, "distance_in_km": 0.83130659066326673, "start_station": null, "end_station": null }, "geometry": { "type": "LineString", "coordinates": [ [ 6.1558667, 46.2013162 ], [ 6.1454076, 46.2031845 ] ] } },
{ "type": "Feature", "properties": { "trip_id": "50199654", "rental_id": "14750754", "vehicle_type": "bike", "trip_started_at_utc": "2024-08-27T10:41:10", "trip_ended_at_utc": "2024-08-27T10:48:15", "latitude_start": 46.201953, "longitude_start": 6.1504303, "latitude_end": 46.2016525, "longitude_end": 6.1395243, "distance_in_km": 0.83999502937260351, "start_station": null, "end_station": null }, "geometry": { "type": "LineString", "coordinates": [ [ 6.1504303, 46.201953 ], [ 6.1395243, 46.2016525 ] ] } },
{ "type": "Feature", "properties": { "trip_id": "51906724", "rental_id": "15260119", "vehicle_type": "bike", "trip_started_at_utc": "2024-09-19T06:39:22", "trip_ended_at_utc": "2024-09-19T06:49:19", "latitude_start": 46.2104197, "longitude_start": 6.1498555, "latitude_end": 46.1998569, "longitude_end": 6.1430756, "distance_in_km": 1.2852042010994298, "start_station": null, "end_station": null }, "geometry": { "type": "LineString", "coordinates": [ [ 6.1498555, 46.2104197 ], [ 6.1430756, 46.1998569 ] ] } },
{ "type": "Feature", "properties": { "trip_id": "49038908", "rental_id": "14445030", "vehicle_type": "bike", "trip_started_at_utc": "2024-08-14T05:05:55", "trip_ended_at_utc": "2024-08-14T05:11:18", "latitude_start": 46.2110571, "longitude_start": 6.152485, "latitude_end": 46.2092333, "longitude_end": 6.1425834, "distance_in_km": 0.78844276720874418, "start_station": null, "end_station": null }, "geometry": { "type": "LineString", "coordinates": [ [ 6.152485, 46.2110571 ], [ 6.1425834, 46.2092333 ] ] } },
{ "type": "Feature", "properties": { "trip_id": "49674926", "rental_id": "14602725", "vehicle_type": "bike", "trip_started_at_utc": "2024-08-20T16:13:35", "trip_ended_at_utc": "2024-08-20T16:24:02", "latitude_start": 46.206881, "longitude_start": 6.1439295, "latitude_end": 46.2028916, "longitude_end": 6.1618323, "distance_in_km": 1.4473841274833279, "start_station": null, "end_station": null }, "geometry": { "type": "LineString", "coordinates": [ [ 6.1439295, 46.206881 ], [ 6.1618323, 46.2028916 ] ] } },
{ "type": "Feature", "properties": { "trip_id": "49901325", "rental_id": "14665748", "vehicle_type": "bike", "trip_started_at_utc": "2024-08-23T15:05:48", "trip_ended_at_utc": "2024-08-23T15:11:47", "latitude_start": 46.2004452, "longitude_start": 6.1493771, "latitude_end": 46.2069835, "longitude_end": 6.1430894, "distance_in_km": 0.87333549281115608, "start_station": null, "end_station": null }, "geometry": { "type": "LineString", "coordinates": [ [ 6.1493771, 46.2004452 ], [ 6.1430894, 46.2069835 ] ] } },
{ "type": "Feature", "properties": { "trip_id": "50325837", "rental_id": "14788106", "vehicle_type": "bike", "trip_started_at_utc": "2024-08-28T18:13:15", "trip_ended_at_utc": "2024-08-28T18:13:52", "latitude_start": 46.2031944, "longitude_start": 6.1514463, "latitude_end": 46.2031972, "longitude_end": 6.1514732, "distance_in_km": 0.0020934640410915999, "start_station": null, "end_station": null }, "geometry": { "type": "LineString", "coordinates": [ [ 6.1514463, 46.2031944 ], [ 6.1514732, 46.2031972 ] ] } },
{ "type": "Feature", "properties": { "trip_id": "50365107", "rental_id": "14801097", "vehicle_type": "bike", "trip_started_at_utc": "2024-08-29T10:53:55", "trip_ended_at_utc": "2024-08-29T10:58:18", "latitude_start": 46.1986496, "longitude_start": 6.1473128, "latitude_end": 46.2012639, "longitude_end": 6.1398495, "distance_in_km": 0.64376850340241498, "start_station": null, "end_station": null }, "geometry": { "type": "LineString", "coordinates": [ [ 6.1473128, 46.1986496 ], [ 6.1398495, 46.2012639 ] ] } },
{ "type": "Feature", "properties": { "trip_id": "51741672", "rental_id": "15210550", "vehicle_type": "bike", "trip_started_at_utc": "2024-09-16T15:17:10", "trip_ended_at_utc": "2024-09-16T15:26:55", "latitude_start": 46.1996882, "longitude_start": 6.14282, "latitude_end": 46.2016703, "longitude_end": 6.1558968, "distance_in_km": 1.0302669811053633, "start_station": null, "end_station": null }, "geometry": { "type": "LineString", "coordinates": [ [ 6.14282, 46.1996882 ], [ 6.1558968, 46.2016703 ] ] } },
{ "type": "Feature", "properties": { "trip_id": "51771349", "rental_id": "15218565", "vehicle_type": "bike", "trip_started_at_utc": "2024-09-17T06:00:46", "trip_ended_at_utc": "2024-09-17T06:09:44", "latitude_start": 46.2026846, "longitude_start": 6.1613212, "latitude_end": 46.2056888, "longitude_end": 6.1429021, "distance_in_km": 1.4563104657856425, "start_station": null, "end_station": null }, "geometry": { "type": "LineString", "coordinates": [ [ 6.1613212, 46.2026846 ], [ 6.1429021, 46.2056888 ] ] } },
{ "type": "Feature", "properties": { "trip_id": "47229022", "rental_id": "14002820", "vehicle_type": "bike", "trip_started_at_utc": "2024-07-25T14:47:19", "trip_ended_at_utc": "2024-07-25T14:59:36", "latitude_start": 46.1998348, "longitude_start": 6.1428623, "latitude_end": 46.2115073, "longitude_end": 6.14768, "distance_in_km": 1.349837566699722, "start_station": null, "end_station": null }, "geometry": { "type": "LineString", "coordinates": [ [ 6.1428623, 46.1998348 ], [ 6.14768, 46.2115073 ] ] } },
{ "type": "Feature", "properties": { "trip_id": "51211342", "rental_id": "15047674", "vehicle_type": "bike", "trip_started_at_utc": "2024-09-08T11:30:41", "trip_ended_at_utc": "2024-09-08T11:34:53", "latitude_start": 46.2013298, "longitude_start": 6.137312, "latitude_end": 46.1999809, "longitude_end": 6.1429718, "distance_in_km": 0.46069037174189997, "start_station": null, "end_station": null }, "geometry": { "type": "LineString", "coordinates": [ [ 6.137312, 46.2013298 ], [ 6.1429718, 46.1999809 ] ] } },
{ "type": "Feature", "properties": { "trip_id": "48649578", "rental_id": "14348258", "vehicle_type": "bike", "trip_started_at_utc": "2024-08-10T02:44:55", "trip_ended_at_utc": "2024-08-10T02:48:33", "latitude_start": 46.2018412, "longitude_start": 6.1525961, "latitude_end": 46.201296, "longitude_end": 6.1555855, "distance_in_km": 0.2379196767456436, "start_station": null, "end_station": null }, "geometry": { "type": "LineString", "coordinates": [ [ 6.1525961, 46.2018412 ], [ 6.1555855, 46.201296 ] ] } },
{ "type": "Feature", "properties": { "trip_id": "51878703", "rental_id": "15250338", "vehicle_type": "bike", "trip_started_at_utc": "2024-09-18T15:30:06", "trip_ended_at_utc": "2024-09-18T15:37:12", "latitude_start": 46.2001015, "longitude_start": 6.1486126, "latitude_end": 46.2016157, "longitude_end": 6.1394257, "distance_in_km": 0.72681093331116453, "start_station": null, "end_station": null }, "geometry": { "type": "LineString", "coordinates": [ [ 6.1486126, 46.2001015 ], [ 6.1394257, 46.2016157 ] ] } },
{ "type": "Feature", "properties": { "trip_id": "46737197", "rental_id": "13883751", "vehicle_type": "bike", "trip_started_at_utc": "2024-07-19T18:35:17", "trip_ended_at_utc": "2024-07-19T18:42:17", "latitude_start": 46.1965021, "longitude_start": 6.1464536, "latitude_end": 46.2032874, "longitude_end": 6.1554734, "distance_in_km": 1.0252610835069724, "start_station": null, "end_station": null }, "geometry": { "type": "LineString", "coordinates": [ [ 6.1464536, 46.1965021 ], [ 6.1554734, 46.2032874 ] ] } },
{ "type": "Feature", "properties": { "trip_id": "47734556", "rental_id": "14123910", "vehicle_type": "bike", "trip_started_at_utc": "2024-07-31T08:03:39", "trip_ended_at_utc": "2024-07-31T08:11:39", "latitude_start": 46.2040407, "longitude_start": 6.1619447, "latitude_end": 46.2056673, "longitude_end": 6.1428075, "distance_in_km": 1.4837898976750299, "start_station": null, "end_station": null }, "geometry": { "type": "LineString", "coordinates": [ [ 6.1619447, 46.2040407 ], [ 6.1428075, 46.2056673 ] ] } },
{ "type": "Feature", "properties": { "trip_id": "52796197", "rental_id": "15543574", "vehicle_type": "bike", "trip_started_at_utc": "2024-10-04T09:14:00", "trip_ended_at_utc": "2024-10-04T09:16:45", "latitude_start": 46.2039259, "longitude_start": 6.1432126, "latitude_end": 46.2056855, "longitude_end": 6.1429206, "distance_in_km": 0.1969450695962317, "start_station": null, "end_station": null }, "geometry": { "type": "LineString", "coordinates": [ [ 6.1432126, 46.2039259 ], [ 6.1429206, 46.2056855 ] ] } },
{ "type": "Feature", "properties": { "trip_id": "48374876", "rental_id": "14278513", "vehicle_type": "bike", "trip_started_at_utc": "2024-08-07T06:50:10", "trip_ended_at_utc": "2024-08-07T06:59:07", "latitude_start": 46.2114473, "longitude_start": 6.14975, "latitude_end": 46.1999141, "longitude_end": 6.1427876, "distance_in_km": 1.3898606831622042, "start_station": null, "end_station": null }, "geometry": { "type": "LineString", "coordinates": [ [ 6.14975, 46.2114473 ], [ 6.1427876, 46.1999141 ] ] } },
{ "type": "Feature", "properties": { "trip_id": "48609037", "rental_id": "14336982", "vehicle_type": "bike", "trip_started_at_utc": "2024-08-09T16:10:24", "trip_ended_at_utc": "2024-08-09T16:13:03", "latitude_start": 46.2093585, "longitude_start": 6.1425283, "latitude_end": 46.2085057, "longitude_end": 6.142429, "distance_in_km": 0.095134547237818196, "start_station": null, "end_station": null }, "geometry": { "type": "LineString", "coordinates": [ [ 6.1425283, 46.2093585 ], [ 6.142429, 46.2085057 ] ] } },
{ "type": "Feature", "properties": { "trip_id": "49576323", "rental_id": "14577424", "vehicle_type": "bike", "trip_started_at_utc": "2024-08-19T14:40:27", "trip_ended_at_utc": "2024-08-19T14:48:40", "latitude_start": 46.2042981, "longitude_start": 6.1462621, "latitude_end": 46.2094087, "longitude_end": 6.1425031, "distance_in_km": 0.63766033680617917, "start_station": null, "end_station": null }, "geometry": { "type": "LineString", "coordinates": [ [ 6.1462621, 46.2042981 ], [ 6.1425031, 46.2094087 ] ] } },
{ "type": "Feature", "properties": { "trip_id": "46044387", "rental_id": "13703891", "vehicle_type": "bike", "trip_started_at_utc": "2024-07-10T09:53:38", "trip_ended_at_utc": "2024-07-10T10:00:07", "latitude_start": 46.2031763, "longitude_start": 6.1587754, "latitude_end": 46.2032267, "longitude_end": 6.146475, "distance_in_km": 0.94663625333861556, "start_station": null, "end_station": null }, "geometry": { "type": "LineString", "coordinates": [ [ 6.1587754, 46.2031763 ], [ 6.146475, 46.2032267 ] ] } },
{ "type": "Feature", "properties": { "trip_id": "53598308", "rental_id": "15783298", "vehicle_type": "bike", "trip_started_at_utc": "2024-10-18T13:49:05", "trip_ended_at_utc": "2024-10-18T13:56:07", "latitude_start": 46.2110903, "longitude_start": 6.1523834, "latitude_end": 46.204356, "longitude_end": 6.1461002, "distance_in_km": 0.89135330717357153, "start_station": null, "end_station": null }, "geometry": { "type": "LineString", "coordinates": [ [ 6.1523834, 46.2110903 ], [ 6.1461002, 46.204356 ] ] } },
{ "type": "Feature", "properties": { "trip_id": "51578329", "rental_id": "15163823", "vehicle_type": "bike", "trip_started_at_utc": "2024-09-14T12:07:33", "trip_ended_at_utc": "2024-09-14T12:09:29", "latitude_start": 46.2048307, "longitude_start": 6.1619009, "latitude_end": 46.2030352, "longitude_end": 6.159309, "distance_in_km": 0.28221818624977563, "start_station": null, "end_station": null }, "geometry": { "type": "LineString", "coordinates": [ [ 6.1619009, 46.2048307 ], [ 6.159309, 46.2030352 ] ] } },
{ "type": "Feature", "properties": { "trip_id": "45684420", "rental_id": "13600100", "vehicle_type": "bike", "trip_started_at_utc": "2024-07-04T15:10:32", "trip_ended_at_utc": "2024-07-04T15:17:22", "latitude_start": 46.2054601, "longitude_start": 6.162474, "latitude_end": 46.2092989, "longitude_end": 6.1426021, "distance_in_km": 1.5876526112227722, "start_station": null, "end_station": null }, "geometry": { "type": "LineString", "coordinates": [ [ 6.162474, 46.2054601 ], [ 6.1426021, 46.2092989 ] ] } },
{ "type": "Feature", "properties": { "trip_id": "47238155", "rental_id": "14005026", "vehicle_type": "bike", "trip_started_at_utc": "2024-07-25T16:00:05", "trip_ended_at_utc": "2024-07-25T16:09:55", "latitude_start": 46.2053598, "longitude_start": 6.1625159, "latitude_end": 46.2093415, "longitude_end": 6.1425537, "distance_in_km": 1.5986749324285383, "start_station": null, "end_station": null }, "geometry": { "type": "LineString", "coordinates": [ [ 6.1625159, 46.2053598 ], [ 6.1425537, 46.2093415 ] ] } },
{ "type": "Feature", "properties": { "trip_id": "48400619", "rental_id": "14284849", "vehicle_type": "bike", "trip_started_at_utc": "2024-08-07T12:04:31", "trip_ended_at_utc": "2024-08-07T12:05:59", "latitude_start": 46.2029531, "longitude_start": 6.1483282, "latitude_end": 46.202095, "longitude_end": 6.1516831, "distance_in_km": 0.27525795502115252, "start_station": null, "end_station": null }, "geometry": { "type": "LineString", "coordinates": [ [ 6.1483282, 46.2029531 ], [ 6.1516831, 46.202095 ] ] } },
{ "type": "Feature", "properties": { "trip_id": "49094674", "rental_id": "14459502", "vehicle_type": "bike", "trip_started_at_utc": "2024-08-14T15:52:35", "trip_ended_at_utc": "2024-08-14T15:59:08", "latitude_start": 46.1998305, "longitude_start": 6.1397535, "latitude_end": 46.2016989, "longitude_end": 6.1539334, "distance_in_km": 1.1109111812309718, "start_station": null, "end_station": null }, "geometry": { "type": "LineString", "coordinates": [ [ 6.1397535, 46.1998305 ], [ 6.1539334, 46.2016989 ] ] } },
{ "type": "Feature", "properties": { "trip_id": "50488223", "rental_id": "14836559", "vehicle_type": "bike", "trip_started_at_utc": "2024-08-30T15:58:45", "trip_ended_at_utc": "2024-08-30T16:07:24", "latitude_start": 46.2053992, "longitude_start": 6.1626028, "latitude_end": 46.2094029, "longitude_end": 6.1425318, "distance_in_km": 1.6073960241031291, "start_station": null, "end_station": null }, "geometry": { "type": "LineString", "coordinates": [ [ 6.1626028, 46.2053992 ], [ 6.1425318, 46.2094029 ] ] } },
{ "type": "Feature", "properties": { "trip_id": "51476749", "rental_id": "15131873", "vehicle_type": "bike", "trip_started_at_utc": "2024-09-12T23:34:32", "trip_ended_at_utc": "2024-09-12T23:42:31", "latitude_start": 46.2070397, "longitude_start": 6.1472506, "latitude_end": 46.2031849, "longitude_end": 6.1587459, "distance_in_km": 0.98300431011012845, "start_station": null, "end_station": null }, "geometry": { "type": "LineString", "coordinates": [ [ 6.1472506, 46.2070397 ], [ 6.1587459, 46.2031849 ] ] } },
{ "type": "Feature", "properties": { "trip_id": "47334357", "rental_id": "14028531", "vehicle_type": "bike", "trip_started_at_utc": "2024-07-26T18:02:37", "trip_ended_at_utc": "2024-07-26T18:06:04", "latitude_start": 46.2093512, "longitude_start": 6.1425211, "latitude_end": 46.2093161, "longitude_end": 6.1424922, "distance_in_km": 0.0044920503050377997, "start_station": null, "end_station": null }, "geometry": { "type": "LineString", "coordinates": [ [ 6.1425211, 46.2093512 ], [ 6.1424922, 46.2093161 ] ] } },
{ "type": "Feature", "properties": { "trip_id": "53127601", "rental_id": "15646096", "vehicle_type": "bike", "trip_started_at_utc": "2024-10-10T09:52:49", "trip_ended_at_utc": "2024-10-10T09:56:49", "latitude_start": 46.2110844, "longitude_start": 6.1525001, "latitude_end": 46.2067887, "longitude_end": 6.1463672, "distance_in_km": 0.67147374165014773, "start_station": null, "end_station": null }, "geometry": { "type": "LineString", "coordinates": [ [ 6.1525001, 46.2110844 ], [ 6.1463672, 46.2067887 ] ] } },
{ "type": "Feature", "properties": { "trip_id": "54120400", "rental_id": "15947932", "vehicle_type": "bike", "trip_started_at_utc": "2024-10-27T21:06:05", "trip_ended_at_utc": "2024-10-27T21:08:29", "latitude_start": 46.2029587, "longitude_start": 6.1550703, "latitude_end": 46.2046104, "longitude_end": 6.1553974, "distance_in_km": 0.18537803521624119, "start_station": null, "end_station": null }, "geometry": { "type": "LineString", "coordinates": [ [ 6.1550703, 46.2029587 ], [ 6.1553974, 46.2046104 ] ] } },
{ "type": "Feature", "properties": { "trip_id": "48527943", "rental_id": "14314920", "vehicle_type": "bike", "trip_started_at_utc": "2024-08-08T16:16:06", "trip_ended_at_utc": "2024-08-08T16:17:06", "latitude_start": 46.2006454, "longitude_start": 6.160045, "latitude_end": 46.2006217, "longitude_end": 6.1593653, "distance_in_km": 0.052377439486462903, "start_station": null, "end_station": null }, "geometry": { "type": "LineString", "coordinates": [ [ 6.160045, 46.2006454 ], [ 6.1593653, 46.2006217 ] ] } },
{ "type": "Feature", "properties": { "trip_id": "48871058", "rental_id": "14402901", "vehicle_type": "bike", "trip_started_at_utc": "2024-08-12T10:26:50", "trip_ended_at_utc": "2024-08-12T10:33:19", "latitude_start": 46.1964683, "longitude_start": 6.1512005, "latitude_end": 46.2070573, "longitude_end": 6.1429261, "distance_in_km": 1.3386160301205825, "start_station": null, "end_station": null }, "geometry": { "type": "LineString", "coordinates": [ [ 6.1512005, 46.1964683 ], [ 6.1429261, 46.2070573 ] ] } },
{ "type": "Feature", "properties": { "trip_id": "51879478", "rental_id": "15250338", "vehicle_type": "bike", "trip_started_at_utc": "2024-09-18T15:38:05", "trip_ended_at_utc": "2024-09-18T15:39:40", "latitude_start": 46.201636, "longitude_start": 6.1393849, "latitude_end": 46.2012628, "longitude_end": 6.1398591, "distance_in_km": 0.0552626428722287, "start_station": null, "end_station": null }, "geometry": { "type": "LineString", "coordinates": [ [ 6.1393849, 46.201636 ], [ 6.1398591, 46.2012628 ] ] } },
{ "type": "Feature", "properties": { "trip_id": "46046784", "rental_id": "13704488", "vehicle_type": "bike", "trip_started_at_utc": "2024-07-10T10:33:17", "trip_ended_at_utc": "2024-07-10T10:37:29", "latitude_start": 46.1989182, "longitude_start": 6.1495399, "latitude_end": 46.2024423, "longitude_end": 6.148275, "distance_in_km": 0.40377371008380608, "start_station": null, "end_station": null }, "geometry": { "type": "LineString", "coordinates": [ [ 6.1495399, 46.1989182 ], [ 6.148275, 46.2024423 ] ] } },
{ "type": "Feature", "properties": { "trip_id": "46362729", "rental_id": "13788456", "vehicle_type": "bike", "trip_started_at_utc": "2024-07-14T19:25:19", "trip_ended_at_utc": "2024-07-14T19:35:40", "latitude_start": 46.1997773, "longitude_start": 6.142866, "latitude_end": 46.1996963, "longitude_end": 6.1429415, "distance_in_km": 0.010718538898249899, "start_station": null, "end_station": null }, "geometry": { "type": "LineString", "coordinates": [ [ 6.142866, 46.1997773 ], [ 6.1429415, 46.1996963 ] ] } },
{ "type": "Feature", "properties": { "trip_id": "52718158", "rental_id": "15516354", "vehicle_type": "bike", "trip_started_at_utc": "2024-10-02T17:06:41", "trip_ended_at_utc": "2024-10-02T17:16:39", "latitude_start": 46.1960524, "longitude_start": 6.1544526, "latitude_end": 46.2087953, "longitude_end": 6.1446957, "distance_in_km": 1.6036122648260085, "start_station": null, "end_station": null }, "geometry": { "type": "LineString", "coordinates": [ [ 6.1544526, 46.1960524 ], [ 6.1446957, 46.2087953 ] ] } },
{ "type": "Feature", "properties": { "trip_id": "48354345", "rental_id": "14272448", "vehicle_type": "bike", "trip_started_at_utc": "2024-08-06T18:58:08", "trip_ended_at_utc": "2024-08-06T19:13:04", "latitude_start": 46.2112773, "longitude_start": 6.1526715, "latitude_end": 46.2103325, "longitude_end": 6.14375, "distance_in_km": 0.69448194372972993, "start_station": null, "end_station": null }, "geometry": { "type": "LineString", "coordinates": [ [ 6.1526715, 46.2112773 ], [ 6.14375, 46.2103325 ] ] } },
{ "type": "Feature", "properties": { "trip_id": "48877807", "rental_id": "14402814", "vehicle_type": "bike", "trip_started_at_utc": "2024-08-12T11:37:36", "trip_ended_at_utc": "2024-08-12T11:46:20", "latitude_start": 46.2027287, "longitude_start": 6.161291, "latitude_end": 46.2057235, "longitude_end": 6.1427651, "distance_in_km": 1.4640724544323982, "start_station": null, "end_station": null }, "geometry": { "type": "LineString", "coordinates": [ [ 6.161291, 46.2027287 ], [ 6.1427651, 46.2057235 ] ] } },
{ "type": "Feature", "properties": { "trip_id": "51848051", "rental_id": "15240847", "vehicle_type": "bike", "trip_started_at_utc": "2024-09-18T08:09:35", "trip_ended_at_utc": "2024-09-18T08:13:16", "latitude_start": 46.2076942, "longitude_start": 6.1455139, "latitude_end": 46.2069655, "longitude_end": 6.1473435, "distance_in_km": 0.16244405033385559, "start_station": null, "end_station": null }, "geometry": { "type": "LineString", "coordinates": [ [ 6.1455139, 46.2076942 ], [ 6.1473435, 46.2069655 ] ] } },
{ "type": "Feature", "properties": { "trip_id": "52159980", "rental_id": "15334948", "vehicle_type": "bike", "trip_started_at_utc": "2024-09-22T08:31:55", "trip_ended_at_utc": "2024-09-22T08:33:59", "latitude_start": 46.2089765, "longitude_start": 6.1442758, "latitude_end": 46.2069686, "longitude_end": 6.1472635, "distance_in_km": 0.3204792257264546, "start_station": null, "end_station": null }, "geometry": { "type": "LineString", "coordinates": [ [ 6.1442758, 46.2089765 ], [ 6.1472635, 46.2069686 ] ] } },
{ "type": "Feature", "properties": { "trip_id": "48993394", "rental_id": "14432847", "vehicle_type": "bike", "trip_started_at_utc": "2024-08-13T14:42:09", "trip_ended_at_utc": "2024-08-13T14:52:02", "latitude_start": 46.2038203, "longitude_start": 6.1444815, "latitude_end": 46.2041926, "longitude_end": 6.1622849, "distance_in_km": 1.3707271951884752, "start_station": null, "end_station": null }, "geometry": { "type": "LineString", "coordinates": [ [ 6.1444815, 46.2038203 ], [ 6.1622849, 46.2041926 ] ] } },
{ "type": "Feature", "properties": { "trip_id": "50014343", "rental_id": "14697112", "vehicle_type": "bike", "trip_started_at_utc": "2024-08-24T18:30:13", "trip_ended_at_utc": "2024-08-24T18:34:06", "latitude_start": 46.209322, "longitude_start": 6.1424653, "latitude_end": 46.2115306, "longitude_end": 6.1495671, "distance_in_km": 0.59911890235944665, "start_station": null, "end_station": null }, "geometry": { "type": "LineString", "coordinates": [ [ 6.1424653, 46.209322 ], [ 6.1495671, 46.2115306 ] ] } },
{ "type": "Feature", "properties": { "trip_id": "51920559", "rental_id": "15265031", "vehicle_type": "bike", "trip_started_at_utc": "2024-09-19T10:55:15", "trip_ended_at_utc": "2024-09-19T11:08:20", "latitude_start": 46.2070783, "longitude_start": 6.1428338, "latitude_end": 46.2029278, "longitude_end": 6.1593248, "distance_in_km": 1.3503927793170818, "start_station": null, "end_station": null }, "geometry": { "type": "LineString", "coordinates": [ [ 6.1428338, 46.2070783 ], [ 6.1593248, 46.2029278 ] ] } },
{ "type": "Feature", "properties": { "trip_id": "45695545", "rental_id": "13602893", "vehicle_type": "bike", "trip_started_at_utc": "2024-07-04T17:34:39", "trip_ended_at_utc": "2024-07-04T17:39:38", "latitude_start": 46.2021807, "longitude_start": 6.1516021, "latitude_end": 46.2031769, "longitude_end": 6.1586916, "distance_in_km": 0.55673351082063471, "start_station": null, "end_station": null }, "geometry": { "type": "LineString", "coordinates": [ [ 6.1516021, 46.2021807 ], [ 6.1586916, 46.2031769 ] ] } },
{ "type": "Feature", "properties": { "trip_id": "45747048", "rental_id": "13619588", "vehicle_type": "bike", "trip_started_at_utc": "2024-07-05T15:51:04", "trip_ended_at_utc": "2024-07-05T15:55:14", "latitude_start": 46.2031429, "longitude_start": 6.1587263, "latitude_end": 46.2020352, "longitude_end": 6.151654, "distance_in_km": 0.55804210127343634, "start_station": null, "end_station": null }, "geometry": { "type": "LineString", "coordinates": [ [ 6.1587263, 46.2031429 ], [ 6.151654, 46.2020352 ] ] } },
{ "type": "Feature", "properties": { "trip_id": "47423349", "rental_id": "14049257", "vehicle_type": "bike", "trip_started_at_utc": "2024-07-27T16:09:41", "trip_ended_at_utc": "2024-07-27T16:14:17", "latitude_start": 46.2115329, "longitude_start": 6.1496737, "latitude_end": 46.2096752, "longitude_end": 6.1469255, "distance_in_km": 0.2956162962073412, "start_station": null, "end_station": null }, "geometry": { "type": "LineString", "coordinates": [ [ 6.1496737, 46.2115329 ], [ 6.1469255, 46.2096752 ] ] } },
{ "type": "Feature", "properties": { "trip_id": "53142526", "rental_id": "15651109", "vehicle_type": "bike", "trip_started_at_utc": "2024-10-10T15:05:17", "trip_ended_at_utc": "2024-10-10T15:17:20", "latitude_start": 46.2069649, "longitude_start": 6.1402645, "latitude_end": 46.2032068, "longitude_end": 6.1588452, "distance_in_km": 1.4897042908301299, "start_station": null, "end_station": null }, "geometry": { "type": "LineString", "coordinates": [ [ 6.1402645, 46.2069649 ], [ 6.1588452, 46.2032068 ] ] } },
{ "type": "Feature", "properties": { "trip_id": "48244319", "rental_id": "14245108", "vehicle_type": "bike", "trip_started_at_utc": "2024-08-05T16:27:13", "trip_ended_at_utc": "2024-08-05T16:36:30", "latitude_start": 46.195107, "longitude_start": 6.1539504, "latitude_end": 46.2071919, "longitude_end": 6.1450775, "distance_in_km": 1.5073356497792436, "start_station": null, "end_station": null }, "geometry": { "type": "LineString", "coordinates": [ [ 6.1539504, 46.195107 ], [ 6.1450775, 46.2071919 ] ] } },
{ "type": "Feature", "properties": { "trip_id": "51382851", "rental_id": "15100784", "vehicle_type": "bike", "trip_started_at_utc": "2024-09-11T11:10:00", "trip_ended_at_utc": "2024-09-11T11:15:10", "latitude_start": 46.2084433, "longitude_start": 6.1449662, "latitude_end": 46.2081007, "longitude_end": 6.1392854, "distance_in_km": 0.43880197923155378, "start_station": null, "end_station": null }, "geometry": { "type": "LineString", "coordinates": [ [ 6.1449662, 46.2084433 ], [ 6.1392854, 46.2081007 ] ] } },
{ "type": "Feature", "properties": { "trip_id": "47228720", "rental_id": "14002750", "vehicle_type": "bike", "trip_started_at_utc": "2024-07-25T14:44:43", "trip_ended_at_utc": "2024-07-25T14:53:43", "latitude_start": 46.2112549, "longitude_start": 6.1526086, "latitude_end": 46.206385, "longitude_end": 6.1451383, "distance_in_km": 0.78973255431469502, "start_station": null, "end_station": null }, "geometry": { "type": "LineString", "coordinates": [ [ 6.1526086, 46.2112549 ], [ 6.1451383, 46.206385 ] ] } },
{ "type": "Feature", "properties": { "trip_id": "47729644", "rental_id": "14122309", "vehicle_type": "bike", "trip_started_at_utc": "2024-07-31T06:25:18", "trip_ended_at_utc": "2024-07-31T06:33:31", "latitude_start": 46.2027339, "longitude_start": 6.1612612, "latitude_end": 46.2057366, "longitude_end": 6.14274, "distance_in_km": 1.4639201098189061, "start_station": null, "end_station": null }, "geometry": { "type": "LineString", "coordinates": [ [ 6.1612612, 46.2027339 ], [ 6.14274, 46.2057366 ] ] } },
{ "type": "Feature", "properties": { "trip_id": "47998431", "rental_id": "14187371", "vehicle_type": "bike", "trip_started_at_utc": "2024-08-02T22:13:18", "trip_ended_at_utc": "2024-08-02T22:27:12", "latitude_start": 46.2096234, "longitude_start": 6.1468146, "latitude_end": 46.2037208, "longitude_end": 6.158593, "distance_in_km": 1.119073482241238, "start_station": null, "end_station": null }, "geometry": { "type": "LineString", "coordinates": [ [ 6.1468146, 46.2096234 ], [ 6.158593, 46.2037208 ] ] } },
{ "type": "Feature", "properties": { "trip_id": "48149863", "rental_id": "14222712", "vehicle_type": "bike", "trip_started_at_utc": "2024-08-04T14:55:48", "trip_ended_at_utc": "2024-08-04T15:06:43", "latitude_start": 46.21121, "longitude_start": 6.1466121, "latitude_end": 46.2032074, "longitude_end": 6.1587498, "distance_in_km": 1.2900564474579586, "start_station": null, "end_station": null }, "geometry": { "type": "LineString", "coordinates": [ [ 6.1466121, 46.21121 ], [ 6.1587498, 46.2032074 ] ] } },
{ "type": "Feature", "properties": { "trip_id": "48820760", "rental_id": "14389382", "vehicle_type": "bike", "trip_started_at_utc": "2024-08-11T15:55:50", "trip_ended_at_utc": "2024-08-11T16:06:00", "latitude_start": 46.2112602, "longitude_start": 6.1526136, "latitude_end": 46.2105778, "longitude_end": 6.1433066, "distance_in_km": 0.72016030379685647, "start_station": null, "end_station": null }, "geometry": { "type": "LineString", "coordinates": [ [ 6.1526136, 46.2112602 ], [ 6.1433066, 46.2105778 ] ] } },
{ "type": "Feature", "properties": { "trip_id": "49931200", "rental_id": "14673967", "vehicle_type": "bike", "trip_started_at_utc": "2024-08-23T21:09:48", "trip_ended_at_utc": "2024-08-23T21:31:57", "latitude_start": 46.2042127, "longitude_start": 6.1392119, "latitude_end": 46.2061264, "longitude_end": 6.1396344, "distance_in_km": 0.21526369862121361, "start_station": null, "end_station": null }, "geometry": { "type": "LineString", "coordinates": [ [ 6.1392119, 46.2042127 ], [ 6.1396344, 46.2061264 ] ] } },
{ "type": "Feature", "properties": { "trip_id": "45582055", "rental_id": "13566442", "vehicle_type": "bike", "trip_started_at_utc": "2024-07-02T15:38:14", "trip_ended_at_utc": "2024-07-02T15:44:32", "latitude_start": 46.2040472, "longitude_start": 6.1575537, "latitude_end": 46.202946, "longitude_end": 6.1453303, "distance_in_km": 0.94862477455019356, "start_station": null, "end_station": null }, "geometry": { "type": "LineString", "coordinates": [ [ 6.1575537, 46.2040472 ], [ 6.1453303, 46.202946 ] ] } },
{ "type": "Feature", "properties": { "trip_id": "49039208", "rental_id": "14445161", "vehicle_type": "bike", "trip_started_at_utc": "2024-08-14T05:19:34", "trip_ended_at_utc": "2024-08-14T05:27:52", "latitude_start": 46.2093261, "longitude_start": 6.1425273, "latitude_end": 46.2054898, "longitude_end": 6.1625125, "distance_in_km": 1.5959769407073141, "start_station": null, "end_station": null }, "geometry": { "type": "LineString", "coordinates": [ [ 6.1425273, 46.2093261 ], [ 6.1625125, 46.2054898 ] ] } },
{ "type": "Feature", "properties": { "trip_id": "49040455", "rental_id": "14445702", "vehicle_type": "bike", "trip_started_at_utc": "2024-08-14T05:54:59", "trip_ended_at_utc": "2024-08-14T06:03:53", "latitude_start": 46.2023486, "longitude_start": 6.1618092, "latitude_end": 46.2055318, "longitude_end": 6.142817, "distance_in_km": 1.5038390590736004, "start_station": null, "end_station": null }, "geometry": { "type": "LineString", "coordinates": [ [ 6.1618092, 46.2023486 ], [ 6.142817, 46.2055318 ] ] } },
{ "type": "Feature", "properties": { "trip_id": "52611806", "rental_id": "15479027", "vehicle_type": "bike", "trip_started_at_utc": "2024-09-30T11:32:46", "trip_ended_at_utc": "2024-09-30T11:35:19", "latitude_start": 46.20882, "longitude_start": 6.1446998, "latitude_end": 46.2089173, "longitude_end": 6.1446773, "distance_in_km": 0.0109569425925066, "start_station": null, "end_station": null }, "geometry": { "type": "LineString", "coordinates": [ [ 6.1446998, 46.20882 ], [ 6.1446773, 46.2089173 ] ] } },
{ "type": "Feature", "properties": { "trip_id": "46156496", "rental_id": "13733736", "vehicle_type": "bike", "trip_started_at_utc": "2024-07-11T18:58:30", "trip_ended_at_utc": "2024-07-11T19:08:41", "latitude_start": 46.2072059, "longitude_start": 6.1459561, "latitude_end": 46.2004654, "longitude_end": 6.1593756, "distance_in_km": 1.2760491223087791, "start_station": null, "end_station": null }, "geometry": { "type": "LineString", "coordinates": [ [ 6.1459561, 46.2072059 ], [ 6.1593756, 46.2004654 ] ] } },
{ "type": "Feature", "properties": { "trip_id": "52740457", "rental_id": "15524035", "vehicle_type": "bike", "trip_started_at_utc": "2024-10-03T09:30:10", "trip_ended_at_utc": "2024-10-03T09:38:02", "latitude_start": 46.203422, "longitude_start": 6.1604764, "latitude_end": 46.2087346, "longitude_end": 6.1446075, "distance_in_km": 1.3565593400215732, "start_station": null, "end_station": null }, "geometry": { "type": "LineString", "coordinates": [ [ 6.1604764, 46.203422 ], [ 6.1446075, 46.2087346 ] ] } },
{ "type": "Feature", "properties": { "trip_id": "53496202", "rental_id": "15755396", "vehicle_type": "bike", "trip_started_at_utc": "2024-10-16T20:17:03", "trip_ended_at_utc": "2024-10-16T20:28:18", "latitude_start": 46.211153, "longitude_start": 6.1524577, "latitude_end": 46.2034965, "longitude_end": 6.1607567, "distance_in_km": 1.0642703586701932, "start_station": null, "end_station": null }, "geometry": { "type": "LineString", "coordinates": [ [ 6.1524577, 46.211153 ], [ 6.1607567, 46.2034965 ] ] } },
{ "type": "Feature", "properties": { "trip_id": "48235022", "rental_id": "14242745", "vehicle_type": "bike", "trip_started_at_utc": "2024-08-05T15:17:21", "trip_ended_at_utc": "2024-08-05T15:26:33", "latitude_start": 46.2020585, "longitude_start": 6.1525702, "latitude_end": 46.211148, "longitude_end": 6.1525732, "distance_in_km": 1.0107078985193227, "start_station": null, "end_station": null }, "geometry": { "type": "LineString", "coordinates": [ [ 6.1525702, 46.2020585 ], [ 6.1525732, 46.211148 ] ] } },
{ "type": "Feature", "properties": { "trip_id": "48462829", "rental_id": "14299589", "vehicle_type": "bike", "trip_started_at_utc": "2024-08-08T04:18:14", "trip_ended_at_utc": "2024-08-08T04:24:55", "latitude_start": 46.2029154, "longitude_start": 6.1487812, "latitude_end": 46.210797, "longitude_end": 6.1510564, "distance_in_km": 0.89371316306319115, "start_station": null, "end_station": null }, "geometry": { "type": "LineString", "coordinates": [ [ 6.1487812, 46.2029154 ], [ 6.1510564, 46.210797 ] ] } },
{ "type": "Feature", "properties": { "trip_id": "49400747", "rental_id": "14535854", "vehicle_type": "bike", "trip_started_at_utc": "2024-08-17T16:38:33", "trip_ended_at_utc": "2024-08-17T16:48:43", "latitude_start": 46.2113113, "longitude_start": 6.1527633, "latitude_end": 46.2111884, "longitude_end": 6.1466332, "distance_in_km": 0.47189177288617218, "start_station": null, "end_station": null }, "geometry": { "type": "LineString", "coordinates": [ [ 6.1527633, 46.2113113 ], [ 6.1466332, 46.2111884 ] ] } },
{ "type": "Feature", "properties": { "trip_id": "50654206", "rental_id": "14883417", "vehicle_type": "bike", "trip_started_at_utc": "2024-09-01T12:48:56", "trip_ended_at_utc": "2024-09-01T12:59:10", "latitude_start": 46.2029653, "longitude_start": 6.1541505, "latitude_end": 46.2001262, "longitude_end": 6.141419, "distance_in_km": 1.0294278300577231, "start_station": null, "end_station": null }, "geometry": { "type": "LineString", "coordinates": [ [ 6.1541505, 46.2029653 ], [ 6.141419, 46.2001262 ] ] } },
{ "type": "Feature", "properties": { "trip_id": "51576643", "rental_id": "15163387", "vehicle_type": "bike", "trip_started_at_utc": "2024-09-14T11:51:12", "trip_ended_at_utc": "2024-09-14T11:58:56", "latitude_start": 46.208814, "longitude_start": 6.1461663, "latitude_end": 46.2015819, "longitude_end": 6.1533006, "distance_in_km": 0.97371662895395839, "start_station": null, "end_station": null }, "geometry": { "type": "LineString", "coordinates": [ [ 6.1461663, 46.208814 ], [ 6.1533006, 46.2015819 ] ] } },
{ "type": "Feature", "properties": { "trip_id": "53771731", "rental_id": "15835770", "vehicle_type": "bike", "trip_started_at_utc": "2024-10-21T14:44:37", "trip_ended_at_utc": "2024-10-21T14:57:59", "latitude_start": 46.1997049, "longitude_start": 6.1409799, "latitude_end": 46.2041912, "longitude_end": 6.1588895, "distance_in_km": 1.4658238692065204, "start_station": null, "end_station": null }, "geometry": { "type": "LineString", "coordinates": [ [ 6.1409799, 46.1997049 ], [ 6.1588895, 46.2041912 ] ] } },
{ "type": "Feature", "properties": { "trip_id": "50624762", "rental_id": "14874894", "vehicle_type": "bike", "trip_started_at_utc": "2024-09-01T03:58:48", "trip_ended_at_utc": "2024-09-01T04:02:02", "latitude_start": 46.2019651, "longitude_start": 6.1537381, "latitude_end": 46.2042761, "longitude_end": 6.1491505, "distance_in_km": 0.43667200463544242, "start_station": null, "end_station": null }, "geometry": { "type": "LineString", "coordinates": [ [ 6.1537381, 46.2019651 ], [ 6.1491505, 46.2042761 ] ] } },
{ "type": "Feature", "properties": { "trip_id": "51556618", "rental_id": "15157702", "vehicle_type": "bike", "trip_started_at_utc": "2024-09-14T08:12:53", "trip_ended_at_utc": "2024-09-14T08:20:34", "latitude_start": 46.2030425, "longitude_start": 6.1489096, "latitude_end": 46.2022402, "longitude_end": 6.1592356, "distance_in_km": 0.79967284632331381, "start_station": null, "end_station": null }, "geometry": { "type": "LineString", "coordinates": [ [ 6.1489096, 46.2030425 ], [ 6.1592356, 46.2022402 ] ] } },
{ "type": "Feature", "properties": { "trip_id": "52451372", "rental_id": "15429547", "vehicle_type": "bike", "trip_started_at_utc": "2024-09-27T13:07:33", "trip_ended_at_utc": "2024-09-27T13:14:57", "latitude_start": 46.2068745, "longitude_start": 6.144081, "latitude_end": 46.2111957, "longitude_end": 6.1526134, "distance_in_km": 0.81361016759845861, "start_station": null, "end_station": null }, "geometry": { "type": "LineString", "coordinates": [ [ 6.144081, 46.2068745 ], [ 6.1526134, 46.2111957 ] ] } },
{ "type": "Feature", "properties": { "trip_id": "52635984", "rental_id": "15486657", "vehicle_type": "bike", "trip_started_at_utc": "2024-09-30T19:09:06", "trip_ended_at_utc": "2024-09-30T19:12:49", "latitude_start": 46.2113318, "longitude_start": 6.1490979, "latitude_end": 46.2090635, "longitude_end": 6.1451128, "distance_in_km": 0.39705149869613549, "start_station": null, "end_station": null }, "geometry": { "type": "LineString", "coordinates": [ [ 6.1490979, 46.2113318 ], [ 6.1451128, 46.2090635 ] ] } },
{ "type": "Feature", "properties": { "trip_id": "46003165", "rental_id": "13691609", "vehicle_type": "bike", "trip_started_at_utc": "2024-07-09T15:36:06", "trip_ended_at_utc": "2024-07-09T15:38:53", "latitude_start": 46.2097561, "longitude_start": 6.1451271, "latitude_end": 46.2087985, "longitude_end": 6.1444667, "distance_in_km": 0.11798527062086581, "start_station": null, "end_station": null }, "geometry": { "type": "LineString", "coordinates": [ [ 6.1451271, 46.2097561 ], [ 6.1444667, 46.2087985 ] ] } },
{ "type": "Feature", "properties": { "trip_id": "47909294", "rental_id": "14166798", "vehicle_type": "bike", "trip_started_at_utc": "2024-08-02T06:30:02", "trip_ended_at_utc": "2024-08-02T06:35:00", "latitude_start": 46.2010139, "longitude_start": 6.1554938, "latitude_end": 46.2056738, "longitude_end": 6.1428475, "distance_in_km": 1.1025779594294345, "start_station": null, "end_station": null }, "geometry": { "type": "LineString", "coordinates": [ [ 6.1554938, 46.2010139 ], [ 6.1428475, 46.2056738 ] ] } },
{ "type": "Feature", "properties": { "trip_id": "48564487", "rental_id": "14325488", "vehicle_type": "bike", "trip_started_at_utc": "2024-08-09T04:54:34", "trip_ended_at_utc": "2024-08-09T05:01:22", "latitude_start": 46.2110541, "longitude_start": 6.1524774, "latitude_end": 46.201747, "longitude_end": 6.1504879, "distance_in_km": 1.0461671564442083, "start_station": null, "end_station": null }, "geometry": { "type": "LineString", "coordinates": [ [ 6.1524774, 46.2110541 ], [ 6.1504879, 46.201747 ] ] } },
{ "type": "Feature", "properties": { "trip_id": "49620859", "rental_id": "14588755", "vehicle_type": "bike", "trip_started_at_utc": "2024-08-20T06:17:32", "trip_ended_at_utc": "2024-08-20T06:18:45", "latitude_start": 46.2013652, "longitude_start": 6.1529826, "latitude_end": 46.2015468, "longitude_end": 6.1532981, "distance_in_km": 0.031580583541175697, "start_station": null, "end_station": null }, "geometry": { "type": "LineString", "coordinates": [ [ 6.1529826, 46.2013652 ], [ 6.1532981, 46.2015468 ] ] } },
{ "type": "Feature", "properties": { "trip_id": "47369920", "rental_id": "14038459", "vehicle_type": "bike", "trip_started_at_utc": "2024-07-27T09:22:39", "trip_ended_at_utc": "2024-07-27T09:35:08", "latitude_start": 46.2017481, "longitude_start": 6.1505292, "latitude_end": 46.2111421, "longitude_end": 6.1527884, "distance_in_km": 1.0589358151376107, "start_station": null, "end_station": null }, "geometry": { "type": "LineString", "coordinates": [ [ 6.1505292, 46.2017481 ], [ 6.1527884, 46.2111421 ] ] } },
{ "type": "Feature", "properties": { "trip_id": "48168194", "rental_id": "14226803", "vehicle_type": "bike", "trip_started_at_utc": "2024-08-04T18:12:14", "trip_ended_at_utc": "2024-08-04T18:49:40", "latitude_start": 46.2018289, "longitude_start": 6.1505192, "latitude_end": 46.21129, "longitude_end": 6.1525406, "distance_in_km": 1.0634660273471743, "start_station": null, "end_station": null }, "geometry": { "type": "LineString", "coordinates": [ [ 6.1505192, 46.2018289 ], [ 6.1525406, 46.21129 ] ] } },
{ "type": "Feature", "properties": { "trip_id": "48460448", "rental_id": "14298766", "vehicle_type": "bike", "trip_started_at_utc": "2024-08-07T23:33:39", "trip_ended_at_utc": "2024-08-07T23:43:46", "latitude_start": 46.2032374, "longitude_start": 6.1514248, "latitude_end": 46.2088724, "longitude_end": 6.1446755, "distance_in_km": 0.8138627541312945, "start_station": null, "end_station": null }, "geometry": { "type": "LineString", "coordinates": [ [ 6.1514248, 46.2032374 ], [ 6.1446755, 46.2088724 ] ] } },
{ "type": "Feature", "properties": { "trip_id": "49702696", "rental_id": "14610636", "vehicle_type": "bike", "trip_started_at_utc": "2024-08-21T05:59:39", "trip_ended_at_utc": "2024-08-21T06:06:17", "latitude_start": 46.2055815, "longitude_start": 6.1428689, "latitude_end": 46.2082385, "longitude_end": 6.1393354, "distance_in_km": 0.40152878763413741, "start_station": null, "end_station": null }, "geometry": { "type": "LineString", "coordinates": [ [ 6.1428689, 46.2055815 ], [ 6.1393354, 46.2082385 ] ] } },
{ "type": "Feature", "properties": { "trip_id": "45885852", "rental_id": "13657879", "vehicle_type": "bike", "trip_started_at_utc": "2024-07-07T18:39:29", "trip_ended_at_utc": "2024-07-07T18:41:15", "latitude_start": 46.203969, "longitude_start": 6.148135, "latitude_end": 46.2040862, "longitude_end": 6.1480993, "distance_in_km": 0.0133185138433357, "start_station": null, "end_station": null }, "geometry": { "type": "LineString", "coordinates": [ [ 6.148135, 46.203969 ], [ 6.1480993, 46.2040862 ] ] } },
{ "type": "Feature", "properties": { "trip_id": "46559097", "rental_id": "13838713", "vehicle_type": "bike", "trip_started_at_utc": "2024-07-17T16:23:23", "trip_ended_at_utc": "2024-07-17T16:28:25", "latitude_start": 46.2040995, "longitude_start": 6.1576043, "latitude_end": 46.2013717, "longitude_end": 6.1532456, "distance_in_km": 0.45224206882693241, "start_station": null, "end_station": null }, "geometry": { "type": "LineString", "coordinates": [ [ 6.1576043, 46.2040995 ], [ 6.1532456, 46.2013717 ] ] } },
{ "type": "Feature", "properties": { "trip_id": "47620911", "rental_id": "14095594", "vehicle_type": "bike", "trip_started_at_utc": "2024-07-29T19:07:36", "trip_ended_at_utc": "2024-07-29T20:10:46", "latitude_start": 46.2032137, "longitude_start": 6.1376317, "latitude_end": 46.1991329, "longitude_end": 6.1412639, "distance_in_km": 0.53295832816490096, "start_station": null, "end_station": null }, "geometry": { "type": "LineString", "coordinates": [ [ 6.1376317, 46.2032137 ], [ 6.1412639, 46.1991329 ] ] } },
{ "type": "Feature", "properties": { "trip_id": "50520956", "rental_id": "14845811", "vehicle_type": "bike", "trip_started_at_utc": "2024-08-30T23:07:25", "trip_ended_at_utc": "2024-08-30T23:11:43", "latitude_start": 46.2114533, "longitude_start": 6.1494416, "latitude_end": 46.2104686, "longitude_end": 6.1497331, "distance_in_km": 0.1117676628598822, "start_station": null, "end_station": null }, "geometry": { "type": "LineString", "coordinates": [ [ 6.1494416, 46.2114533 ], [ 6.1497331, 46.2104686 ] ] } },
{ "type": "Feature", "properties": { "trip_id": "52865499", "rental_id": "15564466", "vehicle_type": "bike", "trip_started_at_utc": "2024-10-05T08:40:41", "trip_ended_at_utc": "2024-10-05T09:03:48", "latitude_start": 46.203832, "longitude_start": 6.1433643, "latitude_end": 46.2005197, "longitude_end": 6.1595842, "distance_in_km": 1.301483892686172, "start_station": null, "end_station": null }, "geometry": { "type": "LineString", "coordinates": [ [ 6.1433643, 46.203832 ], [ 6.1595842, 46.2005197 ] ] } },
{ "type": "Feature", "properties": { "trip_id": "53649032", "rental_id": "15799098", "vehicle_type": "bike", "trip_started_at_utc": "2024-10-19T10:41:25", "trip_ended_at_utc": "2024-10-19T10:42:02", "latitude_start": 46.2007629, "longitude_start": 6.1378587, "latitude_end": 46.2007523, "longitude_end": 6.1378733, "distance_in_km": 0.0016284448606845999, "start_station": null, "end_station": null }, "geometry": { "type": "LineString", "coordinates": [ [ 6.1378587, 46.2007629 ], [ 6.1378733, 46.2007523 ] ] } },
{ "type": "Feature", "properties": { "trip_id": "49832047", "rental_id": "14645727", "vehicle_type": "bike", "trip_started_at_utc": "2024-08-22T15:56:20", "trip_ended_at_utc": "2024-08-22T15:59:45", "latitude_start": 46.2014384, "longitude_start": 6.1424163, "latitude_end": 46.2029104, "longitude_end": 6.1414771, "distance_in_km": 0.17892842108598139, "start_station": null, "end_station": null }, "geometry": { "type": "LineString", "coordinates": [ [ 6.1424163, 46.2014384 ], [ 6.1414771, 46.2029104 ] ] } },
{ "type": "Feature", "properties": { "trip_id": "46266152", "rental_id": "13763704", "vehicle_type": "bike", "trip_started_at_utc": "2024-07-13T14:28:10", "trip_ended_at_utc": "2024-07-13T14:32:22", "latitude_start": 46.2069266, "longitude_start": 6.1464589, "latitude_end": 46.2032333, "longitude_end": 6.1514726, "distance_in_km": 0.56349168169167185, "start_station": null, "end_station": null }, "geometry": { "type": "LineString", "coordinates": [ [ 6.1464589, 46.2069266 ], [ 6.1514726, 46.2032333 ] ] } },
{ "type": "Feature", "properties": { "trip_id": "46493693", "rental_id": "13823482", "vehicle_type": "bike", "trip_started_at_utc": "2024-07-16T18:46:46", "trip_ended_at_utc": "2024-07-16T19:00:05", "latitude_start": 46.2093822, "longitude_start": 6.142515, "latitude_end": 46.2037334, "longitude_end": 6.1444322, "distance_in_km": 0.64521323985603218, "start_station": null, "end_station": null }, "geometry": { "type": "LineString", "coordinates": [ [ 6.142515, 46.2093822 ], [ 6.1444322, 46.2037334 ] ] } },
{ "type": "Feature", "properties": { "trip_id": "47942499", "rental_id": "14174646", "vehicle_type": "bike", "trip_started_at_utc": "2024-08-02T12:57:15", "trip_ended_at_utc": "2024-08-02T13:01:57", "latitude_start": 46.1941713, "longitude_start": 6.1484472, "latitude_end": 46.199731, "longitude_end": 6.1427251, "distance_in_km": 0.75904535300391796, "start_station": null, "end_station": null }, "geometry": { "type": "LineString", "coordinates": [ [ 6.1484472, 46.1941713 ], [ 6.1427251, 46.199731 ] ] } },
{ "type": "Feature", "properties": { "trip_id": "49591582", "rental_id": "14580463", "vehicle_type": "bike", "trip_started_at_utc": "2024-08-19T16:37:09", "trip_ended_at_utc": "2024-08-19T16:39:09", "latitude_start": 46.2021816, "longitude_start": 6.1436011, "latitude_end": 46.203884, "longitude_end": 6.1433268, "distance_in_km": 0.19047193908496801, "start_station": null, "end_station": null }, "geometry": { "type": "LineString", "coordinates": [ [ 6.1436011, 46.2021816 ], [ 6.1433268, 46.203884 ] ] } },
{ "type": "Feature", "properties": { "trip_id": "49633213", "rental_id": "14592807", "vehicle_type": "bike", "trip_started_at_utc": "2024-08-20T09:30:48", "trip_ended_at_utc": "2024-08-20T10:04:50", "latitude_start": 46.1946504, "longitude_start": 6.1487844, "latitude_end": 46.1947279, "longitude_end": 6.1487931, "distance_in_km": 0.0086435988471648996, "start_station": null, "end_station": null }, "geometry": { "type": "LineString", "coordinates": [ [ 6.1487844, 46.1946504 ], [ 6.1487931, 46.1947279 ] ] } },
{ "type": "Feature", "properties": { "trip_id": "50746611", "rental_id": "14909800", "vehicle_type": "bike", "trip_started_at_utc": "2024-09-02T16:32:45", "trip_ended_at_utc": "2024-09-02T16:43:56", "latitude_start": 46.2042179, "longitude_start": 6.1617685, "latitude_end": 46.2031642, "longitude_end": 6.1474031, "distance_in_km": 1.1117204289964071, "start_station": null, "end_station": null }, "geometry": { "type": "LineString", "coordinates": [ [ 6.1617685, 46.2042179 ], [ 6.1474031, 46.2031642 ] ] } },
{ "type": "Feature", "properties": { "trip_id": "45501779", "rental_id": "13541790", "vehicle_type": "bike", "trip_started_at_utc": "2024-07-01T09:06:05", "trip_ended_at_utc": "2024-07-01T09:08:21", "latitude_start": 46.2023561, "longitude_start": 6.1607205, "latitude_end": 46.201022, "longitude_end": 6.1599831, "distance_in_km": 0.15883008949771299, "start_station": null, "end_station": null }, "geometry": { "type": "LineString", "coordinates": [ [ 6.1607205, 46.2023561 ], [ 6.1599831, 46.201022 ] ] } },
{ "type": "Feature", "properties": { "trip_id": "46284308", "rental_id": "13768443", "vehicle_type": "bike", "trip_started_at_utc": "2024-07-13T19:09:05", "trip_ended_at_utc": "2024-07-13T19:13:50", "latitude_start": 46.2036696, "longitude_start": 6.1586774, "latitude_end": 46.2014834, "longitude_end": 6.1531342, "distance_in_km": 0.49100242704424568, "start_station": null, "end_station": null }, "geometry": { "type": "LineString", "coordinates": [ [ 6.1586774, 46.2036696 ], [ 6.1531342, 46.2014834 ] ] } },
{ "type": "Feature", "properties": { "trip_id": "46556828", "rental_id": "13838126", "vehicle_type": "bike", "trip_started_at_utc": "2024-07-17T16:00:51", "trip_ended_at_utc": "2024-07-17T16:09:47", "latitude_start": 46.2054325, "longitude_start": 6.1624999, "latitude_end": 46.2093332, "longitude_end": 6.1423493, "distance_in_km": 1.6101603131272464, "start_station": null, "end_station": null }, "geometry": { "type": "LineString", "coordinates": [ [ 6.1624999, 46.2054325 ], [ 6.1423493, 46.2093332 ] ] } },
{ "type": "Feature", "properties": { "trip_id": "49483390", "rental_id": "14555306", "vehicle_type": "bike", "trip_started_at_utc": "2024-08-18T13:37:14", "trip_ended_at_utc": "2024-08-18T13:41:32", "latitude_start": 46.2068409, "longitude_start": 6.1399483, "latitude_end": 46.2095191, "longitude_end": 6.1432628, "distance_in_km": 0.39209672995983152, "start_station": null, "end_station": null }, "geometry": { "type": "LineString", "coordinates": [ [ 6.1399483, 46.2068409 ], [ 6.1432628, 46.2095191 ] ] } },
{ "type": "Feature", "properties": { "trip_id": "51318633", "rental_id": "15079912", "vehicle_type": "bike", "trip_started_at_utc": "2024-09-10T06:39:34", "trip_ended_at_utc": "2024-09-10T06:43:19", "latitude_start": 46.2041104, "longitude_start": 6.1480096, "latitude_end": 46.2039614, "longitude_end": 6.1436413, "distance_in_km": 0.33658049869681522, "start_station": null, "end_station": null }, "geometry": { "type": "LineString", "coordinates": [ [ 6.1480096, 46.2041104 ], [ 6.1436413, 46.2039614 ] ] } },
{ "type": "Feature", "properties": { "trip_id": "52436383", "rental_id": "15424451", "vehicle_type": "bike", "trip_started_at_utc": "2024-09-27T07:16:59", "trip_ended_at_utc": "2024-09-27T07:52:37", "latitude_start": 46.2045135, "longitude_start": 6.1472501, "latitude_end": 46.204517, "longitude_end": 6.1472625, "distance_in_km": 0.0010305722102864001, "start_station": null, "end_station": null }, "geometry": { "type": "LineString", "coordinates": [ [ 6.1472501, 46.2045135 ], [ 6.1472625, 46.204517 ] ] } },
{ "type": "Feature", "properties": { "trip_id": "45568945", "rental_id": "13562653", "vehicle_type": "bike", "trip_started_at_utc": "2024-07-02T12:34:14", "trip_ended_at_utc": "2024-07-02T12:46:42", "latitude_start": 46.2040426, "longitude_start": 6.1575098, "latitude_end": 46.2017953, "longitude_end": 6.1439327, "distance_in_km": 1.0743436053584072, "start_station": null, "end_station": null }, "geometry": { "type": "LineString", "coordinates": [ [ 6.1575098, 46.2040426 ], [ 6.1439327, 46.2017953 ] ] } },
{ "type": "Feature", "properties": { "trip_id": "45795246", "rental_id": "13634154", "vehicle_type": "bike", "trip_started_at_utc": "2024-07-06T12:19:23", "trip_ended_at_utc": "2024-07-06T12:36:16", "latitude_start": 46.2038301, "longitude_start": 6.1431304, "latitude_end": 46.2079828, "longitude_end": 6.1488337, "distance_in_km": 0.63706471792538655, "start_station": null, "end_station": null }, "geometry": { "type": "LineString", "coordinates": [ [ 6.1431304, 46.2038301 ], [ 6.1488337, 46.2079828 ] ] } },
{ "type": "Feature", "properties": { "trip_id": "45942233", "rental_id": "13674247", "vehicle_type": "bike", "trip_started_at_utc": "2024-07-08T17:09:43", "trip_ended_at_utc": "2024-07-08T17:10:59", "latitude_start": 46.2040022, "longitude_start": 6.1433477, "latitude_end": 46.2039293, "longitude_end": 6.1433622, "distance_in_km": 0.0081825680929216993, "start_station": null, "end_station": null }, "geometry": { "type": "LineString", "coordinates": [ [ 6.1433477, 46.2040022 ], [ 6.1433622, 46.2039293 ] ] } },
{ "type": "Feature", "properties": { "trip_id": "46371024", "rental_id": "13790178", "vehicle_type": "bike", "trip_started_at_utc": "2024-07-14T22:38:09", "trip_ended_at_utc": "2024-07-14T22:47:12", "latitude_start": 46.2017182, "longitude_start": 6.1460234, "latitude_end": 46.1948991, "longitude_end": 6.1526991, "distance_in_km": 0.91593201390348322, "start_station": null, "end_station": null }, "geometry": { "type": "LineString", "coordinates": [ [ 6.1460234, 46.2017182 ], [ 6.1526991, 46.1948991 ] ] } },
{ "type": "Feature", "properties": { "trip_id": "46553829", "rental_id": "13837385", "vehicle_type": "bike", "trip_started_at_utc": "2024-07-17T15:31:00", "trip_ended_at_utc": "2024-07-17T15:34:07", "latitude_start": 46.1989519, "longitude_start": 6.1440242, "latitude_end": 46.1990916, "longitude_end": 6.1433293, "distance_in_km": 0.055692735372101398, "start_station": null, "end_station": null }, "geometry": { "type": "LineString", "coordinates": [ [ 6.1440242, 46.1989519 ], [ 6.1433293, 46.1990916 ] ] } },
{ "type": "Feature", "properties": { "trip_id": "46864698", "rental_id": "13913676", "vehicle_type": "bike", "trip_started_at_utc": "2024-07-20T22:33:34", "trip_ended_at_utc": "2024-07-20T22:45:22", "latitude_start": 46.2006656, "longitude_start": 6.1428789, "latitude_end": 46.2047192, "longitude_end": 6.1468171, "distance_in_km": 0.54316184460530326, "start_station": null, "end_station": null }, "geometry": { "type": "LineString", "coordinates": [ [ 6.1428789, 46.2006656 ], [ 6.1468171, 46.2047192 ] ] } },
{ "type": "Feature", "properties": { "trip_id": "47513988", "rental_id": "14070260", "vehicle_type": "bike", "trip_started_at_utc": "2024-07-28T15:05:26", "trip_ended_at_utc": "2024-07-28T15:06:45", "latitude_start": 46.2093699, "longitude_start": 6.1424587, "latitude_end": 46.2093819, "longitude_end": 6.142449, "distance_in_km": 0.0015289208198583999, "start_station": null, "end_station": null }, "geometry": { "type": "LineString", "coordinates": [ [ 6.1424587, 46.2093699 ], [ 6.142449, 46.2093819 ] ] } },
{ "type": "Feature", "properties": { "trip_id": "48144662", "rental_id": "14221525", "vehicle_type": "bike", "trip_started_at_utc": "2024-08-04T14:04:03", "trip_ended_at_utc": "2024-08-04T14:11:27", "latitude_start": 46.2112909, "longitude_start": 6.1525875, "latitude_end": 46.2057405, "longitude_end": 6.1428282, "distance_in_km": 0.97205485367436162, "start_station": null, "end_station": null }, "geometry": { "type": "LineString", "coordinates": [ [ 6.1525875, 46.2112909 ], [ 6.1428282, 46.2057405 ] ] } },
{ "type": "Feature", "properties": { "trip_id": "46339483", "rental_id": "13783004", "vehicle_type": "bike", "trip_started_at_utc": "2024-07-14T14:48:56", "trip_ended_at_utc": "2024-07-14T14:56:54", "latitude_start": 46.2110897, "longitude_start": 6.1525617, "latitude_end": 46.2053921, "longitude_end": 6.1419684, "distance_in_km": 1.0324147519329687, "start_station": null, "end_station": null }, "geometry": { "type": "LineString", "coordinates": [ [ 6.1525617, 46.2110897 ], [ 6.1419684, 46.2053921 ] ] } },
{ "type": "Feature", "properties": { "trip_id": "46483442", "rental_id": "13820896", "vehicle_type": "bike", "trip_started_at_utc": "2024-07-16T16:31:54", "trip_ended_at_utc": "2024-07-16T16:38:00", "latitude_start": 46.2005297, "longitude_start": 6.1593657, "latitude_end": 46.2024204, "longitude_end": 6.147649, "distance_in_km": 0.92591124923623525, "start_station": null, "end_station": null }, "geometry": { "type": "LineString", "coordinates": [ [ 6.1593657, 46.2005297 ], [ 6.147649, 46.2024204 ] ] } },
{ "type": "Feature", "properties": { "trip_id": "48352322", "rental_id": "14271968", "vehicle_type": "bike", "trip_started_at_utc": "2024-08-06T18:36:37", "trip_ended_at_utc": "2024-08-06T19:29:07", "latitude_start": 46.2018097, "longitude_start": 6.1505452, "latitude_end": 46.2112465, "longitude_end": 6.152434, "distance_in_km": 1.0593449020595851, "start_station": null, "end_station": null }, "geometry": { "type": "LineString", "coordinates": [ [ 6.1505452, 46.2018097 ], [ 6.152434, 46.2112465 ] ] } },
{ "type": "Feature", "properties": { "trip_id": "49291754", "rental_id": "14509907", "vehicle_type": "bike", "trip_started_at_utc": "2024-08-16T17:01:58", "trip_ended_at_utc": "2024-08-16T17:05:39", "latitude_start": 46.2067687, "longitude_start": 6.144028, "latitude_end": 46.2067432, "longitude_end": 6.1439769, "distance_in_km": 0.0048479971423717001, "start_station": null, "end_station": null }, "geometry": { "type": "LineString", "coordinates": [ [ 6.144028, 46.2067687 ], [ 6.1439769, 46.2067432 ] ] } },
{ "type": "Feature", "properties": { "trip_id": "49664098", "rental_id": "14600029", "vehicle_type": "bike", "trip_started_at_utc": "2024-08-20T14:43:38", "trip_ended_at_utc": "2024-08-20T14:50:36", "latitude_start": 46.1997237, "longitude_start": 6.1429444, "latitude_end": 46.2093188, "longitude_end": 6.1425703, "distance_in_km": 1.0673164649725766, "start_station": null, "end_station": null }, "geometry": { "type": "LineString", "coordinates": [ [ 6.1429444, 46.1997237 ], [ 6.1425703, 46.2093188 ] ] } },
{ "type": "Feature", "properties": { "trip_id": "45523381", "rental_id": "13547864", "vehicle_type": "bike", "trip_started_at_utc": "2024-07-01T14:42:51", "trip_ended_at_utc": "2024-07-01T14:49:23", "latitude_start": 46.2013172, "longitude_start": 6.1374246, "latitude_end": 46.1996482, "longitude_end": 6.1373276, "distance_in_km": 0.18573471376275261, "start_station": null, "end_station": null }, "geometry": { "type": "LineString", "coordinates": [ [ 6.1374246, 46.2013172 ], [ 6.1373276, 46.1996482 ] ] } },
{ "type": "Feature", "properties": { "trip_id": "45695164", "rental_id": "13603314", "vehicle_type": "bike", "trip_started_at_utc": "2024-07-04T17:28:52", "trip_ended_at_utc": "2024-07-04T17:38:02", "latitude_start": 46.2068756, "longitude_start": 6.1465043, "latitude_end": 46.2006558, "longitude_end": 6.1594587, "distance_in_km": 1.2133490977843342, "start_station": null, "end_station": null }, "geometry": { "type": "LineString", "coordinates": [ [ 6.1465043, 46.2068756 ], [ 6.1594587, 46.2006558 ] ] } },
{ "type": "Feature", "properties": { "trip_id": "46794296", "rental_id": "13898591", "vehicle_type": "bike", "trip_started_at_utc": "2024-07-20T12:08:09", "trip_ended_at_utc": "2024-07-20T12:14:56", "latitude_start": 46.2069509, "longitude_start": 6.1473775, "latitude_end": 46.2006315, "longitude_end": 6.1593907, "distance_in_km": 1.16124147600371, "start_station": null, "end_station": null }, "geometry": { "type": "LineString", "coordinates": [ [ 6.1473775, 46.2069509 ], [ 6.1593907, 46.2006315 ] ] } },
{ "type": "Feature", "properties": { "trip_id": "46787744", "rental_id": "13897285", "vehicle_type": "bike", "trip_started_at_utc": "2024-07-20T11:18:38", "trip_ended_at_utc": "2024-07-20T11:34:13", "latitude_start": 46.201575, "longitude_start": 6.1394703, "latitude_end": 46.2080902, "longitude_end": 6.1487851, "distance_in_km": 1.0191598966723927, "start_station": null, "end_station": null }, "geometry": { "type": "LineString", "coordinates": [ [ 6.1394703, 46.201575 ], [ 6.1487851, 46.2080902 ] ] } },
{ "type": "Feature", "properties": { "trip_id": "54310568", "rental_id": "16012221", "vehicle_type": "bike", "trip_started_at_utc": "2024-10-31T20:55:14", "trip_ended_at_utc": "2024-10-31T21:00:51", "latitude_start": 46.2015149, "longitude_start": 6.1531031, "latitude_end": 46.2066437, "longitude_end": 6.1617056, "distance_in_km": 0.8737937607005779, "start_station": null, "end_station": null }, "geometry": { "type": "LineString", "coordinates": [ [ 6.1531031, 46.2015149 ], [ 6.1617056, 46.2066437 ] ] } },
{ "type": "Feature", "properties": { "trip_id": "49645862", "rental_id": "14595807", "vehicle_type": "bike", "trip_started_at_utc": "2024-08-20T11:48:36", "trip_ended_at_utc": "2024-08-20T11:54:21", "latitude_start": 46.2024379, "longitude_start": 6.1608643, "latitude_end": 46.2025128, "longitude_end": 6.1606967, "distance_in_km": 0.0153535991491219, "start_station": null, "end_station": null }, "geometry": { "type": "LineString", "coordinates": [ [ 6.1608643, 46.2024379 ], [ 6.1606967, 46.2025128 ] ] } },
{ "type": "Feature", "properties": { "trip_id": "49769116", "rental_id": "14627899", "vehicle_type": "bike", "trip_started_at_utc": "2024-08-21T19:07:15", "trip_ended_at_utc": "2024-08-21T19:43:08", "latitude_start": 46.2017553, "longitude_start": 6.1437872, "latitude_end": 46.2014047, "longitude_end": 6.1537069, "distance_in_km": 0.76442197607923856, "start_station": null, "end_station": null }, "geometry": { "type": "LineString", "coordinates": [ [ 6.1437872, 46.2017553 ], [ 6.1537069, 46.2014047 ] ] } },
{ "type": "Feature", "properties": { "trip_id": "52289037", "rental_id": "15372964", "vehicle_type": "bike", "trip_started_at_utc": "2024-09-24T06:34:55", "trip_ended_at_utc": "2024-09-24T06:45:52", "latitude_start": 46.2114655, "longitude_start": 6.1497263, "latitude_end": 46.2001935, "longitude_end": 6.1413507, "distance_in_km": 1.409405637875154, "start_station": null, "end_station": null }, "geometry": { "type": "LineString", "coordinates": [ [ 6.1497263, 46.2114655 ], [ 6.1413507, 46.2001935 ] ] } },
{ "type": "Feature", "properties": { "trip_id": "46763068", "rental_id": "13890414", "vehicle_type": "bike", "trip_started_at_utc": "2024-07-20T04:46:13", "trip_ended_at_utc": "2024-07-20T04:49:27", "latitude_start": 46.2111598, "longitude_start": 6.1525166, "latitude_end": 46.2111375, "longitude_end": 6.1525481, "distance_in_km": 0.0034675163852983001, "start_station": null, "end_station": null }, "geometry": { "type": "LineString", "coordinates": [ [ 6.1525166, 46.2111598 ], [ 6.1525481, 46.2111375 ] ] } },
{ "type": "Feature", "properties": { "trip_id": "52707115", "rental_id": "15512747", "vehicle_type": "bike", "trip_started_at_utc": "2024-10-02T14:29:06", "trip_ended_at_utc": "2024-10-02T14:39:54", "latitude_start": 46.1987796, "longitude_start": 6.1476982, "latitude_end": 46.1951141, "longitude_end": 6.1540414, "distance_in_km": 0.63598997535884505, "start_station": null, "end_station": null }, "geometry": { "type": "LineString", "coordinates": [ [ 6.1476982, 46.1987796 ], [ 6.1540414, 46.1951141 ] ] } },
{ "type": "Feature", "properties": { "trip_id": "48076298", "rental_id": "14205213", "vehicle_type": "bike", "trip_started_at_utc": "2024-08-03T16:53:45", "trip_ended_at_utc": "2024-08-03T17:02:30", "latitude_start": 46.2046782, "longitude_start": 6.1469666, "latitude_end": 46.2106014, "longitude_end": 6.1433341, "distance_in_km": 0.71549353988423925, "start_station": null, "end_station": null }, "geometry": { "type": "LineString", "coordinates": [ [ 6.1469666, 46.2046782 ], [ 6.1433341, 46.2106014 ] ] } },
{ "type": "Feature", "properties": { "trip_id": "49159120", "rental_id": "14474635", "vehicle_type": "bike", "trip_started_at_utc": "2024-08-15T11:27:38", "trip_ended_at_utc": "2024-08-15T11:33:07", "latitude_start": 46.2029974, "longitude_start": 6.1451328, "latitude_end": 46.201317, "longitude_end": 6.1558885, "distance_in_km": 0.84858502910873135, "start_station": null, "end_station": null }, "geometry": { "type": "LineString", "coordinates": [ [ 6.1451328, 46.2029974 ], [ 6.1558885, 46.201317 ] ] } },
{ "type": "Feature", "properties": { "trip_id": "51363749", "rental_id": "15093902", "vehicle_type": "bike", "trip_started_at_utc": "2024-09-10T19:31:18", "trip_ended_at_utc": "2024-09-10T19:33:46", "latitude_start": 46.2053184, "longitude_start": 6.1605586, "latitude_end": 46.2052043, "longitude_end": 6.159149, "distance_in_km": 0.1092159909582959, "start_station": null, "end_station": null }, "geometry": { "type": "LineString", "coordinates": [ [ 6.1605586, 46.2053184 ], [ 6.159149, 46.2052043 ] ] } },
{ "type": "Feature", "properties": { "trip_id": "46981330", "rental_id": "13941331", "vehicle_type": "bike", "trip_started_at_utc": "2024-07-22T13:18:58", "trip_ended_at_utc": "2024-07-22T13:22:46", "latitude_start": 46.203854, "longitude_start": 6.1620134, "latitude_end": 46.2028371, "longitude_end": 6.1595916, "distance_in_km": 0.2179962388532628, "start_station": null, "end_station": null }, "geometry": { "type": "LineString", "coordinates": [ [ 6.1620134, 46.203854 ], [ 6.1595916, 46.2028371 ] ] } },
{ "type": "Feature", "properties": { "trip_id": "52715040", "rental_id": "15515389", "vehicle_type": "bike", "trip_started_at_utc": "2024-10-02T16:18:53", "trip_ended_at_utc": "2024-10-02T16:29:14", "latitude_start": 46.1997201, "longitude_start": 6.1429382, "latitude_end": 46.2114847, "longitude_end": 6.1497266, "distance_in_km": 1.4086169494023877, "start_station": null, "end_station": null }, "geometry": { "type": "LineString", "coordinates": [ [ 6.1429382, 46.1997201 ], [ 6.1497266, 46.2114847 ] ] } },
{ "type": "Feature", "properties": { "trip_id": "47817905", "rental_id": "14144023", "vehicle_type": "bike", "trip_started_at_utc": "2024-08-01T06:27:05", "trip_ended_at_utc": "2024-08-01T06:32:21", "latitude_start": 46.2007914, "longitude_start": 6.137823, "latitude_end": 46.2038215, "longitude_end": 6.1432947, "distance_in_km": 0.53930408379687256, "start_station": null, "end_station": null }, "geometry": { "type": "LineString", "coordinates": [ [ 6.137823, 46.2007914 ], [ 6.1432947, 46.2038215 ] ] } },
{ "type": "Feature", "properties": { "trip_id": "48429233", "rental_id": "14291258", "vehicle_type": "bike", "trip_started_at_utc": "2024-08-07T15:59:43", "trip_ended_at_utc": "2024-08-07T16:09:58", "latitude_start": 46.2057623, "longitude_start": 6.1428742, "latitude_end": 46.2028291, "longitude_end": 6.1618207, "distance_in_km": 1.494098306547925, "start_station": null, "end_station": null }, "geometry": { "type": "LineString", "coordinates": [ [ 6.1428742, 46.2057623 ], [ 6.1618207, 46.2028291 ] ] } },
{ "type": "Feature", "properties": { "trip_id": "50430229", "rental_id": "14819031", "vehicle_type": "bike", "trip_started_at_utc": "2024-08-29T22:50:02", "trip_ended_at_utc": "2024-08-29T23:00:10", "latitude_start": 46.2017917, "longitude_start": 6.1438766, "latitude_end": 46.2053658, "longitude_end": 6.160303, "distance_in_km": 1.3251408892300247, "start_station": null, "end_station": null }, "geometry": { "type": "LineString", "coordinates": [ [ 6.1438766, 46.2017917 ], [ 6.160303, 46.2053658 ] ] } },
{ "type": "Feature", "properties": { "trip_id": "51950543", "rental_id": "15274180", "vehicle_type": "bike", "trip_started_at_utc": "2024-09-19T16:46:19", "trip_ended_at_utc": "2024-09-19T16:54:35", "latitude_start": 46.1998402, "longitude_start": 6.1427397, "latitude_end": 46.2117832, "longitude_end": 6.1495757, "distance_in_km": 1.4284027538830553, "start_station": null, "end_station": null }, "geometry": { "type": "LineString", "coordinates": [ [ 6.1427397, 46.1998402 ], [ 6.1495757, 46.2117832 ] ] } },
{ "type": "Feature", "properties": { "trip_id": "46455997", "rental_id": "13813777", "vehicle_type": "bike", "trip_started_at_utc": "2024-07-16T10:29:45", "trip_ended_at_utc": "2024-07-16T10:36:44", "latitude_start": 46.2007426, "longitude_start": 6.1595388, "latitude_end": 46.2088783, "longitude_end": 6.1448304, "distance_in_km": 1.448997840543558, "start_station": null, "end_station": null }, "geometry": { "type": "LineString", "coordinates": [ [ 6.1595388, 46.2007426 ], [ 6.1448304, 46.2088783 ] ] } },
{ "type": "Feature", "properties": { "trip_id": "46664723", "rental_id": "13865596", "vehicle_type": "bike", "trip_started_at_utc": "2024-07-19T04:56:11", "trip_ended_at_utc": "2024-07-19T05:05:10", "latitude_start": 46.2066363, "longitude_start": 6.1617916, "latitude_end": 46.2093315, "longitude_end": 6.1425276, "distance_in_km": 1.5123891805751379, "start_station": null, "end_station": null }, "geometry": { "type": "LineString", "coordinates": [ [ 6.1617916, 46.2066363 ], [ 6.1425276, 46.2093315 ] ] } },
{ "type": "Feature", "properties": { "trip_id": "51433726", "rental_id": "15118593", "vehicle_type": "bike", "trip_started_at_utc": "2024-09-12T10:25:34", "trip_ended_at_utc": "2024-09-12T10:29:54", "latitude_start": 46.1988492, "longitude_start": 6.1552119, "latitude_end": 46.20233, "longitude_end": 6.156452, "distance_in_km": 0.39864145733332401, "start_station": null, "end_station": null }, "geometry": { "type": "LineString", "coordinates": [ [ 6.1552119, 46.1988492 ], [ 6.156452, 46.20233 ] ] } },
{ "type": "Feature", "properties": { "trip_id": "47601434", "rental_id": "14091168", "vehicle_type": "bike", "trip_started_at_utc": "2024-07-29T15:54:59", "trip_ended_at_utc": "2024-07-29T16:08:57", "latitude_start": 46.2057138, "longitude_start": 6.1428611, "latitude_end": 46.2027081, "longitude_end": 6.1614321, "distance_in_km": 1.4677283583902403, "start_station": null, "end_station": null }, "geometry": { "type": "LineString", "coordinates": [ [ 6.1428611, 46.2057138 ], [ 6.1614321, 46.2027081 ] ] } },
{ "type": "Feature", "properties": { "trip_id": "48299558", "rental_id": "14259531", "vehicle_type": "bike", "trip_started_at_utc": "2024-08-06T11:31:48", "trip_ended_at_utc": "2024-08-06T12:05:39", "latitude_start": 46.2053845, "longitude_start": 6.1577485, "latitude_end": 46.2000717, "longitude_end": 6.1619387, "distance_in_km": 0.67304067091933883, "start_station": null, "end_station": null }, "geometry": { "type": "LineString", "coordinates": [ [ 6.1577485, 46.2053845 ], [ 6.1619387, 46.2000717 ] ] } },
{ "type": "Feature", "properties": { "trip_id": "49605516", "rental_id": "14584317", "vehicle_type": "bike", "trip_started_at_utc": "2024-08-19T19:03:23", "trip_ended_at_utc": "2024-08-19T19:16:24", "latitude_start": 46.2031272, "longitude_start": 6.1587488, "latitude_end": 46.2103351, "longitude_end": 6.1430214, "distance_in_km": 1.45160231874276, "start_station": null, "end_station": null }, "geometry": { "type": "LineString", "coordinates": [ [ 6.1587488, 46.2031272 ], [ 6.1430214, 46.2103351 ] ] } },
{ "type": "Feature", "properties": { "trip_id": "49677143", "rental_id": "14603307", "vehicle_type": "bike", "trip_started_at_utc": "2024-08-20T16:34:14", "trip_ended_at_utc": "2024-08-20T16:44:02", "latitude_start": 46.2024238, "longitude_start": 6.1608257, "latitude_end": 46.2039634, "longitude_end": 6.1481827, "distance_in_km": 0.98793186324597038, "start_station": null, "end_station": null }, "geometry": { "type": "LineString", "coordinates": [ [ 6.1608257, 46.2024238 ], [ 6.1481827, 46.2039634 ] ] } },
{ "type": "Feature", "properties": { "trip_id": "54383223", "rental_id": "16035359", "vehicle_type": "bike", "trip_started_at_utc": "2024-11-02T10:21:25", "trip_ended_at_utc": "2024-11-02T10:25:03", "latitude_start": 46.2067972, "longitude_start": 6.146537, "latitude_end": 46.2043437, "longitude_end": 6.1488615, "distance_in_km": 0.32623312689728828, "start_station": null, "end_station": null }, "geometry": { "type": "LineString", "coordinates": [ [ 6.146537, 46.2067972 ], [ 6.1488615, 46.2043437 ] ] } },
{ "type": "Feature", "properties": { "trip_id": "50696025", "rental_id": "14893995", "vehicle_type": "bike", "trip_started_at_utc": "2024-09-02T04:57:59", "trip_ended_at_utc": "2024-09-02T05:04:11", "latitude_start": 46.2023356, "longitude_start": 6.1564332, "latitude_end": 46.2078077, "longitude_end": 6.146367, "distance_in_km": 0.98504998121576604, "start_station": null, "end_station": null }, "geometry": { "type": "LineString", "coordinates": [ [ 6.1564332, 46.2023356 ], [ 6.146367, 46.2078077 ] ] } },
{ "type": "Feature", "properties": { "trip_id": "51396159", "rental_id": "15105805", "vehicle_type": "bike", "trip_started_at_utc": "2024-09-11T14:59:09", "trip_ended_at_utc": "2024-09-11T15:08:20", "latitude_start": 46.2054335, "longitude_start": 6.1624295, "latitude_end": 46.209332, "longitude_end": 6.1426188, "distance_in_km": 1.5849197277049245, "start_station": null, "end_station": null }, "geometry": { "type": "LineString", "coordinates": [ [ 6.1624295, 46.2054335 ], [ 6.1426188, 46.209332 ] ] } },
{ "type": "Feature", "properties": { "trip_id": "51822209", "rental_id": "15233523", "vehicle_type": "bike", "trip_started_at_utc": "2024-09-17T17:32:13", "trip_ended_at_utc": "2024-09-17T17:41:19", "latitude_start": 46.1998238, "longitude_start": 6.1428547, "latitude_end": 46.2116084, "longitude_end": 6.1496849, "distance_in_km": 1.4118764707705729, "start_station": null, "end_station": null }, "geometry": { "type": "LineString", "coordinates": [ [ 6.1428547, 46.1998238 ], [ 6.1496849, 46.2116084 ] ] } },
{ "type": "Feature", "properties": { "trip_id": "51842722", "rental_id": "15239583", "vehicle_type": "bike", "trip_started_at_utc": "2024-09-18T06:33:54", "trip_ended_at_utc": "2024-09-18T06:45:02", "latitude_start": 46.2114113, "longitude_start": 6.1495923, "latitude_end": 46.199583, "longitude_end": 6.1411265, "distance_in_km": 1.4677588488810018, "start_station": null, "end_station": null }, "geometry": { "type": "LineString", "coordinates": [ [ 6.1495923, 46.2114113 ], [ 6.1411265, 46.199583 ] ] } },
{ "type": "Feature", "properties": { "trip_id": "47192701", "rental_id": "13994724", "vehicle_type": "bike", "trip_started_at_utc": "2024-07-25T08:39:58", "trip_ended_at_utc": "2024-07-25T08:52:35", "latitude_start": 46.2065938, "longitude_start": 6.1616188, "latitude_end": 46.2077799, "longitude_end": 6.141131, "distance_in_km": 1.5821017423739707, "start_station": null, "end_station": null }, "geometry": { "type": "LineString", "coordinates": [ [ 6.1616188, 46.2065938 ], [ 6.141131, 46.2077799 ] ] } },
{ "type": "Feature", "properties": { "trip_id": "48168339", "rental_id": "14226838", "vehicle_type": "bike", "trip_started_at_utc": "2024-08-04T18:14:01", "trip_ended_at_utc": "2024-08-04T18:15:13", "latitude_start": 46.2056726, "longitude_start": 6.1428699, "latitude_end": 46.2055249, "longitude_end": 6.1400524, "distance_in_km": 0.21744208466061909, "start_station": null, "end_station": null }, "geometry": { "type": "LineString", "coordinates": [ [ 6.1428699, 46.2056726 ], [ 6.1400524, 46.2055249 ] ] } },
{ "type": "Feature", "properties": { "trip_id": "49196220", "rental_id": "14485374", "vehicle_type": "bike", "trip_started_at_utc": "2024-08-15T16:13:53", "trip_ended_at_utc": "2024-08-15T16:34:04", "latitude_start": 46.2093658, "longitude_start": 6.1425355, "latitude_end": 46.2051251, "longitude_end": 6.1579999, "distance_in_km": 1.2800479547358921, "start_station": null, "end_station": null }, "geometry": { "type": "LineString", "coordinates": [ [ 6.1425355, 46.2093658 ], [ 6.1579999, 46.2051251 ] ] } },
{ "type": "Feature", "properties": { "trip_id": "50025185", "rental_id": "14700020", "vehicle_type": "bike", "trip_started_at_utc": "2024-08-24T21:19:56", "trip_ended_at_utc": "2024-08-24T21:28:21", "latitude_start": 46.2067729, "longitude_start": 6.1441734, "latitude_end": 46.1960398, "longitude_end": 6.1478582, "distance_in_km": 1.2266976305815609, "start_station": null, "end_station": null }, "geometry": { "type": "LineString", "coordinates": [ [ 6.1441734, 46.2067729 ], [ 6.1478582, 46.1960398 ] ] } },
{ "type": "Feature", "properties": { "trip_id": "51108562", "rental_id": "15020887", "vehicle_type": "bike", "trip_started_at_utc": "2024-09-07T11:02:09", "trip_ended_at_utc": "2024-09-07T11:14:41", "latitude_start": 46.2072211, "longitude_start": 6.14134, "latitude_end": 46.2111583, "longitude_end": 6.1524433, "distance_in_km": 0.96003392621188122, "start_station": null, "end_station": null }, "geometry": { "type": "LineString", "coordinates": [ [ 6.14134, 46.2072211 ], [ 6.1524433, 46.2111583 ] ] } },
{ "type": "Feature", "properties": { "trip_id": "51905540", "rental_id": "15259517", "vehicle_type": "bike", "trip_started_at_utc": "2024-09-19T06:19:43", "trip_ended_at_utc": "2024-09-19T06:26:05", "latitude_start": 46.1942254, "longitude_start": 6.1485728, "latitude_end": 46.2015576, "longitude_end": 6.153394, "distance_in_km": 0.89577518772436104, "start_station": null, "end_station": null }, "geometry": { "type": "LineString", "coordinates": [ [ 6.1485728, 46.1942254 ], [ 6.153394, 46.2015576 ] ] } },
{ "type": "Feature", "properties": { "trip_id": "45609938", "rental_id": "13575725", "vehicle_type": "bike", "trip_started_at_utc": "2024-07-03T07:39:35", "trip_ended_at_utc": "2024-07-03T07:44:37", "latitude_start": 46.2041025, "longitude_start": 6.1619093, "latitude_end": 46.2009578, "longitude_end": 6.159909, "distance_in_km": 0.38206133798612552, "start_station": null, "end_station": null }, "geometry": { "type": "LineString", "coordinates": [ [ 6.1619093, 46.2041025 ], [ 6.159909, 46.2009578 ] ] } },
{ "type": "Feature", "properties": { "trip_id": "46113354", "rental_id": "13720692", "vehicle_type": "bike", "trip_started_at_utc": "2024-07-11T10:20:46", "trip_ended_at_utc": "2024-07-11T10:28:57", "latitude_start": 46.2111237, "longitude_start": 6.1529545, "latitude_end": 46.2093156, "longitude_end": 6.1425295, "distance_in_km": 0.82700031731520796, "start_station": null, "end_station": null }, "geometry": { "type": "LineString", "coordinates": [ [ 6.1529545, 46.2111237 ], [ 6.1425295, 46.2093156 ] ] } },
{ "type": "Feature", "properties": { "trip_id": "47783616", "rental_id": "14135338", "vehicle_type": "bike", "trip_started_at_utc": "2024-07-31T16:26:39", "trip_ended_at_utc": "2024-07-31T16:39:11", "latitude_start": 46.2051638, "longitude_start": 6.1579176, "latitude_end": 46.2104785, "longitude_end": 6.1499104, "distance_in_km": 0.85376177636682316, "start_station": null, "end_station": null }, "geometry": { "type": "LineString", "coordinates": [ [ 6.1579176, 46.2051638 ], [ 6.1499104, 46.2104785 ] ] } },
{ "type": "Feature", "properties": { "trip_id": "48586050", "rental_id": "14331632", "vehicle_type": "bike", "trip_started_at_utc": "2024-08-09T12:00:32", "trip_ended_at_utc": "2024-08-09T12:06:09", "latitude_start": 46.1974047, "longitude_start": 6.146371, "latitude_end": 46.197197, "longitude_end": 6.1530541, "distance_in_km": 0.51489444647494231, "start_station": null, "end_station": null }, "geometry": { "type": "LineString", "coordinates": [ [ 6.146371, 46.1974047 ], [ 6.1530541, 46.197197 ] ] } },
{ "type": "Feature", "properties": { "trip_id": "49221163", "rental_id": "14491207", "vehicle_type": "bike", "trip_started_at_utc": "2024-08-15T20:14:50", "trip_ended_at_utc": "2024-08-15T20:15:35", "latitude_start": 46.2112405, "longitude_start": 6.1529179, "latitude_end": 46.211261, "longitude_end": 6.152673, "distance_in_km": 0.018981730422924999, "start_station": null, "end_station": null }, "geometry": { "type": "LineString", "coordinates": [ [ 6.1529179, 46.2112405 ], [ 6.152673, 46.211261 ] ] } },
{ "type": "Feature", "properties": { "trip_id": "49326351", "rental_id": "14519466", "vehicle_type": "bike", "trip_started_at_utc": "2024-08-17T06:34:45", "trip_ended_at_utc": "2024-08-17T06:55:50", "latitude_start": 46.2018659, "longitude_start": 6.1506632, "latitude_end": 46.2112617, "longitude_end": 6.1523731, "distance_in_km": 1.0530204546153401, "start_station": null, "end_station": null }, "geometry": { "type": "LineString", "coordinates": [ [ 6.1506632, 46.2018659 ], [ 6.1523731, 46.2112617 ] ] } },
{ "type": "Feature", "properties": { "trip_id": "49844514", "rental_id": "14649072", "vehicle_type": "bike", "trip_started_at_utc": "2024-08-22T18:08:52", "trip_ended_at_utc": "2024-08-22T18:57:00", "latitude_start": 46.2001312, "longitude_start": 6.1485766, "latitude_end": 46.211228, "longitude_end": 6.1526183, "distance_in_km": 1.2725063374551522, "start_station": null, "end_station": null }, "geometry": { "type": "LineString", "coordinates": [ [ 6.1485766, 46.2001312 ], [ 6.1526183, 46.211228 ] ] } },
{ "type": "Feature", "properties": { "trip_id": "45799980", "rental_id": "13635339", "vehicle_type": "bike", "trip_started_at_utc": "2024-07-06T13:15:35", "trip_ended_at_utc": "2024-07-06T13:24:58", "latitude_start": 46.2002226, "longitude_start": 6.1414384, "latitude_end": 46.2004913, "longitude_end": 6.1595703, "distance_in_km": 1.3957949054765146, "start_station": null, "end_station": null }, "geometry": { "type": "LineString", "coordinates": [ [ 6.1414384, 46.2002226 ], [ 6.1595703, 46.2004913 ] ] } },
{ "type": "Feature", "properties": { "trip_id": "47080859", "rental_id": "13966468", "vehicle_type": "bike", "trip_started_at_utc": "2024-07-23T18:29:57", "trip_ended_at_utc": "2024-07-23T18:40:10", "latitude_start": 46.2052549, "longitude_start": 6.1580195, "latitude_end": 46.2056367, "longitude_end": 6.1428712, "distance_in_km": 1.1665147955665478, "start_station": null, "end_station": null }, "geometry": { "type": "LineString", "coordinates": [ [ 6.1580195, 46.2052549 ], [ 6.1428712, 46.2056367 ] ] } },
{ "type": "Feature", "properties": { "trip_id": "47140728", "rental_id": "13981447", "vehicle_type": "bike", "trip_started_at_utc": "2024-07-24T14:51:18", "trip_ended_at_utc": "2024-07-24T14:51:53", "latitude_start": 46.2025426, "longitude_start": 6.1474728, "latitude_end": 46.2025582, "longitude_end": 6.1474897, "distance_in_km": 0.0021680827698298999, "start_station": null, "end_station": null }, "geometry": { "type": "LineString", "coordinates": [ [ 6.1474728, 46.2025426 ], [ 6.1474897, 46.2025582 ] ] } },
{ "type": "Feature", "properties": { "trip_id": "52721979", "rental_id": "15517610", "vehicle_type": "bike", "trip_started_at_utc": "2024-10-02T18:27:51", "trip_ended_at_utc": "2024-10-02T18:30:02", "latitude_start": 46.2012067, "longitude_start": 6.1418019, "latitude_end": 46.2011928, "longitude_end": 6.1417332, "distance_in_km": 0.0055085206992069001, "start_station": null, "end_station": null }, "geometry": { "type": "LineString", "coordinates": [ [ 6.1418019, 46.2012067 ], [ 6.1417332, 46.2011928 ] ] } },
{ "type": "Feature", "properties": { "trip_id": "47957840", "rental_id": "14177845", "vehicle_type": "bike", "trip_started_at_utc": "2024-08-02T14:58:51", "trip_ended_at_utc": "2024-08-02T15:04:16", "latitude_start": 46.2013827, "longitude_start": 6.153034, "latitude_end": 46.2032401, "longitude_end": 6.158885, "distance_in_km": 0.49539714587997807, "start_station": null, "end_station": null }, "geometry": { "type": "LineString", "coordinates": [ [ 6.153034, 46.2013827 ], [ 6.158885, 46.2032401 ] ] } },
{ "type": "Feature", "properties": { "trip_id": "49639237", "rental_id": "14594261", "vehicle_type": "bike", "trip_started_at_utc": "2024-08-20T10:37:45", "trip_ended_at_utc": "2024-08-20T10:47:05", "latitude_start": 46.2014577, "longitude_start": 6.1530079, "latitude_end": 46.203343, "longitude_end": 6.1374915, "distance_in_km": 1.2123971082172502, "start_station": null, "end_station": null }, "geometry": { "type": "LineString", "coordinates": [ [ 6.1530079, 46.2014577 ], [ 6.1374915, 46.203343 ] ] } },
{ "type": "Feature", "properties": { "trip_id": "49954119", "rental_id": "14682765", "vehicle_type": "bike", "trip_started_at_utc": "2024-08-24T09:44:58", "trip_ended_at_utc": "2024-08-24T09:53:01", "latitude_start": 46.2007783, "longitude_start": 6.1377027, "latitude_end": 46.1969902, "longitude_end": 6.1454682, "distance_in_km": 0.73118500020960175, "start_station": null, "end_station": null }, "geometry": { "type": "LineString", "coordinates": [ [ 6.1377027, 46.2007783 ], [ 6.1454682, 46.1969902 ] ] } },
{ "type": "Feature", "properties": { "trip_id": "52265217", "rental_id": "15364996", "vehicle_type": "bike", "trip_started_at_utc": "2024-09-23T15:59:43", "trip_ended_at_utc": "2024-09-23T16:10:16", "latitude_start": 46.2053376, "longitude_start": 6.1623317, "latitude_end": 46.209374, "longitude_end": 6.1424996, "distance_in_km": 1.5907626760230169, "start_station": null, "end_station": null }, "geometry": { "type": "LineString", "coordinates": [ [ 6.1623317, 46.2053376 ], [ 6.1424996, 46.209374 ] ] } },
{ "type": "Feature", "properties": { "trip_id": "52591162", "rental_id": "15471323", "vehicle_type": "bike", "trip_started_at_utc": "2024-09-29T19:45:39", "trip_ended_at_utc": "2024-09-29T19:51:40", "latitude_start": 46.2069322, "longitude_start": 6.147319, "latitude_end": 46.2031538, "longitude_end": 6.1586832, "distance_in_km": 0.97022714272941035, "start_station": null, "end_station": null }, "geometry": { "type": "LineString", "coordinates": [ [ 6.147319, 46.2069322 ], [ 6.1586832, 46.2031538 ] ] } },
{ "type": "Feature", "properties": { "trip_id": "47824359", "rental_id": "14145975", "vehicle_type": "bike", "trip_started_at_utc": "2024-08-01T08:42:48", "trip_ended_at_utc": "2024-08-01T08:44:07", "latitude_start": 46.2043566, "longitude_start": 6.1465077, "latitude_end": 46.2043651, "longitude_end": 6.146411, "distance_in_km": 0.0075015058565782999, "start_station": null, "end_station": null }, "geometry": { "type": "LineString", "coordinates": [ [ 6.1465077, 46.2043566 ], [ 6.146411, 46.2043651 ] ] } },
{ "type": "Feature", "properties": { "trip_id": "48925444", "rental_id": "14415834", "vehicle_type": "bike", "trip_started_at_utc": "2024-08-12T18:31:46", "trip_ended_at_utc": "2024-08-12T18:38:44", "latitude_start": 46.2067473, "longitude_start": 6.1465007, "latitude_end": 46.2006208, "longitude_end": 6.1593601, "distance_in_km": 1.2014377068570443, "start_station": null, "end_station": null }, "geometry": { "type": "LineString", "coordinates": [ [ 6.1465007, 46.2067473 ], [ 6.1593601, 46.2006208 ] ] } },
{ "type": "Feature", "properties": { "trip_id": "49237315", "rental_id": "14496308", "vehicle_type": "bike", "trip_started_at_utc": "2024-08-16T06:39:45", "trip_ended_at_utc": "2024-08-16T06:44:07", "latitude_start": 46.2004832, "longitude_start": 6.1593663, "latitude_end": 46.2024192, "longitude_end": 6.1613421, "distance_in_km": 0.26356178781231637, "start_station": null, "end_station": null }, "geometry": { "type": "LineString", "coordinates": [ [ 6.1593663, 46.2004832 ], [ 6.1613421, 46.2024192 ] ] } },
{ "type": "Feature", "properties": { "trip_id": "50808089", "rental_id": "14929646", "vehicle_type": "bike", "trip_started_at_utc": "2024-09-03T15:06:39", "trip_ended_at_utc": "2024-09-03T15:12:39", "latitude_start": 46.2093106, "longitude_start": 6.1425184, "latitude_end": 46.2056625, "longitude_end": 6.1429148, "distance_in_km": 0.40679614285185112, "start_station": null, "end_station": null }, "geometry": { "type": "LineString", "coordinates": [ [ 6.1425184, 46.2093106 ], [ 6.1429148, 46.2056625 ] ] } },
{ "type": "Feature", "properties": { "trip_id": "50884368", "rental_id": "14953963", "vehicle_type": "bike", "trip_started_at_utc": "2024-09-04T16:02:56", "trip_ended_at_utc": "2024-09-04T16:12:07", "latitude_start": 46.2054601, "longitude_start": 6.1623545, "latitude_end": 46.2093013, "longitude_end": 6.1425439, "distance_in_km": 1.5831815602297796, "start_station": null, "end_station": null }, "geometry": { "type": "LineString", "coordinates": [ [ 6.1623545, 46.2054601 ], [ 6.1425439, 46.2093013 ] ] } },
{ "type": "Feature", "properties": { "trip_id": "51058498", "rental_id": "15004302", "vehicle_type": "bike", "trip_started_at_utc": "2024-09-06T17:01:26", "trip_ended_at_utc": "2024-09-06T17:03:04", "latitude_start": 46.204127, "longitude_start": 6.1433641, "latitude_end": 46.2038288, "longitude_end": 6.143366, "distance_in_km": 0.033158701561967797, "start_station": null, "end_station": null }, "geometry": { "type": "LineString", "coordinates": [ [ 6.1433641, 46.204127 ], [ 6.143366, 46.2038288 ] ] } },
{ "type": "Feature", "properties": { "trip_id": "51056344", "rental_id": "15004302", "vehicle_type": "bike", "trip_started_at_utc": "2024-09-06T16:40:52", "trip_ended_at_utc": "2024-09-06T16:46:51", "latitude_start": 46.2031954, "longitude_start": 6.1586909, "latitude_end": 46.2028173, "longitude_end": 6.1451829, "distance_in_km": 1.0404081982224871, "start_station": null, "end_station": null }, "geometry": { "type": "LineString", "coordinates": [ [ 6.1586909, 46.2031954 ], [ 6.1451829, 46.2028173 ] ] } },
{ "type": "Feature", "properties": { "trip_id": "52334052", "rental_id": "15388511", "vehicle_type": "bike", "trip_started_at_utc": "2024-09-25T05:25:42", "trip_ended_at_utc": "2024-09-25T05:32:17", "latitude_start": 46.2029712, "longitude_start": 6.1543473, "latitude_end": 46.2054312, "longitude_end": 6.1625693, "distance_in_km": 0.68933667841513813, "start_station": null, "end_station": null }, "geometry": { "type": "LineString", "coordinates": [ [ 6.1543473, 46.2029712 ], [ 6.1625693, 46.2054312 ] ] } },
{ "type": "Feature", "properties": { "trip_id": "46352307", "rental_id": "13785938", "vehicle_type": "bike", "trip_started_at_utc": "2024-07-14T17:11:09", "trip_ended_at_utc": "2024-07-14T17:22:24", "latitude_start": 46.2093055, "longitude_start": 6.1425236, "latitude_end": 46.2032173, "longitude_end": 6.158789, "distance_in_km": 1.423034620599881, "start_station": null, "end_station": null }, "geometry": { "type": "LineString", "coordinates": [ [ 6.1425236, 46.2093055 ], [ 6.158789, 46.2032173 ] ] } },
{ "type": "Feature", "properties": { "trip_id": "47780087", "rental_id": "14134462", "vehicle_type": "bike", "trip_started_at_utc": "2024-07-31T15:57:22", "trip_ended_at_utc": "2024-07-31T16:08:27", "latitude_start": 46.2056431, "longitude_start": 6.1429151, "latitude_end": 46.2023572, "longitude_end": 6.1607869, "distance_in_km": 1.4230710133733198, "start_station": null, "end_station": null }, "geometry": { "type": "LineString", "coordinates": [ [ 6.1429151, 46.2056431 ], [ 6.1607869, 46.2023572 ] ] } },
{ "type": "Feature", "properties": { "trip_id": "53366826", "rental_id": "15722072", "vehicle_type": "bike", "trip_started_at_utc": "2024-10-14T20:23:31", "trip_ended_at_utc": "2024-10-14T20:28:56", "latitude_start": 46.2009614, "longitude_start": 6.1417921, "latitude_end": 46.196479, "longitude_end": 6.1467795, "distance_in_km": 0.6291003096952581, "start_station": null, "end_station": null }, "geometry": { "type": "LineString", "coordinates": [ [ 6.1417921, 46.2009614 ], [ 6.1467795, 46.196479 ] ] } },
{ "type": "Feature", "properties": { "trip_id": "53425830", "rental_id": "15737940", "vehicle_type": "bike", "trip_started_at_utc": "2024-10-15T19:44:23", "trip_ended_at_utc": "2024-10-15T19:57:34", "latitude_start": 46.1982479, "longitude_start": 6.1432516, "latitude_end": 46.2069321, "longitude_end": 6.1429483, "distance_in_km": 0.96592256847105895, "start_station": null, "end_station": null }, "geometry": { "type": "LineString", "coordinates": [ [ 6.1432516, 46.1982479 ], [ 6.1429483, 46.2069321 ] ] } },
{ "type": "Feature", "properties": { "trip_id": "48154175", "rental_id": "14223624", "vehicle_type": "bike", "trip_started_at_utc": "2024-08-04T15:38:25", "trip_ended_at_utc": "2024-08-04T15:46:19", "latitude_start": 46.1971172, "longitude_start": 6.1432687, "latitude_end": 46.2014354, "longitude_end": 6.1530042, "distance_in_km": 0.88993282469993451, "start_station": null, "end_station": null }, "geometry": { "type": "LineString", "coordinates": [ [ 6.1432687, 46.1971172 ], [ 6.1530042, 46.2014354 ] ] } },
{ "type": "Feature", "properties": { "trip_id": "49580417", "rental_id": "14578393", "vehicle_type": "bike", "trip_started_at_utc": "2024-08-19T15:11:16", "trip_ended_at_utc": "2024-08-19T15:18:19", "latitude_start": 46.2014283, "longitude_start": 6.1530251, "latitude_end": 46.1987259, "longitude_end": 6.144127, "distance_in_km": 0.74784946113747142, "start_station": null, "end_station": null }, "geometry": { "type": "LineString", "coordinates": [ [ 6.1530251, 46.2014283 ], [ 6.144127, 46.1987259 ] ] } },
{ "type": "Feature", "properties": { "trip_id": "51539717", "rental_id": "15151591", "vehicle_type": "bike", "trip_started_at_utc": "2024-09-13T20:11:45", "trip_ended_at_utc": "2024-09-13T20:17:36", "latitude_start": 46.2112858, "longitude_start": 6.1526145, "latitude_end": 46.2108936, "longitude_end": 6.1511095, "distance_in_km": 0.1237452421317763, "start_station": null, "end_station": null }, "geometry": { "type": "LineString", "coordinates": [ [ 6.1526145, 46.2112858 ], [ 6.1511095, 46.2108936 ] ] } },
{ "type": "Feature", "properties": { "trip_id": "51787365", "rental_id": "15223089", "vehicle_type": "bike", "trip_started_at_utc": "2024-09-17T10:05:42", "trip_ended_at_utc": "2024-09-17T10:14:13", "latitude_start": 46.1997629, "longitude_start": 6.1430275, "latitude_end": 46.2110942, "longitude_end": 6.1498262, "distance_in_km": 1.3642934285474169, "start_station": null, "end_station": null }, "geometry": { "type": "LineString", "coordinates": [ [ 6.1430275, 46.1997629 ], [ 6.1498262, 46.2110942 ] ] } },
{ "type": "Feature", "properties": { "trip_id": "45807059", "rental_id": "13637041", "vehicle_type": "bike", "trip_started_at_utc": "2024-07-06T14:37:37", "trip_ended_at_utc": "2024-07-06T14:46:31", "latitude_start": 46.2031626, "longitude_start": 6.1587964, "latitude_end": 46.2096244, "longitude_end": 6.1468482, "distance_in_km": 1.1669109275676419, "start_station": null, "end_station": null }, "geometry": { "type": "LineString", "coordinates": [ [ 6.1587964, 46.2031626 ], [ 6.1468482, 46.2096244 ] ] } },
{ "type": "Feature", "properties": { "trip_id": "50107163", "rental_id": "14722788", "vehicle_type": "bike", "trip_started_at_utc": "2024-08-26T06:01:20", "trip_ended_at_utc": "2024-08-26T06:08:12", "latitude_start": 46.2032263, "longitude_start": 6.1587634, "latitude_end": 46.2088691, "longitude_end": 6.1441438, "distance_in_km": 1.2881841124088955, "start_station": null, "end_station": null }, "geometry": { "type": "LineString", "coordinates": [ [ 6.1587634, 46.2032263 ], [ 6.1441438, 46.2088691 ] ] } },
{ "type": "Feature", "properties": { "trip_id": "50304303", "rental_id": "14781484", "vehicle_type": "bike", "trip_started_at_utc": "2024-08-28T15:01:38", "trip_ended_at_utc": "2024-08-28T15:09:49", "latitude_start": 46.1997055, "longitude_start": 6.1397483, "latitude_end": 46.2016395, "longitude_end": 6.153556, "distance_in_km": 1.0842095939085474, "start_station": null, "end_station": null }, "geometry": { "type": "LineString", "coordinates": [ [ 6.1397483, 46.1997055 ], [ 6.153556, 46.2016395 ] ] } },
{ "type": "Feature", "properties": { "trip_id": "45693786", "rental_id": "13602893", "vehicle_type": "bike", "trip_started_at_utc": "2024-07-04T17:08:39", "trip_ended_at_utc": "2024-07-04T17:10:38", "latitude_start": 46.2038691, "longitude_start": 6.1433322, "latitude_end": 46.2032954, "longitude_end": 6.1464335, "distance_in_km": 0.2470478999531186, "start_station": null, "end_station": null }, "geometry": { "type": "LineString", "coordinates": [ [ 6.1433322, 46.2038691 ], [ 6.1464335, 46.2032954 ] ] } },
{ "type": "Feature", "properties": { "trip_id": "46613605", "rental_id": "13852954", "vehicle_type": "bike", "trip_started_at_utc": "2024-07-18T12:43:34", "trip_ended_at_utc": "2024-07-18T12:46:30", "latitude_start": 46.2053509, "longitude_start": 6.1603239, "latitude_end": 46.2053254, "longitude_end": 6.1602356, "distance_in_km": 0.0073630296881184998, "start_station": null, "end_station": null }, "geometry": { "type": "LineString", "coordinates": [ [ 6.1603239, 46.2053509 ], [ 6.1602356, 46.2053254 ] ] } },
{ "type": "Feature", "properties": { "trip_id": "49575307", "rental_id": "14577218", "vehicle_type": "bike", "trip_started_at_utc": "2024-08-19T14:32:55", "trip_ended_at_utc": "2024-08-19T14:39:58", "latitude_start": 46.2044592, "longitude_start": 6.1463529, "latitude_end": 46.2043917, "longitude_end": 6.146315, "distance_in_km": 0.0080524516934013992, "start_station": null, "end_station": null }, "geometry": { "type": "LineString", "coordinates": [ [ 6.1463529, 46.2044592 ], [ 6.146315, 46.2043917 ] ] } },
{ "type": "Feature", "properties": { "trip_id": "50184931", "rental_id": "14745830", "vehicle_type": "bike", "trip_started_at_utc": "2024-08-27T06:28:56", "trip_ended_at_utc": "2024-08-27T06:38:02", "latitude_start": 46.202428, "longitude_start": 6.1607434, "latitude_end": 46.2049017, "longitude_end": 6.1436081, "distance_in_km": 1.3470768898951029, "start_station": null, "end_station": null }, "geometry": { "type": "LineString", "coordinates": [ [ 6.1607434, 46.202428 ], [ 6.1436081, 46.2049017 ] ] } },
{ "type": "Feature", "properties": { "trip_id": "46281274", "rental_id": "13767629", "vehicle_type": "bike", "trip_started_at_utc": "2024-07-13T18:18:45", "trip_ended_at_utc": "2024-07-13T18:37:20", "latitude_start": 46.1998061, "longitude_start": 6.1428389, "latitude_end": 46.2111037, "longitude_end": 6.1524929, "distance_in_km": 1.4594769323329111, "start_station": null, "end_station": null }, "geometry": { "type": "LineString", "coordinates": [ [ 6.1428389, 46.1998061 ], [ 6.1524929, 46.2111037 ] ] } },
{ "type": "Feature", "properties": { "trip_id": "46444137", "rental_id": "13810306", "vehicle_type": "bike", "trip_started_at_utc": "2024-07-16T06:23:22", "trip_ended_at_utc": "2024-07-16T06:33:42", "latitude_start": 46.211483, "longitude_start": 6.149788, "latitude_end": 46.2010184, "longitude_end": 6.1430371, "distance_in_km": 1.2743170919006652, "start_station": null, "end_station": null }, "geometry": { "type": "LineString", "coordinates": [ [ 6.149788, 46.211483 ], [ 6.1430371, 46.2010184 ] ] } },
{ "type": "Feature", "properties": { "trip_id": "46514485", "rental_id": "13827850", "vehicle_type": "bike", "trip_started_at_utc": "2024-07-17T06:23:14", "trip_ended_at_utc": "2024-07-17T06:35:35", "latitude_start": 46.2114213, "longitude_start": 6.1496509, "latitude_end": 46.199609, "longitude_end": 6.1427157, "distance_in_km": 1.417758288388566, "start_station": null, "end_station": null }, "geometry": { "type": "LineString", "coordinates": [ [ 6.1496509, 46.2114213 ], [ 6.1427157, 46.199609 ] ] } },
{ "type": "Feature", "properties": { "trip_id": "49318910", "rental_id": "14516907", "vehicle_type": "bike", "trip_started_at_utc": "2024-08-16T23:18:53", "trip_ended_at_utc": "2024-08-16T23:23:54", "latitude_start": 46.2041563, "longitude_start": 6.1495987, "latitude_end": 46.2113038, "longitude_end": 6.1526163, "distance_in_km": 0.82799538218685098, "start_station": null, "end_station": null }, "geometry": { "type": "LineString", "coordinates": [ [ 6.1495987, 46.2041563 ], [ 6.1526163, 46.2113038 ] ] } },
{ "type": "Feature", "properties": { "trip_id": "46017573", "rental_id": "13695462", "vehicle_type": "bike", "trip_started_at_utc": "2024-07-09T18:18:53", "trip_ended_at_utc": "2024-07-09T18:41:51", "latitude_start": 46.2093228, "longitude_start": 6.1424417, "latitude_end": 46.2027167, "longitude_end": 6.1612889, "distance_in_km": 1.625785969176462, "start_station": null, "end_station": null }, "geometry": { "type": "LineString", "coordinates": [ [ 6.1424417, 46.2093228 ], [ 6.1612889, 46.2027167 ] ] } },
{ "type": "Feature", "properties": { "trip_id": "47303344", "rental_id": "14021524", "vehicle_type": "bike", "trip_started_at_utc": "2024-07-26T12:55:00", "trip_ended_at_utc": "2024-07-26T13:14:59", "latitude_start": 46.2070078, "longitude_start": 6.143024, "latitude_end": 46.2030709, "longitude_end": 6.1553656, "distance_in_km": 1.0457909304564914, "start_station": null, "end_station": null }, "geometry": { "type": "LineString", "coordinates": [ [ 6.143024, 46.2070078 ], [ 6.1553656, 46.2030709 ] ] } },
{ "type": "Feature", "properties": { "trip_id": "47651841", "rental_id": "14104033", "vehicle_type": "bike", "trip_started_at_utc": "2024-07-30T10:03:56", "trip_ended_at_utc": "2024-07-30T10:16:18", "latitude_start": 46.2041702, "longitude_start": 6.1617087, "latitude_end": 46.196728, "longitude_end": 6.1429218, "distance_in_km": 1.6659513563409636, "start_station": null, "end_station": null }, "geometry": { "type": "LineString", "coordinates": [ [ 6.1617087, 46.2041702 ], [ 6.1429218, 46.196728 ] ] } },
{ "type": "Feature", "properties": { "trip_id": "49635899", "rental_id": "14593511", "vehicle_type": "bike", "trip_started_at_utc": "2024-08-20T10:03:12", "trip_ended_at_utc": "2024-08-20T10:10:31", "latitude_start": 46.2012379, "longitude_start": 6.1557043, "latitude_end": 46.2027607, "longitude_end": 6.1414374, "distance_in_km": 1.1109623975112859, "start_station": null, "end_station": null }, "geometry": { "type": "LineString", "coordinates": [ [ 6.1557043, 46.2012379 ], [ 6.1414374, 46.2027607 ] ] } },
{ "type": "Feature", "properties": { "trip_id": "49716093", "rental_id": "14614855", "vehicle_type": "bike", "trip_started_at_utc": "2024-08-21T10:10:00", "trip_ended_at_utc": "2024-08-21T10:13:48", "latitude_start": 46.2001646, "longitude_start": 6.1413958, "latitude_end": 46.2037497, "longitude_end": 6.1433057, "distance_in_km": 0.42488026810075508, "start_station": null, "end_station": null }, "geometry": { "type": "LineString", "coordinates": [ [ 6.1413958, 46.2001646 ], [ 6.1433057, 46.2037497 ] ] } },
{ "type": "Feature", "properties": { "trip_id": "50462428", "rental_id": "14829099", "vehicle_type": "bike", "trip_started_at_utc": "2024-08-30T12:09:37", "trip_ended_at_utc": "2024-08-30T12:13:57", "latitude_start": 46.1968651, "longitude_start": 6.1428919, "latitude_end": 46.2024134, "longitude_end": 6.141688, "distance_in_km": 0.62386281642665231, "start_station": null, "end_station": null }, "geometry": { "type": "LineString", "coordinates": [ [ 6.1428919, 46.1968651 ], [ 6.141688, 46.2024134 ] ] } },
{ "type": "Feature", "properties": { "trip_id": "45509840", "rental_id": "13544092", "vehicle_type": "bike", "trip_started_at_utc": "2024-07-01T11:30:18", "trip_ended_at_utc": "2024-07-01T11:42:13", "latitude_start": 46.2057989, "longitude_start": 6.160863, "latitude_end": 46.2093147, "longitude_end": 6.1425058, "distance_in_km": 1.4657271889209755, "start_station": null, "end_station": null }, "geometry": { "type": "LineString", "coordinates": [ [ 6.160863, 46.2057989 ], [ 6.1425058, 46.2093147 ] ] } },
{ "type": "Feature", "properties": { "trip_id": "46417516", "rental_id": "13803105", "vehicle_type": "bike", "trip_started_at_utc": "2024-07-15T15:58:45", "trip_ended_at_utc": "2024-07-15T16:08:39", "latitude_start": 46.2054095, "longitude_start": 6.1624763, "latitude_end": 46.2093838, "longitude_end": 6.1425164, "distance_in_km": 1.5982759175056671, "start_station": null, "end_station": null }, "geometry": { "type": "LineString", "coordinates": [ [ 6.1624763, 46.2054095 ], [ 6.1425164, 46.2093838 ] ] } },
{ "type": "Feature", "properties": { "trip_id": "46936582", "rental_id": "13930459", "vehicle_type": "bike", "trip_started_at_utc": "2024-07-21T17:22:35", "trip_ended_at_utc": "2024-07-21T17:30:06", "latitude_start": 46.2069379, "longitude_start": 6.1465459, "latitude_end": 46.2005173, "longitude_end": 6.159347, "distance_in_km": 1.2166415415393144, "start_station": null, "end_station": null }, "geometry": { "type": "LineString", "coordinates": [ [ 6.1465459, 46.2069379 ], [ 6.159347, 46.2005173 ] ] } },
{ "type": "Feature", "properties": { "trip_id": "49050745", "rental_id": "14449028", "vehicle_type": "bike", "trip_started_at_utc": "2024-08-14T08:57:56", "trip_ended_at_utc": "2024-08-14T09:03:32", "latitude_start": 46.2031533, "longitude_start": 6.1513406, "latitude_end": 46.2028583, "longitude_end": 6.1594213, "distance_in_km": 0.62274485033117444, "start_station": null, "end_station": null }, "geometry": { "type": "LineString", "coordinates": [ [ 6.1513406, 46.2031533 ], [ 6.1594213, 46.2028583 ] ] } },
{ "type": "Feature", "properties": { "trip_id": "49093033", "rental_id": "14459091", "vehicle_type": "bike", "trip_started_at_utc": "2024-08-14T15:39:40", "trip_ended_at_utc": "2024-08-14T15:45:24", "latitude_start": 46.2047413, "longitude_start": 6.1468502, "latitude_end": 46.2071257, "longitude_end": 6.1430617, "distance_in_km": 0.3940721976268558, "start_station": null, "end_station": null }, "geometry": { "type": "LineString", "coordinates": [ [ 6.1468502, 46.2047413 ], [ 6.1430617, 46.2071257 ] ] } },
{ "type": "Feature", "properties": { "trip_id": "49972865", "rental_id": "14687527", "vehicle_type": "bike", "trip_started_at_utc": "2024-08-24T12:38:10", "trip_ended_at_utc": "2024-08-24T12:44:35", "latitude_start": 46.2046499, "longitude_start": 6.1468852, "latitude_end": 46.2005993, "longitude_end": 6.1593946, "distance_in_km": 1.0628662988255759, "start_station": null, "end_station": null }, "geometry": { "type": "LineString", "coordinates": [ [ 6.1468852, 46.2046499 ], [ 6.1593946, 46.2005993 ] ] } },
{ "type": "Feature", "properties": { "trip_id": "51816658", "rental_id": "15231829", "vehicle_type": "bike", "trip_started_at_utc": "2024-09-17T16:21:18", "trip_ended_at_utc": "2024-09-17T16:27:23", "latitude_start": 46.2030395, "longitude_start": 6.1541267, "latitude_end": 46.2057911, "longitude_end": 6.160614, "distance_in_km": 0.58553933080002074, "start_station": null, "end_station": null }, "geometry": { "type": "LineString", "coordinates": [ [ 6.1541267, 46.2030395 ], [ 6.160614, 46.2057911 ] ] } },
{ "type": "Feature", "properties": { "trip_id": "45586231", "rental_id": "13567422", "vehicle_type": "bike", "trip_started_at_utc": "2024-07-02T16:29:49", "trip_ended_at_utc": "2024-07-02T16:31:10", "latitude_start": 46.209476, "longitude_start": 6.1448117, "latitude_end": 46.209008, "longitude_end": 6.1444087, "distance_in_km": 0.0605785598927727, "start_station": null, "end_station": null }, "geometry": { "type": "LineString", "coordinates": [ [ 6.1448117, 46.209476 ], [ 6.1444087, 46.209008 ] ] } },
{ "type": "Feature", "properties": { "trip_id": "52737833", "rental_id": "15524035", "vehicle_type": "bike", "trip_started_at_utc": "2024-10-03T08:25:44", "trip_ended_at_utc": "2024-10-03T08:34:54", "latitude_start": 46.2088495, "longitude_start": 6.1446323, "latitude_end": 46.2033669, "longitude_end": 6.1606098, "distance_in_km": 1.3723788627405462, "start_station": null, "end_station": null }, "geometry": { "type": "LineString", "coordinates": [ [ 6.1446323, 46.2088495 ], [ 6.1606098, 46.2033669 ] ] } },
{ "type": "Feature", "properties": { "trip_id": "52870716", "rental_id": "15566174", "vehicle_type": "bike", "trip_started_at_utc": "2024-10-05T09:50:35", "trip_ended_at_utc": "2024-10-05T10:02:09", "latitude_start": 46.2054775, "longitude_start": 6.1601757, "latitude_end": 46.2082924, "longitude_end": 6.1448193, "distance_in_km": 1.2224753316065624, "start_station": null, "end_station": null }, "geometry": { "type": "LineString", "coordinates": [ [ 6.1601757, 46.2054775 ], [ 6.1448193, 46.2082924 ] ] } },
{ "type": "Feature", "properties": { "trip_id": "53160182", "rental_id": "15656905", "vehicle_type": "bike", "trip_started_at_utc": "2024-10-10T22:06:52", "trip_ended_at_utc": "2024-10-10T22:10:58", "latitude_start": 46.1997843, "longitude_start": 6.1428916, "latitude_end": 46.195912, "longitude_end": 6.1479882, "distance_in_km": 0.58247004920599654, "start_station": null, "end_station": null }, "geometry": { "type": "LineString", "coordinates": [ [ 6.1428916, 46.1997843 ], [ 6.1479882, 46.195912 ] ] } },
{ "type": "Feature", "properties": { "trip_id": "51056876", "rental_id": "15004444", "vehicle_type": "bike", "trip_started_at_utc": "2024-09-06T16:46:02", "trip_ended_at_utc": "2024-09-06T16:52:12", "latitude_start": 46.2056805, "longitude_start": 6.1428103, "latitude_end": 46.2112354, "longitude_end": 6.1525627, "distance_in_km": 0.97196322305112204, "start_station": null, "end_station": null }, "geometry": { "type": "LineString", "coordinates": [ [ 6.1428103, 46.2056805 ], [ 6.1525627, 46.2112354 ] ] } },
{ "type": "Feature", "properties": { "trip_id": "51418572", "rental_id": "15112866", "vehicle_type": "bike", "trip_started_at_utc": "2024-09-12T05:18:17", "trip_ended_at_utc": "2024-09-12T05:29:19", "latitude_start": 46.2092733, "longitude_start": 6.1426232, "latitude_end": 46.2053054, "longitude_end": 6.1624197, "distance_in_km": 1.5860006261145561, "start_station": null, "end_station": null }, "geometry": { "type": "LineString", "coordinates": [ [ 6.1426232, 46.2092733 ], [ 6.1624197, 46.2053054 ] ] } },
{ "type": "Feature", "properties": { "trip_id": "44374869", "rental_id": "13187816", "vehicle_type": "bike", "trip_started_at_utc": "2024-06-13T15:31:59", "trip_ended_at_utc": "2024-06-13T15:50:57", "latitude_start": 46.2111659, "longitude_start": 6.1525097, "latitude_end": 46.2030077, "longitude_end": 6.1583663, "distance_in_km": 1.012936152685151, "start_station": null, "end_station": null }, "geometry": { "type": "LineString", "coordinates": [ [ 6.1525097, 46.2111659 ], [ 6.1583663, 46.2030077 ] ] } },
{ "type": "Feature", "properties": { "trip_id": "51006730", "rental_id": "14989779", "vehicle_type": "bike", "trip_started_at_utc": "2024-09-06T07:25:25", "trip_ended_at_utc": "2024-09-06T07:31:46", "latitude_start": 46.2004846, "longitude_start": 6.1595825, "latitude_end": 46.2068925, "longitude_end": 6.1464984, "distance_in_km": 1.2335270239637779, "start_station": null, "end_station": null }, "geometry": { "type": "LineString", "coordinates": [ [ 6.1595825, 46.2004846 ], [ 6.1464984, 46.2068925 ] ] } },
{ "type": "Feature", "properties": { "trip_id": "52159632", "rental_id": "15334343", "vehicle_type": "bike", "trip_started_at_utc": "2024-09-22T08:26:20", "trip_ended_at_utc": "2024-09-22T08:29:41", "latitude_start": 46.210563, "longitude_start": 6.1435615, "latitude_end": 46.2089686, "longitude_end": 6.1442836, "distance_in_km": 0.1857929790887547, "start_station": null, "end_station": null }, "geometry": { "type": "LineString", "coordinates": [ [ 6.1435615, 46.210563 ], [ 6.1442836, 46.2089686 ] ] } },
{ "type": "Feature", "properties": { "trip_id": "45592128", "rental_id": "13569434", "vehicle_type": "bike", "trip_started_at_utc": "2024-07-02T18:05:44", "trip_ended_at_utc": "2024-07-02T18:06:06", "latitude_start": 46.2087829, "longitude_start": 6.1459882, "latitude_end": 46.208717, "longitude_end": 6.1460379, "distance_in_km": 0.0082657383850836003, "start_station": null, "end_station": null }, "geometry": { "type": "LineString", "coordinates": [ [ 6.1459882, 46.2087829 ], [ 6.1460379, 46.208717 ] ] } },
{ "type": "Feature", "properties": { "trip_id": "45796147", "rental_id": "13634453", "vehicle_type": "bike", "trip_started_at_utc": "2024-07-06T12:31:09", "trip_ended_at_utc": "2024-07-06T12:41:38", "latitude_start": 46.2114946, "longitude_start": 6.1527425, "latitude_end": 46.2031333, "longitude_end": 6.15548, "distance_in_km": 0.95330219069019517, "start_station": null, "end_station": null }, "geometry": { "type": "LineString", "coordinates": [ [ 6.1527425, 46.2114946 ], [ 6.15548, 46.2031333 ] ] } },
{ "type": "Feature", "properties": { "trip_id": "46633268", "rental_id": "13857597", "vehicle_type": "bike", "trip_started_at_utc": "2024-07-18T16:01:23", "trip_ended_at_utc": "2024-07-18T16:09:52", "latitude_start": 46.2057886, "longitude_start": 6.1607488, "latitude_end": 46.209361, "longitude_end": 6.1425439, "distance_in_km": 1.4561391245202839, "start_station": null, "end_station": null }, "geometry": { "type": "LineString", "coordinates": [ [ 6.1607488, 46.2057886 ], [ 6.1425439, 46.209361 ] ] } },
{ "type": "Feature", "properties": { "trip_id": "46924841", "rental_id": "13927997", "vehicle_type": "bike", "trip_started_at_utc": "2024-07-21T15:28:20", "trip_ended_at_utc": "2024-07-21T16:13:14", "latitude_start": 46.2053924, "longitude_start": 6.1600887, "latitude_end": 46.2054138, "longitude_end": 6.1602262, "distance_in_km": 0.010845626048391401, "start_station": null, "end_station": null }, "geometry": { "type": "LineString", "coordinates": [ [ 6.1600887, 46.2053924 ], [ 6.1602262, 46.2054138 ] ] } },
{ "type": "Feature", "properties": { "trip_id": "47967879", "rental_id": "14180171", "vehicle_type": "bike", "trip_started_at_utc": "2024-08-02T16:16:36", "trip_ended_at_utc": "2024-08-02T16:24:18", "latitude_start": 46.207775, "longitude_start": 6.1464536, "latitude_end": 46.2115237, "longitude_end": 6.1497532, "distance_in_km": 0.48807736782192301, "start_station": null, "end_station": null }, "geometry": { "type": "LineString", "coordinates": [ [ 6.1464536, 46.207775 ], [ 6.1497532, 46.2115237 ] ] } },
{ "type": "Feature", "properties": { "trip_id": "47993241", "rental_id": "14186120", "vehicle_type": "bike", "trip_started_at_utc": "2024-08-02T20:46:15", "trip_ended_at_utc": "2024-08-02T20:57:21", "latitude_start": 46.2012268, "longitude_start": 6.1396963, "latitude_end": 46.2103978, "longitude_end": 6.1499287, "distance_in_km": 1.2884024353586012, "start_station": null, "end_station": null }, "geometry": { "type": "LineString", "coordinates": [ [ 6.1396963, 46.2012268 ], [ 6.1499287, 46.2103978 ] ] } },
{ "type": "Feature", "properties": { "trip_id": "50087123", "rental_id": "14716854", "vehicle_type": "bike", "trip_started_at_utc": "2024-08-25T16:56:49", "trip_ended_at_utc": "2024-08-25T17:05:14", "latitude_start": 46.2090151, "longitude_start": 6.1442551, "latitude_end": 46.2039611, "longitude_end": 6.1616232, "distance_in_km": 1.4498848637936042, "start_station": null, "end_station": null }, "geometry": { "type": "LineString", "coordinates": [ [ 6.1442551, 46.2090151 ], [ 6.1616232, 46.2039611 ] ] } },
{ "type": "Feature", "properties": { "trip_id": "45560596", "rental_id": "13560058", "vehicle_type": "bike", "trip_started_at_utc": "2024-07-02T09:59:29", "trip_ended_at_utc": "2024-07-02T10:10:49", "latitude_start": 46.2036626, "longitude_start": 6.1586636, "latitude_end": 46.2001946, "longitude_end": 6.1411121, "distance_in_km": 1.4047345114969376, "start_station": null, "end_station": null }, "geometry": { "type": "LineString", "coordinates": [ [ 6.1586636, 46.2036626 ], [ 6.1411121, 46.2001946 ] ] } },
{ "type": "Feature", "properties": { "trip_id": "47637089", "rental_id": "14099539", "vehicle_type": "bike", "trip_started_at_utc": "2024-07-30T05:59:27", "trip_ended_at_utc": "2024-07-30T06:09:58", "latitude_start": 46.2111829, "longitude_start": 6.1530012, "latitude_end": 46.2031981, "longitude_end": 6.1514136, "distance_in_km": 0.89623650687051515, "start_station": null, "end_station": null }, "geometry": { "type": "LineString", "coordinates": [ [ 6.1530012, 46.2111829 ], [ 6.1514136, 46.2031981 ] ] } },
{ "type": "Feature", "properties": { "trip_id": "48384834", "rental_id": "14281368", "vehicle_type": "bike", "trip_started_at_utc": "2024-08-07T09:25:49", "trip_ended_at_utc": "2024-08-07T09:33:01", "latitude_start": 46.2089676, "longitude_start": 6.1442016, "latitude_end": 46.2033178, "longitude_end": 6.1606188, "distance_in_km": 1.4109529709116606, "start_station": null, "end_station": null }, "geometry": { "type": "LineString", "coordinates": [ [ 6.1442016, 46.2089676 ], [ 6.1606188, 46.2033178 ] ] } },
{ "type": "Feature", "properties": { "trip_id": "48601392", "rental_id": "14335473", "vehicle_type": "bike", "trip_started_at_utc": "2024-08-09T15:01:06", "trip_ended_at_utc": "2024-08-09T15:11:07", "latitude_start": 46.1997009, "longitude_start": 6.1428672, "latitude_end": 46.2113737, "longitude_end": 6.1497812, "distance_in_km": 1.4027800456033279, "start_station": null, "end_station": null }, "geometry": { "type": "LineString", "coordinates": [ [ 6.1428672, 46.1997009 ], [ 6.1497812, 46.2113737 ] ] } },
{ "type": "Feature", "properties": { "trip_id": "48908408", "rental_id": "14411674", "vehicle_type": "bike", "trip_started_at_utc": "2024-08-12T15:58:41", "trip_ended_at_utc": "2024-08-12T16:10:07", "latitude_start": 46.2055347, "longitude_start": 6.1429607, "latitude_end": 46.202944, "longitude_end": 6.1617564, "distance_in_km": 1.4748675182735336, "start_station": null, "end_station": null }, "geometry": { "type": "LineString", "coordinates": [ [ 6.1429607, 46.2055347 ], [ 6.1617564, 46.202944 ] ] } },
{ "type": "Feature", "properties": { "trip_id": "50115592", "rental_id": "14724351", "vehicle_type": "bike", "trip_started_at_utc": "2024-08-26T08:44:49", "trip_ended_at_utc": "2024-08-26T08:47:08", "latitude_start": 46.1956657, "longitude_start": 6.1456501, "latitude_end": 46.1986236, "longitude_end": 6.144212, "distance_in_km": 0.3470291867144033, "start_station": null, "end_station": null }, "geometry": { "type": "LineString", "coordinates": [ [ 6.1456501, 46.1956657 ], [ 6.144212, 46.1986236 ] ] } },
{ "type": "Feature", "properties": { "trip_id": "51743166", "rental_id": "15210550", "vehicle_type": "bike", "trip_started_at_utc": "2024-09-16T15:32:50", "trip_ended_at_utc": "2024-09-16T15:41:23", "latitude_start": 46.2016071, "longitude_start": 6.1560608, "latitude_end": 46.2114467, "longitude_end": 6.149603, "distance_in_km": 1.2016862245273856, "start_station": null, "end_station": null }, "geometry": { "type": "LineString", "coordinates": [ [ 6.1560608, 46.2016071 ], [ 6.149603, 46.2114467 ] ] } },
{ "type": "Feature", "properties": { "trip_id": "52364200", "rental_id": "15399098", "vehicle_type": "bike", "trip_started_at_utc": "2024-09-25T15:06:21", "trip_ended_at_utc": "2024-09-25T15:17:02", "latitude_start": 46.199756, "longitude_start": 6.1428476, "latitude_end": 46.2018412, "longitude_end": 6.1555592, "distance_in_km": 1.0054088748727359, "start_station": null, "end_station": null }, "geometry": { "type": "LineString", "coordinates": [ [ 6.1428476, 46.199756 ], [ 6.1555592, 46.2018412 ] ] } },
{ "type": "Feature", "properties": { "trip_id": "45724756", "rental_id": "13612983", "vehicle_type": "bike", "trip_started_at_utc": "2024-07-05T10:49:59", "trip_ended_at_utc": "2024-07-05T11:51:28", "latitude_start": 46.2037857, "longitude_start": 6.1435716, "latitude_end": 46.2053372, "longitude_end": 6.1579176, "distance_in_km": 1.1174165691504836, "start_station": null, "end_station": null }, "geometry": { "type": "LineString", "coordinates": [ [ 6.1435716, 46.2037857 ], [ 6.1579176, 46.2053372 ] ] } },
{ "type": "Feature", "properties": { "trip_id": "46359631", "rental_id": "13787728", "vehicle_type": "bike", "trip_started_at_utc": "2024-07-14T18:35:33", "trip_ended_at_utc": "2024-07-14T18:43:25", "latitude_start": 46.2032292, "longitude_start": 6.1587642, "latitude_end": 46.198742, "longitude_end": 6.1437994, "distance_in_km": 1.2551499269117363, "start_station": null, "end_station": null }, "geometry": { "type": "LineString", "coordinates": [ [ 6.1587642, 46.2032292 ], [ 6.1437994, 46.198742 ] ] } },
{ "type": "Feature", "properties": { "trip_id": "48337409", "rental_id": "14268488", "vehicle_type": "bike", "trip_started_at_utc": "2024-08-06T16:29:54", "trip_ended_at_utc": "2024-08-06T16:41:29", "latitude_start": 46.2069885, "longitude_start": 6.1399352, "latitude_end": 46.2027115, "longitude_end": 6.1613151, "distance_in_km": 1.7126696990900931, "start_station": null, "end_station": null }, "geometry": { "type": "LineString", "coordinates": [ [ 6.1399352, 46.2069885 ], [ 6.1613151, 46.2027115 ] ] } },
{ "type": "Feature", "properties": { "trip_id": "48373506", "rental_id": "14277971", "vehicle_type": "bike", "trip_started_at_utc": "2024-08-07T06:26:31", "trip_ended_at_utc": "2024-08-07T06:34:27", "latitude_start": 46.2030161, "longitude_start": 6.1617816, "latitude_end": 46.2055486, "longitude_end": 6.1428726, "distance_in_km": 1.4821755162171362, "start_station": null, "end_station": null }, "geometry": { "type": "LineString", "coordinates": [ [ 6.1617816, 46.2030161 ], [ 6.1428726, 46.2055486 ] ] } },
{ "type": "Feature", "properties": { "trip_id": "48454441", "rental_id": "14297250", "vehicle_type": "bike", "trip_started_at_utc": "2024-08-07T20:21:34", "trip_ended_at_utc": "2024-08-07T20:36:50", "latitude_start": 46.2113446, "longitude_start": 6.1525486, "latitude_end": 46.2028724, "longitude_end": 6.1617516, "distance_in_km": 1.1785733680642627, "start_station": null, "end_station": null }, "geometry": { "type": "LineString", "coordinates": [ [ 6.1525486, 46.2113446 ], [ 6.1617516, 46.2028724 ] ] } },
{ "type": "Feature", "properties": { "trip_id": "51210292", "rental_id": "15047674", "vehicle_type": "bike", "trip_started_at_utc": "2024-09-08T11:20:49", "trip_ended_at_utc": "2024-09-08T11:23:58", "latitude_start": 46.1995841, "longitude_start": 6.1411295, "latitude_end": 46.2012402, "longitude_end": 6.1375636, "distance_in_km": 0.33049756752892212, "start_station": null, "end_station": null }, "geometry": { "type": "LineString", "coordinates": [ [ 6.1411295, 46.1995841 ], [ 6.1375636, 46.2012402 ] ] } },
{ "type": "Feature", "properties": { "trip_id": "52265154", "rental_id": "15364977", "vehicle_type": "bike", "trip_started_at_utc": "2024-09-23T15:59:08", "trip_ended_at_utc": "2024-09-23T16:04:21", "latitude_start": 46.1998774, "longitude_start": 6.1428905, "latitude_end": 46.2031661, "longitude_end": 6.1489366, "distance_in_km": 0.59181341399305243, "start_station": null, "end_station": null }, "geometry": { "type": "LineString", "coordinates": [ [ 6.1428905, 46.1998774 ], [ 6.1489366, 46.2031661 ] ] } },
{ "type": "Feature", "properties": { "trip_id": "46350447", "rental_id": "13785537", "vehicle_type": "bike", "trip_started_at_utc": "2024-07-14T16:49:39", "trip_ended_at_utc": "2024-07-14T16:53:33", "latitude_start": 46.2093236, "longitude_start": 6.1425257, "latitude_end": 46.2092274, "longitude_end": 6.1426891, "distance_in_km": 0.016508211636171399, "start_station": null, "end_station": null }, "geometry": { "type": "LineString", "coordinates": [ [ 6.1425257, 46.2093236 ], [ 6.1426891, 46.2092274 ] ] } },
{ "type": "Feature", "properties": { "trip_id": "47093425", "rental_id": "13969604", "vehicle_type": "bike", "trip_started_at_utc": "2024-07-24T01:00:07", "trip_ended_at_utc": "2024-07-24T01:09:42", "latitude_start": 46.2111378, "longitude_start": 6.1446376, "latitude_end": 46.2013491, "longitude_end": 6.1396401, "distance_in_km": 1.1543985429779215, "start_station": null, "end_station": null }, "geometry": { "type": "LineString", "coordinates": [ [ 6.1446376, 46.2111378 ], [ 6.1396401, 46.2013491 ] ] } },
{ "type": "Feature", "properties": { "trip_id": "47934644", "rental_id": "14172760", "vehicle_type": "bike", "trip_started_at_utc": "2024-08-02T11:52:49", "trip_ended_at_utc": "2024-08-02T12:00:54", "latitude_start": 46.2031055, "longitude_start": 6.1554347, "latitude_end": 46.2037417, "longitude_end": 6.1432148, "distance_in_km": 0.94307771863794421, "start_station": null, "end_station": null }, "geometry": { "type": "LineString", "coordinates": [ [ 6.1554347, 46.2031055 ], [ 6.1432148, 46.2037417 ] ] } },
{ "type": "Feature", "properties": { "trip_id": "48855353", "rental_id": "14398198", "vehicle_type": "bike", "trip_started_at_utc": "2024-08-12T06:33:22", "trip_ended_at_utc": "2024-08-12T06:34:30", "latitude_start": 46.2048675, "longitude_start": 6.1435245, "latitude_end": 46.2057246, "longitude_end": 6.1428187, "distance_in_km": 0.1096961494755625, "start_station": null, "end_station": null }, "geometry": { "type": "LineString", "coordinates": [ [ 6.1435245, 46.2048675 ], [ 6.1428187, 46.2057246 ] ] } },
{ "type": "Feature", "properties": { "trip_id": "45801868", "rental_id": "13635804", "vehicle_type": "bike", "trip_started_at_utc": "2024-07-06T13:36:50", "trip_ended_at_utc": "2024-07-06T13:43:28", "latitude_start": 46.2076808, "longitude_start": 6.1460485, "latitude_end": 46.2006176, "longitude_end": 6.1595614, "distance_in_km": 1.3031743276989691, "start_station": null, "end_station": null }, "geometry": { "type": "LineString", "coordinates": [ [ 6.1460485, 46.2076808 ], [ 6.1595614, 46.2006176 ] ] } },
{ "type": "Feature", "properties": { "trip_id": "46283566", "rental_id": "13768242", "vehicle_type": "bike", "trip_started_at_utc": "2024-07-13T18:56:38", "trip_ended_at_utc": "2024-07-13T18:58:45", "latitude_start": 46.2013985, "longitude_start": 6.1529272, "latitude_end": 46.2014056, "longitude_end": 6.1530727, "distance_in_km": 0.011225616825133299, "start_station": null, "end_station": null }, "geometry": { "type": "LineString", "coordinates": [ [ 6.1529272, 46.2013985 ], [ 6.1530727, 46.2014056 ] ] } },
{ "type": "Feature", "properties": { "trip_id": "46350788", "rental_id": "13785537", "vehicle_type": "bike", "trip_started_at_utc": "2024-07-14T16:53:53", "trip_ended_at_utc": "2024-07-14T17:05:44", "latitude_start": 46.2093156, "longitude_start": 6.1425174, "latitude_end": 46.1948901, "longitude_end": 6.1485513, "distance_in_km": 1.6699097488243186, "start_station": null, "end_station": null }, "geometry": { "type": "LineString", "coordinates": [ [ 6.1425174, 46.2093156 ], [ 6.1485513, 46.1948901 ] ] } },
{ "type": "Feature", "properties": { "trip_id": "46651474", "rental_id": "13862065", "vehicle_type": "bike", "trip_started_at_utc": "2024-07-18T19:31:52", "trip_ended_at_utc": "2024-07-18T19:37:35", "latitude_start": 46.2014727, "longitude_start": 6.1530866, "latitude_end": 46.2065678, "longitude_end": 6.1619121, "distance_in_km": 0.88446230795617475, "start_station": null, "end_station": null }, "geometry": { "type": "LineString", "coordinates": [ [ 6.1530866, 46.2014727 ], [ 6.1619121, 46.2065678 ] ] } },
{ "type": "Feature", "properties": { "trip_id": "47595826", "rental_id": "14089800", "vehicle_type": "bike", "trip_started_at_utc": "2024-07-29T15:10:16", "trip_ended_at_utc": "2024-07-29T15:22:11", "latitude_start": 46.2112518, "longitude_start": 6.1524617, "latitude_end": 46.2043217, "longitude_end": 6.1460712, "distance_in_km": 0.91413543773416162, "start_station": null, "end_station": null }, "geometry": { "type": "LineString", "coordinates": [ [ 6.1524617, 46.2112518 ], [ 6.1460712, 46.2043217 ] ] } },
{ "type": "Feature", "properties": { "trip_id": "47548245", "rental_id": "14077687", "vehicle_type": "bike", "trip_started_at_utc": "2024-07-29T00:34:20", "trip_ended_at_utc": "2024-07-29T00:42:09", "latitude_start": 46.2105312, "longitude_start": 6.1470834, "latitude_end": 46.2012539, "longitude_end": 6.1557961, "distance_in_km": 1.2303357377425048, "start_station": null, "end_station": null }, "geometry": { "type": "LineString", "coordinates": [ [ 6.1470834, 46.2105312 ], [ 6.1557961, 46.2012539 ] ] } },
{ "type": "Feature", "properties": { "trip_id": "49622077", "rental_id": "14589448", "vehicle_type": "bike", "trip_started_at_utc": "2024-08-20T06:37:21", "trip_ended_at_utc": "2024-08-20T06:46:04", "latitude_start": 46.2028487, "longitude_start": 6.1593912, "latitude_end": 46.2056477, "longitude_end": 6.1428962, "distance_in_km": 1.3070031679297882, "start_station": null, "end_station": null }, "geometry": { "type": "LineString", "coordinates": [ [ 6.1593912, 46.2028487 ], [ 6.1428962, 46.2056477 ] ] } },
{ "type": "Feature", "properties": { "trip_id": "45890312", "rental_id": "13658955", "vehicle_type": "bike", "trip_started_at_utc": "2024-07-07T20:15:37", "trip_ended_at_utc": "2024-07-07T20:15:59", "latitude_start": 46.2032345, "longitude_start": 6.1588135, "latitude_end": 46.2032272, "longitude_end": 6.1588168, "distance_in_km": 0.00085052531373690005, "start_station": null, "end_station": null }, "geometry": { "type": "LineString", "coordinates": [ [ 6.1588135, 46.2032345 ], [ 6.1588168, 46.2032272 ] ] } },
{ "type": "Feature", "properties": { "trip_id": "53501834", "rental_id": "15756458", "vehicle_type": "bike", "trip_started_at_utc": "2024-10-16T22:49:54", "trip_ended_at_utc": "2024-10-16T22:56:40", "latitude_start": 46.2020738, "longitude_start": 6.1560322, "latitude_end": 46.2028047, "longitude_end": 6.1618151, "distance_in_km": 0.45240908810923353, "start_station": null, "end_station": null }, "geometry": { "type": "LineString", "coordinates": [ [ 6.1560322, 46.2020738 ], [ 6.1618151, 46.2028047 ] ] } },
{ "type": "Feature", "properties": { "trip_id": "48333284", "rental_id": "14267477", "vehicle_type": "bike", "trip_started_at_utc": "2024-08-06T16:00:21", "trip_ended_at_utc": "2024-08-06T16:12:09", "latitude_start": 46.20556, "longitude_start": 6.1429613, "latitude_end": 46.2028592, "longitude_end": 6.1617968, "distance_in_km": 1.4803073820876389, "start_station": null, "end_station": null }, "geometry": { "type": "LineString", "coordinates": [ [ 6.1429613, 46.20556 ], [ 6.1617968, 46.2028592 ] ] } },
{ "type": "Feature", "properties": { "trip_id": "48400190", "rental_id": "14284849", "vehicle_type": "bike", "trip_started_at_utc": "2024-08-07T12:00:27", "trip_ended_at_utc": "2024-08-07T12:03:09", "latitude_start": 46.2038209, "longitude_start": 6.1435047, "latitude_end": 46.202992, "longitude_end": 6.1482795, "distance_in_km": 0.37884291566396411, "start_station": null, "end_station": null }, "geometry": { "type": "LineString", "coordinates": [ [ 6.1435047, 46.2038209 ], [ 6.1482795, 46.202992 ] ] } },
{ "type": "Feature", "properties": { "trip_id": "48921348", "rental_id": "14414792", "vehicle_type": "bike", "trip_started_at_utc": "2024-08-12T17:48:34", "trip_ended_at_utc": "2024-08-12T18:20:37", "latitude_start": 46.2080465, "longitude_start": 6.1491537, "latitude_end": 46.2088195, "longitude_end": 6.1446495, "distance_in_km": 0.35710201757525639, "start_station": null, "end_station": null }, "geometry": { "type": "LineString", "coordinates": [ [ 6.1491537, 46.2080465 ], [ 6.1446495, 46.2088195 ] ] } },
{ "type": "Feature", "properties": { "trip_id": "50230014", "rental_id": "14759244", "vehicle_type": "bike", "trip_started_at_utc": "2024-08-27T15:56:55", "trip_ended_at_utc": "2024-08-27T16:08:09", "latitude_start": 46.2095504, "longitude_start": 6.1425067, "latitude_end": 46.2020077, "longitude_end": 6.153876, "distance_in_km": 1.2119926509187298, "start_station": null, "end_station": null }, "geometry": { "type": "LineString", "coordinates": [ [ 6.1425067, 46.2095504 ], [ 6.153876, 46.2020077 ] ] } },
{ "type": "Feature", "properties": { "trip_id": "50347627", "rental_id": "14795206", "vehicle_type": "bike", "trip_started_at_utc": "2024-08-29T06:25:07", "trip_ended_at_utc": "2024-08-29T06:26:27", "latitude_start": 46.2014379, "longitude_start": 6.1533442, "latitude_end": 46.2014068, "longitude_end": 6.1531472, "distance_in_km": 0.0155506940557647, "start_station": null, "end_station": null }, "geometry": { "type": "LineString", "coordinates": [ [ 6.1533442, 46.2014379 ], [ 6.1531472, 46.2014068 ] ] } },
{ "type": "Feature", "properties": { "trip_id": "54356345", "rental_id": "16026592", "vehicle_type": "bike", "trip_started_at_utc": "2024-11-01T17:45:21", "trip_ended_at_utc": "2024-11-01T17:53:08", "latitude_start": 46.201408, "longitude_start": 6.1531774, "latitude_end": 46.1937615, "longitude_end": 6.147073, "distance_in_km": 0.97142881552528437, "start_station": null, "end_station": null }, "geometry": { "type": "LineString", "coordinates": [ [ 6.1531774, 46.201408 ], [ 6.147073, 46.1937615 ] ] } },
{ "type": "Feature", "properties": { "trip_id": "45522385", "rental_id": "13547584", "vehicle_type": "bike", "trip_started_at_utc": "2024-07-01T14:30:38", "trip_ended_at_utc": "2024-07-01T15:07:04", "latitude_start": 46.2090411, "longitude_start": 6.1443215, "latitude_end": 46.2041774, "longitude_end": 6.149336, "distance_in_km": 0.66437373554293921, "start_station": null, "end_station": null }, "geometry": { "type": "LineString", "coordinates": [ [ 6.1443215, 46.2090411 ], [ 6.149336, 46.2041774 ] ] } },
{ "type": "Feature", "properties": { "trip_id": "45608934", "rental_id": "13575338", "vehicle_type": "bike", "trip_started_at_utc": "2024-07-03T07:08:18", "trip_ended_at_utc": "2024-07-03T07:15:45", "latitude_start": 46.2031977, "longitude_start": 6.1586971, "latitude_end": 46.2070228, "longitude_end": 6.1428495, "distance_in_km": 1.2916054677386726, "start_station": null, "end_station": null }, "geometry": { "type": "LineString", "coordinates": [ [ 6.1586971, 46.2031977 ], [ 6.1428495, 46.2070228 ] ] } },
{ "type": "Feature", "properties": { "trip_id": "46419034", "rental_id": "13803488", "vehicle_type": "bike", "trip_started_at_utc": "2024-07-15T16:15:00", "trip_ended_at_utc": "2024-07-15T16:24:42", "latitude_start": 46.2094896, "longitude_start": 6.1424664, "latitude_end": 46.2017232, "longitude_end": 6.1537453, "distance_in_km": 1.2243976717324534, "start_station": null, "end_station": null }, "geometry": { "type": "LineString", "coordinates": [ [ 6.1424664, 46.2094896 ], [ 6.1537453, 46.2017232 ] ] } },
{ "type": "Feature", "properties": { "trip_id": "49645451", "rental_id": "14593992", "vehicle_type": "bike", "trip_started_at_utc": "2024-08-20T11:44:55", "trip_ended_at_utc": "2024-08-20T11:56:26", "latitude_start": 46.20278, "longitude_start": 6.1613147, "latitude_end": 46.2057176, "longitude_end": 6.1429218, "distance_in_km": 1.4526633405848923, "start_station": null, "end_station": null }, "geometry": { "type": "LineString", "coordinates": [ [ 6.1613147, 46.20278 ], [ 6.1429218, 46.2057176 ] ] } },
{ "type": "Feature", "properties": { "trip_id": "52374913", "rental_id": "15400796", "vehicle_type": "bike", "trip_started_at_utc": "2024-09-25T17:40:59", "trip_ended_at_utc": "2024-09-25T17:47:17", "latitude_start": 46.2064879, "longitude_start": 6.1589465, "latitude_end": 46.2042305, "longitude_end": 6.1589978, "distance_in_km": 0.25104286428881312, "start_station": null, "end_station": null }, "geometry": { "type": "LineString", "coordinates": [ [ 6.1589465, 46.2064879 ], [ 6.1589978, 46.2042305 ] ] } },
{ "type": "Feature", "properties": { "trip_id": "45722940", "rental_id": "13612491", "vehicle_type": "bike", "trip_started_at_utc": "2024-07-05T10:22:16", "trip_ended_at_utc": "2024-07-05T10:30:30", "latitude_start": 46.2038696, "longitude_start": 6.1434479, "latitude_end": 46.2023852, "longitude_end": 6.1577323, "distance_in_km": 1.1116291522946564, "start_station": null, "end_station": null }, "geometry": { "type": "LineString", "coordinates": [ [ 6.1434479, 46.2038696 ], [ 6.1577323, 46.2023852 ] ] } },
{ "type": "Feature", "properties": { "trip_id": "47305648", "rental_id": "14022009", "vehicle_type": "bike", "trip_started_at_utc": "2024-07-26T13:18:31", "trip_ended_at_utc": "2024-07-26T13:28:48", "latitude_start": 46.2112368, "longitude_start": 6.1528379, "latitude_end": 46.2058245, "longitude_end": 6.1429368, "distance_in_km": 0.97091679845156442, "start_station": null, "end_station": null }, "geometry": { "type": "LineString", "coordinates": [ [ 6.1528379, 46.2112368 ], [ 6.1429368, 46.2058245 ] ] } },
{ "type": "Feature", "properties": { "trip_id": "49322780", "rental_id": "14518163", "vehicle_type": "bike", "trip_started_at_utc": "2024-08-17T01:40:50", "trip_ended_at_utc": "2024-08-17T01:46:38", "latitude_start": 46.2023348, "longitude_start": 6.1575938, "latitude_end": 46.2096002, "longitude_end": 6.1465077, "distance_in_km": 1.1749421902773831, "start_station": null, "end_station": null }, "geometry": { "type": "LineString", "coordinates": [ [ 6.1575938, 46.2023348 ], [ 6.1465077, 46.2096002 ] ] } },
{ "type": "Feature", "properties": { "trip_id": "49512774", "rental_id": "14561371", "vehicle_type": "bike", "trip_started_at_utc": "2024-08-18T18:02:52", "trip_ended_at_utc": "2024-08-18T18:21:38", "latitude_start": 46.1996305, "longitude_start": 6.1373577, "latitude_end": 46.1995877, "longitude_end": 6.1411351, "distance_in_km": 0.29076079230174429, "start_station": null, "end_station": null }, "geometry": { "type": "LineString", "coordinates": [ [ 6.1373577, 46.1996305 ], [ 6.1411351, 46.1995877 ] ] } },
{ "type": "Feature", "properties": { "trip_id": "51114824", "rental_id": "15022552", "vehicle_type": "bike", "trip_started_at_utc": "2024-09-07T11:54:22", "trip_ended_at_utc": "2024-09-07T12:12:14", "latitude_start": 46.2057952, "longitude_start": 6.1608371, "latitude_end": 46.1965135, "longitude_end": 6.1434137, "distance_in_km": 1.6921215784264063, "start_station": null, "end_station": null }, "geometry": { "type": "LineString", "coordinates": [ [ 6.1608371, 46.2057952 ], [ 6.1434137, 46.1965135 ] ] } },
{ "type": "Feature", "properties": { "trip_id": "47256808", "rental_id": "14009383", "vehicle_type": "bike", "trip_started_at_utc": "2024-07-25T19:04:35", "trip_ended_at_utc": "2024-07-25T19:15:30", "latitude_start": 46.2092696, "longitude_start": 6.1428193, "latitude_end": 46.2005021, "longitude_end": 6.1595688, "distance_in_km": 1.6161358160597372, "start_station": null, "end_station": null }, "geometry": { "type": "LineString", "coordinates": [ [ 6.1428193, 46.2092696 ], [ 6.1595688, 46.2005021 ] ] } },
{ "type": "Feature", "properties": { "trip_id": "47320031", "rental_id": "14025196", "vehicle_type": "bike", "trip_started_at_utc": "2024-07-26T15:39:00", "trip_ended_at_utc": "2024-07-26T15:45:52", "latitude_start": 46.2045781, "longitude_start": 6.1473677, "latitude_end": 46.2041373, "longitude_end": 6.1574411, "distance_in_km": 0.77676487990751997, "start_station": null, "end_station": null }, "geometry": { "type": "LineString", "coordinates": [ [ 6.1473677, 46.2045781 ], [ 6.1574411, 46.2041373 ] ] } },
{ "type": "Feature", "properties": { "trip_id": "47492692", "rental_id": "14065999", "vehicle_type": "bike", "trip_started_at_utc": "2024-07-28T12:06:36", "trip_ended_at_utc": "2024-07-28T12:19:06", "latitude_start": 46.2011007, "longitude_start": 6.1386853, "latitude_end": 46.2111869, "longitude_end": 6.1528069, "distance_in_km": 1.5616656028322904, "start_station": null, "end_station": null }, "geometry": { "type": "LineString", "coordinates": [ [ 6.1386853, 46.2011007 ], [ 6.1528069, 46.2111869 ] ] } },
{ "type": "Feature", "properties": { "trip_id": "48449383", "rental_id": "14296109", "vehicle_type": "bike", "trip_started_at_utc": "2024-08-07T19:10:08", "trip_ended_at_utc": "2024-08-07T19:16:28", "latitude_start": 46.2112871, "longitude_start": 6.1524522, "latitude_end": 46.2056444, "longitude_end": 6.1428187, "distance_in_km": 0.97119486446253478, "start_station": null, "end_station": null }, "geometry": { "type": "LineString", "coordinates": [ [ 6.1524522, 46.2112871 ], [ 6.1428187, 46.2056444 ] ] } },
{ "type": "Feature", "properties": { "trip_id": "49099931", "rental_id": "14460701", "vehicle_type": "bike", "trip_started_at_utc": "2024-08-14T16:33:45", "trip_ended_at_utc": "2024-08-14T16:36:05", "latitude_start": 46.2103052, "longitude_start": 6.1448629, "latitude_end": 46.2103512, "longitude_end": 6.1448057, "distance_in_km": 0.0067480179026956997, "start_station": null, "end_station": null }, "geometry": { "type": "LineString", "coordinates": [ [ 6.1448629, 46.2103052 ], [ 6.1448057, 46.2103512 ] ] } },
{ "type": "Feature", "properties": { "trip_id": "45986662", "rental_id": "13687285", "vehicle_type": "bike", "trip_started_at_utc": "2024-07-09T12:43:20", "trip_ended_at_utc": "2024-07-09T12:54:19", "latitude_start": 46.1999813, "longitude_start": 6.1619129, "latitude_end": 46.199865, "longitude_end": 6.1428244, "distance_in_km": 1.4691658618220702, "start_station": null, "end_station": null }, "geometry": { "type": "LineString", "coordinates": [ [ 6.1619129, 46.1999813 ], [ 6.1428244, 46.199865 ] ] } },
{ "type": "Feature", "properties": { "trip_id": "46587432", "rental_id": "13846092", "vehicle_type": "bike", "trip_started_at_utc": "2024-07-18T06:12:57", "trip_ended_at_utc": "2024-07-18T06:22:20", "latitude_start": 46.2115156, "longitude_start": 6.1496596, "latitude_end": 46.19973, "longitude_end": 6.1427078, "distance_in_km": 1.4154901269508724, "start_station": null, "end_station": null }, "geometry": { "type": "LineString", "coordinates": [ [ 6.1496596, 46.2115156 ], [ 6.1427078, 46.19973 ] ] } },
{ "type": "Feature", "properties": { "trip_id": "46927895", "rental_id": "13928634", "vehicle_type": "bike", "trip_started_at_utc": "2024-07-21T15:56:10", "trip_ended_at_utc": "2024-07-21T16:09:33", "latitude_start": 46.1994869, "longitude_start": 6.1517818, "latitude_end": 46.2017044, "longitude_end": 6.1438631, "distance_in_km": 0.65743144509116735, "start_station": null, "end_station": null }, "geometry": { "type": "LineString", "coordinates": [ [ 6.1517818, 46.1994869 ], [ 6.1438631, 46.2017044 ] ] } },
{ "type": "Feature", "properties": { "trip_id": "47150112", "rental_id": "13983584", "vehicle_type": "bike", "trip_started_at_utc": "2024-07-24T16:05:01", "trip_ended_at_utc": "2024-07-24T16:21:20", "latitude_start": 46.2026338, "longitude_start": 6.1613999, "latitude_end": 46.2102105, "longitude_end": 6.1432722, "distance_in_km": 1.6296660902200342, "start_station": null, "end_station": null }, "geometry": { "type": "LineString", "coordinates": [ [ 6.1613999, 46.2026338 ], [ 6.1432722, 46.2102105 ] ] } },
{ "type": "Feature", "properties": { "trip_id": "47274130", "rental_id": "14014279", "vehicle_type": "bike", "trip_started_at_utc": "2024-07-26T06:08:31", "trip_ended_at_utc": "2024-07-26T06:43:21", "latitude_start": 46.21112, "longitude_start": 6.1525017, "latitude_end": 46.1968808, "longitude_end": 6.1452003, "distance_in_km": 1.680077076597198, "start_station": null, "end_station": null }, "geometry": { "type": "LineString", "coordinates": [ [ 6.1525017, 46.21112 ], [ 6.1452003, 46.1968808 ] ] } },
{ "type": "Feature", "properties": { "trip_id": "47585534", "rental_id": "14087473", "vehicle_type": "bike", "trip_started_at_utc": "2024-07-29T13:37:27", "trip_ended_at_utc": "2024-07-29T13:41:02", "latitude_start": 46.1994591, "longitude_start": 6.151874, "latitude_end": 46.202618, "longitude_end": 6.1502104, "distance_in_km": 0.3738609287035255, "start_station": null, "end_station": null }, "geometry": { "type": "LineString", "coordinates": [ [ 6.151874, 46.1994591 ], [ 6.1502104, 46.202618 ] ] } },
{ "type": "Feature", "properties": { "trip_id": "46766643", "rental_id": "13886183", "vehicle_type": "bike", "trip_started_at_utc": "2024-07-20T07:41:40", "trip_ended_at_utc": "2024-07-20T07:51:44", "latitude_start": 46.2024263, "longitude_start": 6.1608406, "latitude_end": 46.2081522, "longitude_end": 6.1487905, "distance_in_km": 1.12485657621616, "start_station": null, "end_station": null }, "geometry": { "type": "LineString", "coordinates": [ [ 6.1608406, 46.2024263 ], [ 6.1487905, 46.2081522 ] ] } },
{ "type": "Feature", "properties": { "trip_id": "47454773", "rental_id": "14056107", "vehicle_type": "bike", "trip_started_at_utc": "2024-07-27T22:17:57", "trip_ended_at_utc": "2024-07-27T22:26:41", "latitude_start": 46.2052521, "longitude_start": 6.1591374, "latitude_end": 46.2015786, "longitude_end": 6.1538871, "distance_in_km": 0.57455296138190903, "start_station": null, "end_station": null }, "geometry": { "type": "LineString", "coordinates": [ [ 6.1591374, 46.2052521 ], [ 6.1538871, 46.2015786 ] ] } },
{ "type": "Feature", "properties": { "trip_id": "48886140", "rental_id": "14406294", "vehicle_type": "bike", "trip_started_at_utc": "2024-08-12T13:00:10", "trip_ended_at_utc": "2024-08-12T13:09:32", "latitude_start": 46.2047134, "longitude_start": 6.1469937, "latitude_end": 46.2031673, "longitude_end": 6.1588251, "distance_in_km": 0.92660219696513735, "start_station": null, "end_station": null }, "geometry": { "type": "LineString", "coordinates": [ [ 6.1469937, 46.2047134 ], [ 6.1588251, 46.2031673 ] ] } },
{ "type": "Feature", "properties": { "trip_id": "48948899", "rental_id": "14422668", "vehicle_type": "bike", "trip_started_at_utc": "2024-08-13T06:57:40", "trip_ended_at_utc": "2024-08-13T07:00:44", "latitude_start": 46.202874, "longitude_start": 6.1572163, "latitude_end": 46.2054729, "longitude_end": 6.1625794, "distance_in_km": 0.50384238240538526, "start_station": null, "end_station": null }, "geometry": { "type": "LineString", "coordinates": [ [ 6.1572163, 46.202874 ], [ 6.1625794, 46.2054729 ] ] } },
{ "type": "Feature", "properties": { "trip_id": "50347294", "rental_id": "14795038", "vehicle_type": "bike", "trip_started_at_utc": "2024-08-29T06:18:59", "trip_ended_at_utc": "2024-08-29T06:24:06", "latitude_start": 46.1949231, "longitude_start": 6.1485388, "latitude_end": 46.2013523, "longitude_end": 6.1533154, "distance_in_km": 0.80388438055753297, "start_station": null, "end_station": null }, "geometry": { "type": "LineString", "coordinates": [ [ 6.1485388, 46.1949231 ], [ 6.1533154, 46.2013523 ] ] } },
{ "type": "Feature", "properties": { "trip_id": "51918459", "rental_id": "15264386", "vehicle_type": "bike", "trip_started_at_utc": "2024-09-19T10:22:51", "trip_ended_at_utc": "2024-09-19T10:30:36", "latitude_start": 46.2012252, "longitude_start": 6.1557549, "latitude_end": 46.2023313, "longitude_end": 6.1563942, "distance_in_km": 0.13246876383427439, "start_station": null, "end_station": null }, "geometry": { "type": "LineString", "coordinates": [ [ 6.1557549, 46.2012252 ], [ 6.1563942, 46.2023313 ] ] } },
{ "type": "Feature", "properties": { "trip_id": "52264799", "rental_id": "15364865", "vehicle_type": "bike", "trip_started_at_utc": "2024-09-23T15:55:35", "trip_ended_at_utc": "2024-09-23T16:09:22", "latitude_start": 46.2093145, "longitude_start": 6.1426294, "latitude_end": 46.2031732, "longitude_end": 6.1586773, "distance_in_km": 1.4111830107572267, "start_station": null, "end_station": null }, "geometry": { "type": "LineString", "coordinates": [ [ 6.1426294, 46.2093145 ], [ 6.1586773, 46.2031732 ] ] } },
{ "type": "Feature", "properties": { "trip_id": "52363571", "rental_id": "15398882", "vehicle_type": "bike", "trip_started_at_utc": "2024-09-25T14:58:15", "trip_ended_at_utc": "2024-09-25T15:08:45", "latitude_start": 46.2055241, "longitude_start": 6.1623143, "latitude_end": 46.2092931, "longitude_end": 6.1425077, "distance_in_km": 1.5807369850852466, "start_station": null, "end_station": null }, "geometry": { "type": "LineString", "coordinates": [ [ 6.1623143, 46.2055241 ], [ 6.1425077, 46.2092931 ] ] } },
{ "type": "Feature", "properties": { "trip_id": "47235164", "rental_id": "14004272", "vehicle_type": "bike", "trip_started_at_utc": "2024-07-25T15:36:28", "trip_ended_at_utc": "2024-07-25T15:46:06", "latitude_start": 46.2113168, "longitude_start": 6.1527694, "latitude_end": 46.2063434, "longitude_end": 6.1447219, "distance_in_km": 0.83024760849903323, "start_station": null, "end_station": null }, "geometry": { "type": "LineString", "coordinates": [ [ 6.1527694, 46.2113168 ], [ 6.1447219, 46.2063434 ] ] } },
{ "type": "Feature", "properties": { "trip_id": "52765660", "rental_id": "15532880", "vehicle_type": "bike", "trip_started_at_utc": "2024-10-03T16:00:05", "trip_ended_at_utc": "2024-10-03T16:11:28", "latitude_start": 46.2078365, "longitude_start": 6.1410143, "latitude_end": 46.2027109, "longitude_end": 6.1608967, "distance_in_km": 1.6327644453059431, "start_station": null, "end_station": null }, "geometry": { "type": "LineString", "coordinates": [ [ 6.1410143, 46.2078365 ], [ 6.1608967, 46.2027109 ] ] } },
{ "type": "Feature", "properties": { "trip_id": "48463065", "rental_id": "14299687", "vehicle_type": "bike", "trip_started_at_utc": "2024-08-08T04:36:39", "trip_ended_at_utc": "2024-08-08T04:44:08", "latitude_start": 46.208187, "longitude_start": 6.1393137, "latitude_end": 46.2112237, "longitude_end": 6.1525904, "distance_in_km": 1.0759892613534623, "start_station": null, "end_station": null }, "geometry": { "type": "LineString", "coordinates": [ [ 6.1393137, 46.208187 ], [ 6.1525904, 46.2112237 ] ] } },
{ "type": "Feature", "properties": { "trip_id": "49590682", "rental_id": "14580850", "vehicle_type": "bike", "trip_started_at_utc": "2024-08-19T16:29:27", "trip_ended_at_utc": "2024-08-19T16:36:19", "latitude_start": 46.207802, "longitude_start": 6.1465511, "latitude_end": 46.2038934, "longitude_end": 6.1434251, "distance_in_km": 0.49675089038680281, "start_station": null, "end_station": null }, "geometry": { "type": "LineString", "coordinates": [ [ 6.1465511, 46.207802 ], [ 6.1434251, 46.2038934 ] ] } },
{ "type": "Feature", "properties": { "trip_id": "51494191", "rental_id": "15138670", "vehicle_type": "bike", "trip_started_at_utc": "2024-09-13T10:28:38", "trip_ended_at_utc": "2024-09-13T10:32:03", "latitude_start": 46.2022763, "longitude_start": 6.1564326, "latitude_end": 46.2019016, "longitude_end": 6.1621441, "distance_in_km": 0.4415273128559839, "start_station": null, "end_station": null }, "geometry": { "type": "LineString", "coordinates": [ [ 6.1564326, 46.2022763 ], [ 6.1621441, 46.2019016 ] ] } },
{ "type": "Feature", "properties": { "trip_id": "45565355", "rental_id": "13561536", "vehicle_type": "bike", "trip_started_at_utc": "2024-07-02T11:29:57", "trip_ended_at_utc": "2024-07-02T11:40:09", "latitude_start": 46.2092735, "longitude_start": 6.1425725, "latitude_end": 46.2111747, "longitude_end": 6.1527172, "distance_in_km": 0.80873984256860931, "start_station": null, "end_station": null }, "geometry": { "type": "LineString", "coordinates": [ [ 6.1425725, 46.2092735 ], [ 6.1527172, 46.2111747 ] ] } },
{ "type": "Feature", "properties": { "trip_id": "46867973", "rental_id": "13914553", "vehicle_type": "bike", "trip_started_at_utc": "2024-07-20T23:42:57", "trip_ended_at_utc": "2024-07-20T23:51:23", "latitude_start": 46.2034263, "longitude_start": 6.160947, "latitude_end": 46.1959863, "longitude_end": 6.1479035, "distance_in_km": 1.3008339577835255, "start_station": null, "end_station": null }, "geometry": { "type": "LineString", "coordinates": [ [ 6.160947, 46.2034263 ], [ 6.1479035, 46.1959863 ] ] } },
{ "type": "Feature", "properties": { "trip_id": "46962616", "rental_id": "13936935", "vehicle_type": "bike", "trip_started_at_utc": "2024-07-22T07:38:59", "trip_ended_at_utc": "2024-07-22T07:42:32", "latitude_start": 46.2005591, "longitude_start": 6.1594191, "latitude_end": 46.2019284, "longitude_end": 6.1550094, "distance_in_km": 0.37196618268148329, "start_station": null, "end_station": null }, "geometry": { "type": "LineString", "coordinates": [ [ 6.1594191, 46.2005591 ], [ 6.1550094, 46.2019284 ] ] } },
{ "type": "Feature", "properties": { "trip_id": "47590085", "rental_id": "14088485", "vehicle_type": "bike", "trip_started_at_utc": "2024-07-29T14:21:56", "trip_ended_at_utc": "2024-07-29T14:40:32", "latitude_start": 46.2093995, "longitude_start": 6.1424456, "latitude_end": 46.2032647, "longitude_end": 6.148942, "distance_in_km": 0.84573413469889025, "start_station": null, "end_station": null }, "geometry": { "type": "LineString", "coordinates": [ [ 6.1424456, 46.2093995 ], [ 6.148942, 46.2032647 ] ] } },
{ "type": "Feature", "properties": { "trip_id": "48159053", "rental_id": "14224535", "vehicle_type": "bike", "trip_started_at_utc": "2024-08-04T16:30:33", "trip_ended_at_utc": "2024-08-04T16:32:42", "latitude_start": 46.2106122, "longitude_start": 6.1434086, "latitude_end": 46.2105355, "longitude_end": 6.1433972, "distance_in_km": 0.0085736578477972995, "start_station": null, "end_station": null }, "geometry": { "type": "LineString", "coordinates": [ [ 6.1434086, 46.2106122 ], [ 6.1433972, 46.2105355 ] ] } },
{ "type": "Feature", "properties": { "trip_id": "50325946", "rental_id": "14788134", "vehicle_type": "bike", "trip_started_at_utc": "2024-08-28T18:14:13", "trip_ended_at_utc": "2024-08-28T18:20:42", "latitude_start": 46.203131, "longitude_start": 6.15146, "latitude_end": 46.203237, "longitude_end": 6.1513058, "distance_in_km": 0.016725771701534501, "start_station": null, "end_station": null }, "geometry": { "type": "LineString", "coordinates": [ [ 6.15146, 46.203131 ], [ 6.1513058, 46.203237 ] ] } },
{ "type": "Feature", "properties": { "trip_id": "50539236", "rental_id": "14851720", "vehicle_type": "bike", "trip_started_at_utc": "2024-08-31T09:33:01", "trip_ended_at_utc": "2024-08-31T09:38:57", "latitude_start": 46.2006656, "longitude_start": 6.143649, "latitude_end": 46.1971831, "longitude_end": 6.14295, "distance_in_km": 0.39095611979019318, "start_station": null, "end_station": null }, "geometry": { "type": "LineString", "coordinates": [ [ 6.143649, 46.2006656 ], [ 6.14295, 46.1971831 ] ] } },
{ "type": "Feature", "properties": { "trip_id": "45526275", "rental_id": "13548757", "vehicle_type": "bike", "trip_started_at_utc": "2024-07-01T15:18:02", "trip_ended_at_utc": "2024-07-01T15:29:43", "latitude_start": 46.2019571, "longitude_start": 6.1505978, "latitude_end": 46.2087891, "longitude_end": 6.1446026, "distance_in_km": 0.88880652808787441, "start_station": null, "end_station": null }, "geometry": { "type": "LineString", "coordinates": [ [ 6.1505978, 46.2019571 ], [ 6.1446026, 46.2087891 ] ] } },
{ "type": "Feature", "properties": { "trip_id": "46077239", "rental_id": "13712357", "vehicle_type": "bike", "trip_started_at_utc": "2024-07-10T16:52:45", "trip_ended_at_utc": "2024-07-10T17:06:12", "latitude_start": 46.2032083, "longitude_start": 6.1587727, "latitude_end": 46.2038775, "longitude_end": 6.1436077, "distance_in_km": 1.1694374003939605, "start_station": null, "end_station": null }, "geometry": { "type": "LineString", "coordinates": [ [ 6.1587727, 46.2032083 ], [ 6.1436077, 46.2038775 ] ] } },
{ "type": "Feature", "properties": { "trip_id": "49429250", "rental_id": "14541848", "vehicle_type": "bike", "trip_started_at_utc": "2024-08-17T21:10:35", "trip_ended_at_utc": "2024-08-17T21:27:46", "latitude_start": 46.2022516, "longitude_start": 6.156444, "latitude_end": 46.201257, "longitude_end": 6.1398948, "distance_in_km": 1.2784269214879127, "start_station": null, "end_station": null }, "geometry": { "type": "LineString", "coordinates": [ [ 6.156444, 46.2022516 ], [ 6.1398948, 46.201257 ] ] } },
{ "type": "Feature", "properties": { "trip_id": "50182856", "rental_id": "14744845", "vehicle_type": "bike", "trip_started_at_utc": "2024-08-27T05:48:46", "trip_ended_at_utc": "2024-08-27T05:58:09", "latitude_start": 46.2093036, "longitude_start": 6.1424504, "latitude_end": 46.1997698, "longitude_end": 6.1427695, "distance_in_km": 1.0603962395892774, "start_station": null, "end_station": null }, "geometry": { "type": "LineString", "coordinates": [ [ 6.1424504, 46.2093036 ], [ 6.1427695, 46.1997698 ] ] } },
{ "type": "Feature", "properties": { "trip_id": "46162564", "rental_id": "13730616", "vehicle_type": "bike", "trip_started_at_utc": "2024-07-11T20:48:47", "trip_ended_at_utc": "2024-07-11T21:04:22", "latitude_start": 46.2113009, "longitude_start": 6.15296, "latitude_end": 46.2031046, "longitude_end": 6.1556307, "distance_in_km": 0.93427322435967897, "start_station": null, "end_station": null }, "geometry": { "type": "LineString", "coordinates": [ [ 6.15296, 46.2113009 ], [ 6.1556307, 46.2031046 ] ] } },
{ "type": "Feature", "properties": { "trip_id": "47833610", "rental_id": "14148398", "vehicle_type": "bike", "trip_started_at_utc": "2024-08-01T10:43:02", "trip_ended_at_utc": "2024-08-01T10:56:50", "latitude_start": 46.2013904, "longitude_start": 6.1371096, "latitude_end": 46.210809, "longitude_end": 6.1510312, "distance_in_km": 1.4981942144551663, "start_station": null, "end_station": null }, "geometry": { "type": "LineString", "coordinates": [ [ 6.1371096, 46.2013904 ], [ 6.1510312, 46.210809 ] ] } },
{ "type": "Feature", "properties": { "trip_id": "48079991", "rental_id": "14206003", "vehicle_type": "bike", "trip_started_at_utc": "2024-08-03T17:27:33", "trip_ended_at_utc": "2024-08-03T17:46:32", "latitude_start": 46.2111836, "longitude_start": 6.1527753, "latitude_end": 46.2016079, "longitude_end": 6.1394788, "distance_in_km": 1.4767237961626962, "start_station": null, "end_station": null }, "geometry": { "type": "LineString", "coordinates": [ [ 6.1527753, 46.2111836 ], [ 6.1394788, 46.2016079 ] ] } },
{ "type": "Feature", "properties": { "trip_id": "48961270", "rental_id": "14426430", "vehicle_type": "bike", "trip_started_at_utc": "2024-08-13T09:50:15", "trip_ended_at_utc": "2024-08-13T10:01:13", "latitude_start": 46.2057049, "longitude_start": 6.1428987, "latitude_end": 46.2024177, "longitude_end": 6.1608204, "distance_in_km": 1.426818332804725, "start_station": null, "end_station": null }, "geometry": { "type": "LineString", "coordinates": [ [ 6.1428987, 46.2057049 ], [ 6.1608204, 46.2024177 ] ] } },
{ "type": "Feature", "properties": { "trip_id": "51590217", "rental_id": "15166479", "vehicle_type": "bike", "trip_started_at_utc": "2024-09-14T13:55:30", "trip_ended_at_utc": "2024-09-14T14:05:16", "latitude_start": 46.2112838, "longitude_start": 6.1526113, "latitude_end": 46.2065383, "longitude_end": 6.1449917, "distance_in_km": 0.78881373612168626, "start_station": null, "end_station": null }, "geometry": { "type": "LineString", "coordinates": [ [ 6.1526113, 46.2112838 ], [ 6.1449917, 46.2065383 ] ] } },
{ "type": "Feature", "properties": { "trip_id": "45534935", "rental_id": "13551259", "vehicle_type": "bike", "trip_started_at_utc": "2024-07-01T17:09:31", "trip_ended_at_utc": "2024-07-01T17:16:48", "latitude_start": 46.2088818, "longitude_start": 6.1445023, "latitude_end": 46.2006151, "longitude_end": 6.1594088, "distance_in_km": 1.4700031751122085, "start_station": null, "end_station": null }, "geometry": { "type": "LineString", "coordinates": [ [ 6.1445023, 46.2088818 ], [ 6.1594088, 46.2006151 ] ] } },
{ "type": "Feature", "properties": { "trip_id": "45732230", "rental_id": "13615168", "vehicle_type": "bike", "trip_started_at_utc": "2024-07-05T12:48:45", "trip_ended_at_utc": "2024-07-05T12:56:16", "latitude_start": 46.2037339, "longitude_start": 6.1435896, "latitude_end": 46.20324, "longitude_end": 6.1588183, "distance_in_km": 1.1732570594856129, "start_station": null, "end_station": null }, "geometry": { "type": "LineString", "coordinates": [ [ 6.1435896, 46.2037339 ], [ 6.1588183, 46.20324 ] ] } },
{ "type": "Feature", "properties": { "trip_id": "46042426", "rental_id": "13703364", "vehicle_type": "bike", "trip_started_at_utc": "2024-07-10T09:20:07", "trip_ended_at_utc": "2024-07-10T10:10:44", "latitude_start": 46.2091146, "longitude_start": 6.1480243, "latitude_end": 46.2115765, "longitude_end": 6.1494374, "distance_in_km": 0.29455595819797842, "start_station": null, "end_station": null }, "geometry": { "type": "LineString", "coordinates": [ [ 6.1480243, 46.2091146 ], [ 6.1494374, 46.2115765 ] ] } },
{ "type": "Feature", "properties": { "trip_id": "46141382", "rental_id": "13730351", "vehicle_type": "bike", "trip_started_at_utc": "2024-07-11T16:02:14", "trip_ended_at_utc": "2024-07-11T16:10:38", "latitude_start": 46.2057288, "longitude_start": 6.1427284, "latitude_end": 46.2052049, "longitude_end": 6.158117, "distance_in_km": 1.1856658851455806, "start_station": null, "end_station": null }, "geometry": { "type": "LineString", "coordinates": [ [ 6.1427284, 46.2057288 ], [ 6.158117, 46.2052049 ] ] } },
{ "type": "Feature", "properties": { "trip_id": "46838541", "rental_id": "13907700", "vehicle_type": "bike", "trip_started_at_utc": "2024-07-20T17:37:46", "trip_ended_at_utc": "2024-07-20T17:50:05", "latitude_start": 46.2113876, "longitude_start": 6.1497021, "latitude_end": 46.2014715, "longitude_end": 6.1529419, "distance_in_km": 1.1304569150252697, "start_station": null, "end_station": null }, "geometry": { "type": "LineString", "coordinates": [ [ 6.1497021, 46.2113876 ], [ 6.1529419, 46.2014715 ] ] } },
{ "type": "Feature", "properties": { "trip_id": "48067667", "rental_id": "14203422", "vehicle_type": "bike", "trip_started_at_utc": "2024-08-03T15:42:23", "trip_ended_at_utc": "2024-08-03T15:45:09", "latitude_start": 46.2034399, "longitude_start": 6.1491187, "latitude_end": 46.2044001, "longitude_end": 6.1461271, "distance_in_km": 0.25377881588183498, "start_station": null, "end_station": null }, "geometry": { "type": "LineString", "coordinates": [ [ 6.1491187, 46.2034399 ], [ 6.1461271, 46.2044001 ] ] } },
{ "type": "Feature", "properties": { "trip_id": "48370907", "rental_id": "14276854", "vehicle_type": "bike", "trip_started_at_utc": "2024-08-07T05:16:50", "trip_ended_at_utc": "2024-08-07T05:25:24", "latitude_start": 46.2092684, "longitude_start": 6.1426038, "latitude_end": 46.2054351, "longitude_end": 6.1624933, "distance_in_km": 1.5887937117039692, "start_station": null, "end_station": null }, "geometry": { "type": "LineString", "coordinates": [ [ 6.1426038, 46.2092684 ], [ 6.1624933, 46.2054351 ] ] } },
{ "type": "Feature", "properties": { "trip_id": "54519350", "rental_id": "16076207", "vehicle_type": "bike", "trip_started_at_utc": "2024-11-05T11:18:54", "trip_ended_at_utc": "2024-11-05T11:25:38", "latitude_start": 46.2013944, "longitude_start": 6.1534251, "latitude_end": 46.2018308, "longitude_end": 6.1622202, "distance_in_km": 0.67861397822513281, "start_station": null, "end_station": null }, "geometry": { "type": "LineString", "coordinates": [ [ 6.1534251, 46.2013944 ], [ 6.1622202, 46.2018308 ] ] } },
{ "type": "Feature", "properties": { "trip_id": "47691105", "rental_id": "14112760", "vehicle_type": "bike", "trip_started_at_utc": "2024-07-30T15:57:21", "trip_ended_at_utc": "2024-07-30T16:02:29", "latitude_start": 46.2102848, "longitude_start": 6.1448568, "latitude_end": 46.2110374, "longitude_end": 6.1524117, "distance_in_km": 0.58732695276615421, "start_station": null, "end_station": null }, "geometry": { "type": "LineString", "coordinates": [ [ 6.1448568, 46.2102848 ], [ 6.1524117, 46.2110374 ] ] } },
{ "type": "Feature", "properties": { "trip_id": "49099391", "rental_id": "14460569", "vehicle_type": "bike", "trip_started_at_utc": "2024-08-14T16:29:17", "trip_ended_at_utc": "2024-08-14T16:39:53", "latitude_start": 46.2057843, "longitude_start": 6.1608046, "latitude_end": 46.2094861, "longitude_end": 6.1426271, "distance_in_km": 1.4581056238878518, "start_station": null, "end_station": null }, "geometry": { "type": "LineString", "coordinates": [ [ 6.1608046, 46.2057843 ], [ 6.1426271, 46.2094861 ] ] } },
{ "type": "Feature", "properties": { "trip_id": "51057960", "rental_id": "15004302", "vehicle_type": "bike", "trip_started_at_utc": "2024-09-06T16:56:19", "trip_ended_at_utc": "2024-09-06T16:58:20", "latitude_start": 46.2029548, "longitude_start": 6.1453989, "latitude_end": 46.2041372, "longitude_end": 6.143472, "distance_in_km": 0.1981823336497566, "start_station": null, "end_station": null }, "geometry": { "type": "LineString", "coordinates": [ [ 6.1453989, 46.2029548 ], [ 6.143472, 46.2041372 ] ] } },
{ "type": "Feature", "properties": { "trip_id": "52288207", "rental_id": "15372586", "vehicle_type": "bike", "trip_started_at_utc": "2024-09-24T06:16:40", "trip_ended_at_utc": "2024-09-24T06:25:09", "latitude_start": 46.1942309, "longitude_start": 6.1485042, "latitude_end": 46.2012467, "longitude_end": 6.155824, "distance_in_km": 0.96228076399739138, "start_station": null, "end_station": null }, "geometry": { "type": "LineString", "coordinates": [ [ 6.1485042, 46.1942309 ], [ 6.155824, 46.2012467 ] ] } },
{ "type": "Feature", "properties": { "trip_id": "45566078", "rental_id": "13561765", "vehicle_type": "bike", "trip_started_at_utc": "2024-07-02T11:42:53", "trip_ended_at_utc": "2024-07-02T11:49:51", "latitude_start": 46.2031982, "longitude_start": 6.158653, "latitude_end": 46.207759, "longitude_end": 6.146571, "distance_in_km": 1.0590883583406847, "start_station": null, "end_station": null }, "geometry": { "type": "LineString", "coordinates": [ [ 6.158653, 46.2031982 ], [ 6.146571, 46.207759 ] ] } },
{ "type": "Feature", "properties": { "trip_id": "45903616", "rental_id": "13663657", "vehicle_type": "bike", "trip_started_at_utc": "2024-07-08T08:33:39", "trip_ended_at_utc": "2024-07-08T08:36:51", "latitude_start": 46.2036503, "longitude_start": 6.1490766, "latitude_end": 46.2068757, "longitude_end": 6.1462907, "distance_in_km": 0.41784226299905308, "start_station": null, "end_station": null }, "geometry": { "type": "LineString", "coordinates": [ [ 6.1490766, 46.2036503 ], [ 6.1462907, 46.2068757 ] ] } },
{ "type": "Feature", "properties": { "trip_id": "46018122", "rental_id": "13695638", "vehicle_type": "bike", "trip_started_at_utc": "2024-07-09T18:26:50", "trip_ended_at_utc": "2024-07-09T18:35:40", "latitude_start": 46.2094911, "longitude_start": 6.1424441, "latitude_end": 46.1968481, "longitude_end": 6.1450439, "distance_in_km": 1.4200055774123761, "start_station": null, "end_station": null }, "geometry": { "type": "LineString", "coordinates": [ [ 6.1424441, 46.2094911 ], [ 6.1450439, 46.1968481 ] ] } },
{ "type": "Feature", "properties": { "trip_id": "46089508", "rental_id": "13715476", "vehicle_type": "bike", "trip_started_at_utc": "2024-07-10T19:36:08", "trip_ended_at_utc": "2024-07-10T19:43:32", "latitude_start": 46.2037947, "longitude_start": 6.1430269, "latitude_end": 46.2032116, "longitude_end": 6.1587699, "distance_in_km": 1.2132838616529105, "start_station": null, "end_station": null }, "geometry": { "type": "LineString", "coordinates": [ [ 6.1430269, 46.2037947 ], [ 6.1587699, 46.2032116 ] ] } },
{ "type": "Feature", "properties": { "trip_id": "46560369", "rental_id": "13839017", "vehicle_type": "bike", "trip_started_at_utc": "2024-07-17T16:36:31", "trip_ended_at_utc": "2024-07-17T16:42:31", "latitude_start": 46.2068885, "longitude_start": 6.1463844, "latitude_end": 46.2005895, "longitude_end": 6.1593955, "distance_in_km": 1.2219637720953891, "start_station": null, "end_station": null }, "geometry": { "type": "LineString", "coordinates": [ [ 6.1463844, 46.2068885 ], [ 6.1593955, 46.2005895 ] ] } },
{ "type": "Feature", "properties": { "trip_id": "47174456", "rental_id": "13989028", "vehicle_type": "bike", "trip_started_at_utc": "2024-07-24T20:27:58", "trip_ended_at_utc": "2024-07-24T20:41:45", "latitude_start": 46.209954, "longitude_start": 6.1501482, "latitude_end": 46.2015706, "longitude_end": 6.1394832, "distance_in_km": 1.242002807547276, "start_station": null, "end_station": null }, "geometry": { "type": "LineString", "coordinates": [ [ 6.1501482, 46.209954 ], [ 6.1394832, 46.2015706 ] ] } },
{ "type": "Feature", "properties": { "trip_id": "47694882", "rental_id": "14113702", "vehicle_type": "bike", "trip_started_at_utc": "2024-07-30T16:25:46", "trip_ended_at_utc": "2024-07-30T16:30:18", "latitude_start": 46.2027706, "longitude_start": 6.1415543, "latitude_end": 46.2070343, "longitude_end": 6.1429143, "distance_in_km": 0.48551724752270381, "start_station": null, "end_station": null }, "geometry": { "type": "LineString", "coordinates": [ [ 6.1415543, 46.2027706 ], [ 6.1429143, 46.2070343 ] ] } },
{ "type": "Feature", "properties": { "trip_id": "49007931", "rental_id": "14437360", "vehicle_type": "bike", "trip_started_at_utc": "2024-08-13T16:28:42", "trip_ended_at_utc": "2024-08-13T16:37:39", "latitude_start": 46.2053453, "longitude_start": 6.1624633, "latitude_end": 46.2078001, "longitude_end": 6.1465594, "distance_in_km": 1.2539345954240328, "start_station": null, "end_station": null }, "geometry": { "type": "LineString", "coordinates": [ [ 6.1624633, 46.2053453 ], [ 6.1465594, 46.2078001 ] ] } },
{ "type": "Feature", "properties": { "trip_id": "50260049", "rental_id": "14768155", "vehicle_type": "bike", "trip_started_at_utc": "2024-08-28T05:17:20", "trip_ended_at_utc": "2024-08-28T05:24:42", "latitude_start": 46.2093204, "longitude_start": 6.1426117, "latitude_end": 46.2044728, "longitude_end": 6.1589965, "distance_in_km": 1.3712514357470007, "start_station": null, "end_station": null }, "geometry": { "type": "LineString", "coordinates": [ [ 6.1426117, 46.2093204 ], [ 6.1589965, 46.2044728 ] ] } },
{ "type": "Feature", "properties": { "trip_id": "50393389", "rental_id": "14809023", "vehicle_type": "bike", "trip_started_at_utc": "2024-08-29T15:26:35", "trip_ended_at_utc": "2024-08-29T15:30:12", "latitude_start": 46.2067373, "longitude_start": 6.1425585, "latitude_end": 46.2035613, "longitude_end": 6.1440186, "distance_in_km": 0.37060000045160701, "start_station": null, "end_station": null }, "geometry": { "type": "LineString", "coordinates": [ [ 6.1425585, 46.2067373 ], [ 6.1440186, 46.2035613 ] ] } },
{ "type": "Feature", "properties": { "trip_id": "48948209", "rental_id": "14422668", "vehicle_type": "bike", "trip_started_at_utc": "2024-08-13T06:48:09", "trip_ended_at_utc": "2024-08-13T06:54:50", "latitude_start": 46.2093335, "longitude_start": 6.1425245, "latitude_end": 46.2029066, "longitude_end": 6.157187, "distance_in_km": 1.3356154190571294, "start_station": null, "end_station": null }, "geometry": { "type": "LineString", "coordinates": [ [ 6.1425245, 46.2093335 ], [ 6.157187, 46.2029066 ] ] } },
{ "type": "Feature", "properties": { "trip_id": "49059090", "rental_id": "14450525", "vehicle_type": "bike", "trip_started_at_utc": "2024-08-14T10:40:04", "trip_ended_at_utc": "2024-08-14T10:45:06", "latitude_start": 46.2029198, "longitude_start": 6.145251, "latitude_end": 46.2015774, "longitude_end": 6.153166, "distance_in_km": 0.62715907065098642, "start_station": null, "end_station": null }, "geometry": { "type": "LineString", "coordinates": [ [ 6.145251, 46.2029198 ], [ 6.153166, 46.2015774 ] ] } },
{ "type": "Feature", "properties": { "trip_id": "49553038", "rental_id": "14572097", "vehicle_type": "bike", "trip_started_at_utc": "2024-08-19T11:12:24", "trip_ended_at_utc": "2024-08-19T11:57:05", "latitude_start": 46.2003881, "longitude_start": 6.1470271, "latitude_end": 46.1986854, "longitude_end": 6.1473141, "distance_in_km": 0.1906160324086382, "start_station": null, "end_station": null }, "geometry": { "type": "LineString", "coordinates": [ [ 6.1470271, 46.2003881 ], [ 6.1473141, 46.1986854 ] ] } },
{ "type": "Feature", "properties": { "trip_id": "50758754", "rental_id": "14913195", "vehicle_type": "bike", "trip_started_at_utc": "2024-09-02T19:14:10", "trip_ended_at_utc": "2024-09-02T19:24:38", "latitude_start": 46.1965582, "longitude_start": 6.1426317, "latitude_end": 46.1966576, "longitude_end": 6.1444473, "distance_in_km": 0.1401789458523805, "start_station": null, "end_station": null }, "geometry": { "type": "LineString", "coordinates": [ [ 6.1426317, 46.1965582 ], [ 6.1444473, 46.1966576 ] ] } },
{ "type": "Feature", "properties": { "trip_id": "50746452", "rental_id": "14909783", "vehicle_type": "bike", "trip_started_at_utc": "2024-09-02T16:31:22", "trip_ended_at_utc": "2024-09-02T16:44:38", "latitude_start": 46.2040507, "longitude_start": 6.1619563, "latitude_end": 46.2028915, "longitude_end": 6.1475166, "distance_in_km": 1.1187020304285076, "start_station": null, "end_station": null }, "geometry": { "type": "LineString", "coordinates": [ [ 6.1619563, 46.2040507 ], [ 6.1475166, 46.2028915 ] ] } },
{ "type": "Feature", "properties": { "trip_id": "45926910", "rental_id": "13669995", "vehicle_type": "bike", "trip_started_at_utc": "2024-07-08T14:16:32", "trip_ended_at_utc": "2024-07-08T14:23:03", "latitude_start": 46.2027994, "longitude_start": 6.1595719, "latitude_end": 46.201735, "longitude_end": 6.1530141, "distance_in_km": 0.51837901262788078, "start_station": null, "end_station": null }, "geometry": { "type": "LineString", "coordinates": [ [ 6.1595719, 46.2027994 ], [ 6.1530141, 46.201735 ] ] } },
{ "type": "Feature", "properties": { "trip_id": "47237480", "rental_id": "14004859", "vehicle_type": "bike", "trip_started_at_utc": "2024-07-25T15:54:27", "trip_ended_at_utc": "2024-07-25T16:08:36", "latitude_start": 46.2037727, "longitude_start": 6.1435831, "latitude_end": 46.205407, "longitude_end": 6.1577547, "distance_in_km": 1.1056335996364168, "start_station": null, "end_station": null }, "geometry": { "type": "LineString", "coordinates": [ [ 6.1435831, 46.2037727 ], [ 6.1577547, 46.205407 ] ] } },
{ "type": "Feature", "properties": { "trip_id": "48137737", "rental_id": "14219996", "vehicle_type": "bike", "trip_started_at_utc": "2024-08-04T12:49:35", "trip_ended_at_utc": "2024-08-04T13:06:15", "latitude_start": 46.2011753, "longitude_start": 6.1386906, "latitude_end": 46.2112513, "longitude_end": 6.1527582, "distance_in_km": 1.5579599439901446, "start_station": null, "end_station": null }, "geometry": { "type": "LineString", "coordinates": [ [ 6.1386906, 46.2011753 ], [ 6.1527582, 46.2112513 ] ] } },
{ "type": "Feature", "properties": { "trip_id": "48610861", "rental_id": "14337902", "vehicle_type": "bike", "trip_started_at_utc": "2024-08-09T16:26:24", "trip_ended_at_utc": "2024-08-09T16:38:33", "latitude_start": 46.2093378, "longitude_start": 6.1425347, "latitude_end": 46.2108523, "longitude_end": 6.1510544, "distance_in_km": 0.67686494380349482, "start_station": null, "end_station": null }, "geometry": { "type": "LineString", "coordinates": [ [ 6.1425347, 46.2093378 ], [ 6.1510544, 46.2108523 ] ] } },
{ "type": "Feature", "properties": { "trip_id": "50437405", "rental_id": "14822089", "vehicle_type": "bike", "trip_started_at_utc": "2024-08-30T06:24:11", "trip_ended_at_utc": "2024-08-30T06:31:30", "latitude_start": 46.2023986, "longitude_start": 6.1607927, "latitude_end": 46.2048444, "longitude_end": 6.143565, "distance_in_km": 1.3534129619408759, "start_station": null, "end_station": null }, "geometry": { "type": "LineString", "coordinates": [ [ 6.1607927, 46.2023986 ], [ 6.143565, 46.2048444 ] ] } },
{ "type": "Feature", "properties": { "trip_id": "46830691", "rental_id": "13905896", "vehicle_type": "bike", "trip_started_at_utc": "2024-07-20T16:34:13", "trip_ended_at_utc": "2024-07-20T16:47:19", "latitude_start": 46.1965473, "longitude_start": 6.1428816, "latitude_end": 46.2081468, "longitude_end": 6.1486139, "distance_in_km": 1.3631661616806401, "start_station": null, "end_station": null }, "geometry": { "type": "LineString", "coordinates": [ [ 6.1428816, 46.1965473 ], [ 6.1486139, 46.2081468 ] ] } },
{ "type": "Feature", "properties": { "trip_id": "46931831", "rental_id": "13929432", "vehicle_type": "bike", "trip_started_at_utc": "2024-07-21T16:33:03", "trip_ended_at_utc": "2024-07-21T16:38:59", "latitude_start": 46.2004107, "longitude_start": 6.1594328, "latitude_end": 46.2067297, "longitude_end": 6.1464336, "distance_in_km": 1.2224928361788372, "start_station": null, "end_station": null }, "geometry": { "type": "LineString", "coordinates": [ [ 6.1594328, 46.2004107 ], [ 6.1464336, 46.2067297 ] ] } },
{ "type": "Feature", "properties": { "trip_id": "47608012", "rental_id": "14092268", "vehicle_type": "bike", "trip_started_at_utc": "2024-07-29T16:52:14", "trip_ended_at_utc": "2024-07-29T16:55:59", "latitude_start": 46.2028494, "longitude_start": 6.1551363, "latitude_end": 46.2041009, "longitude_end": 6.1529531, "distance_in_km": 0.2181620472433943, "start_station": null, "end_station": null }, "geometry": { "type": "LineString", "coordinates": [ [ 6.1551363, 46.2028494 ], [ 6.1529531, 46.2041009 ] ] } },
{ "type": "Feature", "properties": { "trip_id": "48948762", "rental_id": "14422796", "vehicle_type": "bike", "trip_started_at_utc": "2024-08-13T06:55:54", "trip_ended_at_utc": "2024-08-13T07:03:35", "latitude_start": 46.2021024, "longitude_start": 6.1610027, "latitude_end": 46.2049882, "longitude_end": 6.1433769, "distance_in_km": 1.3938842259628224, "start_station": null, "end_station": null }, "geometry": { "type": "LineString", "coordinates": [ [ 6.1610027, 46.2021024 ], [ 6.1433769, 46.2049882 ] ] } },
{ "type": "Feature", "properties": { "trip_id": "49758227", "rental_id": "14625254", "vehicle_type": "bike", "trip_started_at_utc": "2024-08-21T16:59:36", "trip_ended_at_utc": "2024-08-21T17:12:14", "latitude_start": 46.2066457, "longitude_start": 6.1616329, "latitude_end": 46.211204, "longitude_end": 6.1465159, "distance_in_km": 1.2688895276040919, "start_station": null, "end_station": null }, "geometry": { "type": "LineString", "coordinates": [ [ 6.1616329, 46.2066457 ], [ 6.1465159, 46.211204 ] ] } },
{ "type": "Feature", "properties": { "trip_id": "45527924", "rental_id": "13547864", "vehicle_type": "bike", "trip_started_at_utc": "2024-07-01T15:35:41", "trip_ended_at_utc": "2024-07-01T15:50:42", "latitude_start": 46.1996903, "longitude_start": 6.1374, "latitude_end": 46.2084299, "longitude_end": 6.1423266, "distance_in_km": 1.0431404006874521, "start_station": null, "end_station": null }, "geometry": { "type": "LineString", "coordinates": [ [ 6.1374, 46.1996903 ], [ 6.1423266, 46.2084299 ] ] } },
{ "type": "Feature", "properties": { "trip_id": "45657735", "rental_id": "13591135", "vehicle_type": "bike", "trip_started_at_utc": "2024-07-04T05:17:41", "trip_ended_at_utc": "2024-07-04T05:24:47", "latitude_start": 46.2093336, "longitude_start": 6.1425167, "latitude_end": 46.2055848, "longitude_end": 6.1624994, "distance_in_km": 1.5932169079394141, "start_station": null, "end_station": null }, "geometry": { "type": "LineString", "coordinates": [ [ 6.1425167, 46.2093336 ], [ 6.1624994, 46.2055848 ] ] } },
{ "type": "Feature", "properties": { "trip_id": "45771364", "rental_id": "13626891", "vehicle_type": "bike", "trip_started_at_utc": "2024-07-05T23:43:51", "trip_ended_at_utc": "2024-07-05T23:48:51", "latitude_start": 46.2012217, "longitude_start": 6.155788, "latitude_end": 46.2032366, "longitude_end": 6.1588318, "distance_in_km": 0.3241454118084518, "start_station": null, "end_station": null }, "geometry": { "type": "LineString", "coordinates": [ [ 6.155788, 46.2012217 ], [ 6.1588318, 46.2032366 ] ] } },
{ "type": "Feature", "properties": { "trip_id": "46157811", "rental_id": "13730616", "vehicle_type": "bike", "trip_started_at_utc": "2024-07-11T19:19:52", "trip_ended_at_utc": "2024-07-11T19:23:29", "latitude_start": 46.2074892, "longitude_start": 6.1440069, "latitude_end": 46.209083, "longitude_end": 6.143767, "distance_in_km": 0.17818164466221831, "start_station": null, "end_station": null }, "geometry": { "type": "LineString", "coordinates": [ [ 6.1440069, 46.2074892 ], [ 6.143767, 46.209083 ] ] } },
{ "type": "Feature", "properties": { "trip_id": "46115934", "rental_id": "13723409", "vehicle_type": "bike", "trip_started_at_utc": "2024-07-11T10:58:34", "trip_ended_at_utc": "2024-07-11T11:01:46", "latitude_start": 46.1973944, "longitude_start": 6.1431161, "latitude_end": 46.1986561, "longitude_end": 6.14424, "distance_in_km": 0.16481868698197619, "start_station": null, "end_station": null }, "geometry": { "type": "LineString", "coordinates": [ [ 6.1431161, 46.1973944 ], [ 6.14424, 46.1986561 ] ] } },
{ "type": "Feature", "properties": { "trip_id": "47999585", "rental_id": "14187694", "vehicle_type": "bike", "trip_started_at_utc": "2024-08-02T22:31:16", "trip_ended_at_utc": "2024-08-02T22:57:08", "latitude_start": 46.205611, "longitude_start": 6.1429281, "latitude_end": 46.2056819, "longitude_end": 6.142864, "distance_in_km": 0.0092997807894107005, "start_station": null, "end_station": null }, "geometry": { "type": "LineString", "coordinates": [ [ 6.1429281, 46.205611 ], [ 6.142864, 46.2056819 ] ] } },
{ "type": "Feature", "properties": { "trip_id": "48942940", "rental_id": "14420414", "vehicle_type": "bike", "trip_started_at_utc": "2024-08-13T04:49:11", "trip_ended_at_utc": "2024-08-13T05:38:54", "latitude_start": 46.2019333, "longitude_start": 6.1505994, "latitude_end": 46.1986275, "longitude_end": 6.1471947, "distance_in_km": 0.45142386036052101, "start_station": null, "end_station": null }, "geometry": { "type": "LineString", "coordinates": [ [ 6.1505994, 46.2019333 ], [ 6.1471947, 46.1986275 ] ] } },
{ "type": "Feature", "properties": { "trip_id": "49533434", "rental_id": "14567134", "vehicle_type": "bike", "trip_started_at_utc": "2024-08-19T06:50:37", "trip_ended_at_utc": "2024-08-19T06:53:39", "latitude_start": 46.2093028, "longitude_start": 6.1424713, "latitude_end": 46.2055109, "longitude_end": 6.1427117, "distance_in_km": 0.42204633748286557, "start_station": null, "end_station": null }, "geometry": { "type": "LineString", "coordinates": [ [ 6.1424713, 46.2093028 ], [ 6.1427117, 46.2055109 ] ] } },
{ "type": "Feature", "properties": { "trip_id": "52434805", "rental_id": "15423874", "vehicle_type": "bike", "trip_started_at_utc": "2024-09-27T06:43:57", "trip_ended_at_utc": "2024-09-27T06:52:53", "latitude_start": 46.211476, "longitude_start": 6.1496414, "latitude_end": 46.1998217, "longitude_end": 6.1428642, "distance_in_km": 1.3969119758867967, "start_station": null, "end_station": null }, "geometry": { "type": "LineString", "coordinates": [ [ 6.1496414, 46.211476 ], [ 6.1428642, 46.1998217 ] ] } },
{ "type": "Feature", "properties": { "trip_id": "46154566", "rental_id": "13733736", "vehicle_type": "bike", "trip_started_at_utc": "2024-07-11T18:31:41", "trip_ended_at_utc": "2024-07-11T18:38:55", "latitude_start": 46.2008683, "longitude_start": 6.159486, "latitude_end": 46.2073792, "longitude_end": 6.1459403, "distance_in_km": 1.2691829509364223, "start_station": null, "end_station": null }, "geometry": { "type": "LineString", "coordinates": [ [ 6.159486, 46.2008683 ], [ 6.1459403, 46.2073792 ] ] } },
{ "type": "Feature", "properties": { "trip_id": "48402688", "rental_id": "14285343", "vehicle_type": "bike", "trip_started_at_utc": "2024-08-07T12:23:33", "trip_ended_at_utc": "2024-08-07T12:37:32", "latitude_start": 46.2032026, "longitude_start": 6.1588048, "latitude_end": 46.2069583, "longitude_end": 6.1429659, "distance_in_km": 1.288452068579431, "start_station": null, "end_station": null }, "geometry": { "type": "LineString", "coordinates": [ [ 6.1588048, 46.2032026 ], [ 6.1429659, 46.2069583 ] ] } },
{ "type": "Feature", "properties": { "trip_id": "49638020", "rental_id": "14593992", "vehicle_type": "bike", "trip_started_at_utc": "2024-08-20T10:25:19", "trip_ended_at_utc": "2024-08-20T10:35:17", "latitude_start": 46.2056332, "longitude_start": 6.1428728, "latitude_end": 46.2027315, "longitude_end": 6.1613276, "distance_in_km": 1.4564174873834193, "start_station": null, "end_station": null }, "geometry": { "type": "LineString", "coordinates": [ [ 6.1428728, 46.2056332 ], [ 6.1613276, 46.2027315 ] ] } },
{ "type": "Feature", "properties": { "trip_id": "50059763", "rental_id": "14710116", "vehicle_type": "bike", "trip_started_at_utc": "2024-08-25T12:20:06", "trip_ended_at_utc": "2024-08-25T12:22:56", "latitude_start": 46.198124, "longitude_start": 6.1417662, "latitude_end": 46.1991256, "longitude_end": 6.1394494, "distance_in_km": 0.210236013756366, "start_station": null, "end_station": null }, "geometry": { "type": "LineString", "coordinates": [ [ 6.1417662, 46.198124 ], [ 6.1394494, 46.1991256 ] ] } },
{ "type": "Feature", "properties": { "trip_id": "50368972", "rental_id": "14800372", "vehicle_type": "bike", "trip_started_at_utc": "2024-08-29T11:37:31", "trip_ended_at_utc": "2024-08-29T11:38:37", "latitude_start": 46.1999821, "longitude_start": 6.1429653, "latitude_end": 46.1998228, "longitude_end": 6.1428394, "distance_in_km": 0.0201904219113621, "start_station": null, "end_station": null }, "geometry": { "type": "LineString", "coordinates": [ [ 6.1429653, 46.1999821 ], [ 6.1428394, 46.1998228 ] ] } },
{ "type": "Feature", "properties": { "trip_id": "51356240", "rental_id": "15091767", "vehicle_type": "bike", "trip_started_at_utc": "2024-09-10T16:45:07", "trip_ended_at_utc": "2024-09-10T16:52:54", "latitude_start": 46.1997818, "longitude_start": 6.1428105, "latitude_end": 46.2115809, "longitude_end": 6.1496206, "distance_in_km": 1.4127986492154627, "start_station": null, "end_station": null }, "geometry": { "type": "LineString", "coordinates": [ [ 6.1428105, 46.1997818 ], [ 6.1496206, 46.2115809 ] ] } },
{ "type": "Feature", "properties": { "trip_id": "53153476", "rental_id": "15654700", "vehicle_type": "bike", "trip_started_at_utc": "2024-10-10T18:16:41", "trip_ended_at_utc": "2024-10-10T18:21:24", "latitude_start": 46.1947616, "longitude_start": 6.1485431, "latitude_end": 46.2012749, "longitude_end": 6.1397081, "distance_in_km": 0.99343994727058937, "start_station": null, "end_station": null }, "geometry": { "type": "LineString", "coordinates": [ [ 6.1485431, 46.1947616 ], [ 6.1397081, 46.2012749 ] ] } },
{ "type": "Feature", "properties": { "trip_id": "48450264", "rental_id": "14296323", "vehicle_type": "bike", "trip_started_at_utc": "2024-08-07T19:19:57", "trip_ended_at_utc": "2024-08-07T20:31:50", "latitude_start": 46.2023595, "longitude_start": 6.1607681, "latitude_end": 46.2023913, "longitude_end": 6.1619039, "distance_in_km": 0.087482208264150305, "start_station": null, "end_station": null }, "geometry": { "type": "LineString", "coordinates": [ [ 6.1607681, 46.2023595 ], [ 6.1619039, 46.2023913 ] ] } },
{ "type": "Feature", "properties": { "trip_id": "49955413", "rental_id": "14682765", "vehicle_type": "bike", "trip_started_at_utc": "2024-08-24T09:58:17", "trip_ended_at_utc": "2024-08-24T10:03:01", "latitude_start": 46.1971902, "longitude_start": 6.1451995, "latitude_end": 46.2013725, "longitude_end": 6.139869, "distance_in_km": 0.62014747302483564, "start_station": null, "end_station": null }, "geometry": { "type": "LineString", "coordinates": [ [ 6.1451995, 46.1971902 ], [ 6.139869, 46.2013725 ] ] } },
{ "type": "Feature", "properties": { "trip_id": "50181805", "rental_id": "14744263", "vehicle_type": "bike", "trip_started_at_utc": "2024-08-27T05:18:16", "trip_ended_at_utc": "2024-08-27T05:26:38", "latitude_start": 46.2092999, "longitude_start": 6.1425813, "latitude_end": 46.2054463, "longitude_end": 6.1625532, "distance_in_km": 1.5955072309098264, "start_station": null, "end_station": null }, "geometry": { "type": "LineString", "coordinates": [ [ 6.1425813, 46.2092999 ], [ 6.1625532, 46.2054463 ] ] } },
{ "type": "Feature", "properties": { "trip_id": "51578874", "rental_id": "15163823", "vehicle_type": "bike", "trip_started_at_utc": "2024-09-14T12:12:28", "trip_ended_at_utc": "2024-09-14T12:19:36", "latitude_start": 46.2029952, "longitude_start": 6.1592841, "latitude_end": 46.2069656, "longitude_end": 6.1431118, "distance_in_km": 1.3205412270809642, "start_station": null, "end_station": null }, "geometry": { "type": "LineString", "coordinates": [ [ 6.1592841, 46.2029952 ], [ 6.1431118, 46.2069656 ] ] } },
{ "type": "Feature", "properties": { "trip_id": "52344841", "rental_id": "15392975", "vehicle_type": "bike", "trip_started_at_utc": "2024-09-25T09:36:07", "trip_ended_at_utc": "2024-09-25T09:43:37", "latitude_start": 46.2070376, "longitude_start": 6.1431352, "latitude_end": 46.1954887, "longitude_end": 6.1444809, "distance_in_km": 1.2883505561028921, "start_station": null, "end_station": null }, "geometry": { "type": "LineString", "coordinates": [ [ 6.1431352, 46.2070376 ], [ 6.1444809, 46.1954887 ] ] } },
{ "type": "Feature", "properties": { "trip_id": "45979838", "rental_id": "13685583", "vehicle_type": "bike", "trip_started_at_utc": "2024-07-09T11:15:20", "trip_ended_at_utc": "2024-07-09T11:23:55", "latitude_start": 46.2025244, "longitude_start": 6.1475105, "latitude_end": 46.2033128, "longitude_end": 6.1463852, "distance_in_km": 0.1232283850345519, "start_station": null, "end_station": null }, "geometry": { "type": "LineString", "coordinates": [ [ 6.1475105, 46.2025244 ], [ 6.1463852, 46.2033128 ] ] } },
{ "type": "Feature", "properties": { "trip_id": "46633164", "rental_id": "13857571", "vehicle_type": "bike", "trip_started_at_utc": "2024-07-18T16:00:40", "trip_ended_at_utc": "2024-07-18T16:08:27", "latitude_start": 46.2031892, "longitude_start": 6.1588037, "latitude_end": 46.2095569, "longitude_end": 6.1467111, "distance_in_km": 1.1693214684404294, "start_station": null, "end_station": null }, "geometry": { "type": "LineString", "coordinates": [ [ 6.1588037, 46.2031892 ], [ 6.1467111, 46.2095569 ] ] } },
{ "type": "Feature", "properties": { "trip_id": "46795536", "rental_id": "13898853", "vehicle_type": "bike", "trip_started_at_utc": "2024-07-20T12:17:05", "trip_ended_at_utc": "2024-07-20T12:35:33", "latitude_start": 46.2032671, "longitude_start": 6.1586923, "latitude_end": 46.2096705, "longitude_end": 6.1468618, "distance_in_km": 1.1557747129454472, "start_station": null, "end_station": null }, "geometry": { "type": "LineString", "coordinates": [ [ 6.1586923, 46.2032671 ], [ 6.1468618, 46.2096705 ] ] } },
{ "type": "Feature", "properties": { "trip_id": "54120408", "rental_id": "15947936", "vehicle_type": "bike", "trip_started_at_utc": "2024-10-27T21:06:28", "trip_ended_at_utc": "2024-10-27T21:08:33", "latitude_start": 46.2027307, "longitude_start": 6.154998, "latitude_end": 46.2046342, "longitude_end": 6.1553605, "distance_in_km": 0.213490412110968, "start_station": null, "end_station": null }, "geometry": { "type": "LineString", "coordinates": [ [ 6.154998, 46.2027307 ], [ 6.1553605, 46.2046342 ] ] } },
{ "type": "Feature", "properties": { "trip_id": "48233127", "rental_id": "14242745", "vehicle_type": "bike", "trip_started_at_utc": "2024-08-05T15:03:44", "trip_ended_at_utc": "2024-08-05T15:12:27", "latitude_start": 46.2070791, "longitude_start": 6.1430282, "latitude_end": 46.2020764, "longitude_end": 6.1519629, "distance_in_km": 0.88442841440348674, "start_station": null, "end_station": null }, "geometry": { "type": "LineString", "coordinates": [ [ 6.1430282, 46.2070791 ], [ 6.1519629, 46.2020764 ] ] } },
{ "type": "Feature", "properties": { "trip_id": "48857375", "rental_id": "14399103", "vehicle_type": "bike", "trip_started_at_utc": "2024-08-12T07:06:56", "trip_ended_at_utc": "2024-08-12T07:09:09", "latitude_start": 46.200552, "longitude_start": 6.1595187, "latitude_end": 46.2023529, "longitude_end": 6.1550093, "distance_in_km": 0.40067756094254531, "start_station": null, "end_station": null }, "geometry": { "type": "LineString", "coordinates": [ [ 6.1595187, 46.200552 ], [ 6.1550093, 46.2023529 ] ] } },
{ "type": "Feature", "properties": { "trip_id": "49131733", "rental_id": "14468941", "vehicle_type": "bike", "trip_started_at_utc": "2024-08-15T05:17:20", "trip_ended_at_utc": "2024-08-15T05:24:00", "latitude_start": 46.2092644, "longitude_start": 6.1426091, "latitude_end": 46.2030036, "longitude_end": 6.1571345, "distance_in_km": 1.3168573265415588, "start_station": null, "end_station": null }, "geometry": { "type": "LineString", "coordinates": [ [ 6.1426091, 46.2092644 ], [ 6.1571345, 46.2030036 ] ] } },
{ "type": "Feature", "properties": { "trip_id": "46265090", "rental_id": "13763429", "vehicle_type": "bike", "trip_started_at_utc": "2024-07-13T14:10:03", "trip_ended_at_utc": "2024-07-13T14:19:37", "latitude_start": 46.2012776, "longitude_start": 6.1557812, "latitude_end": 46.2052869, "longitude_end": 6.1579143, "distance_in_km": 0.47507792168333368, "start_station": null, "end_station": null }, "geometry": { "type": "LineString", "coordinates": [ [ 6.1557812, 46.2012776 ], [ 6.1579143, 46.2052869 ] ] } },
{ "type": "Feature", "properties": { "trip_id": "47529882", "rental_id": "14073565", "vehicle_type": "bike", "trip_started_at_utc": "2024-07-28T17:40:51", "trip_ended_at_utc": "2024-07-28T17:53:11", "latitude_start": 46.2112358, "longitude_start": 6.1528624, "latitude_end": 46.2014738, "longitude_end": 6.1398377, "distance_in_km": 1.4774615626636596, "start_station": null, "end_station": null }, "geometry": { "type": "LineString", "coordinates": [ [ 6.1528624, 46.2112358 ], [ 6.1398377, 46.2014738 ] ] } },
{ "type": "Feature", "properties": { "trip_id": "47999458", "rental_id": "14185386", "vehicle_type": "bike", "trip_started_at_utc": "2024-08-02T22:29:12", "trip_ended_at_utc": "2024-08-02T22:37:21", "latitude_start": 46.2013424, "longitude_start": 6.1379801, "latitude_end": 46.1960283, "longitude_end": 6.1479273, "distance_in_km": 0.96710075156623465, "start_station": null, "end_station": null }, "geometry": { "type": "LineString", "coordinates": [ [ 6.1379801, 46.2013424 ], [ 6.1479273, 46.1960283 ] ] } },
{ "type": "Feature", "properties": { "trip_id": "47982380", "rental_id": "14183520", "vehicle_type": "bike", "trip_started_at_utc": "2024-08-02T18:26:39", "trip_ended_at_utc": "2024-08-02T18:30:17", "latitude_start": 46.2114355, "longitude_start": 6.1496924, "latitude_end": 46.211482, "longitude_end": 6.1496907, "distance_in_km": 0.0051722266087545999, "start_station": null, "end_station": null }, "geometry": { "type": "LineString", "coordinates": [ [ 6.1496924, 46.2114355 ], [ 6.1496907, 46.211482 ] ] } },
{ "type": "Feature", "properties": { "trip_id": "49792483", "rental_id": "14635649", "vehicle_type": "bike", "trip_started_at_utc": "2024-08-22T08:42:44", "trip_ended_at_utc": "2024-08-22T08:50:56", "latitude_start": 46.201141, "longitude_start": 6.1556971, "latitude_end": 46.2103108, "longitude_end": 6.1448121, "distance_in_km": 1.3195922913782414, "start_station": null, "end_station": null }, "geometry": { "type": "LineString", "coordinates": [ [ 6.1556971, 46.201141 ], [ 6.1448121, 46.2103108 ] ] } },
{ "type": "Feature", "properties": { "trip_id": "49944579", "rental_id": "14679349", "vehicle_type": "bike", "trip_started_at_utc": "2024-08-24T06:58:05", "trip_ended_at_utc": "2024-08-24T07:14:39", "latitude_start": 46.2046975, "longitude_start": 6.1469456, "latitude_end": 46.2005094, "longitude_end": 6.1594896, "distance_in_km": 1.0718330967546934, "start_station": null, "end_station": null }, "geometry": { "type": "LineString", "coordinates": [ [ 6.1469456, 46.2046975 ], [ 6.1594896, 46.2005094 ] ] } },
{ "type": "Feature", "properties": { "trip_id": "50412793", "rental_id": "14814302", "vehicle_type": "bike", "trip_started_at_utc": "2024-08-29T18:15:02", "trip_ended_at_utc": "2024-08-29T18:19:10", "latitude_start": 46.2002886, "longitude_start": 6.1594851, "latitude_end": 46.2022878, "longitude_end": 6.1617409, "distance_in_km": 0.28206009443455332, "start_station": null, "end_station": null }, "geometry": { "type": "LineString", "coordinates": [ [ 6.1594851, 46.2002886 ], [ 6.1617409, 46.2022878 ] ] } },
{ "type": "Feature", "properties": { "trip_id": "51328378", "rental_id": "15083336", "vehicle_type": "bike", "trip_started_at_utc": "2024-09-10T09:47:33", "trip_ended_at_utc": "2024-09-10T09:52:20", "latitude_start": 46.2032496, "longitude_start": 6.1590382, "latitude_end": 46.2077852, "longitude_end": 6.1465987, "distance_in_km": 1.0820112739043777, "start_station": null, "end_station": null }, "geometry": { "type": "LineString", "coordinates": [ [ 6.1590382, 46.2032496 ], [ 6.1465987, 46.2077852 ] ] } },
{ "type": "Feature", "properties": { "trip_id": "46488970", "rental_id": "13822275", "vehicle_type": "bike", "trip_started_at_utc": "2024-07-16T17:38:21", "trip_ended_at_utc": "2024-07-16T17:40:19", "latitude_start": 46.2020731, "longitude_start": 6.1612829, "latitude_end": 46.203197, "longitude_end": 6.1587682, "distance_in_km": 0.23037289876699521, "start_station": null, "end_station": null }, "geometry": { "type": "LineString", "coordinates": [ [ 6.1612829, 46.2020731 ], [ 6.1587682, 46.203197 ] ] } },
{ "type": "Feature", "properties": { "trip_id": "53415918", "rental_id": "15735219", "vehicle_type": "bike", "trip_started_at_utc": "2024-10-15T16:49:22", "trip_ended_at_utc": "2024-10-15T16:53:20", "latitude_start": 46.202552, "longitude_start": 6.1497794, "latitude_end": 46.203675, "longitude_end": 6.1434606, "distance_in_km": 0.50206267083347145, "start_station": null, "end_station": null }, "geometry": { "type": "LineString", "coordinates": [ [ 6.1497794, 46.202552 ], [ 6.1434606, 46.203675 ] ] } },
{ "type": "Feature", "properties": { "trip_id": "48153994", "rental_id": "14223582", "vehicle_type": "bike", "trip_started_at_utc": "2024-08-04T15:36:25", "trip_ended_at_utc": "2024-08-04T15:41:51", "latitude_start": 46.209375, "longitude_start": 6.1423788, "latitude_end": 46.2111716, "longitude_end": 6.1526067, "distance_in_km": 0.8119808274029725, "start_station": null, "end_station": null }, "geometry": { "type": "LineString", "coordinates": [ [ 6.1423788, 46.209375 ], [ 6.1526067, 46.2111716 ] ] } },
{ "type": "Feature", "properties": { "trip_id": "50123230", "rental_id": "14727415", "vehicle_type": "bike", "trip_started_at_utc": "2024-08-26T10:33:49", "trip_ended_at_utc": "2024-08-26T10:41:03", "latitude_start": 46.2037075, "longitude_start": 6.1445408, "latitude_end": 46.2039904, "longitude_end": 6.1616813, "distance_in_km": 1.3194657239350718, "start_station": null, "end_station": null }, "geometry": { "type": "LineString", "coordinates": [ [ 6.1445408, 46.2037075 ], [ 6.1616813, 46.2039904 ] ] } },
{ "type": "Feature", "properties": { "trip_id": "51918528", "rental_id": "15264407", "vehicle_type": "bike", "trip_started_at_utc": "2024-09-19T10:24:05", "trip_ended_at_utc": "2024-09-19T10:33:00", "latitude_start": 46.1999011, "longitude_start": 6.148583, "latitude_end": 46.2041895, "longitude_end": 6.1393039, "distance_in_km": 0.85869238528479264, "start_station": null, "end_station": null }, "geometry": { "type": "LineString", "coordinates": [ [ 6.148583, 46.1999011 ], [ 6.1393039, 46.2041895 ] ] } },
{ "type": "Feature", "properties": { "trip_id": "45939844", "rental_id": "13673538", "vehicle_type": "bike", "trip_started_at_utc": "2024-07-08T16:41:05", "trip_ended_at_utc": "2024-07-08T16:50:12", "latitude_start": 46.203184, "longitude_start": 6.158818, "latitude_end": 46.2039748, "longitude_end": 6.1433478, "distance_in_km": 1.1937972606982343, "start_station": null, "end_station": null }, "geometry": { "type": "LineString", "coordinates": [ [ 6.158818, 46.203184 ], [ 6.1433478, 46.2039748 ] ] } },
{ "type": "Feature", "properties": { "trip_id": "46170163", "rental_id": "13737921", "vehicle_type": "bike", "trip_started_at_utc": "2024-07-12T05:19:28", "trip_ended_at_utc": "2024-07-12T05:26:44", "latitude_start": 46.2093653, "longitude_start": 6.1424364, "latitude_end": 46.205422, "longitude_end": 6.1624355, "distance_in_km": 1.6002272015508872, "start_station": null, "end_station": null }, "geometry": { "type": "LineString", "coordinates": [ [ 6.1424364, 46.2093653 ], [ 6.1624355, 46.205422 ] ] } },
{ "type": "Feature", "properties": { "trip_id": "47208685", "rental_id": "13998486", "vehicle_type": "bike", "trip_started_at_utc": "2024-07-25T11:42:55", "trip_ended_at_utc": "2024-07-25T11:50:05", "latitude_start": 46.2016871, "longitude_start": 6.1438027, "latitude_end": 46.2087442, "longitude_end": 6.1461456, "distance_in_km": 0.80516172247383777, "start_station": null, "end_station": null }, "geometry": { "type": "LineString", "coordinates": [ [ 6.1438027, 46.2016871 ], [ 6.1461456, 46.2087442 ] ] } },
{ "type": "Feature", "properties": { "trip_id": "47609761", "rental_id": "14092268", "vehicle_type": "bike", "trip_started_at_utc": "2024-07-29T17:08:12", "trip_ended_at_utc": "2024-07-29T17:20:22", "latitude_start": 46.2040272, "longitude_start": 6.1528562, "latitude_end": 46.1971501, "longitude_end": 6.1429252, "distance_in_km": 1.0811737277709657, "start_station": null, "end_station": null }, "geometry": { "type": "LineString", "coordinates": [ [ 6.1528562, 46.2040272 ], [ 6.1429252, 46.1971501 ] ] } },
{ "type": "Feature", "properties": { "trip_id": "49938380", "rental_id": "14677158", "vehicle_type": "bike", "trip_started_at_utc": "2024-08-24T00:10:55", "trip_ended_at_utc": "2024-08-24T00:13:40", "latitude_start": 46.2042328, "longitude_start": 6.139199, "latitude_end": 46.2041859, "longitude_end": 6.1391579, "distance_in_km": 0.0060992541450674998, "start_station": null, "end_station": null }, "geometry": { "type": "LineString", "coordinates": [ [ 6.139199, 46.2042328 ], [ 6.1391579, 46.2041859 ] ] } },
{ "type": "Feature", "properties": { "trip_id": "50319137", "rental_id": "14786208", "vehicle_type": "bike", "trip_started_at_utc": "2024-08-28T17:04:01", "trip_ended_at_utc": "2024-08-28T17:15:03", "latitude_start": 46.2093904, "longitude_start": 6.1423959, "latitude_end": 46.20407, "longitude_end": 6.1619232, "distance_in_km": 1.6149560509643712, "start_station": null, "end_station": null }, "geometry": { "type": "LineString", "coordinates": [ [ 6.1423959, 46.2093904 ], [ 6.1619232, 46.20407 ] ] } },
{ "type": "Feature", "properties": { "trip_id": "50839887", "rental_id": "14939910", "vehicle_type": "bike", "trip_started_at_utc": "2024-09-04T06:06:43", "trip_ended_at_utc": "2024-09-04T06:11:20", "latitude_start": 46.2038754, "longitude_start": 6.1435314, "latitude_end": 46.2069222, "longitude_end": 6.1473576, "distance_in_km": 0.4488618514032498, "start_station": null, "end_station": null }, "geometry": { "type": "LineString", "coordinates": [ [ 6.1435314, 46.2038754 ], [ 6.1473576, 46.2069222 ] ] } },
{ "type": "Feature", "properties": { "trip_id": "45890073", "rental_id": "13658897", "vehicle_type": "bike", "trip_started_at_utc": "2024-07-07T20:11:20", "trip_ended_at_utc": "2024-07-07T20:11:51", "latitude_start": 46.202857, "longitude_start": 6.1594416, "latitude_end": 46.2028322, "longitude_end": 6.1594187, "distance_in_km": 0.0032726873368506999, "start_station": null, "end_station": null }, "geometry": { "type": "LineString", "coordinates": [ [ 6.1594416, 46.202857 ], [ 6.1594187, 46.2028322 ] ] } },
{ "type": "Feature", "properties": { "trip_id": "46003583", "rental_id": "13691726", "vehicle_type": "bike", "trip_started_at_utc": "2024-07-09T15:39:57", "trip_ended_at_utc": "2024-07-09T15:52:55", "latitude_start": 46.2085941, "longitude_start": 6.144895, "latitude_end": 46.2032089, "longitude_end": 6.1588267, "distance_in_km": 1.2280021019411631, "start_station": null, "end_station": null }, "geometry": { "type": "LineString", "coordinates": [ [ 6.144895, 46.2085941 ], [ 6.1588267, 46.2032089 ] ] } },
{ "type": "Feature", "properties": { "trip_id": "46158464", "rental_id": "13730616", "vehicle_type": "bike", "trip_started_at_utc": "2024-07-11T19:30:43", "trip_ended_at_utc": "2024-07-11T20:01:30", "latitude_start": 46.2089708, "longitude_start": 6.1438619, "latitude_end": 46.2112602, "longitude_end": 6.1530094, "distance_in_km": 0.74850873971961818, "start_station": null, "end_station": null }, "geometry": { "type": "LineString", "coordinates": [ [ 6.1438619, 46.2089708 ], [ 6.1530094, 46.2112602 ] ] } },
{ "type": "Feature", "properties": { "trip_id": "46555492", "rental_id": "13837385", "vehicle_type": "bike", "trip_started_at_utc": "2024-07-17T15:47:48", "trip_ended_at_utc": "2024-07-17T15:55:01", "latitude_start": 46.2033027, "longitude_start": 6.1468972, "latitude_end": 46.2090071, "longitude_end": 6.1442471, "distance_in_km": 0.66627946512655833, "start_station": null, "end_station": null }, "geometry": { "type": "LineString", "coordinates": [ [ 6.1468972, 46.2033027 ], [ 6.1442471, 46.2090071 ] ] } },
{ "type": "Feature", "properties": { "trip_id": "46722222", "rental_id": "13880112", "vehicle_type": "bike", "trip_started_at_utc": "2024-07-19T16:19:41", "trip_ended_at_utc": "2024-07-19T16:27:26", "latitude_start": 46.2112002, "longitude_start": 6.1525716, "latitude_end": 46.2063999, "longitude_end": 6.1445208, "distance_in_km": 0.81774551892607505, "start_station": null, "end_station": null }, "geometry": { "type": "LineString", "coordinates": [ [ 6.1525716, 46.2112002 ], [ 6.1445208, 46.2063999 ] ] } },
{ "type": "Feature", "properties": { "trip_id": "46767268", "rental_id": "13891941", "vehicle_type": "bike", "trip_started_at_utc": "2024-07-20T07:53:39", "trip_ended_at_utc": "2024-07-20T07:56:20", "latitude_start": 46.2004886, "longitude_start": 6.1593964, "latitude_end": 46.2028294, "longitude_end": 6.1558469, "distance_in_km": 0.37732121637644578, "start_station": null, "end_station": null }, "geometry": { "type": "LineString", "coordinates": [ [ 6.1593964, 46.2004886 ], [ 6.1558469, 46.2028294 ] ] } },
{ "type": "Feature", "properties": { "trip_id": "48577279", "rental_id": "14329488", "vehicle_type": "bike", "trip_started_at_utc": "2024-08-09T09:54:26", "trip_ended_at_utc": "2024-08-09T10:03:51", "latitude_start": 46.2035235, "longitude_start": 6.1585837, "latitude_end": 46.2093463, "longitude_end": 6.1423434, "distance_in_km": 1.4075155642706492, "start_station": null, "end_station": null }, "geometry": { "type": "LineString", "coordinates": [ [ 6.1585837, 46.2035235 ], [ 6.1423434, 46.2093463 ] ] } },
{ "type": "Feature", "properties": { "trip_id": "50435032", "rental_id": "14820845", "vehicle_type": "bike", "trip_started_at_utc": "2024-08-30T05:25:42", "trip_ended_at_utc": "2024-08-30T05:28:34", "latitude_start": 46.2028853, "longitude_start": 6.1570392, "latitude_end": 46.205486, "longitude_end": 6.1625827, "distance_in_km": 0.51538858603981574, "start_station": null, "end_station": null }, "geometry": { "type": "LineString", "coordinates": [ [ 6.1570392, 46.2028853 ], [ 6.1625827, 46.205486 ] ] } },
{ "type": "Feature", "properties": { "trip_id": "51757032", "rental_id": "15214377", "vehicle_type": "bike", "trip_started_at_utc": "2024-09-16T18:05:28", "trip_ended_at_utc": "2024-09-16T18:11:49", "latitude_start": 46.2056326, "longitude_start": 6.142872, "latitude_end": 46.2105265, "longitude_end": 6.1498644, "distance_in_km": 0.76528141466416721, "start_station": null, "end_station": null }, "geometry": { "type": "LineString", "coordinates": [ [ 6.142872, 46.2056326 ], [ 6.1498644, 46.2105265 ] ] } },
{ "type": "Feature", "properties": { "trip_id": "47895936", "rental_id": "14162165", "vehicle_type": "bike", "trip_started_at_utc": "2024-08-01T20:48:49", "trip_ended_at_utc": "2024-08-01T21:00:55", "latitude_start": 46.2109296, "longitude_start": 6.1518983, "latitude_end": 46.2096204, "longitude_end": 6.1456571, "distance_in_km": 0.50183042417779145, "start_station": null, "end_station": null }, "geometry": { "type": "LineString", "coordinates": [ [ 6.1518983, 46.2109296 ], [ 6.1456571, 46.2096204 ] ] } },
{ "type": "Feature", "properties": { "trip_id": "47356028", "rental_id": "14034068", "vehicle_type": "bike", "trip_started_at_utc": "2024-07-27T01:32:41", "trip_ended_at_utc": "2024-07-27T01:41:41", "latitude_start": 46.2103148, "longitude_start": 6.1453042, "latitude_end": 46.2005725, "longitude_end": 6.1594991, "distance_in_km": 1.5384436092079734, "start_station": null, "end_station": null }, "geometry": { "type": "LineString", "coordinates": [ [ 6.1453042, 46.2103148 ], [ 6.1594991, 46.2005725 ] ] } },
{ "type": "Feature", "properties": { "trip_id": "49506003", "rental_id": "14559636", "vehicle_type": "bike", "trip_started_at_utc": "2024-08-18T16:54:20", "trip_ended_at_utc": "2024-08-18T16:55:48", "latitude_start": 46.2100738, "longitude_start": 6.1440696, "latitude_end": 46.2094396, "longitude_end": 6.142415, "distance_in_km": 0.14554554956695781, "start_station": null, "end_station": null }, "geometry": { "type": "LineString", "coordinates": [ [ 6.1440696, 46.2100738 ], [ 6.142415, 46.2094396 ] ] } },
{ "type": "Feature", "properties": { "trip_id": "45758957", "rental_id": "13623010", "vehicle_type": "bike", "trip_started_at_utc": "2024-07-05T19:02:50", "trip_ended_at_utc": "2024-07-05T19:04:42", "latitude_start": 46.197139, "longitude_start": 6.1429341, "latitude_end": 46.197124, "longitude_end": 6.1429721, "distance_in_km": 0.0033669134987045, "start_station": null, "end_station": null }, "geometry": { "type": "LineString", "coordinates": [ [ 6.1429341, 46.197139 ], [ 6.1429721, 46.197124 ] ] } },
{ "type": "Feature", "properties": { "trip_id": "48482222", "rental_id": "14305694", "vehicle_type": "bike", "trip_started_at_utc": "2024-08-08T10:09:43", "trip_ended_at_utc": "2024-08-08T10:15:58", "latitude_start": 46.2044358, "longitude_start": 6.1461125, "latitude_end": 46.2014385, "longitude_end": 6.1386082, "distance_in_km": 0.66679131043574846, "start_station": null, "end_station": null }, "geometry": { "type": "LineString", "coordinates": [ [ 6.1461125, 46.2044358 ], [ 6.1386082, 46.2014385 ] ] } },
{ "type": "Feature", "properties": { "trip_id": "48466759", "rental_id": "14301224", "vehicle_type": "bike", "trip_started_at_utc": "2024-08-08T06:32:40", "trip_ended_at_utc": "2024-08-08T06:40:02", "latitude_start": 46.2035603, "longitude_start": 6.1608851, "latitude_end": 46.205693, "longitude_end": 6.1428601, "distance_in_km": 1.4072652531460057, "start_station": null, "end_station": null }, "geometry": { "type": "LineString", "coordinates": [ [ 6.1608851, 46.2035603 ], [ 6.1428601, 46.205693 ] ] } },
{ "type": "Feature", "properties": { "trip_id": "51017740", "rental_id": "14993361", "vehicle_type": "bike", "trip_started_at_utc": "2024-09-06T10:23:58", "trip_ended_at_utc": "2024-09-06T10:34:21", "latitude_start": 46.2023453, "longitude_start": 6.1618184, "latitude_end": 46.2057323, "longitude_end": 6.1428598, "distance_in_km": 1.5068272092049035, "start_station": null, "end_station": null }, "geometry": { "type": "LineString", "coordinates": [ [ 6.1618184, 46.2023453 ], [ 6.1428598, 46.2057323 ] ] } },
{ "type": "Feature", "properties": { "trip_id": "53125297", "rental_id": "15645221", "vehicle_type": "bike", "trip_started_at_utc": "2024-10-10T08:34:12", "trip_ended_at_utc": "2024-10-10T08:44:09", "latitude_start": 46.2068573, "longitude_start": 6.1464153, "latitude_end": 46.2111434, "longitude_end": 6.1524727, "distance_in_km": 0.66663933800350361, "start_station": null, "end_station": null }, "geometry": { "type": "LineString", "coordinates": [ [ 6.1464153, 46.2068573 ], [ 6.1524727, 46.2111434 ] ] } },
{ "type": "Feature", "properties": { "trip_id": "53147527", "rental_id": "15652761", "vehicle_type": "bike", "trip_started_at_utc": "2024-10-10T16:23:15", "trip_ended_at_utc": "2024-10-10T16:36:52", "latitude_start": 46.2022893, "longitude_start": 6.1606727, "latitude_end": 46.1998071, "longitude_end": 6.1428978, "distance_in_km": 1.395548716283139, "start_station": null, "end_station": null }, "geometry": { "type": "LineString", "coordinates": [ [ 6.1606727, 46.2022893 ], [ 6.1428978, 46.1998071 ] ] } },
{ "type": "Feature", "properties": { "trip_id": "47932769", "rental_id": "14172760", "vehicle_type": "bike", "trip_started_at_utc": "2024-08-02T11:36:16", "trip_ended_at_utc": "2024-08-02T11:44:59", "latitude_start": 46.2057167, "longitude_start": 6.1429201, "latitude_end": 46.2031596, "longitude_end": 6.1554265, "distance_in_km": 1.003573762647701, "start_station": null, "end_station": null }, "geometry": { "type": "LineString", "coordinates": [ [ 6.1429201, 46.2057167 ], [ 6.1554265, 46.2031596 ] ] } },
{ "type": "Feature", "properties": { "trip_id": "48855292", "rental_id": "14398349", "vehicle_type": "bike", "trip_started_at_utc": "2024-08-12T06:32:09", "trip_ended_at_utc": "2024-08-12T06:38:40", "latitude_start": 46.1942644, "longitude_start": 6.148615, "latitude_end": 46.2013895, "longitude_end": 6.1531625, "distance_in_km": 0.86614290836710095, "start_station": null, "end_station": null }, "geometry": { "type": "LineString", "coordinates": [ [ 6.148615, 46.1942644 ], [ 6.1531625, 46.2013895 ] ] } },
{ "type": "Feature", "properties": { "trip_id": "49603376", "rental_id": "14583804", "vehicle_type": "bike", "trip_started_at_utc": "2024-08-19T18:35:51", "trip_ended_at_utc": "2024-08-19T18:36:48", "latitude_start": 46.2014036, "longitude_start": 6.1371089, "latitude_end": 46.2013841, "longitude_end": 6.1370685, "distance_in_km": 0.0037906219916926001, "start_station": null, "end_station": null }, "geometry": { "type": "LineString", "coordinates": [ [ 6.1371089, 46.2014036 ], [ 6.1370685, 46.2013841 ] ] } },
{ "type": "Feature", "properties": { "trip_id": "49836068", "rental_id": "14646857", "vehicle_type": "bike", "trip_started_at_utc": "2024-08-22T16:32:28", "trip_ended_at_utc": "2024-08-22T16:37:36", "latitude_start": 46.1997643, "longitude_start": 6.1427843, "latitude_end": 46.2069607, "longitude_end": 6.1432758, "distance_in_km": 0.80109790385315671, "start_station": null, "end_station": null }, "geometry": { "type": "LineString", "coordinates": [ [ 6.1427843, 46.1997643 ], [ 6.1432758, 46.2069607 ] ] } },
{ "type": "Feature", "properties": { "trip_id": "49802105", "rental_id": "14638381", "vehicle_type": "bike", "trip_started_at_utc": "2024-08-22T11:03:44", "trip_ended_at_utc": "2024-08-22T11:29:24", "latitude_start": 46.2025082, "longitude_start": 6.1416673, "latitude_end": 46.2024523, "longitude_end": 6.1416406, "distance_in_km": 0.0065466419661626999, "start_station": null, "end_station": null }, "geometry": { "type": "LineString", "coordinates": [ [ 6.1416673, 46.2025082 ], [ 6.1416406, 46.2024523 ] ] } },
{ "type": "Feature", "properties": { "trip_id": "45721915", "rental_id": "13612134", "vehicle_type": "bike", "trip_started_at_utc": "2024-07-05T10:04:55", "trip_ended_at_utc": "2024-07-05T10:08:20", "latitude_start": 46.2039694, "longitude_start": 6.1433715, "latitude_end": 46.1998689, "longitude_end": 6.1429395, "distance_in_km": 0.4571660317735976, "start_station": null, "end_station": null }, "geometry": { "type": "LineString", "coordinates": [ [ 6.1433715, 46.2039694 ], [ 6.1429395, 46.1998689 ] ] } },
{ "type": "Feature", "properties": { "trip_id": "47361285", "rental_id": "14035783", "vehicle_type": "bike", "trip_started_at_utc": "2024-07-27T07:14:35", "trip_ended_at_utc": "2024-07-27T07:16:02", "latitude_start": 46.2010344, "longitude_start": 6.1555495, "latitude_end": 46.2012021, "longitude_end": 6.1557769, "distance_in_km": 0.025573652682950698, "start_station": null, "end_station": null }, "geometry": { "type": "LineString", "coordinates": [ [ 6.1555495, 46.2010344 ], [ 6.1557769, 46.2012021 ] ] } },
{ "type": "Feature", "properties": { "trip_id": "48128032", "rental_id": "14217953", "vehicle_type": "bike", "trip_started_at_utc": "2024-08-04T10:56:35", "trip_ended_at_utc": "2024-08-04T10:58:25", "latitude_start": 46.2071465, "longitude_start": 6.1412753, "latitude_end": 46.2076217, "longitude_end": 6.1409198, "distance_in_km": 0.059501615992147198, "start_station": null, "end_station": null }, "geometry": { "type": "LineString", "coordinates": [ [ 6.1412753, 46.2071465 ], [ 6.1409198, 46.2076217 ] ] } },
{ "type": "Feature", "properties": { "trip_id": "45593361", "rental_id": "13569760", "vehicle_type": "bike", "trip_started_at_utc": "2024-07-02T18:25:28", "trip_ended_at_utc": "2024-07-02T18:33:48", "latitude_start": 46.2099177, "longitude_start": 6.1452328, "latitude_end": 46.2005928, "longitude_end": 6.1592169, "distance_in_km": 1.4944012108811382, "start_station": null, "end_station": null }, "geometry": { "type": "LineString", "coordinates": [ [ 6.1452328, 46.2099177 ], [ 6.1592169, 46.2005928 ] ] } },
{ "type": "Feature", "properties": { "trip_id": "45561139", "rental_id": "13560200", "vehicle_type": "bike", "trip_started_at_utc": "2024-07-02T10:10:25", "trip_ended_at_utc": "2024-07-02T10:17:20", "latitude_start": 46.203871, "longitude_start": 6.1433177, "latitude_end": 46.1965657, "longitude_end": 6.1431592, "distance_in_km": 0.81240516094891457, "start_station": null, "end_station": null }, "geometry": { "type": "LineString", "coordinates": [ [ 6.1433177, 46.203871 ], [ 6.1431592, 46.1965657 ] ] } },
{ "type": "Feature", "properties": { "trip_id": "45701433", "rental_id": "13605104", "vehicle_type": "bike", "trip_started_at_utc": "2024-07-04T19:21:04", "trip_ended_at_utc": "2024-07-04T20:07:34", "latitude_start": 46.2042628, "longitude_start": 6.1493233, "latitude_end": 46.2042354, "longitude_end": 6.15902, "distance_in_km": 0.74623494947752811, "start_station": null, "end_station": null }, "geometry": { "type": "LineString", "coordinates": [ [ 6.1493233, 46.2042628 ], [ 6.15902, 46.2042354 ] ] } },
{ "type": "Feature", "properties": { "trip_id": "45857824", "rental_id": "13650797", "vehicle_type": "bike", "trip_started_at_utc": "2024-07-07T12:00:37", "trip_ended_at_utc": "2024-07-07T12:12:37", "latitude_start": 46.2066739, "longitude_start": 6.1618176, "latitude_end": 46.2093794, "longitude_end": 6.1425321, "distance_in_km": 1.514236864644976, "start_station": null, "end_station": null }, "geometry": { "type": "LineString", "coordinates": [ [ 6.1618176, 46.2066739 ], [ 6.1425321, 46.2093794 ] ] } },
{ "type": "Feature", "properties": { "trip_id": "46554371", "rental_id": "13837385", "vehicle_type": "bike", "trip_started_at_utc": "2024-07-17T15:36:20", "trip_ended_at_utc": "2024-07-17T15:42:10", "latitude_start": 46.1988667, "longitude_start": 6.1431797, "latitude_end": 46.2032448, "longitude_end": 6.1469737, "distance_in_km": 0.56767603307560499, "start_station": null, "end_station": null }, "geometry": { "type": "LineString", "coordinates": [ [ 6.1431797, 46.1988667 ], [ 6.1469737, 46.2032448 ] ] } },
{ "type": "Feature", "properties": { "trip_id": "46760705", "rental_id": "13889702", "vehicle_type": "bike", "trip_started_at_utc": "2024-07-20T01:42:25", "trip_ended_at_utc": "2024-07-20T01:43:34", "latitude_start": 46.204173, "longitude_start": 6.1392088, "latitude_end": 46.204197, "longitude_end": 6.1393247, "distance_in_km": 0.0093100058907541992, "start_station": null, "end_station": null }, "geometry": { "type": "LineString", "coordinates": [ [ 6.1392088, 46.204173 ], [ 6.1393247, 46.204197 ] ] } },
{ "type": "Feature", "properties": { "trip_id": "47682879", "rental_id": "14110892", "vehicle_type": "bike", "trip_started_at_utc": "2024-07-30T14:55:01", "trip_ended_at_utc": "2024-07-30T15:01:57", "latitude_start": 46.2028992, "longitude_start": 6.1412083, "latitude_end": 46.2095376, "longitude_end": 6.1426671, "distance_in_km": 0.7466452125887767, "start_station": null, "end_station": null }, "geometry": { "type": "LineString", "coordinates": [ [ 6.1412083, 46.2028992 ], [ 6.1426671, 46.2095376 ] ] } },
{ "type": "Feature", "properties": { "trip_id": "48989872", "rental_id": "14432927", "vehicle_type": "bike", "trip_started_at_utc": "2024-08-13T14:16:14", "trip_ended_at_utc": "2024-08-13T14:23:31", "latitude_start": 46.2092938, "longitude_start": 6.1424461, "latitude_end": 46.2111832, "longitude_end": 6.1524286, "distance_in_km": 0.79635206060001917, "start_station": null, "end_station": null }, "geometry": { "type": "LineString", "coordinates": [ [ 6.1424461, 46.2092938 ], [ 6.1524286, 46.2111832 ] ] } },
{ "type": "Feature", "properties": { "trip_id": "50206067", "rental_id": "14751947", "vehicle_type": "bike", "trip_started_at_utc": "2024-08-27T11:58:15", "trip_ended_at_utc": "2024-08-27T12:06:45", "latitude_start": 46.2038306, "longitude_start": 6.1435271, "latitude_end": 46.1951522, "longitude_end": 6.1464762, "distance_in_km": 0.99132910885354097, "start_station": null, "end_station": null }, "geometry": { "type": "LineString", "coordinates": [ [ 6.1435271, 46.2038306 ], [ 6.1464762, 46.1951522 ] ] } },
{ "type": "Feature", "properties": { "trip_id": "51398407", "rental_id": "15106573", "vehicle_type": "bike", "trip_started_at_utc": "2024-09-11T15:27:21", "trip_ended_at_utc": "2024-09-11T15:32:45", "latitude_start": 46.2069272, "longitude_start": 6.1432016, "latitude_end": 46.2077972, "longitude_end": 6.1464244, "distance_in_km": 0.26620295370219521, "start_station": null, "end_station": null }, "geometry": { "type": "LineString", "coordinates": [ [ 6.1432016, 46.2069272 ], [ 6.1464244, 46.2077972 ] ] } },
{ "type": "Feature", "properties": { "trip_id": "51953245", "rental_id": "15275037", "vehicle_type": "bike", "trip_started_at_utc": "2024-09-19T17:18:04", "trip_ended_at_utc": "2024-09-19T17:26:05", "latitude_start": 46.1968634, "longitude_start": 6.1452387, "latitude_end": 46.2010814, "longitude_end": 6.1531867, "distance_in_km": 0.77082630974589383, "start_station": null, "end_station": null }, "geometry": { "type": "LineString", "coordinates": [ [ 6.1452387, 46.1968634 ], [ 6.1531867, 46.2010814 ] ] } },
{ "type": "Feature", "properties": { "trip_id": "52116304", "rental_id": "15322760", "vehicle_type": "bike", "trip_started_at_utc": "2024-09-21T15:52:21", "trip_ended_at_utc": "2024-09-21T16:03:06", "latitude_start": 46.2070923, "longitude_start": 6.1431201, "latitude_end": 46.203591, "longitude_end": 6.1582795, "distance_in_km": 1.2298486422792183, "start_station": null, "end_station": null }, "geometry": { "type": "LineString", "coordinates": [ [ 6.1431201, 46.2070923 ], [ 6.1582795, 46.203591 ] ] } },
{ "type": "Feature", "properties": { "trip_id": "45608294", "rental_id": "13575089", "vehicle_type": "bike", "trip_started_at_utc": "2024-07-03T06:54:25", "trip_ended_at_utc": "2024-07-03T07:00:53", "latitude_start": 46.2007104, "longitude_start": 6.1594086, "latitude_end": 46.2020819, "longitude_end": 6.1401864, "distance_in_km": 1.4871991331443215, "start_station": null, "end_station": null }, "geometry": { "type": "LineString", "coordinates": [ [ 6.1594086, 46.2007104 ], [ 6.1401864, 46.2020819 ] ] } },
{ "type": "Feature", "properties": { "trip_id": "45620535", "rental_id": "13579321", "vehicle_type": "bike", "trip_started_at_utc": "2024-07-03T11:38:40", "trip_ended_at_utc": "2024-07-03T11:44:56", "latitude_start": 46.2038653, "longitude_start": 6.1435637, "latitude_end": 46.2039918, "longitude_end": 6.1576143, "distance_in_km": 1.0813895121688823, "start_station": null, "end_station": null }, "geometry": { "type": "LineString", "coordinates": [ [ 6.1435637, 46.2038653 ], [ 6.1576143, 46.2039918 ] ] } },
{ "type": "Feature", "properties": { "trip_id": "48254611", "rental_id": "14246821", "vehicle_type": "bike", "trip_started_at_utc": "2024-08-05T17:59:50", "trip_ended_at_utc": "2024-08-05T18:02:52", "latitude_start": 46.2104098, "longitude_start": 6.1431782, "latitude_end": 46.2093074, "longitude_end": 6.1424269, "distance_in_km": 0.13553018803545749, "start_station": null, "end_station": null }, "geometry": { "type": "LineString", "coordinates": [ [ 6.1431782, 46.2104098 ], [ 6.1424269, 46.2093074 ] ] } },
{ "type": "Feature", "properties": { "trip_id": "48601250", "rental_id": "14335439", "vehicle_type": "bike", "trip_started_at_utc": "2024-08-09T14:59:51", "trip_ended_at_utc": "2024-08-09T15:08:43", "latitude_start": 46.205349, "longitude_start": 6.162568, "latitude_end": 46.2093447, "longitude_end": 6.1424822, "distance_in_km": 1.6082458830781436, "start_station": null, "end_station": null }, "geometry": { "type": "LineString", "coordinates": [ [ 6.162568, 46.205349 ], [ 6.1424822, 46.2093447 ] ] } },
{ "type": "Feature", "properties": { "trip_id": "48945713", "rental_id": "14421623", "vehicle_type": "bike", "trip_started_at_utc": "2024-08-13T06:08:23", "trip_ended_at_utc": "2024-08-13T06:18:01", "latitude_start": 46.2023978, "longitude_start": 6.1617742, "latitude_end": 46.2056584, "longitude_end": 6.1428686, "distance_in_km": 1.499418121850626, "start_station": null, "end_station": null }, "geometry": { "type": "LineString", "coordinates": [ [ 6.1617742, 46.2023978 ], [ 6.1428686, 46.2056584 ] ] } },
{ "type": "Feature", "properties": { "trip_id": "50242653", "rental_id": "14762863", "vehicle_type": "bike", "trip_started_at_utc": "2024-08-27T18:03:47", "trip_ended_at_utc": "2024-08-27T18:04:56", "latitude_start": 46.2111204, "longitude_start": 6.1523014, "latitude_end": 46.211091, "longitude_end": 6.1525687, "distance_in_km": 0.020826214722293401, "start_station": null, "end_station": null }, "geometry": { "type": "LineString", "coordinates": [ [ 6.1523014, 46.2111204 ], [ 6.1525687, 46.211091 ] ] } },
{ "type": "Feature", "properties": { "trip_id": "45747860", "rental_id": "13619588", "vehicle_type": "bike", "trip_started_at_utc": "2024-07-05T15:59:30", "trip_ended_at_utc": "2024-07-05T16:02:22", "latitude_start": 46.2017615, "longitude_start": 6.1515522, "latitude_end": 46.203862, "longitude_end": 6.143593, "distance_in_km": 0.65555183794511063, "start_station": null, "end_station": null }, "geometry": { "type": "LineString", "coordinates": [ [ 6.1515522, 46.2017615 ], [ 6.143593, 46.203862 ] ] } },
{ "type": "Feature", "properties": { "trip_id": "45712521", "rental_id": "13608978", "vehicle_type": "bike", "trip_started_at_utc": "2024-07-05T06:22:25", "trip_ended_at_utc": "2024-07-05T06:32:09", "latitude_start": 46.2115186, "longitude_start": 6.1496229, "latitude_end": 46.1998944, "longitude_end": 6.1428686, "distance_in_km": 1.393148926614209, "start_station": null, "end_station": null }, "geometry": { "type": "LineString", "coordinates": [ [ 6.1496229, 46.2115186 ], [ 6.1428686, 46.1998944 ] ] } },
{ "type": "Feature", "properties": { "trip_id": "46523748", "rental_id": "13830514", "vehicle_type": "bike", "trip_started_at_utc": "2024-07-17T09:22:36", "trip_ended_at_utc": "2024-07-17T09:25:40", "latitude_start": 46.2068349, "longitude_start": 6.1400336, "latitude_end": 46.2041821, "longitude_end": 6.1391761, "distance_in_km": 0.30226941004471769, "start_station": null, "end_station": null }, "geometry": { "type": "LineString", "coordinates": [ [ 6.1400336, 46.2068349 ], [ 6.1391761, 46.2041821 ] ] } },
{ "type": "Feature", "properties": { "trip_id": "46558763", "rental_id": "13838613", "vehicle_type": "bike", "trip_started_at_utc": "2024-07-17T16:19:53", "trip_ended_at_utc": "2024-07-17T16:20:07", "latitude_start": 46.2032344, "longitude_start": 6.158745, "latitude_end": 46.2032028, "longitude_end": 6.158702, "distance_in_km": 0.0048267412209508, "start_station": null, "end_station": null }, "geometry": { "type": "LineString", "coordinates": [ [ 6.158745, 46.2032344 ], [ 6.158702, 46.2032028 ] ] } },
{ "type": "Feature", "properties": { "trip_id": "46851790", "rental_id": "13910612", "vehicle_type": "bike", "trip_started_at_utc": "2024-07-20T19:39:15", "trip_ended_at_utc": "2024-07-20T19:48:03", "latitude_start": 46.2017177, "longitude_start": 6.143686, "latitude_end": 46.2096734, "longitude_end": 6.1458583, "distance_in_km": 0.90029128742267917, "start_station": null, "end_station": null }, "geometry": { "type": "LineString", "coordinates": [ [ 6.143686, 46.2017177 ], [ 6.1458583, 46.2096734 ] ] } },
{ "type": "Feature", "properties": { "trip_id": "46865360", "rental_id": "13913854", "vehicle_type": "bike", "trip_started_at_utc": "2024-07-20T22:45:36", "trip_ended_at_utc": "2024-07-20T23:01:23", "latitude_start": 46.2053695, "longitude_start": 6.1625766, "latitude_end": 46.2011406, "longitude_end": 6.1397097, "distance_in_km": 1.8215413311990831, "start_station": null, "end_station": null }, "geometry": { "type": "LineString", "coordinates": [ [ 6.1625766, 46.2053695 ], [ 6.1397097, 46.2011406 ] ] } },
{ "type": "Feature", "properties": { "trip_id": "47550904", "rental_id": "14078678", "vehicle_type": "bike", "trip_started_at_utc": "2024-07-29T05:30:58", "trip_ended_at_utc": "2024-07-29T05:34:44", "latitude_start": 46.2023425, "longitude_start": 6.1563681, "latitude_end": 46.2054716, "longitude_end": 6.1625588, "distance_in_km": 0.58994845283873598, "start_station": null, "end_station": null }, "geometry": { "type": "LineString", "coordinates": [ [ 6.1563681, 46.2023425 ], [ 6.1625588, 46.2054716 ] ] } },
{ "type": "Feature", "properties": { "trip_id": "48174208", "rental_id": "14228136", "vehicle_type": "bike", "trip_started_at_utc": "2024-08-04T19:44:29", "trip_ended_at_utc": "2024-08-04T19:48:40", "latitude_start": 46.2094838, "longitude_start": 6.1424893, "latitude_end": 46.2094891, "longitude_end": 6.1426162, "distance_in_km": 0.0097826771133484001, "start_station": null, "end_station": null }, "geometry": { "type": "LineString", "coordinates": [ [ 6.1424893, 46.2094838 ], [ 6.1426162, 46.2094891 ] ] } },
{ "type": "Feature", "properties": { "trip_id": "48266822", "rental_id": "14250314", "vehicle_type": "bike", "trip_started_at_utc": "2024-08-05T20:53:52", "trip_ended_at_utc": "2024-08-05T21:02:39", "latitude_start": 46.200806, "longitude_start": 6.1396229, "latitude_end": 46.2019838, "longitude_end": 6.153407, "distance_in_km": 1.0688913920118059, "start_station": null, "end_station": null }, "geometry": { "type": "LineString", "coordinates": [ [ 6.1396229, 46.200806 ], [ 6.153407, 46.2019838 ] ] } },
{ "type": "Feature", "properties": { "trip_id": "51704114", "rental_id": "15198586", "vehicle_type": "bike", "trip_started_at_utc": "2024-09-16T05:19:33", "trip_ended_at_utc": "2024-09-16T05:29:12", "latitude_start": 46.2085329, "longitude_start": 6.1424655, "latitude_end": 46.2053071, "longitude_end": 6.1623517, "distance_in_km": 1.5717829586400975, "start_station": null, "end_station": null }, "geometry": { "type": "LineString", "coordinates": [ [ 6.1424655, 46.2085329 ], [ 6.1623517, 46.2053071 ] ] } },
{ "type": "Feature", "properties": { "trip_id": "47146100", "rental_id": "13982653", "vehicle_type": "bike", "trip_started_at_utc": "2024-07-24T15:33:31", "trip_ended_at_utc": "2024-07-24T15:42:02", "latitude_start": 46.2110454, "longitude_start": 6.1525819, "latitude_end": 46.2065415, "longitude_end": 6.1450371, "distance_in_km": 0.76673457014338975, "start_station": null, "end_station": null }, "geometry": { "type": "LineString", "coordinates": [ [ 6.1525819, 46.2110454 ], [ 6.1450371, 46.2065415 ] ] } },
{ "type": "Feature", "properties": { "trip_id": "49199408", "rental_id": "14484703", "vehicle_type": "bike", "trip_started_at_utc": "2024-08-15T16:38:15", "trip_ended_at_utc": "2024-08-15T16:42:42", "latitude_start": 46.2112245, "longitude_start": 6.1527646, "latitude_end": 46.2080266, "longitude_end": 6.1488585, "distance_in_km": 0.46560551299176323, "start_station": null, "end_station": null }, "geometry": { "type": "LineString", "coordinates": [ [ 6.1527646, 46.2112245 ], [ 6.1488585, 46.2080266 ] ] } },
{ "type": "Feature", "properties": { "trip_id": "51223191", "rental_id": "15047878", "vehicle_type": "bike", "trip_started_at_utc": "2024-09-08T13:15:11", "trip_ended_at_utc": "2024-09-08T13:16:50", "latitude_start": 46.2023348, "longitude_start": 6.1489756, "latitude_end": 46.2025219, "longitude_end": 6.1474513, "distance_in_km": 0.1191399559547744, "start_station": null, "end_station": null }, "geometry": { "type": "LineString", "coordinates": [ [ 6.1489756, 46.2023348 ], [ 6.1474513, 46.2025219 ] ] } },
{ "type": "Feature", "properties": { "trip_id": "47894211", "rental_id": "14162193", "vehicle_type": "bike", "trip_started_at_utc": "2024-08-01T20:19:33", "trip_ended_at_utc": "2024-08-01T20:29:22", "latitude_start": 46.1988025, "longitude_start": 6.1439205, "latitude_end": 46.1988951, "longitude_end": 6.1438963, "distance_in_km": 0.010463766089593599, "start_station": null, "end_station": null }, "geometry": { "type": "LineString", "coordinates": [ [ 6.1439205, 46.1988025 ], [ 6.1438963, 46.1988951 ] ] } },
{ "type": "Feature", "properties": { "trip_id": "47828772", "rental_id": "14147264", "vehicle_type": "bike", "trip_started_at_utc": "2024-08-01T09:45:52", "trip_ended_at_utc": "2024-08-01T09:56:22", "latitude_start": 46.2096249, "longitude_start": 6.146863, "latitude_end": 46.2028987, "longitude_end": 6.1594846, "distance_in_km": 1.2258788046882401, "start_station": null, "end_station": null }, "geometry": { "type": "LineString", "coordinates": [ [ 6.146863, 46.2096249 ], [ 6.1594846, 46.2028987 ] ] } },
{ "type": "Feature", "properties": { "trip_id": "48285425", "rental_id": "14256405", "vehicle_type": "bike", "trip_started_at_utc": "2024-08-06T08:56:31", "trip_ended_at_utc": "2024-08-06T09:08:30", "latitude_start": 46.201029, "longitude_start": 6.155655, "latitude_end": 46.201562, "longitude_end": 6.1394063, "distance_in_km": 1.2519217369801885, "start_station": null, "end_station": null }, "geometry": { "type": "LineString", "coordinates": [ [ 6.155655, 46.201029 ], [ 6.1394063, 46.201562 ] ] } },
{ "type": "Feature", "properties": { "trip_id": "48686169", "rental_id": "14357820", "vehicle_type": "bike", "trip_started_at_utc": "2024-08-10T12:29:09", "trip_ended_at_utc": "2024-08-10T12:31:35", "latitude_start": 46.2110206, "longitude_start": 6.1524123, "latitude_end": 46.2107889, "longitude_end": 6.150943, "distance_in_km": 0.1159575735200107, "start_station": null, "end_station": null }, "geometry": { "type": "LineString", "coordinates": [ [ 6.1524123, 46.2110206 ], [ 6.150943, 46.2107889 ] ] } },
{ "type": "Feature", "properties": { "trip_id": "50281943", "rental_id": "14775805", "vehicle_type": "bike", "trip_started_at_utc": "2024-08-28T11:16:47", "trip_ended_at_utc": "2024-08-28T11:23:32", "latitude_start": 46.2116357, "longitude_start": 6.1495266, "latitude_end": 46.2041819, "longitude_end": 6.1494367, "distance_in_km": 0.82885491580790527, "start_station": null, "end_station": null }, "geometry": { "type": "LineString", "coordinates": [ [ 6.1495266, 46.2116357 ], [ 6.1494367, 46.2041819 ] ] } },
{ "type": "Feature", "properties": { "trip_id": "46579194", "rental_id": "13843317", "vehicle_type": "bike", "trip_started_at_utc": "2024-07-17T21:01:44", "trip_ended_at_utc": "2024-07-17T21:17:06", "latitude_start": 46.2039117, "longitude_start": 6.1377735, "latitude_end": 46.2022366, "longitude_end": 6.1576077, "distance_in_km": 1.5377352560362048, "start_station": null, "end_station": null }, "geometry": { "type": "LineString", "coordinates": [ [ 6.1377735, 46.2039117 ], [ 6.1576077, 46.2022366 ] ] } },
{ "type": "Feature", "properties": { "trip_id": "46968677", "rental_id": "13938527", "vehicle_type": "bike", "trip_started_at_utc": "2024-07-22T09:46:44", "trip_ended_at_utc": "2024-07-22T09:49:45", "latitude_start": 46.2029029, "longitude_start": 6.1415198, "latitude_end": 46.2055617, "longitude_end": 6.1433453, "distance_in_km": 0.32732601399723388, "start_station": null, "end_station": null }, "geometry": { "type": "LineString", "coordinates": [ [ 6.1415198, 46.2029029 ], [ 6.1433453, 46.2055617 ] ] } },
{ "type": "Feature", "properties": { "trip_id": "47512817", "rental_id": "14070021", "vehicle_type": "bike", "trip_started_at_utc": "2024-07-28T14:55:35", "trip_ended_at_utc": "2024-07-28T15:05:32", "latitude_start": 46.2111001, "longitude_start": 6.1525324, "latitude_end": 46.2039846, "longitude_end": 6.1435637, "distance_in_km": 1.0499218004996032, "start_station": null, "end_station": null }, "geometry": { "type": "LineString", "coordinates": [ [ 6.1525324, 46.2111001 ], [ 6.1435637, 46.2039846 ] ] } },
{ "type": "Feature", "properties": { "trip_id": "47683455", "rental_id": "14111042", "vehicle_type": "bike", "trip_started_at_utc": "2024-07-30T14:58:58", "trip_ended_at_utc": "2024-07-30T15:04:16", "latitude_start": 46.2056246, "longitude_start": 6.1428906, "latitude_end": 46.2039228, "longitude_end": 6.1369871, "distance_in_km": 0.49214564214890311, "start_station": null, "end_station": null }, "geometry": { "type": "LineString", "coordinates": [ [ 6.1428906, 46.2056246 ], [ 6.1369871, 46.2039228 ] ] } },
{ "type": "Feature", "properties": { "trip_id": "48482057", "rental_id": "14305643", "vehicle_type": "bike", "trip_started_at_utc": "2024-08-08T10:08:08", "trip_ended_at_utc": "2024-08-08T10:17:22", "latitude_start": 46.205626, "longitude_start": 6.1428762, "latitude_end": 46.2027805, "longitude_end": 6.1613528, "distance_in_km": 1.4566828442316884, "start_station": null, "end_station": null }, "geometry": { "type": "LineString", "coordinates": [ [ 6.1428762, 46.205626 ], [ 6.1613528, 46.2027805 ] ] } },
{ "type": "Feature", "properties": { "trip_id": "51918260", "rental_id": "15264004", "vehicle_type": "bike", "trip_started_at_utc": "2024-09-19T10:20:13", "trip_ended_at_utc": "2024-09-19T10:24:04", "latitude_start": 46.2116889, "longitude_start": 6.1497509, "latitude_end": 46.2088548, "longitude_end": 6.1460073, "distance_in_km": 0.42695804378360019, "start_station": null, "end_station": null }, "geometry": { "type": "LineString", "coordinates": [ [ 6.1497509, 46.2116889 ], [ 6.1460073, 46.2088548 ] ] } },
{ "type": "Feature", "properties": { "trip_id": "52366757", "rental_id": "15399890", "vehicle_type": "bike", "trip_started_at_utc": "2024-09-25T15:39:17", "trip_ended_at_utc": "2024-09-25T15:45:53", "latitude_start": 46.1987773, "longitude_start": 6.1475469, "latitude_end": 46.2008389, "longitude_end": 6.1375157, "distance_in_km": 0.80534850933227597, "start_station": null, "end_station": null }, "geometry": { "type": "LineString", "coordinates": [ [ 6.1475469, 46.1987773 ], [ 6.1375157, 46.2008389 ] ] } },
{ "type": "Feature", "properties": { "trip_id": "46114345", "rental_id": "13723409", "vehicle_type": "bike", "trip_started_at_utc": "2024-07-11T10:35:38", "trip_ended_at_utc": "2024-07-11T10:47:32", "latitude_start": 46.2093809, "longitude_start": 6.1424652, "latitude_end": 46.1973208, "longitude_end": 6.143273, "distance_in_km": 1.3424642244493994, "start_station": null, "end_station": null }, "geometry": { "type": "LineString", "coordinates": [ [ 6.1424652, 46.2093809 ], [ 6.143273, 46.1973208 ] ] } },
{ "type": "Feature", "properties": { "trip_id": "46265891", "rental_id": "13763429", "vehicle_type": "bike", "trip_started_at_utc": "2024-07-13T14:23:49", "trip_ended_at_utc": "2024-07-13T14:58:06", "latitude_start": 46.2052917, "longitude_start": 6.1578966, "latitude_end": 46.1999295, "longitude_end": 6.1620803, "distance_in_km": 0.67762976003778574, "start_station": null, "end_station": null }, "geometry": { "type": "LineString", "coordinates": [ [ 6.1578966, 46.2052917 ], [ 6.1620803, 46.1999295 ] ] } },
{ "type": "Feature", "properties": { "trip_id": "46265141", "rental_id": "13763452", "vehicle_type": "bike", "trip_started_at_utc": "2024-07-13T14:11:07", "trip_ended_at_utc": "2024-07-13T14:19:05", "latitude_start": 46.2012742, "longitude_start": 6.155815, "latitude_end": 46.2053135, "longitude_end": 6.1579675, "distance_in_km": 0.47872424101389588, "start_station": null, "end_station": null }, "geometry": { "type": "LineString", "coordinates": [ [ 6.155815, 46.2012742 ], [ 6.1579675, 46.2053135 ] ] } },
{ "type": "Feature", "properties": { "trip_id": "46533570", "rental_id": "13830266", "vehicle_type": "bike", "trip_started_at_utc": "2024-07-17T11:29:52", "trip_ended_at_utc": "2024-07-17T11:38:58", "latitude_start": 46.21105, "longitude_start": 6.1528536, "latitude_end": 46.2093312, "longitude_end": 6.1425177, "distance_in_km": 0.81797506486986871, "start_station": null, "end_station": null }, "geometry": { "type": "LineString", "coordinates": [ [ 6.1528536, 46.21105 ], [ 6.1425177, 46.2093312 ] ] } },
{ "type": "Feature", "properties": { "trip_id": "48612490", "rental_id": "14337887", "vehicle_type": "bike", "trip_started_at_utc": "2024-08-09T16:39:55", "trip_ended_at_utc": "2024-08-09T16:42:06", "latitude_start": 46.2092542, "longitude_start": 6.1425293, "latitude_end": 46.2088171, "longitude_end": 6.1413081, "distance_in_km": 0.1057968041231509, "start_station": null, "end_station": null }, "geometry": { "type": "LineString", "coordinates": [ [ 6.1425293, 46.2092542 ], [ 6.1413081, 46.2088171 ] ] } },
{ "type": "Feature", "properties": { "trip_id": "48820967", "rental_id": "14389430", "vehicle_type": "bike", "trip_started_at_utc": "2024-08-11T15:57:50", "trip_ended_at_utc": "2024-08-11T16:42:48", "latitude_start": 46.2000344, "longitude_start": 6.1622079, "latitude_end": 46.1999861, "longitude_end": 6.1621141, "distance_in_km": 0.0089977989023360006, "start_station": null, "end_station": null }, "geometry": { "type": "LineString", "coordinates": [ [ 6.1622079, 46.2000344 ], [ 6.1621141, 46.1999861 ] ] } },
{ "type": "Feature", "properties": { "trip_id": "48989378", "rental_id": "14432811", "vehicle_type": "bike", "trip_started_at_utc": "2024-08-13T14:12:30", "trip_ended_at_utc": "2024-08-13T14:23:44", "latitude_start": 46.2069841, "longitude_start": 6.147352, "latitude_end": 46.200717, "longitude_end": 6.137829, "distance_in_km": 1.0112973931306857, "start_station": null, "end_station": null }, "geometry": { "type": "LineString", "coordinates": [ [ 6.147352, 46.2069841 ], [ 6.137829, 46.200717 ] ] } },
{ "type": "Feature", "properties": { "trip_id": "54456848", "rental_id": "16054953", "vehicle_type": "bike", "trip_started_at_utc": "2024-11-03T15:28:41", "trip_ended_at_utc": "2024-11-03T15:36:38", "latitude_start": 46.2093602, "longitude_start": 6.1424181, "latitude_end": 46.2110826, "longitude_end": 6.1524236, "distance_in_km": 0.79337332055008025, "start_station": null, "end_station": null }, "geometry": { "type": "LineString", "coordinates": [ [ 6.1424181, 46.2093602 ], [ 6.1524236, 46.2110826 ] ] } },
{ "type": "Feature", "properties": { "trip_id": "46394393", "rental_id": "13797642", "vehicle_type": "bike", "trip_started_at_utc": "2024-07-15T11:35:38", "trip_ended_at_utc": "2024-07-15T11:47:22", "latitude_start": 46.2064476, "longitude_start": 6.1617652, "latitude_end": 46.2093431, "longitude_end": 6.1425031, "distance_in_km": 1.5168191958344723, "start_station": null, "end_station": null }, "geometry": { "type": "LineString", "coordinates": [ [ 6.1617652, 46.2064476 ], [ 6.1425031, 46.2093431 ] ] } },
{ "type": "Feature", "properties": { "trip_id": "51058428", "rental_id": "15004914", "vehicle_type": "bike", "trip_started_at_utc": "2024-09-06T17:00:45", "trip_ended_at_utc": "2024-09-06T17:03:42", "latitude_start": 46.1997554, "longitude_start": 6.1374055, "latitude_end": 46.2039091, "longitude_end": 6.1380985, "distance_in_km": 0.46494018006547072, "start_station": null, "end_station": null }, "geometry": { "type": "LineString", "coordinates": [ [ 6.1374055, 46.1997554 ], [ 6.1380985, 46.2039091 ] ] } },
{ "type": "Feature", "properties": { "trip_id": "51008278", "rental_id": "14990351", "vehicle_type": "bike", "trip_started_at_utc": "2024-09-06T07:57:34", "trip_ended_at_utc": "2024-09-06T08:03:46", "latitude_start": 46.2014794, "longitude_start": 6.1529694, "latitude_end": 46.2086506, "longitude_end": 6.144741, "distance_in_km": 1.018244719175188, "start_station": null, "end_station": null }, "geometry": { "type": "LineString", "coordinates": [ [ 6.1529694, 46.2014794 ], [ 6.144741, 46.2086506 ] ] } },
{ "type": "Feature", "properties": { "trip_id": "47586657", "rental_id": "14087473", "vehicle_type": "bike", "trip_started_at_utc": "2024-07-29T13:48:18", "trip_ended_at_utc": "2024-07-29T13:51:58", "latitude_start": 46.2025032, "longitude_start": 6.1500952, "latitude_end": 46.1994372, "longitude_end": 6.1519227, "distance_in_km": 0.36879662633598848, "start_station": null, "end_station": null }, "geometry": { "type": "LineString", "coordinates": [ [ 6.1500952, 46.2025032 ], [ 6.1519227, 46.1994372 ] ] } },
{ "type": "Feature", "properties": { "trip_id": "49832682", "rental_id": "14645881", "vehicle_type": "bike", "trip_started_at_utc": "2024-08-22T16:02:04", "trip_ended_at_utc": "2024-08-22T16:15:06", "latitude_start": 46.2056551, "longitude_start": 6.1428591, "latitude_end": 46.2026982, "longitude_end": 6.1613926, "distance_in_km": 1.463690828644157, "start_station": null, "end_station": null }, "geometry": { "type": "LineString", "coordinates": [ [ 6.1428591, 46.2056551 ], [ 6.1613926, 46.2026982 ] ] } },
{ "type": "Feature", "properties": { "trip_id": "50515176", "rental_id": "14843010", "vehicle_type": "bike", "trip_started_at_utc": "2024-08-30T21:17:59", "trip_ended_at_utc": "2024-08-30T21:22:13", "latitude_start": 46.2002951, "longitude_start": 6.1397527, "latitude_end": 46.2037924, "longitude_end": 6.1368802, "distance_in_km": 0.44732613070586658, "start_station": null, "end_station": null }, "geometry": { "type": "LineString", "coordinates": [ [ 6.1397527, 46.2002951 ], [ 6.1368802, 46.2037924 ] ] } },
{ "type": "Feature", "properties": { "trip_id": "50600557", "rental_id": "14867614", "vehicle_type": "bike", "trip_started_at_utc": "2024-08-31T18:30:37", "trip_ended_at_utc": "2024-08-31T18:40:51", "latitude_start": 46.1999093, "longitude_start": 6.148686, "latitude_end": 46.2104024, "longitude_end": 6.1496817, "distance_in_km": 1.1692946589342448, "start_station": null, "end_station": null }, "geometry": { "type": "LineString", "coordinates": [ [ 6.148686, 46.1999093 ], [ 6.1496817, 46.2104024 ] ] } },
{ "type": "Feature", "properties": { "trip_id": "52585063", "rental_id": "15469695", "vehicle_type": "bike", "trip_started_at_utc": "2024-09-29T17:14:50", "trip_ended_at_utc": "2024-09-29T17:27:45", "latitude_start": 46.2112202, "longitude_start": 6.1524728, "latitude_end": 46.2040891, "longitude_end": 6.1618976, "distance_in_km": 1.0745976296495854, "start_station": null, "end_station": null }, "geometry": { "type": "LineString", "coordinates": [ [ 6.1524728, 46.2112202 ], [ 6.1618976, 46.2040891 ] ] } },
{ "type": "Feature", "properties": { "trip_id": "45724790", "rental_id": "13613010", "vehicle_type": "bike", "trip_started_at_utc": "2024-07-05T10:50:37", "trip_ended_at_utc": "2024-07-05T11:50:48", "latitude_start": 46.2037789, "longitude_start": 6.1436036, "latitude_end": 46.2053505, "longitude_end": 6.1578373, "distance_in_km": 1.1092286318352922, "start_station": null, "end_station": null }, "geometry": { "type": "LineString", "coordinates": [ [ 6.1436036, 46.2037789 ], [ 6.1578373, 46.2053505 ] ] } },
{ "type": "Feature", "properties": { "trip_id": "46481752", "rental_id": "13820456", "vehicle_type": "bike", "trip_started_at_utc": "2024-07-16T16:13:50", "trip_ended_at_utc": "2024-07-16T16:25:03", "latitude_start": 46.1998761, "longitude_start": 6.1428859, "latitude_end": 46.2114912, "longitude_end": 6.1495629, "distance_in_km": 1.3900003054024563, "start_station": null, "end_station": null }, "geometry": { "type": "LineString", "coordinates": [ [ 6.1428859, 46.1998761 ], [ 6.1495629, 46.2114912 ] ] } },
{ "type": "Feature", "properties": { "trip_id": "46828133", "rental_id": "13905502", "vehicle_type": "bike", "trip_started_at_utc": "2024-07-20T16:14:36", "trip_ended_at_utc": "2024-07-20T16:30:51", "latitude_start": 46.206969, "longitude_start": 6.1441081, "latitude_end": 46.2112091, "longitude_end": 6.1467156, "distance_in_km": 0.51239760821418412, "start_station": null, "end_station": null }, "geometry": { "type": "LineString", "coordinates": [ [ 6.1441081, 46.206969 ], [ 6.1467156, 46.2112091 ] ] } },
{ "type": "Feature", "properties": { "trip_id": "46836080", "rental_id": "13907169", "vehicle_type": "bike", "trip_started_at_utc": "2024-07-20T17:17:13", "trip_ended_at_utc": "2024-07-20T17:30:37", "latitude_start": 46.2042763, "longitude_start": 6.1493336, "latitude_end": 46.2069903, "longitude_end": 6.1474718, "distance_in_km": 0.33406732593425981, "start_station": null, "end_station": null }, "geometry": { "type": "LineString", "coordinates": [ [ 6.1493336, 46.2042763 ], [ 6.1474718, 46.2069903 ] ] } },
{ "type": "Feature", "properties": { "trip_id": "47219319", "rental_id": "14000696", "vehicle_type": "bike", "trip_started_at_utc": "2024-07-25T13:24:32", "trip_ended_at_utc": "2024-07-25T13:35:11", "latitude_start": 46.2012304, "longitude_start": 6.1557716, "latitude_end": 46.2093934, "longitude_end": 6.1426231, "distance_in_km": 1.3593130863840699, "start_station": null, "end_station": null }, "geometry": { "type": "LineString", "coordinates": [ [ 6.1557716, 46.2012304 ], [ 6.1426231, 46.2093934 ] ] } },
{ "type": "Feature", "properties": { "trip_id": "48248749", "rental_id": "14246241", "vehicle_type": "bike", "trip_started_at_utc": "2024-08-05T17:03:39", "trip_ended_at_utc": "2024-08-05T17:13:18", "latitude_start": 46.2088871, "longitude_start": 6.1442018, "latitude_end": 46.2007758, "longitude_end": 6.1594268, "distance_in_km": 1.4786045745501859, "start_station": null, "end_station": null }, "geometry": { "type": "LineString", "coordinates": [ [ 6.1442018, 46.2088871 ], [ 6.1594268, 46.2007758 ] ] } },
{ "type": "Feature", "properties": { "trip_id": "48992078", "rental_id": "14432847", "vehicle_type": "bike", "trip_started_at_utc": "2024-08-13T14:32:16", "trip_ended_at_utc": "2024-08-13T14:35:19", "latitude_start": 46.203049, "longitude_start": 6.1457701, "latitude_end": 46.2037871, "longitude_end": 6.1446852, "distance_in_km": 0.11707642757249589, "start_station": null, "end_station": null }, "geometry": { "type": "LineString", "coordinates": [ [ 6.1457701, 46.203049 ], [ 6.1446852, 46.2037871 ] ] } },
{ "type": "Feature", "properties": { "trip_id": "50507507", "rental_id": "14841806", "vehicle_type": "bike", "trip_started_at_utc": "2024-08-30T19:20:37", "trip_ended_at_utc": "2024-08-30T19:28:53", "latitude_start": 46.2014061, "longitude_start": 6.1373671, "latitude_end": 46.2096237, "longitude_end": 6.1455908, "distance_in_km": 1.1115120224531738, "start_station": null, "end_station": null }, "geometry": { "type": "LineString", "coordinates": [ [ 6.1373671, 46.2014061 ], [ 6.1455908, 46.2096237 ] ] } },
{ "type": "Feature", "properties": { "trip_id": "48160868", "rental_id": "14225211", "vehicle_type": "bike", "trip_started_at_utc": "2024-08-04T16:49:34", "trip_ended_at_utc": "2024-08-04T16:54:51", "latitude_start": 46.198721, "longitude_start": 6.1442514, "latitude_end": 46.2018081, "longitude_end": 6.1437993, "distance_in_km": 0.34502933439548078, "start_station": null, "end_station": null }, "geometry": { "type": "LineString", "coordinates": [ [ 6.1442514, 46.198721 ], [ 6.1437993, 46.2018081 ] ] } },
{ "type": "Feature", "properties": { "trip_id": "50370952", "rental_id": "14802710", "vehicle_type": "bike", "trip_started_at_utc": "2024-08-29T11:58:53", "trip_ended_at_utc": "2024-08-29T12:06:03", "latitude_start": 46.211276, "longitude_start": 6.1528204, "latitude_end": 46.2048114, "longitude_end": 6.1469546, "distance_in_km": 0.84880262553961305, "start_station": null, "end_station": null }, "geometry": { "type": "LineString", "coordinates": [ [ 6.1528204, 46.211276 ], [ 6.1469546, 46.2048114 ] ] } },
{ "type": "Feature", "properties": { "trip_id": "45609822", "rental_id": "13575089", "vehicle_type": "bike", "trip_started_at_utc": "2024-07-03T07:35:54", "trip_ended_at_utc": "2024-07-03T07:41:35", "latitude_start": 46.201853, "longitude_start": 6.1403094, "latitude_end": 46.2069739, "longitude_end": 6.146403, "distance_in_km": 0.73766261013240197, "start_station": null, "end_station": null }, "geometry": { "type": "LineString", "coordinates": [ [ 6.1403094, 46.201853 ], [ 6.146403, 46.2069739 ] ] } },
{ "type": "Feature", "properties": { "trip_id": "45797480", "rental_id": "13634746", "vehicle_type": "bike", "trip_started_at_utc": "2024-07-06T12:46:38", "trip_ended_at_utc": "2024-07-06T12:52:56", "latitude_start": 46.2032003, "longitude_start": 6.1555834, "latitude_end": 46.2040919, "longitude_end": 6.1479838, "distance_in_km": 0.59319222407527294, "start_station": null, "end_station": null }, "geometry": { "type": "LineString", "coordinates": [ [ 6.1555834, 46.2032003 ], [ 6.1479838, 46.2040919 ] ] } },
{ "type": "Feature", "properties": { "trip_id": "47152850", "rental_id": "13983584", "vehicle_type": "bike", "trip_started_at_utc": "2024-07-24T16:28:51", "trip_ended_at_utc": "2024-07-24T16:48:49", "latitude_start": 46.2101946, "longitude_start": 6.1432676, "latitude_end": 46.2004103, "longitude_end": 6.1598773, "distance_in_km": 1.6785367736379666, "start_station": null, "end_station": null }, "geometry": { "type": "LineString", "coordinates": [ [ 6.1432676, 46.2101946 ], [ 6.1598773, 46.2004103 ] ] } },
{ "type": "Feature", "properties": { "trip_id": "49131985", "rental_id": "14468941", "vehicle_type": "bike", "trip_started_at_utc": "2024-08-15T05:26:45", "trip_ended_at_utc": "2024-08-15T05:30:37", "latitude_start": 46.2029997, "longitude_start": 6.1571904, "latitude_end": 46.2053923, "longitude_end": 6.1624985, "distance_in_km": 0.48749247808400997, "start_station": null, "end_station": null }, "geometry": { "type": "LineString", "coordinates": [ [ 6.1571904, 46.2029997 ], [ 6.1624985, 46.2053923 ] ] } },
{ "type": "Feature", "properties": { "trip_id": "49659483", "rental_id": "14598858", "vehicle_type": "bike", "trip_started_at_utc": "2024-08-20T14:02:54", "trip_ended_at_utc": "2024-08-20T14:16:43", "latitude_start": 46.2112, "longitude_start": 6.1466432, "latitude_end": 46.2029787, "longitude_end": 6.1606821, "distance_in_km": 1.4152131833170791, "start_station": null, "end_station": null }, "geometry": { "type": "LineString", "coordinates": [ [ 6.1466432, 46.2112 ], [ 6.1606821, 46.2029787 ] ] } },
{ "type": "Feature", "properties": { "trip_id": "49762349", "rental_id": "14626063", "vehicle_type": "bike", "trip_started_at_utc": "2024-08-21T17:42:47", "trip_ended_at_utc": "2024-08-21T17:44:41", "latitude_start": 46.1979975, "longitude_start": 6.1428737, "latitude_end": 46.1964763, "longitude_end": 6.1434824, "distance_in_km": 0.1755181244253069, "start_station": null, "end_station": null }, "geometry": { "type": "LineString", "coordinates": [ [ 6.1428737, 46.1979975 ], [ 6.1434824, 46.1964763 ] ] } },
{ "type": "Feature", "properties": { "trip_id": "50769849", "rental_id": "14917278", "vehicle_type": "bike", "trip_started_at_utc": "2024-09-03T06:13:07", "trip_ended_at_utc": "2024-09-03T06:18:08", "latitude_start": 46.1942149, "longitude_start": 6.148441, "latitude_end": 46.2014749, "longitude_end": 6.1533523, "distance_in_km": 0.89139295869061885, "start_station": null, "end_station": null }, "geometry": { "type": "LineString", "coordinates": [ [ 6.148441, 46.1942149 ], [ 6.1533523, 46.2014749 ] ] } },
{ "type": "Feature", "properties": { "trip_id": "47240265", "rental_id": "14005508", "vehicle_type": "bike", "trip_started_at_utc": "2024-07-25T16:17:10", "trip_ended_at_utc": "2024-07-25T16:33:02", "latitude_start": 46.2028487, "longitude_start": 6.1414117, "latitude_end": 46.205164, "longitude_end": 6.1590539, "distance_in_km": 1.3818900160472616, "start_station": null, "end_station": null }, "geometry": { "type": "LineString", "coordinates": [ [ 6.1414117, 46.2028487 ], [ 6.1590539, 46.205164 ] ] } },
{ "type": "Feature", "properties": { "trip_id": "48228445", "rental_id": "14241658", "vehicle_type": "bike", "trip_started_at_utc": "2024-08-05T14:27:53", "trip_ended_at_utc": "2024-08-05T14:31:10", "latitude_start": 46.2093349, "longitude_start": 6.1424727, "latitude_end": 46.2070561, "longitude_end": 6.1429683, "distance_in_km": 0.25624527543644682, "start_station": null, "end_station": null }, "geometry": { "type": "LineString", "coordinates": [ [ 6.1424727, 46.2093349 ], [ 6.1429683, 46.2070561 ] ] } },
{ "type": "Feature", "properties": { "trip_id": "51664994", "rental_id": "15187748", "vehicle_type": "bike", "trip_started_at_utc": "2024-09-15T12:50:01", "trip_ended_at_utc": "2024-09-15T12:59:43", "latitude_start": 46.2111376, "longitude_start": 6.1524413, "latitude_end": 46.2089567, "longitude_end": 6.144775, "distance_in_km": 0.63781363164217852, "start_station": null, "end_station": null }, "geometry": { "type": "LineString", "coordinates": [ [ 6.1524413, 46.2111376 ], [ 6.144775, 46.2089567 ] ] } },
{ "type": "Feature", "properties": { "trip_id": "51812480", "rental_id": "15230488", "vehicle_type": "bike", "trip_started_at_utc": "2024-09-17T15:34:51", "trip_ended_at_utc": "2024-09-17T15:42:57", "latitude_start": 46.2095713, "longitude_start": 6.1424045, "latitude_end": 46.2015291, "longitude_end": 6.1531907, "distance_in_km": 1.2201139285561089, "start_station": null, "end_station": null }, "geometry": { "type": "LineString", "coordinates": [ [ 6.1424045, 46.2095713 ], [ 6.1531907, 46.2015291 ] ] } },
{ "type": "Feature", "properties": { "trip_id": "45854052", "rental_id": "13649935", "vehicle_type": "bike", "trip_started_at_utc": "2024-07-07T11:05:14", "trip_ended_at_utc": "2024-07-07T11:21:02", "latitude_start": 46.2104806, "longitude_start": 6.1500757, "latitude_end": 46.1942737, "longitude_end": 6.1488315, "distance_in_km": 1.8046699358752425, "start_station": null, "end_station": null }, "geometry": { "type": "LineString", "coordinates": [ [ 6.1500757, 46.2104806 ], [ 6.1488315, 46.1942737 ] ] } },
{ "type": "Feature", "properties": { "trip_id": "46933382", "rental_id": "13929772", "vehicle_type": "bike", "trip_started_at_utc": "2024-07-21T16:49:07", "trip_ended_at_utc": "2024-07-21T16:52:36", "latitude_start": 46.2093511, "longitude_start": 6.1425801, "latitude_end": 46.205657, "longitude_end": 6.142838, "distance_in_km": 0.41124497129134852, "start_station": null, "end_station": null }, "geometry": { "type": "LineString", "coordinates": [ [ 6.1425801, 46.2093511 ], [ 6.142838, 46.205657 ] ] } },
{ "type": "Feature", "properties": { "trip_id": "47142285", "rental_id": "13981786", "vehicle_type": "bike", "trip_started_at_utc": "2024-07-24T15:02:53", "trip_ended_at_utc": "2024-07-24T15:13:54", "latitude_start": 46.2012273, "longitude_start": 6.1535396, "latitude_end": 46.2094209, "longitude_end": 6.1425059, "distance_in_km": 1.245415023608603, "start_station": null, "end_station": null }, "geometry": { "type": "LineString", "coordinates": [ [ 6.1535396, 46.2012273 ], [ 6.1425059, 46.2094209 ] ] } },
{ "type": "Feature", "properties": { "trip_id": "53783795", "rental_id": "15839564", "vehicle_type": "bike", "trip_started_at_utc": "2024-10-21T18:08:02", "trip_ended_at_utc": "2024-10-21T18:19:06", "latitude_start": 46.2022687, "longitude_start": 6.157369, "latitude_end": 46.2092993, "longitude_end": 6.1425773, "distance_in_km": 1.3808953501740624, "start_station": null, "end_station": null }, "geometry": { "type": "LineString", "coordinates": [ [ 6.157369, 46.2022687 ], [ 6.1425773, 46.2092993 ] ] } },
{ "type": "Feature", "properties": { "trip_id": "49042512", "rental_id": "14446317", "vehicle_type": "bike", "trip_started_at_utc": "2024-08-14T06:35:57", "trip_ended_at_utc": "2024-08-14T06:37:19", "latitude_start": 46.2048895, "longitude_start": 6.1435739, "latitude_end": 46.2057352, "longitude_end": 6.1428757, "distance_in_km": 0.1083052907094058, "start_station": null, "end_station": null }, "geometry": { "type": "LineString", "coordinates": [ [ 6.1435739, 46.2048895 ], [ 6.1428757, 46.2057352 ] ] } },
{ "type": "Feature", "properties": { "trip_id": "46202408", "rental_id": "13746136", "vehicle_type": "bike", "trip_started_at_utc": "2024-07-12T14:17:08", "trip_ended_at_utc": "2024-07-12T14:22:58", "latitude_start": 46.2021716, "longitude_start": 6.151388, "latitude_end": 46.1998174, "longitude_end": 6.1428591, "distance_in_km": 0.70667090744682282, "start_station": null, "end_station": null }, "geometry": { "type": "LineString", "coordinates": [ [ 6.151388, 46.2021716 ], [ 6.1428591, 46.1998174 ] ] } },
{ "type": "Feature", "properties": { "trip_id": "46747847", "rental_id": "13886250", "vehicle_type": "bike", "trip_started_at_utc": "2024-07-19T20:37:34", "trip_ended_at_utc": "2024-07-19T20:45:41", "latitude_start": 46.2014705, "longitude_start": 6.1530815, "latitude_end": 46.2013786, "longitude_end": 6.1534519, "distance_in_km": 0.0302825914829866, "start_station": null, "end_station": null }, "geometry": { "type": "LineString", "coordinates": [ [ 6.1530815, 46.2014705 ], [ 6.1534519, 46.2013786 ] ] } },
{ "type": "Feature", "properties": { "trip_id": "47606230", "rental_id": "14092268", "vehicle_type": "bike", "trip_started_at_utc": "2024-07-29T16:35:53", "trip_ended_at_utc": "2024-07-29T16:43:51", "latitude_start": 46.203485, "longitude_start": 6.1609957, "latitude_end": 46.2029358, "longitude_end": 6.1551126, "distance_in_km": 0.45685410271709032, "start_station": null, "end_station": null }, "geometry": { "type": "LineString", "coordinates": [ [ 6.1609957, 46.203485 ], [ 6.1551126, 46.2029358 ] ] } },
{ "type": "Feature", "properties": { "trip_id": "52857242", "rental_id": "15561271", "vehicle_type": "bike", "trip_started_at_utc": "2024-10-05T00:46:53", "trip_ended_at_utc": "2024-10-05T01:20:35", "latitude_start": 46.2086223, "longitude_start": 6.1411043, "latitude_end": 46.2032092, "longitude_end": 6.1376051, "distance_in_km": 0.6593993037578062, "start_station": null, "end_station": null }, "geometry": { "type": "LineString", "coordinates": [ [ 6.1411043, 46.2086223 ], [ 6.1376051, 46.2032092 ] ] } },
{ "type": "Feature", "properties": { "trip_id": "53138790", "rental_id": "15649117", "vehicle_type": "bike", "trip_started_at_utc": "2024-10-10T14:05:53", "trip_ended_at_utc": "2024-10-10T14:13:29", "latitude_start": 46.2044163, "longitude_start": 6.1589569, "latitude_end": 46.2081655, "longitude_end": 6.1476645, "distance_in_km": 0.96382297659299521, "start_station": null, "end_station": null }, "geometry": { "type": "LineString", "coordinates": [ [ 6.1589569, 46.2044163 ], [ 6.1476645, 46.2081655 ] ] } },
{ "type": "Feature", "properties": { "trip_id": "53590775", "rental_id": "15781196", "vehicle_type": "bike", "trip_started_at_utc": "2024-10-18T11:59:59", "trip_ended_at_utc": "2024-10-18T12:04:43", "latitude_start": 46.2067225, "longitude_start": 6.1465415, "latitude_end": 46.2111901, "longitude_end": 6.1523467, "distance_in_km": 0.66808500426008843, "start_station": null, "end_station": null }, "geometry": { "type": "LineString", "coordinates": [ [ 6.1465415, 46.2067225 ], [ 6.1523467, 46.2111901 ] ] } },
{ "type": "Feature", "properties": { "trip_id": "49598730", "rental_id": "14582555", "vehicle_type": "bike", "trip_started_at_utc": "2024-08-19T17:42:36", "trip_ended_at_utc": "2024-08-19T18:54:24", "latitude_start": 46.201794, "longitude_start": 6.1505759, "latitude_end": 46.2031319, "longitude_end": 6.1489278, "distance_in_km": 0.1954980815246164, "start_station": null, "end_station": null }, "geometry": { "type": "LineString", "coordinates": [ [ 6.1505759, 46.201794 ], [ 6.1489278, 46.2031319 ] ] } },
{ "type": "Feature", "properties": { "trip_id": "51843576", "rental_id": "15239449", "vehicle_type": "bike", "trip_started_at_utc": "2024-09-18T06:46:20", "trip_ended_at_utc": "2024-09-18T06:51:46", "latitude_start": 46.1959903, "longitude_start": 6.1502669, "latitude_end": 46.1949983, "longitude_end": 6.1516523, "distance_in_km": 0.15342082251937669, "start_station": null, "end_station": null }, "geometry": { "type": "LineString", "coordinates": [ [ 6.1502669, 46.1959903 ], [ 6.1516523, 46.1949983 ] ] } },
{ "type": "Feature", "properties": { "trip_id": "52463394", "rental_id": "15433288", "vehicle_type": "bike", "trip_started_at_utc": "2024-09-27T16:43:21", "trip_ended_at_utc": "2024-09-27T16:51:52", "latitude_start": 46.1949945, "longitude_start": 6.1538522, "latitude_end": 46.2089573, "longitude_end": 6.1443315, "distance_in_km": 1.7168056986160627, "start_station": null, "end_station": null }, "geometry": { "type": "LineString", "coordinates": [ [ 6.1538522, 46.1949945 ], [ 6.1443315, 46.2089573 ] ] } },
{ "type": "Feature", "properties": { "trip_id": "46737417", "rental_id": "13882856", "vehicle_type": "bike", "trip_started_at_utc": "2024-07-19T18:37:16", "trip_ended_at_utc": "2024-07-19T18:44:31", "latitude_start": 46.2058642, "longitude_start": 6.157429, "latitude_end": 46.2006809, "longitude_end": 6.1583738, "distance_in_km": 0.58092583510291862, "start_station": null, "end_station": null }, "geometry": { "type": "LineString", "coordinates": [ [ 6.157429, 46.2058642 ], [ 6.1583738, 46.2006809 ] ] } },
{ "type": "Feature", "properties": { "trip_id": "46767551", "rental_id": "13891941", "vehicle_type": "bike", "trip_started_at_utc": "2024-07-20T07:58:20", "trip_ended_at_utc": "2024-07-20T08:06:57", "latitude_start": 46.2027853, "longitude_start": 6.1557079, "latitude_end": 46.2084429, "longitude_end": 6.146476, "distance_in_km": 0.94894184742560916, "start_station": null, "end_station": null }, "geometry": { "type": "LineString", "coordinates": [ [ 6.1557079, 46.2027853 ], [ 6.146476, 46.2084429 ] ] } },
{ "type": "Feature", "properties": { "trip_id": "47208153", "rental_id": "13998372", "vehicle_type": "bike", "trip_started_at_utc": "2024-07-25T11:37:54", "trip_ended_at_utc": "2024-07-25T11:42:24", "latitude_start": 46.2032021, "longitude_start": 6.1586946, "latitude_end": 46.2015699, "longitude_end": 6.153598, "distance_in_km": 0.43218712036013562, "start_station": null, "end_station": null }, "geometry": { "type": "LineString", "coordinates": [ [ 6.1586946, 46.2032021 ], [ 6.153598, 46.2015699 ] ] } },
{ "type": "Feature", "properties": { "trip_id": "48908411", "rental_id": "14411655", "vehicle_type": "bike", "trip_started_at_utc": "2024-08-12T15:58:42", "trip_ended_at_utc": "2024-08-12T16:09:18", "latitude_start": 46.2093612, "longitude_start": 6.1425004, "latitude_end": 46.2111929, "longitude_end": 6.1526125, "distance_in_km": 0.80432647736093965, "start_station": null, "end_station": null }, "geometry": { "type": "LineString", "coordinates": [ [ 6.1425004, 46.2093612 ], [ 6.1526125, 46.2111929 ] ] } },
{ "type": "Feature", "properties": { "trip_id": "50700836", "rental_id": "14896376", "vehicle_type": "bike", "trip_started_at_utc": "2024-09-02T06:51:11", "trip_ended_at_utc": "2024-09-02T07:00:47", "latitude_start": 46.1948506, "longitude_start": 6.1486149, "latitude_end": 46.1964549, "longitude_end": 6.1441601, "distance_in_km": 0.38651116724670059, "start_station": null, "end_station": null }, "geometry": { "type": "LineString", "coordinates": [ [ 6.1486149, 46.1948506 ], [ 6.1441601, 46.1964549 ] ] } },
{ "type": "Feature", "properties": { "trip_id": "51747386", "rental_id": "15212096", "vehicle_type": "bike", "trip_started_at_utc": "2024-09-16T16:13:51", "trip_ended_at_utc": "2024-09-16T16:18:40", "latitude_start": 46.2057867, "longitude_start": 6.1607674, "latitude_end": 46.2024072, "longitude_end": 6.1562545, "distance_in_km": 0.51169411080133897, "start_station": null, "end_station": null }, "geometry": { "type": "LineString", "coordinates": [ [ 6.1607674, 46.2057867 ], [ 6.1562545, 46.2024072 ] ] } },
{ "type": "Feature", "properties": { "trip_id": "46069163", "rental_id": "13710206", "vehicle_type": "bike", "trip_started_at_utc": "2024-07-10T15:26:41", "trip_ended_at_utc": "2024-07-10T15:36:44", "latitude_start": 46.205473, "longitude_start": 6.162485, "latitude_end": 46.2093504, "longitude_end": 6.1424969, "distance_in_km": 1.5974193057277486, "start_station": null, "end_station": null }, "geometry": { "type": "LineString", "coordinates": [ [ 6.162485, 46.205473 ], [ 6.1424969, 46.2093504 ] ] } },
{ "type": "Feature", "properties": { "trip_id": "47847842", "rental_id": "14151499", "vehicle_type": "bike", "trip_started_at_utc": "2024-08-01T13:04:57", "trip_ended_at_utc": "2024-08-01T13:19:15", "latitude_start": 46.211222, "longitude_start": 6.1527428, "latitude_end": 46.2041522, "longitude_end": 6.1617903, "distance_in_km": 1.0501069793595346, "start_station": null, "end_station": null }, "geometry": { "type": "LineString", "coordinates": [ [ 6.1527428, 46.211222 ], [ 6.1617903, 46.2041522 ] ] } },
{ "type": "Feature", "properties": { "trip_id": "49204354", "rental_id": "14487316", "vehicle_type": "bike", "trip_started_at_utc": "2024-08-15T17:19:31", "trip_ended_at_utc": "2024-08-15T17:30:04", "latitude_start": 46.2040729, "longitude_start": 6.1619815, "latitude_end": 46.2077604, "longitude_end": 6.1465501, "distance_in_km": 1.2563139982277709, "start_station": null, "end_station": null }, "geometry": { "type": "LineString", "coordinates": [ [ 6.1619815, 46.2040729 ], [ 6.1465501, 46.2077604 ] ] } },
{ "type": "Feature", "properties": { "trip_id": "50032127", "rental_id": "14702251", "vehicle_type": "bike", "trip_started_at_utc": "2024-08-25T00:27:50", "trip_ended_at_utc": "2024-08-25T00:32:36", "latitude_start": 46.2038701, "longitude_start": 6.1432269, "latitude_end": 46.1963915, "longitude_end": 6.1431078, "distance_in_km": 0.8316342004277566, "start_station": null, "end_station": null }, "geometry": { "type": "LineString", "coordinates": [ [ 6.1432269, 46.2038701 ], [ 6.1431078, 46.1963915 ] ] } },
{ "type": "Feature", "properties": { "trip_id": "50505578", "rental_id": "14841252", "vehicle_type": "bike", "trip_started_at_utc": "2024-08-30T18:56:04", "trip_ended_at_utc": "2024-08-30T19:06:22", "latitude_start": 46.1960153, "longitude_start": 6.1478756, "latitude_end": 46.2033933, "longitude_end": 6.1375632, "distance_in_km": 1.1414792307140611, "start_station": null, "end_station": null }, "geometry": { "type": "LineString", "coordinates": [ [ 6.1478756, 46.1960153 ], [ 6.1375632, 46.2033933 ] ] } },
{ "type": "Feature", "properties": { "trip_id": "52365220", "rental_id": "15399098", "vehicle_type": "bike", "trip_started_at_utc": "2024-09-25T15:18:59", "trip_ended_at_utc": "2024-09-25T15:30:26", "latitude_start": 46.2018252, "longitude_start": 6.1556453, "latitude_end": 46.2104326, "longitude_end": 6.1497739, "distance_in_km": 1.0583911795734875, "start_station": null, "end_station": null }, "geometry": { "type": "LineString", "coordinates": [ [ 6.1556453, 46.2018252 ], [ 6.1497739, 46.2104326 ] ] } },
{ "type": "Feature", "properties": { "trip_id": "52553708", "rental_id": "15461337", "vehicle_type": "bike", "trip_started_at_utc": "2024-09-29T10:07:19", "trip_ended_at_utc": "2024-09-29T10:16:38", "latitude_start": 46.2041621, "longitude_start": 6.1482409, "latitude_end": 46.1986343, "longitude_end": 6.1472925, "distance_in_km": 0.61898278347964775, "start_station": null, "end_station": null }, "geometry": { "type": "LineString", "coordinates": [ [ 6.1482409, 46.2041621 ], [ 6.1472925, 46.1986343 ] ] } },
{ "type": "Feature", "properties": { "trip_id": "45974330", "rental_id": "13684214", "vehicle_type": "bike", "trip_started_at_utc": "2024-07-09T10:04:45", "trip_ended_at_utc": "2024-07-09T10:05:51", "latitude_start": 46.2032848, "longitude_start": 6.1589642, "latitude_end": 46.2032167, "longitude_end": 6.1587996, "distance_in_km": 0.014758142203660399, "start_station": null, "end_station": null }, "geometry": { "type": "LineString", "coordinates": [ [ 6.1589642, 46.2032848 ], [ 6.1587996, 46.2032167 ] ] } },
{ "type": "Feature", "properties": { "trip_id": "46199652", "rental_id": "13746136", "vehicle_type": "bike", "trip_started_at_utc": "2024-07-12T13:48:35", "trip_ended_at_utc": "2024-07-12T13:55:21", "latitude_start": 46.1998458, "longitude_start": 6.1428421, "latitude_end": 46.2021674, "longitude_end": 6.1513153, "distance_in_km": 0.70134842786295482, "start_station": null, "end_station": null }, "geometry": { "type": "LineString", "coordinates": [ [ 6.1428421, 46.1998458 ], [ 6.1513153, 46.2021674 ] ] } },
{ "type": "Feature", "properties": { "trip_id": "46980601", "rental_id": "13941331", "vehicle_type": "bike", "trip_started_at_utc": "2024-07-22T13:09:04", "trip_ended_at_utc": "2024-07-22T13:12:04", "latitude_start": 46.2041184, "longitude_start": 6.1575622, "latitude_end": 46.2037262, "longitude_end": 6.1619453, "distance_in_km": 0.3401196449927909, "start_station": null, "end_station": null }, "geometry": { "type": "LineString", "coordinates": [ [ 6.1575622, 46.2041184 ], [ 6.1619453, 46.2037262 ] ] } },
{ "type": "Feature", "properties": { "trip_id": "47184261", "rental_id": "13991912", "vehicle_type": "bike", "trip_started_at_utc": "2024-07-25T05:28:07", "trip_ended_at_utc": "2024-07-25T05:32:47", "latitude_start": 46.2031385, "longitude_start": 6.1555584, "latitude_end": 46.205349, "longitude_end": 6.1625653, "distance_in_km": 0.59260858964546104, "start_station": null, "end_station": null }, "geometry": { "type": "LineString", "coordinates": [ [ 6.1555584, 46.2031385 ], [ 6.1625653, 46.205349 ] ] } },
{ "type": "Feature", "properties": { "trip_id": "48955089", "rental_id": "14424754", "vehicle_type": "bike", "trip_started_at_utc": "2024-08-13T08:35:17", "trip_ended_at_utc": "2024-08-13T08:43:21", "latitude_start": 46.2036125, "longitude_start": 6.1586495, "latitude_end": 46.2077742, "longitude_end": 6.1465364, "distance_in_km": 1.0407090845289724, "start_station": null, "end_station": null }, "geometry": { "type": "LineString", "coordinates": [ [ 6.1586495, 46.2036125 ], [ 6.1465364, 46.2077742 ] ] } },
{ "type": "Feature", "properties": { "trip_id": "51318632", "rental_id": "15079911", "vehicle_type": "bike", "trip_started_at_utc": "2024-09-10T06:39:33", "trip_ended_at_utc": "2024-09-10T06:41:16", "latitude_start": 46.1949589, "longitude_start": 6.151702, "latitude_end": 46.1943148, "longitude_end": 6.1485518, "distance_in_km": 0.25282868505872519, "start_station": null, "end_station": null }, "geometry": { "type": "LineString", "coordinates": [ [ 6.151702, 46.1949589 ], [ 6.1485518, 46.1943148 ] ] } },
{ "type": "Feature", "properties": { "trip_id": "45665926", "rental_id": "13594454", "vehicle_type": "bike", "trip_started_at_utc": "2024-07-04T09:29:36", "trip_ended_at_utc": "2024-07-04T09:57:18", "latitude_start": 46.2093549, "longitude_start": 6.1424262, "latitude_end": 46.2113524, "longitude_end": 6.1466431, "distance_in_km": 0.39322205486543699, "start_station": null, "end_station": null }, "geometry": { "type": "LineString", "coordinates": [ [ 6.1424262, 46.2093549 ], [ 6.1466431, 46.2113524 ] ] } },
{ "type": "Feature", "properties": { "trip_id": "46762515", "rental_id": "13890239", "vehicle_type": "bike", "trip_started_at_utc": "2024-07-20T03:47:22", "trip_ended_at_utc": "2024-07-20T03:52:03", "latitude_start": 46.1987013, "longitude_start": 6.1473694, "latitude_end": 46.1960177, "longitude_end": 6.1478488, "distance_in_km": 0.30067574186790902, "start_station": null, "end_station": null }, "geometry": { "type": "LineString", "coordinates": [ [ 6.1473694, 46.1987013 ], [ 6.1478488, 46.1960177 ] ] } },
{ "type": "Feature", "properties": { "trip_id": "47299080", "rental_id": "14020660", "vehicle_type": "bike", "trip_started_at_utc": "2024-07-26T12:13:06", "trip_ended_at_utc": "2024-07-26T12:20:40", "latitude_start": 46.2031956, "longitude_start": 6.1586039, "latitude_end": 46.2089352, "longitude_end": 6.1446115, "distance_in_km": 1.2517060651502443, "start_station": null, "end_station": null }, "geometry": { "type": "LineString", "coordinates": [ [ 6.1586039, 46.2031956 ], [ 6.1446115, 46.2089352 ] ] } },
{ "type": "Feature", "properties": { "trip_id": "50484826", "rental_id": "14835214", "vehicle_type": "bike", "trip_started_at_utc": "2024-08-30T15:30:10", "trip_ended_at_utc": "2024-08-30T15:34:18", "latitude_start": 46.2022814, "longitude_start": 6.1435424, "latitude_end": 46.2014226, "longitude_end": 6.1529938, "distance_in_km": 0.733624620111613, "start_station": null, "end_station": null }, "geometry": { "type": "LineString", "coordinates": [ [ 6.1435424, 46.2022814 ], [ 6.1529938, 46.2014226 ] ] } },
{ "type": "Feature", "properties": { "trip_id": "54488607", "rental_id": "16065314", "vehicle_type": "bike", "trip_started_at_utc": "2024-11-04T14:26:30", "trip_ended_at_utc": "2024-11-04T14:36:26", "latitude_start": 46.2111177, "longitude_start": 6.1524576, "latitude_end": 46.2069062, "longitude_end": 6.1439671, "distance_in_km": 0.80384383895698985, "start_station": null, "end_station": null }, "geometry": { "type": "LineString", "coordinates": [ [ 6.1524576, 46.2111177 ], [ 6.1439671, 46.2069062 ] ] } },
{ "type": "Feature", "properties": { "trip_id": "52279069", "rental_id": "15368989", "vehicle_type": "bike", "trip_started_at_utc": "2024-09-23T19:29:29", "trip_ended_at_utc": "2024-09-23T19:35:29", "latitude_start": 46.2095011, "longitude_start": 6.1424857, "latitude_end": 46.1997038, "longitude_end": 6.137353, "distance_in_km": 1.1588091642529981, "start_station": null, "end_station": null }, "geometry": { "type": "LineString", "coordinates": [ [ 6.1424857, 46.2095011 ], [ 6.137353, 46.1997038 ] ] } },
{ "type": "Feature", "properties": { "trip_id": "52633870", "rental_id": "15486068", "vehicle_type": "bike", "trip_started_at_utc": "2024-09-30T18:04:27", "trip_ended_at_utc": "2024-09-30T18:12:21", "latitude_start": 46.2041599, "longitude_start": 6.1480815, "latitude_end": 46.2039108, "longitude_end": 6.1379742, "distance_in_km": 0.778323313371307, "start_station": null, "end_station": null }, "geometry": { "type": "LineString", "coordinates": [ [ 6.1480815, 46.2041599 ], [ 6.1379742, 46.2039108 ] ] } },
{ "type": "Feature", "properties": { "trip_id": "47909042", "rental_id": "14166702", "vehicle_type": "bike", "trip_started_at_utc": "2024-08-02T06:23:25", "trip_ended_at_utc": "2024-08-02T06:29:37", "latitude_start": 46.201395, "longitude_start": 6.1530653, "latitude_end": 46.2028398, "longitude_end": 6.1594177, "distance_in_km": 0.51460086241785474, "start_station": null, "end_station": null }, "geometry": { "type": "LineString", "coordinates": [ [ 6.1530653, 46.201395 ], [ 6.1594177, 46.2028398 ] ] } },
{ "type": "Feature", "properties": { "trip_id": "48431812", "rental_id": "14291896", "vehicle_type": "bike", "trip_started_at_utc": "2024-08-07T16:19:19", "trip_ended_at_utc": "2024-08-07T16:29:55", "latitude_start": 46.2055246, "longitude_start": 6.1624991, "latitude_end": 46.209336, "longitude_end": 6.1425433, "distance_in_km": 1.5930575379264629, "start_station": null, "end_station": null }, "geometry": { "type": "LineString", "coordinates": [ [ 6.1624991, 46.2055246 ], [ 6.1425433, 46.209336 ] ] } },
{ "type": "Feature", "properties": { "trip_id": "49936572", "rental_id": "14676418", "vehicle_type": "bike", "trip_started_at_utc": "2024-08-23T23:18:17", "trip_ended_at_utc": "2024-08-24T00:46:13", "latitude_start": 46.2032044, "longitude_start": 6.1500314, "latitude_end": 46.2042992, "longitude_end": 6.1459981, "distance_in_km": 0.33341236733547569, "start_station": null, "end_station": null }, "geometry": { "type": "LineString", "coordinates": [ [ 6.1500314, 46.2032044 ], [ 6.1459981, 46.2042992 ] ] } },
{ "type": "Feature", "properties": { "trip_id": "50113115", "rental_id": "14724351", "vehicle_type": "bike", "trip_started_at_utc": "2024-08-26T07:58:10", "trip_ended_at_utc": "2024-08-26T08:01:48", "latitude_start": 46.199078, "longitude_start": 6.1431929, "latitude_end": 46.1957297, "longitude_end": 6.1457381, "distance_in_km": 0.4207054792096841, "start_station": null, "end_station": null }, "geometry": { "type": "LineString", "coordinates": [ [ 6.1431929, 46.199078 ], [ 6.1457381, 46.1957297 ] ] } },
{ "type": "Feature", "properties": { "trip_id": "46060199", "rental_id": "13707862", "vehicle_type": "bike", "trip_started_at_utc": "2024-07-10T13:46:08", "trip_ended_at_utc": "2024-07-10T13:49:58", "latitude_start": 46.2017038, "longitude_start": 6.1438482, "latitude_end": 46.2026097, "longitude_end": 6.1475237, "distance_in_km": 0.30026674861824681, "start_station": null, "end_station": null }, "geometry": { "type": "LineString", "coordinates": [ [ 6.1438482, 46.2017038 ], [ 6.1475237, 46.2026097 ] ] } },
{ "type": "Feature", "properties": { "trip_id": "52789083", "rental_id": "15541085", "vehicle_type": "bike", "trip_started_at_utc": "2024-10-04T06:37:38", "trip_ended_at_utc": "2024-10-04T06:46:18", "latitude_start": 46.2115176, "longitude_start": 6.1497719, "latitude_end": 46.1997712, "longitude_end": 6.1428069, "distance_in_km": 1.4118407915247215, "start_station": null, "end_station": null }, "geometry": { "type": "LineString", "coordinates": [ [ 6.1497719, 46.2115176 ], [ 6.1428069, 46.1997712 ] ] } },
{ "type": "Feature", "properties": { "trip_id": "48401440", "rental_id": "14284849", "vehicle_type": "bike", "trip_started_at_utc": "2024-08-07T12:11:48", "trip_ended_at_utc": "2024-08-07T12:14:36", "latitude_start": 46.2020656, "longitude_start": 6.1517692, "latitude_end": 46.2016653, "longitude_end": 6.153883, "distance_in_km": 0.16865832352746829, "start_station": null, "end_station": null }, "geometry": { "type": "LineString", "coordinates": [ [ 6.1517692, 46.2020656 ], [ 6.153883, 46.2016653 ] ] } },
{ "type": "Feature", "properties": { "trip_id": "49054860", "rental_id": "14450148", "vehicle_type": "bike", "trip_started_at_utc": "2024-08-14T09:53:50", "trip_ended_at_utc": "2024-08-14T10:05:19", "latitude_start": 46.2056405, "longitude_start": 6.1429695, "latitude_end": 46.202403, "longitude_end": 6.1609122, "distance_in_km": 1.4269773302008957, "start_station": null, "end_station": null }, "geometry": { "type": "LineString", "coordinates": [ [ 6.1429695, 46.2056405 ], [ 6.1609122, 46.202403 ] ] } },
{ "type": "Feature", "properties": { "trip_id": "50910976", "rental_id": "14961930", "vehicle_type": "bike", "trip_started_at_utc": "2024-09-05T05:00:56", "trip_ended_at_utc": "2024-09-05T05:06:14", "latitude_start": 46.2069461, "longitude_start": 6.1472884, "latitude_end": 46.2032851, "longitude_end": 6.159013, "distance_in_km": 0.9898583671792508, "start_station": null, "end_station": null }, "geometry": { "type": "LineString", "coordinates": [ [ 6.1472884, 46.2069461 ], [ 6.159013, 46.2032851 ] ] } },
{ "type": "Feature", "properties": { "trip_id": "52018200", "rental_id": "15295988", "vehicle_type": "bike", "trip_started_at_utc": "2024-09-20T15:49:13", "trip_ended_at_utc": "2024-09-20T15:52:09", "latitude_start": 46.2042344, "longitude_start": 6.1461158, "latitude_end": 46.2069346, "longitude_end": 6.146468, "distance_in_km": 0.30146985563154188, "start_station": null, "end_station": null }, "geometry": { "type": "LineString", "coordinates": [ [ 6.1461158, 46.2042344 ], [ 6.146468, 46.2069346 ] ] } },
{ "type": "Feature", "properties": { "trip_id": "52554507", "rental_id": "15461590", "vehicle_type": "bike", "trip_started_at_utc": "2024-09-29T10:19:44", "trip_ended_at_utc": "2024-09-29T10:25:57", "latitude_start": 46.2032653, "longitude_start": 6.1587369, "latitude_end": 46.2077406, "longitude_end": 6.1464373, "distance_in_km": 1.0693615896760038, "start_station": null, "end_station": null }, "geometry": { "type": "LineString", "coordinates": [ [ 6.1587369, 46.2032653 ], [ 6.1464373, 46.2077406 ] ] } },
{ "type": "Feature", "properties": { "trip_id": "45974451", "rental_id": "13684244", "vehicle_type": "bike", "trip_started_at_utc": "2024-07-09T10:06:04", "trip_ended_at_utc": "2024-07-09T10:12:33", "latitude_start": 46.2032102, "longitude_start": 6.1588079, "latitude_end": 46.2025015, "longitude_end": 6.1475226, "distance_in_km": 0.87207243033189663, "start_station": null, "end_station": null }, "geometry": { "type": "LineString", "coordinates": [ [ 6.1588079, 46.2032102 ], [ 6.1475226, 46.2025015 ] ] } },
{ "type": "Feature", "properties": { "trip_id": "46615300", "rental_id": "13852923", "vehicle_type": "bike", "trip_started_at_utc": "2024-07-18T13:04:10", "trip_ended_at_utc": "2024-07-18T13:11:33", "latitude_start": 46.1978722, "longitude_start": 6.14233, "latitude_end": 46.2014514, "longitude_end": 6.1531544, "distance_in_km": 0.92326723108205699, "start_station": null, "end_station": null }, "geometry": { "type": "LineString", "coordinates": [ [ 6.14233, 46.1978722 ], [ 6.1531544, 46.2014514 ] ] } },
{ "type": "Feature", "properties": { "trip_id": "46718470", "rental_id": "13879273", "vehicle_type": "bike", "trip_started_at_utc": "2024-07-19T15:49:24", "trip_ended_at_utc": "2024-07-19T15:59:24", "latitude_start": 46.2006006, "longitude_start": 6.1429111, "latitude_end": 46.2114713, "longitude_end": 6.149652, "distance_in_km": 1.3153764446080418, "start_station": null, "end_station": null }, "geometry": { "type": "LineString", "coordinates": [ [ 6.1429111, 46.2006006 ], [ 6.149652, 46.2114713 ] ] } },
{ "type": "Feature", "properties": { "trip_id": "46711516", "rental_id": "13877676", "vehicle_type": "bike", "trip_started_at_utc": "2024-07-19T14:56:39", "trip_ended_at_utc": "2024-07-19T15:00:54", "latitude_start": 46.2036734, "longitude_start": 6.1587237, "latitude_end": 46.2014464, "longitude_end": 6.1530477, "distance_in_km": 0.50212961438427595, "start_station": null, "end_station": null }, "geometry": { "type": "LineString", "coordinates": [ [ 6.1587237, 46.2036734 ], [ 6.1530477, 46.2014464 ] ] } },
{ "type": "Feature", "properties": { "trip_id": "47149643", "rental_id": "13983447", "vehicle_type": "bike", "trip_started_at_utc": "2024-07-24T16:01:00", "trip_ended_at_utc": "2024-07-24T16:12:55", "latitude_start": 46.1998107, "longitude_start": 6.1428192, "latitude_end": 46.2114755, "longitude_end": 6.1496376, "distance_in_km": 1.3991810916808261, "start_station": null, "end_station": null }, "geometry": { "type": "LineString", "coordinates": [ [ 6.1428192, 46.1998107 ], [ 6.1496376, 46.2114755 ] ] } },
{ "type": "Feature", "properties": { "trip_id": "47277488", "rental_id": "14015467", "vehicle_type": "bike", "trip_started_at_utc": "2024-07-26T07:32:38", "trip_ended_at_utc": "2024-07-26T07:33:35", "latitude_start": 46.20409, "longitude_start": 6.1576263, "latitude_end": 46.2040183, "longitude_end": 6.1575434, "distance_in_km": 0.0102110261108007, "start_station": null, "end_station": null }, "geometry": { "type": "LineString", "coordinates": [ [ 6.1576263, 46.20409 ], [ 6.1575434, 46.2040183 ] ] } },
{ "type": "Feature", "properties": { "trip_id": "49874965", "rental_id": "14658109", "vehicle_type": "bike", "trip_started_at_utc": "2024-08-23T09:55:33", "trip_ended_at_utc": "2024-08-23T09:57:58", "latitude_start": 46.204201, "longitude_start": 6.1392495, "latitude_end": 46.2061556, "longitude_end": 6.1398165, "distance_in_km": 0.22167867610445971, "start_station": null, "end_station": null }, "geometry": { "type": "LineString", "coordinates": [ [ 6.1392495, 46.204201 ], [ 6.1398165, 46.2061556 ] ] } },
{ "type": "Feature", "properties": { "trip_id": "50739447", "rental_id": "14907689", "vehicle_type": "bike", "trip_started_at_utc": "2024-09-02T15:26:49", "trip_ended_at_utc": "2024-09-02T15:31:07", "latitude_start": 46.2069435, "longitude_start": 6.1473253, "latitude_end": 46.2017591, "longitude_end": 6.1438032, "distance_in_km": 0.63702196005430511, "start_station": null, "end_station": null }, "geometry": { "type": "LineString", "coordinates": [ [ 6.1473253, 46.2069435 ], [ 6.1438032, 46.2017591 ] ] } },
{ "type": "Feature", "properties": { "trip_id": "50852913", "rental_id": "14944451", "vehicle_type": "bike", "trip_started_at_utc": "2024-09-04T10:05:23", "trip_ended_at_utc": "2024-09-04T10:08:05", "latitude_start": 46.2078812, "longitude_start": 6.1463739, "latitude_end": 46.2087427, "longitude_end": 6.1445247, "distance_in_km": 0.1715383721844673, "start_station": null, "end_station": null }, "geometry": { "type": "LineString", "coordinates": [ [ 6.1463739, 46.2078812 ], [ 6.1445247, 46.2087427 ] ] } },
{ "type": "Feature", "properties": { "trip_id": "45961221", "rental_id": "13679644", "vehicle_type": "bike", "trip_started_at_utc": "2024-07-09T05:35:41", "trip_ended_at_utc": "2024-07-09T05:40:11", "latitude_start": 46.209004, "longitude_start": 6.1442403, "latitude_end": 46.2056555, "longitude_end": 6.1429042, "distance_in_km": 0.38627181201890898, "start_station": null, "end_station": null }, "geometry": { "type": "LineString", "coordinates": [ [ 6.1442403, 46.209004 ], [ 6.1429042, 46.2056555 ] ] } },
{ "type": "Feature", "properties": { "trip_id": "47894734", "rental_id": "14162376", "vehicle_type": "bike", "trip_started_at_utc": "2024-08-01T20:27:46", "trip_ended_at_utc": "2024-08-01T20:41:51", "latitude_start": 46.2094862, "longitude_start": 6.1454789, "latitude_end": 46.2021786, "longitude_end": 6.1592198, "distance_in_km": 1.3335749541535129, "start_station": null, "end_station": null }, "geometry": { "type": "LineString", "coordinates": [ [ 6.1454789, 46.2094862 ], [ 6.1592198, 46.2021786 ] ] } },
{ "type": "Feature", "properties": { "trip_id": "52036351", "rental_id": "15301154", "vehicle_type": "bike", "trip_started_at_utc": "2024-09-20T18:59:50", "trip_ended_at_utc": "2024-09-20T19:09:36", "latitude_start": 46.2026491, "longitude_start": 6.1602364, "latitude_end": 46.2026247, "longitude_end": 6.1629148, "distance_in_km": 0.20614547446613371, "start_station": null, "end_station": null }, "geometry": { "type": "LineString", "coordinates": [ [ 6.1602364, 46.2026491 ], [ 6.1629148, 46.2026247 ] ] } },
{ "type": "Feature", "properties": { "trip_id": "52107395", "rental_id": "15320765", "vehicle_type": "bike", "trip_started_at_utc": "2024-09-21T14:47:58", "trip_ended_at_utc": "2024-09-21T14:55:17", "latitude_start": 46.2031925, "longitude_start": 6.1586688, "latitude_end": 46.2028794, "longitude_end": 6.1452462, "distance_in_km": 1.0335720740168102, "start_station": null, "end_station": null }, "geometry": { "type": "LineString", "coordinates": [ [ 6.1586688, 46.2031925 ], [ 6.1452462, 46.2028794 ] ] } },
{ "type": "Feature", "properties": { "trip_id": "45611924", "rental_id": "13576497", "vehicle_type": "bike", "trip_started_at_utc": "2024-07-03T08:39:07", "trip_ended_at_utc": "2024-07-03T08:47:29", "latitude_start": 46.2069629, "longitude_start": 6.1429615, "latitude_end": 46.2032461, "longitude_end": 6.1587057, "distance_in_km": 1.2801564590833501, "start_station": null, "end_station": null }, "geometry": { "type": "LineString", "coordinates": [ [ 6.1429615, 46.2069629 ], [ 6.1587057, 46.2032461 ] ] } },
{ "type": "Feature", "properties": { "trip_id": "46814122", "rental_id": "13902588", "vehicle_type": "bike", "trip_started_at_utc": "2024-07-20T14:32:42", "trip_ended_at_utc": "2024-07-20T14:41:11", "latitude_start": 46.211475, "longitude_start": 6.1497753, "latitude_end": 46.2039013, "longitude_end": 6.1434231, "distance_in_km": 0.97374086435583163, "start_station": null, "end_station": null }, "geometry": { "type": "LineString", "coordinates": [ [ 6.1497753, 46.211475 ], [ 6.1434231, 46.2039013 ] ] } },
{ "type": "Feature", "properties": { "trip_id": "48581197", "rental_id": "14330466", "vehicle_type": "bike", "trip_started_at_utc": "2024-08-09T10:52:55", "trip_ended_at_utc": "2024-08-09T10:54:49", "latitude_start": 46.2029864, "longitude_start": 6.1618051, "latitude_end": 46.2029955, "longitude_end": 6.1579118, "distance_in_km": 0.2996251734313391, "start_station": null, "end_station": null }, "geometry": { "type": "LineString", "coordinates": [ [ 6.1618051, 46.2029864 ], [ 6.1579118, 46.2029955 ] ] } },
{ "type": "Feature", "properties": { "trip_id": "45583370", "rental_id": "13566442", "vehicle_type": "bike", "trip_started_at_utc": "2024-07-02T15:53:19", "trip_ended_at_utc": "2024-07-02T15:58:10", "latitude_start": 46.2019794, "longitude_start": 6.1519057, "latitude_end": 46.2031971, "longitude_end": 6.1587229, "distance_in_km": 0.54183781810900455, "start_station": null, "end_station": null }, "geometry": { "type": "LineString", "coordinates": [ [ 6.1519057, 46.2019794 ], [ 6.1587229, 46.2031971 ] ] } },
{ "type": "Feature", "properties": { "trip_id": "53455515", "rental_id": "15744811", "vehicle_type": "bike", "trip_started_at_utc": "2024-10-16T10:24:55", "trip_ended_at_utc": "2024-10-16T10:28:47", "latitude_start": 46.2023374, "longitude_start": 6.15632, "latitude_end": 46.2018755, "longitude_end": 6.1622628, "distance_in_km": 0.46023263781113388, "start_station": null, "end_station": null }, "geometry": { "type": "LineString", "coordinates": [ [ 6.15632, 46.2023374 ], [ 6.1622628, 46.2018755 ] ] } },
{ "type": "Feature", "properties": { "trip_id": "50542993", "rental_id": "14853399", "vehicle_type": "bike", "trip_started_at_utc": "2024-08-31T10:11:30", "trip_ended_at_utc": "2024-08-31T10:15:39", "latitude_start": 46.2012534, "longitude_start": 6.1397954, "latitude_end": 46.2038697, "longitude_end": 6.1433582, "distance_in_km": 0.39976850935357039, "start_station": null, "end_station": null }, "geometry": { "type": "LineString", "coordinates": [ [ 6.1397954, 46.2012534 ], [ 6.1433582, 46.2038697 ] ] } },
{ "type": "Feature", "properties": { "trip_id": "52478739", "rental_id": "15438426", "vehicle_type": "bike", "trip_started_at_utc": "2024-09-27T23:31:30", "trip_ended_at_utc": "2024-09-27T23:42:00", "latitude_start": 46.2092879, "longitude_start": 6.1425545, "latitude_end": 46.2023399, "longitude_end": 6.1561892, "distance_in_km": 1.3030051015012869, "start_station": null, "end_station": null }, "geometry": { "type": "LineString", "coordinates": [ [ 6.1425545, 46.2092879 ], [ 6.1561892, 46.2023399 ] ] } },
{ "type": "Feature", "properties": { "trip_id": "45639591", "rental_id": "13585217", "vehicle_type": "bike", "trip_started_at_utc": "2024-07-03T16:31:37", "trip_ended_at_utc": "2024-07-03T16:39:16", "latitude_start": 46.2067961, "longitude_start": 6.1465864, "latitude_end": 46.2005675, "longitude_end": 6.1593346, "distance_in_km": 1.2009100812478863, "start_station": null, "end_station": null }, "geometry": { "type": "LineString", "coordinates": [ [ 6.1465864, 46.2067961 ], [ 6.1593346, 46.2005675 ] ] } },
{ "type": "Feature", "properties": { "trip_id": "46613082", "rental_id": "13852591", "vehicle_type": "bike", "trip_started_at_utc": "2024-07-18T12:37:52", "trip_ended_at_utc": "2024-07-18T12:40:06", "latitude_start": 46.2055926, "longitude_start": 6.1605258, "latitude_end": 46.2056581, "longitude_end": 6.1605951, "distance_in_km": 0.0090270085666378994, "start_station": null, "end_station": null }, "geometry": { "type": "LineString", "coordinates": [ [ 6.1605258, 46.2055926 ], [ 6.1605951, 46.2056581 ] ] } },
{ "type": "Feature", "properties": { "trip_id": "47342079", "rental_id": "14030207", "vehicle_type": "bike", "trip_started_at_utc": "2024-07-26T19:55:27", "trip_ended_at_utc": "2024-07-26T19:56:37", "latitude_start": 46.2035527, "longitude_start": 6.1609517, "latitude_end": 46.2035255, "longitude_end": 6.1609761, "distance_in_km": 0.003560010997546, "start_station": null, "end_station": null }, "geometry": { "type": "LineString", "coordinates": [ [ 6.1609517, 46.2035527 ], [ 6.1609761, 46.2035255 ] ] } },
{ "type": "Feature", "properties": { "trip_id": "47444999", "rental_id": "14053855", "vehicle_type": "bike", "trip_started_at_utc": "2024-07-27T19:39:10", "trip_ended_at_utc": "2024-07-27T19:39:38", "latitude_start": 46.2039053, "longitude_start": 6.1559911, "latitude_end": 46.2038886, "longitude_end": 6.1559692, "distance_in_km": 0.0025077402430865002, "start_station": null, "end_station": null }, "geometry": { "type": "LineString", "coordinates": [ [ 6.1559911, 46.2039053 ], [ 6.1559692, 46.2038886 ] ] } },
{ "type": "Feature", "properties": { "trip_id": "47881871", "rental_id": "14159311", "vehicle_type": "bike", "trip_started_at_utc": "2024-08-01T17:50:03", "trip_ended_at_utc": "2024-08-01T17:55:03", "latitude_start": 46.2013363, "longitude_start": 6.1395211, "latitude_end": 46.206051, "longitude_end": 6.139705, "distance_in_km": 0.52444253739398006, "start_station": null, "end_station": null }, "geometry": { "type": "LineString", "coordinates": [ [ 6.1395211, 46.2013363 ], [ 6.139705, 46.206051 ] ] } },
{ "type": "Feature", "properties": { "trip_id": "48499597", "rental_id": "14309548", "vehicle_type": "bike", "trip_started_at_utc": "2024-08-08T12:45:26", "trip_ended_at_utc": "2024-08-08T12:52:02", "latitude_start": 46.2004849, "longitude_start": 6.1593747, "latitude_end": 46.206705, "longitude_end": 6.1621449, "distance_in_km": 0.72375532274734933, "start_station": null, "end_station": null }, "geometry": { "type": "LineString", "coordinates": [ [ 6.1593747, 46.2004849 ], [ 6.1621449, 46.206705 ] ] } },
{ "type": "Feature", "properties": { "trip_id": "49004107", "rental_id": "14436348", "vehicle_type": "bike", "trip_started_at_utc": "2024-08-13T15:59:56", "trip_ended_at_utc": "2024-08-13T16:12:46", "latitude_start": 46.2056199, "longitude_start": 6.1428804, "latitude_end": 46.202973, "longitude_end": 6.1617065, "distance_in_km": 1.4783919502674061, "start_station": null, "end_station": null }, "geometry": { "type": "LineString", "coordinates": [ [ 6.1428804, 46.2056199 ], [ 6.1617065, 46.202973 ] ] } },
{ "type": "Feature", "properties": { "trip_id": "51670820", "rental_id": "15189271", "vehicle_type": "bike", "trip_started_at_utc": "2024-09-15T13:50:19", "trip_ended_at_utc": "2024-09-15T14:01:19", "latitude_start": 46.2084381, "longitude_start": 6.1467124, "latitude_end": 46.2050484, "longitude_end": 6.1580046, "distance_in_km": 0.94719757638794777, "start_station": null, "end_station": null }, "geometry": { "type": "LineString", "coordinates": [ [ 6.1467124, 46.2084381 ], [ 6.1580046, 46.2050484 ] ] } },
{ "type": "Feature", "properties": { "trip_id": "52225155", "rental_id": "15352689", "vehicle_type": "bike", "trip_started_at_utc": "2024-09-23T06:36:14", "trip_ended_at_utc": "2024-09-23T06:45:47", "latitude_start": 46.2113534, "longitude_start": 6.1497336, "latitude_end": 46.1998549, "longitude_end": 6.1428492, "distance_in_km": 1.383992695222271, "start_station": null, "end_station": null }, "geometry": { "type": "LineString", "coordinates": [ [ 6.1497336, 46.2113534 ], [ 6.1428492, 46.1998549 ] ] } },
{ "type": "Feature", "properties": { "trip_id": "45604586", "rental_id": "13573173", "vehicle_type": "bike", "trip_started_at_utc": "2024-07-03T04:21:44", "trip_ended_at_utc": "2024-07-03T04:29:29", "latitude_start": 46.1996334, "longitude_start": 6.1373358, "latitude_end": 46.209287, "longitude_end": 6.1424689, "distance_in_km": 1.1438112956844209, "start_station": null, "end_station": null }, "geometry": { "type": "LineString", "coordinates": [ [ 6.1373358, 46.1996334 ], [ 6.1424689, 46.209287 ] ] } },
{ "type": "Feature", "properties": { "trip_id": "45749220", "rental_id": "13620203", "vehicle_type": "bike", "trip_started_at_utc": "2024-07-05T16:16:40", "trip_ended_at_utc": "2024-07-05T16:34:34", "latitude_start": 46.2007658, "longitude_start": 6.137685, "latitude_end": 46.2052354, "longitude_end": 6.1625046, "distance_in_km": 1.9736845320718437, "start_station": null, "end_station": null }, "geometry": { "type": "LineString", "coordinates": [ [ 6.137685, 46.2007658 ], [ 6.1625046, 46.2052354 ] ] } },
{ "type": "Feature", "properties": { "trip_id": "47015818", "rental_id": "13949946", "vehicle_type": "bike", "trip_started_at_utc": "2024-07-22T20:45:15", "trip_ended_at_utc": "2024-07-22T21:04:53", "latitude_start": 46.2030969, "longitude_start": 6.1513843, "latitude_end": 46.2026864, "longitude_end": 6.1524333, "distance_in_km": 0.092740664607635706, "start_station": null, "end_station": null }, "geometry": { "type": "LineString", "coordinates": [ [ 6.1513843, 46.2030969 ], [ 6.1524333, 46.2026864 ] ] } },
{ "type": "Feature", "properties": { "trip_id": "48205256", "rental_id": "14236866", "vehicle_type": "bike", "trip_started_at_utc": "2024-08-05T10:51:29", "trip_ended_at_utc": "2024-08-05T11:01:39", "latitude_start": 46.2055684, "longitude_start": 6.1429573, "latitude_end": 46.2027269, "longitude_end": 6.1614014, "distance_in_km": 1.4541462500147502, "start_station": null, "end_station": null }, "geometry": { "type": "LineString", "coordinates": [ [ 6.1429573, 46.2055684 ], [ 6.1614014, 46.2027269 ] ] } },
{ "type": "Feature", "properties": { "trip_id": "50495017", "rental_id": "14838411", "vehicle_type": "bike", "trip_started_at_utc": "2024-08-30T17:00:39", "trip_ended_at_utc": "2024-08-30T19:36:39", "latitude_start": 46.2093046, "longitude_start": 6.1426817, "latitude_end": 46.200846, "longitude_end": 6.1397155, "distance_in_km": 0.96785795254631279, "start_station": null, "end_station": null }, "geometry": { "type": "LineString", "coordinates": [ [ 6.1426817, 46.2093046 ], [ 6.1397155, 46.200846 ] ] } },
{ "type": "Feature", "properties": { "trip_id": "51790308", "rental_id": "15224005", "vehicle_type": "bike", "trip_started_at_utc": "2024-09-17T10:52:27", "trip_ended_at_utc": "2024-09-17T10:56:49", "latitude_start": 46.2040127, "longitude_start": 6.1432707, "latitude_end": 46.2039529, "longitude_end": 6.1367405, "distance_in_km": 0.50259088416447295, "start_station": null, "end_station": null }, "geometry": { "type": "LineString", "coordinates": [ [ 6.1432707, 46.2040127 ], [ 6.1367405, 46.2039529 ] ] } },
{ "type": "Feature", "properties": { "trip_id": "46590861", "rental_id": "13847267", "vehicle_type": "bike", "trip_started_at_utc": "2024-07-18T07:33:58", "trip_ended_at_utc": "2024-07-18T07:40:00", "latitude_start": 46.2005267, "longitude_start": 6.1596468, "latitude_end": 46.2067141, "longitude_end": 6.14636, "distance_in_km": 1.2324408541446117, "start_station": null, "end_station": null }, "geometry": { "type": "LineString", "coordinates": [ [ 6.1596468, 46.2005267 ], [ 6.14636, 46.2067141 ] ] } },
{ "type": "Feature", "properties": { "trip_id": "47785269", "rental_id": "14135687", "vehicle_type": "bike", "trip_started_at_utc": "2024-07-31T16:39:45", "trip_ended_at_utc": "2024-07-31T16:43:50", "latitude_start": 46.1969353, "longitude_start": 6.1453112, "latitude_end": 46.1995479, "longitude_end": 6.1411487, "distance_in_km": 0.43247084072398773, "start_station": null, "end_station": null }, "geometry": { "type": "LineString", "coordinates": [ [ 6.1453112, 46.1969353 ], [ 6.1411487, 46.1995479 ] ] } },
{ "type": "Feature", "properties": { "trip_id": "49516216", "rental_id": "14562077", "vehicle_type": "bike", "trip_started_at_utc": "2024-08-18T18:46:57", "trip_ended_at_utc": "2024-08-18T19:03:23", "latitude_start": 46.1995835, "longitude_start": 6.1411386, "latitude_end": 46.203842, "longitude_end": 6.1379921, "distance_in_km": 0.53185052215498896, "start_station": null, "end_station": null }, "geometry": { "type": "LineString", "coordinates": [ [ 6.1411386, 46.1995835 ], [ 6.1379921, 46.203842 ] ] } },
{ "type": "Feature", "properties": { "trip_id": "45539218", "rental_id": "13552488", "vehicle_type": "bike", "trip_started_at_utc": "2024-07-01T18:23:00", "trip_ended_at_utc": "2024-07-01T18:33:04", "latitude_start": 46.2032425, "longitude_start": 6.1489909, "latitude_end": 46.2032309, "longitude_end": 6.1489479, "distance_in_km": 0.0035517072996378999, "start_station": null, "end_station": null }, "geometry": { "type": "LineString", "coordinates": [ [ 6.1489909, 46.2032425 ], [ 6.1489479, 46.2032309 ] ] } },
{ "type": "Feature", "properties": { "trip_id": "47990078", "rental_id": "14185328", "vehicle_type": "bike", "trip_started_at_utc": "2024-08-02T20:00:34", "trip_ended_at_utc": "2024-08-02T20:09:20", "latitude_start": 46.2046431, "longitude_start": 6.1468719, "latitude_end": 46.1952955, "longitude_end": 6.1435791, "distance_in_km": 1.0698556692988299, "start_station": null, "end_station": null }, "geometry": { "type": "LineString", "coordinates": [ [ 6.1468719, 46.2046431 ], [ 6.1435791, 46.1952955 ] ] } },
{ "type": "Feature", "properties": { "trip_id": "50391482", "rental_id": "14808019", "vehicle_type": "bike", "trip_started_at_utc": "2024-08-29T15:11:25", "trip_ended_at_utc": "2024-08-29T15:17:44", "latitude_start": 46.2006394, "longitude_start": 6.1596683, "latitude_end": 46.2056229, "longitude_end": 6.1428218, "distance_in_km": 1.4099425079727728, "start_station": null, "end_station": null }, "geometry": { "type": "LineString", "coordinates": [ [ 6.1596683, 46.2006394 ], [ 6.1428218, 46.2056229 ] ] } },
{ "type": "Feature", "properties": { "trip_id": "45885257", "rental_id": "13657709", "vehicle_type": "bike", "trip_started_at_utc": "2024-07-07T18:28:18", "trip_ended_at_utc": "2024-07-07T18:34:41", "latitude_start": 46.203673, "longitude_start": 6.158723, "latitude_end": 46.2041801, "longitude_end": 6.1481123, "distance_in_km": 0.81851674319319601, "start_station": null, "end_station": null }, "geometry": { "type": "LineString", "coordinates": [ [ 6.158723, 46.203673 ], [ 6.1481123, 46.2041801 ] ] } },
{ "type": "Feature", "properties": { "trip_id": "46454018", "rental_id": "13813251", "vehicle_type": "bike", "trip_started_at_utc": "2024-07-16T09:59:19", "trip_ended_at_utc": "2024-07-16T10:21:22", "latitude_start": 46.2028617, "longitude_start": 6.1413937, "latitude_end": 46.2101915, "longitude_end": 6.1448333, "distance_in_km": 0.85694085459162106, "start_station": null, "end_station": null }, "geometry": { "type": "LineString", "coordinates": [ [ 6.1413937, 46.2028617 ], [ 6.1448333, 46.2101915 ] ] } },
{ "type": "Feature", "properties": { "trip_id": "52726462", "rental_id": "15519036", "vehicle_type": "bike", "trip_started_at_utc": "2024-10-02T21:09:19", "trip_ended_at_utc": "2024-10-02T21:15:46", "latitude_start": 46.2056808, "longitude_start": 6.1428257, "latitude_end": 46.1964802, "longitude_end": 6.1430763, "distance_in_km": 1.0232434244428117, "start_station": null, "end_station": null }, "geometry": { "type": "LineString", "coordinates": [ [ 6.1428257, 46.2056808 ], [ 6.1430763, 46.1964802 ] ] } },
{ "type": "Feature", "properties": { "trip_id": "53511907", "rental_id": "15758286", "vehicle_type": "bike", "trip_started_at_utc": "2024-10-17T06:01:19", "trip_ended_at_utc": "2024-10-17T06:10:29", "latitude_start": 46.2027382, "longitude_start": 6.1613177, "latitude_end": 46.2031795, "longitude_end": 6.151348, "distance_in_km": 0.76882356869891955, "start_station": null, "end_station": null }, "geometry": { "type": "LineString", "coordinates": [ [ 6.1613177, 46.2027382 ], [ 6.151348, 46.2031795 ] ] } },
{ "type": "Feature", "properties": { "trip_id": "49149409", "rental_id": "14474635", "vehicle_type": "bike", "trip_started_at_utc": "2024-08-15T09:59:49", "trip_ended_at_utc": "2024-08-15T10:03:12", "latitude_start": 46.201742, "longitude_start": 6.1539478, "latitude_end": 46.2031571, "longitude_end": 6.1454666, "distance_in_km": 0.67140794044877494, "start_station": null, "end_station": null }, "geometry": { "type": "LineString", "coordinates": [ [ 6.1539478, 46.201742 ], [ 6.1454666, 46.2031571 ] ] } },
{ "type": "Feature", "properties": { "trip_id": "49627803", "rental_id": "14591221", "vehicle_type": "bike", "trip_started_at_utc": "2024-08-20T08:10:28", "trip_ended_at_utc": "2024-08-20T08:12:25", "latitude_start": 46.2056288, "longitude_start": 6.1428837, "latitude_end": 46.2069995, "longitude_end": 6.1429865, "distance_in_km": 0.1526202883200099, "start_station": null, "end_station": null }, "geometry": { "type": "LineString", "coordinates": [ [ 6.1428837, 46.2056288 ], [ 6.1429865, 46.2069995 ] ] } },
{ "type": "Feature", "properties": { "trip_id": "50090709", "rental_id": "14717723", "vehicle_type": "bike", "trip_started_at_utc": "2024-08-25T17:43:21", "trip_ended_at_utc": "2024-08-25T17:49:12", "latitude_start": 46.2069417, "longitude_start": 6.1473879, "latitude_end": 46.2013245, "longitude_end": 6.1371107, "distance_in_km": 1.0077998690941563, "start_station": null, "end_station": null }, "geometry": { "type": "LineString", "coordinates": [ [ 6.1473879, 46.2069417 ], [ 6.1371107, 46.2013245 ] ] } },
{ "type": "Feature", "properties": { "trip_id": "52427399", "rental_id": "15420644", "vehicle_type": "bike", "trip_started_at_utc": "2024-09-26T21:58:42", "trip_ended_at_utc": "2024-09-26T22:11:40", "latitude_start": 46.211062, "longitude_start": 6.1467265, "latitude_end": 46.2029181, "longitude_end": 6.1581943, "distance_in_km": 1.2644440435128663, "start_station": null, "end_station": null }, "geometry": { "type": "LineString", "coordinates": [ [ 6.1467265, 46.211062 ], [ 6.1581943, 46.2029181 ] ] } },
{ "type": "Feature", "properties": { "trip_id": "46931884", "rental_id": "13929439", "vehicle_type": "bike", "trip_started_at_utc": "2024-07-21T16:33:40", "trip_ended_at_utc": "2024-07-21T16:50:54", "latitude_start": 46.2096993, "longitude_start": 6.1457935, "latitude_end": 46.2066952, "longitude_end": 6.1620392, "distance_in_km": 1.2939895105707344, "start_station": null, "end_station": null }, "geometry": { "type": "LineString", "coordinates": [ [ 6.1457935, 46.2096993 ], [ 6.1620392, 46.2066952 ] ] } },
{ "type": "Feature", "properties": { "trip_id": "47638150", "rental_id": "14099990", "vehicle_type": "bike", "trip_started_at_utc": "2024-07-30T06:25:44", "trip_ended_at_utc": "2024-07-30T06:34:06", "latitude_start": 46.2023994, "longitude_start": 6.1606961, "latitude_end": 46.205738, "longitude_end": 6.1428263, "distance_in_km": 1.4244365790495654, "start_station": null, "end_station": null }, "geometry": { "type": "LineString", "coordinates": [ [ 6.1606961, 46.2023994 ], [ 6.1428263, 46.205738 ] ] } },
{ "type": "Feature", "properties": { "trip_id": "51929963", "rental_id": "15267866", "vehicle_type": "bike", "trip_started_at_utc": "2024-09-19T13:11:38", "trip_ended_at_utc": "2024-09-19T13:19:09", "latitude_start": 46.2035485, "longitude_start": 6.1586441, "latitude_end": 46.2077832, "longitude_end": 6.1465906, "distance_in_km": 1.0402524242735669, "start_station": null, "end_station": null }, "geometry": { "type": "LineString", "coordinates": [ [ 6.1586441, 46.2035485 ], [ 6.1465906, 46.2077832 ] ] } },
{ "type": "Feature", "properties": { "trip_id": "46141110", "rental_id": "13730274", "vehicle_type": "bike", "trip_started_at_utc": "2024-07-11T15:59:16", "trip_ended_at_utc": "2024-07-11T16:07:59", "latitude_start": 46.205399, "longitude_start": 6.1625193, "latitude_end": 46.2093415, "longitude_end": 6.142472, "distance_in_km": 1.6037709937256064, "start_station": null, "end_station": null }, "geometry": { "type": "LineString", "coordinates": [ [ 6.1625193, 46.205399 ], [ 6.142472, 46.2093415 ] ] } },
{ "type": "Feature", "properties": { "trip_id": "47264160", "rental_id": "14011134", "vehicle_type": "bike", "trip_started_at_utc": "2024-07-25T20:58:47", "trip_ended_at_utc": "2024-07-25T21:05:37", "latitude_start": 46.2067906, "longitude_start": 6.1464256, "latitude_end": 46.211255, "longitude_end": 6.1528452, "distance_in_km": 0.70032737714150017, "start_station": null, "end_station": null }, "geometry": { "type": "LineString", "coordinates": [ [ 6.1464256, 46.2067906 ], [ 6.1528452, 46.211255 ] ] } },
{ "type": "Feature", "properties": { "trip_id": "47311093", "rental_id": "14022653", "vehicle_type": "bike", "trip_started_at_utc": "2024-07-26T14:15:00", "trip_ended_at_utc": "2024-07-26T14:18:51", "latitude_start": 46.2120382, "longitude_start": 6.1496998, "latitude_end": 46.2113044, "longitude_end": 6.1528596, "distance_in_km": 0.25646200043431178, "start_station": null, "end_station": null }, "geometry": { "type": "LineString", "coordinates": [ [ 6.1496998, 46.2120382 ], [ 6.1528596, 46.2113044 ] ] } },
{ "type": "Feature", "properties": { "trip_id": "50105736", "rental_id": "14722042", "vehicle_type": "bike", "trip_started_at_utc": "2024-08-26T05:18:49", "trip_ended_at_utc": "2024-08-26T05:27:37", "latitude_start": 46.2093948, "longitude_start": 6.1426101, "latitude_end": 46.2053079, "longitude_end": 6.1625709, "distance_in_km": 1.6018506701348447, "start_station": null, "end_station": null }, "geometry": { "type": "LineString", "coordinates": [ [ 6.1426101, 46.2093948 ], [ 6.1625709, 46.2053079 ] ] } },
{ "type": "Feature", "properties": { "trip_id": "51186196", "rental_id": "15040880", "vehicle_type": "bike", "trip_started_at_utc": "2024-09-08T02:59:42", "trip_ended_at_utc": "2024-09-08T03:09:25", "latitude_start": 46.2041769, "longitude_start": 6.139093, "latitude_end": 46.1966493, "longitude_end": 6.1464323, "distance_in_km": 1.0097911945969409, "start_station": null, "end_station": null }, "geometry": { "type": "LineString", "coordinates": [ [ 6.139093, 46.2041769 ], [ 6.1464323, 46.1966493 ] ] } },
{ "type": "Feature", "properties": { "trip_id": "51331183", "rental_id": "15084063", "vehicle_type": "bike", "trip_started_at_utc": "2024-09-10T10:34:47", "trip_ended_at_utc": "2024-09-10T10:40:14", "latitude_start": 46.2040223, "longitude_start": 6.143292, "latitude_end": 46.2047485, "longitude_end": 6.1469271, "distance_in_km": 0.29116688324130968, "start_station": null, "end_station": null }, "geometry": { "type": "LineString", "coordinates": [ [ 6.143292, 46.2040223 ], [ 6.1469271, 46.2047485 ] ] } },
{ "type": "Feature", "properties": { "trip_id": "46194925", "rental_id": "13744922", "vehicle_type": "bike", "trip_started_at_utc": "2024-07-12T12:53:05", "trip_ended_at_utc": "2024-07-12T13:04:28", "latitude_start": 46.2069253, "longitude_start": 6.146497, "latitude_end": 46.2004482, "longitude_end": 6.1596682, "distance_in_km": 1.2434457543720274, "start_station": null, "end_station": null }, "geometry": { "type": "LineString", "coordinates": [ [ 6.146497, 46.2069253 ], [ 6.1596682, 46.2004482 ] ] } },
{ "type": "Feature", "properties": { "trip_id": "48584202", "rental_id": "14330989", "vehicle_type": "bike", "trip_started_at_utc": "2024-08-09T11:35:46", "trip_ended_at_utc": "2024-08-09T11:39:27", "latitude_start": 46.2005722, "longitude_start": 6.158954, "latitude_end": 46.2024404, "longitude_end": 6.16167, "distance_in_km": 0.29469543089594907, "start_station": null, "end_station": null }, "geometry": { "type": "LineString", "coordinates": [ [ 6.158954, 46.2005722 ], [ 6.16167, 46.2024404 ] ] } },
{ "type": "Feature", "properties": { "trip_id": "49570822", "rental_id": "14576192", "vehicle_type": "bike", "trip_started_at_utc": "2024-08-19T13:57:47", "trip_ended_at_utc": "2024-08-19T14:08:19", "latitude_start": 46.2089002, "longitude_start": 6.144694, "latitude_end": 46.1987721, "longitude_end": 6.1439317, "distance_in_km": 1.1277220247581512, "start_station": null, "end_station": null }, "geometry": { "type": "LineString", "coordinates": [ [ 6.144694, 46.2089002 ], [ 6.1439317, 46.1987721 ] ] } },
{ "type": "Feature", "properties": { "trip_id": "50550783", "rental_id": "14855456", "vehicle_type": "bike", "trip_started_at_utc": "2024-08-31T11:22:41", "trip_ended_at_utc": "2024-08-31T11:28:17", "latitude_start": 46.2046547, "longitude_start": 6.146955, "latitude_end": 46.2111037, "longitude_end": 6.1442214, "distance_in_km": 0.74731380484639554, "start_station": null, "end_station": null }, "geometry": { "type": "LineString", "coordinates": [ [ 6.146955, 46.2046547 ], [ 6.1442214, 46.2111037 ] ] } },
{ "type": "Feature", "properties": { "trip_id": "45989066", "rental_id": "13687878", "vehicle_type": "bike", "trip_started_at_utc": "2024-07-09T13:12:15", "trip_ended_at_utc": "2024-07-09T13:18:28", "latitude_start": 46.2031682, "longitude_start": 6.1586884, "latitude_end": 46.2024743, "longitude_end": 6.1475605, "distance_in_km": 0.85986065137873202, "start_station": null, "end_station": null }, "geometry": { "type": "LineString", "coordinates": [ [ 6.1586884, 46.2031682 ], [ 6.1475605, 46.2024743 ] ] } },
{ "type": "Feature", "properties": { "trip_id": "46396880", "rental_id": "13798180", "vehicle_type": "bike", "trip_started_at_utc": "2024-07-15T12:09:17", "trip_ended_at_utc": "2024-07-15T12:26:58", "latitude_start": 46.1944705, "longitude_start": 6.1523268, "latitude_end": 46.2093336, "longitude_end": 6.1425021, "distance_in_km": 1.8174528417589093, "start_station": null, "end_station": null }, "geometry": { "type": "LineString", "coordinates": [ [ 6.1523268, 46.1944705 ], [ 6.1425021, 46.2093336 ] ] } },
{ "type": "Feature", "properties": { "trip_id": "47546307", "rental_id": "14077157", "vehicle_type": "bike", "trip_started_at_utc": "2024-07-28T22:26:05", "trip_ended_at_utc": "2024-07-28T22:34:39", "latitude_start": 46.2024728, "longitude_start": 6.1476058, "latitude_end": 46.2041199, "longitude_end": 6.1617782, "distance_in_km": 1.1059544698155097, "start_station": null, "end_station": null }, "geometry": { "type": "LineString", "coordinates": [ [ 6.1476058, 46.2024728 ], [ 6.1617782, 46.2041199 ] ] } },
{ "type": "Feature", "properties": { "trip_id": "53910094", "rental_id": "15880872", "vehicle_type": "bike", "trip_started_at_utc": "2024-10-24T12:06:33", "trip_ended_at_utc": "2024-10-24T12:13:52", "latitude_start": 46.2018378, "longitude_start": 6.150392, "latitude_end": 46.2069993, "longitude_end": 6.1473157, "distance_in_km": 0.62084334901004534, "start_station": null, "end_station": null }, "geometry": { "type": "LineString", "coordinates": [ [ 6.150392, 46.2018378 ], [ 6.1473157, 46.2069993 ] ] } },
{ "type": "Feature", "properties": { "trip_id": "50703202", "rental_id": "14897231", "vehicle_type": "bike", "trip_started_at_utc": "2024-09-02T07:34:53", "trip_ended_at_utc": "2024-09-02T07:46:10", "latitude_start": 46.2031963, "longitude_start": 6.1587344, "latitude_end": 46.2071142, "longitude_end": 6.144876, "distance_in_km": 1.1520321250702166, "start_station": null, "end_station": null }, "geometry": { "type": "LineString", "coordinates": [ [ 6.1587344, 46.2031963 ], [ 6.144876, 46.2071142 ] ] } },
{ "type": "Feature", "properties": { "trip_id": "50751070", "rental_id": "14911088", "vehicle_type": "bike", "trip_started_at_utc": "2024-09-02T17:19:42", "trip_ended_at_utc": "2024-09-02T17:23:46", "latitude_start": 46.2039289, "longitude_start": 6.1433471, "latitude_end": 46.1975949, "longitude_end": 6.1420298, "distance_in_km": 0.71156906569654499, "start_station": null, "end_station": null }, "geometry": { "type": "LineString", "coordinates": [ [ 6.1433471, 46.2039289 ], [ 6.1420298, 46.1975949 ] ] } },
{ "type": "Feature", "properties": { "trip_id": "50752569", "rental_id": "14911088", "vehicle_type": "bike", "trip_started_at_utc": "2024-09-02T17:39:07", "trip_ended_at_utc": "2024-09-02T17:50:39", "latitude_start": 46.1974965, "longitude_start": 6.1416842, "latitude_end": 46.1965489, "longitude_end": 6.1433489, "distance_in_km": 0.16588875234968239, "start_station": null, "end_station": null }, "geometry": { "type": "LineString", "coordinates": [ [ 6.1416842, 46.1974965 ], [ 6.1433489, 46.1965489 ] ] } },
{ "type": "Feature", "properties": { "trip_id": "52587620", "rental_id": "15470364", "vehicle_type": "bike", "trip_started_at_utc": "2024-09-29T18:04:12", "trip_ended_at_utc": "2024-09-29T18:08:33", "latitude_start": 46.2012776, "longitude_start": 6.1558124, "latitude_end": 46.2054525, "longitude_end": 6.1602502, "distance_in_km": 0.576322372603007, "start_station": null, "end_station": null }, "geometry": { "type": "LineString", "coordinates": [ [ 6.1558124, 46.2012776 ], [ 6.1602502, 46.2054525 ] ] } },
{ "type": "Feature", "properties": { "trip_id": "47764878", "rental_id": "14130943", "vehicle_type": "bike", "trip_started_at_utc": "2024-07-31T13:48:46", "trip_ended_at_utc": "2024-07-31T13:52:00", "latitude_start": 46.2094834, "longitude_start": 6.1423705, "latitude_end": 46.209396, "longitude_end": 6.1423641, "distance_in_km": 0.0097309218958436007, "start_station": null, "end_station": null }, "geometry": { "type": "LineString", "coordinates": [ [ 6.1423705, 46.2094834 ], [ 6.1423641, 46.209396 ] ] } },
{ "type": "Feature", "properties": { "trip_id": "50427805", "rental_id": "14818038", "vehicle_type": "bike", "trip_started_at_utc": "2024-08-29T21:33:08", "trip_ended_at_utc": "2024-08-29T21:39:09", "latitude_start": 46.2017263, "longitude_start": 6.152677, "latitude_end": 46.2031645, "longitude_end": 6.1587971, "distance_in_km": 0.49740881939692227, "start_station": null, "end_station": null }, "geometry": { "type": "LineString", "coordinates": [ [ 6.152677, 46.2017263 ], [ 6.1587971, 46.2031645 ] ] } },
{ "type": "Feature", "properties": { "trip_id": "46206872", "rental_id": "13747910", "vehicle_type": "bike", "trip_started_at_utc": "2024-07-12T15:04:48", "trip_ended_at_utc": "2024-07-12T15:12:01", "latitude_start": 46.2003109, "longitude_start": 6.1595293, "latitude_end": 46.2071941, "longitude_end": 6.1459845, "distance_in_km": 1.2931944984035897, "start_station": null, "end_station": null }, "geometry": { "type": "LineString", "coordinates": [ [ 6.1595293, 46.2003109 ], [ 6.1459845, 46.2071941 ] ] } },
{ "type": "Feature", "properties": { "trip_id": "48583657", "rental_id": "14330962", "vehicle_type": "bike", "trip_started_at_utc": "2024-08-09T11:28:21", "trip_ended_at_utc": "2024-08-09T11:40:27", "latitude_start": 46.1946438, "longitude_start": 6.1488521, "latitude_end": 46.1985577, "longitude_end": 6.1444138, "distance_in_km": 0.5532622895818835, "start_station": null, "end_station": null }, "geometry": { "type": "LineString", "coordinates": [ [ 6.1488521, 46.1946438 ], [ 6.1444138, 46.1985577 ] ] } },
{ "type": "Feature", "properties": { "trip_id": "49552478", "rental_id": "14570748", "vehicle_type": "bike", "trip_started_at_utc": "2024-08-19T11:06:30", "trip_ended_at_utc": "2024-08-19T11:08:01", "latitude_start": 46.2021994, "longitude_start": 6.1516513, "latitude_end": 46.2015401, "longitude_end": 6.1530234, "distance_in_km": 0.12855065231442631, "start_station": null, "end_station": null }, "geometry": { "type": "LineString", "coordinates": [ [ 6.1516513, 46.2021994 ], [ 6.1530234, 46.2015401 ] ] } },
{ "type": "Feature", "properties": { "trip_id": "50260331", "rental_id": "14768155", "vehicle_type": "bike", "trip_started_at_utc": "2024-08-28T05:27:23", "trip_ended_at_utc": "2024-08-28T05:29:21", "latitude_start": 46.2045551, "longitude_start": 6.1590261, "latitude_end": 46.2054511, "longitude_end": 6.1625003, "distance_in_km": 0.28532053760195702, "start_station": null, "end_station": null }, "geometry": { "type": "LineString", "coordinates": [ [ 6.1590261, 46.2045551 ], [ 6.1625003, 46.2054511 ] ] } },
{ "type": "Feature", "properties": { "trip_id": "50394106", "rental_id": "14809023", "vehicle_type": "bike", "trip_started_at_utc": "2024-08-29T15:32:39", "trip_ended_at_utc": "2024-08-29T15:35:03", "latitude_start": 46.2038013, "longitude_start": 6.1440308, "latitude_end": 46.2020797, "longitude_end": 6.1511575, "distance_in_km": 0.58091112925876698, "start_station": null, "end_station": null }, "geometry": { "type": "LineString", "coordinates": [ [ 6.1440308, 46.2038013 ], [ 6.1511575, 46.2020797 ] ] } },
{ "type": "Feature", "properties": { "trip_id": "44880542", "rental_id": "13350511", "vehicle_type": "bike", "trip_started_at_utc": "2024-06-22T03:14:10", "trip_ended_at_utc": "2024-06-22T03:18:04", "latitude_start": 46.2066403, "longitude_start": 6.1616892, "latitude_end": 46.2014889, "longitude_end": 6.1530223, "distance_in_km": 0.87918998113155566, "start_station": null, "end_station": null }, "geometry": { "type": "LineString", "coordinates": [ [ 6.1616892, 46.2066403 ], [ 6.1530223, 46.2014889 ] ] } },
{ "type": "Feature", "properties": { "trip_id": "51479737", "rental_id": "15133250", "vehicle_type": "bike", "trip_started_at_utc": "2024-09-13T05:29:48", "trip_ended_at_utc": "2024-09-13T05:34:14", "latitude_start": 46.2024019, "longitude_start": 6.1563841, "latitude_end": 46.2054695, "longitude_end": 6.1623943, "distance_in_km": 0.57470352933071422, "start_station": null, "end_station": null }, "geometry": { "type": "LineString", "coordinates": [ [ 6.1563841, 46.2024019 ], [ 6.1623943, 46.2054695 ] ] } },
{ "type": "Feature", "properties": { "trip_id": "51842460", "rental_id": "15239449", "vehicle_type": "bike", "trip_started_at_utc": "2024-09-18T06:29:26", "trip_ended_at_utc": "2024-09-18T06:46:20", "latitude_start": 46.2011622, "longitude_start": 6.1374195, "latitude_end": 46.1959903, "longitude_end": 6.1502669, "distance_in_km": 1.143875972125413, "start_station": null, "end_station": null }, "geometry": { "type": "LineString", "coordinates": [ [ 6.1374195, 46.2011622 ], [ 6.1502669, 46.1959903 ] ] } },
{ "type": "Feature", "properties": { "trip_id": "47975923", "rental_id": "14182033", "vehicle_type": "bike", "trip_started_at_utc": "2024-08-02T17:23:13", "trip_ended_at_utc": "2024-08-02T17:28:09", "latitude_start": 46.2038636, "longitude_start": 6.1435775, "latitude_end": 46.2094729, "longitude_end": 6.1428815, "distance_in_km": 0.62602205543395162, "start_station": null, "end_station": null }, "geometry": { "type": "LineString", "coordinates": [ [ 6.1435775, 46.2038636 ], [ 6.1428815, 46.2094729 ] ] } },
{ "type": "Feature", "properties": { "trip_id": "49916462", "rental_id": "14670565", "vehicle_type": "bike", "trip_started_at_utc": "2024-08-23T17:34:32", "trip_ended_at_utc": "2024-08-23T17:41:16", "latitude_start": 46.2068895, "longitude_start": 6.1465157, "latitude_end": 46.2006888, "longitude_end": 6.1594674, "distance_in_km": 1.2119685286073552, "start_station": null, "end_station": null }, "geometry": { "type": "LineString", "coordinates": [ [ 6.1465157, 46.2068895 ], [ 6.1594674, 46.2006888 ] ] } },
{ "type": "Feature", "properties": { "trip_id": "50391254", "rental_id": "14808115", "vehicle_type": "bike", "trip_started_at_utc": "2024-08-29T15:09:32", "trip_ended_at_utc": "2024-08-29T15:17:21", "latitude_start": 46.1960921, "longitude_start": 6.1546323, "latitude_end": 46.2040974, "longitude_end": 6.1619002, "distance_in_km": 1.0513080204538521, "start_station": null, "end_station": null }, "geometry": { "type": "LineString", "coordinates": [ [ 6.1546323, 46.1960921 ], [ 6.1619002, 46.2040974 ] ] } },
{ "type": "Feature", "properties": { "trip_id": "50508841", "rental_id": "14842061", "vehicle_type": "bike", "trip_started_at_utc": "2024-08-30T19:39:23", "trip_ended_at_utc": "2024-08-30T19:46:59", "latitude_start": 46.1990076, "longitude_start": 6.1557019, "latitude_end": 46.2086866, "longitude_end": 6.1461282, "distance_in_km": 1.3042843423871802, "start_station": null, "end_station": null }, "geometry": { "type": "LineString", "coordinates": [ [ 6.1557019, 46.1990076 ], [ 6.1461282, 46.2086866 ] ] } },
{ "type": "Feature", "properties": { "trip_id": "50744248", "rental_id": "14909138", "vehicle_type": "bike", "trip_started_at_utc": "2024-09-02T16:10:07", "trip_ended_at_utc": "2024-09-02T16:16:52", "latitude_start": 46.2006805, "longitude_start": 6.1429137, "latitude_end": 46.2093861, "longitude_end": 6.1424734, "distance_in_km": 0.96861290756806018, "start_station": null, "end_station": null }, "geometry": { "type": "LineString", "coordinates": [ [ 6.1429137, 46.2006805 ], [ 6.1424734, 46.2093861 ] ] } },
{ "type": "Feature", "properties": { "trip_id": "52922197", "rental_id": "15578598", "vehicle_type": "bike", "trip_started_at_utc": "2024-10-05T19:34:13", "trip_ended_at_utc": "2024-10-05T19:47:33", "latitude_start": 46.2110696, "longitude_start": 6.152529, "latitude_end": 46.2080863, "longitude_end": 6.1488269, "distance_in_km": 0.43726118302326222, "start_station": null, "end_station": null }, "geometry": { "type": "LineString", "coordinates": [ [ 6.152529, 46.2110696 ], [ 6.1488269, 46.2080863 ] ] } },
{ "type": "Feature", "properties": { "trip_id": "51124309", "rental_id": "15024874", "vehicle_type": "bike", "trip_started_at_utc": "2024-09-07T13:10:27", "trip_ended_at_utc": "2024-09-07T13:14:48", "latitude_start": 46.2007631, "longitude_start": 6.1378146, "latitude_end": 46.2038558, "longitude_end": 6.143395, "distance_in_km": 0.55018487956124507, "start_station": null, "end_station": null }, "geometry": { "type": "LineString", "coordinates": [ [ 6.1378146, 46.2007631 ], [ 6.143395, 46.2038558 ] ] } },
{ "type": "Feature", "properties": { "trip_id": "45885631", "rental_id": "13657820", "vehicle_type": "bike", "trip_started_at_utc": "2024-07-07T18:35:12", "trip_ended_at_utc": "2024-07-07T18:35:34", "latitude_start": 46.2041195, "longitude_start": 6.1480653, "latitude_end": 46.2041138, "longitude_end": 6.1481087, "distance_in_km": 0.0033995474696087999, "start_station": null, "end_station": null }, "geometry": { "type": "LineString", "coordinates": [ [ 6.1480653, 46.2041195 ], [ 6.1481087, 46.2041138 ] ] } },
{ "type": "Feature", "properties": { "trip_id": "50611791", "rental_id": "14870725", "vehicle_type": "bike", "trip_started_at_utc": "2024-08-31T21:10:42", "trip_ended_at_utc": "2024-08-31T21:12:32", "latitude_start": 46.2032617, "longitude_start": 6.1489415, "latitude_end": 46.2033194, "longitude_end": 6.148958, "distance_in_km": 0.0065404076189478997, "start_station": null, "end_station": null }, "geometry": { "type": "LineString", "coordinates": [ [ 6.1489415, 46.2032617 ], [ 6.148958, 46.2033194 ] ] } },
{ "type": "Feature", "properties": { "trip_id": "46612874", "rental_id": "13852591", "vehicle_type": "bike", "trip_started_at_utc": "2024-07-18T12:35:04", "trip_ended_at_utc": "2024-07-18T12:36:50", "latitude_start": 46.2057693, "longitude_start": 6.1608224, "latitude_end": 46.2055617, "longitude_end": 6.1604943, "distance_in_km": 0.034210882130390502, "start_station": null, "end_station": null }, "geometry": { "type": "LineString", "coordinates": [ [ 6.1608224, 46.2057693 ], [ 6.1604943, 46.2055617 ] ] } },
{ "type": "Feature", "properties": { "trip_id": "46942330", "rental_id": "13931617", "vehicle_type": "bike", "trip_started_at_utc": "2024-07-21T18:25:38", "trip_ended_at_utc": "2024-07-21T19:15:04", "latitude_start": 46.20311, "longitude_start": 6.1554705, "latitude_end": 46.2022816, "longitude_end": 6.1564692, "distance_in_km": 0.11996797642754579, "start_station": null, "end_station": null }, "geometry": { "type": "LineString", "coordinates": [ [ 6.1554705, 46.20311 ], [ 6.1564692, 46.2022816 ] ] } },
{ "type": "Feature", "properties": { "trip_id": "48840307", "rental_id": "14393863", "vehicle_type": "bike", "trip_started_at_utc": "2024-08-11T19:20:20", "trip_ended_at_utc": "2024-08-11T19:22:40", "latitude_start": 46.2112246, "longitude_start": 6.1526781, "latitude_end": 46.211483, "longitude_end": 6.1496921, "distance_in_km": 0.23155341963075149, "start_station": null, "end_station": null }, "geometry": { "type": "LineString", "coordinates": [ [ 6.1526781, 46.2112246 ], [ 6.1496921, 46.211483 ] ] } },
{ "type": "Feature", "properties": { "trip_id": "49162279", "rental_id": "14477636", "vehicle_type": "bike", "trip_started_at_utc": "2024-08-15T11:55:57", "trip_ended_at_utc": "2024-08-15T12:03:10", "latitude_start": 46.2036936, "longitude_start": 6.1585366, "latitude_end": 46.2057274, "longitude_end": 6.1428535, "distance_in_km": 1.2279186528818395, "start_station": null, "end_station": null }, "geometry": { "type": "LineString", "coordinates": [ [ 6.1585366, 46.2036936 ], [ 6.1428535, 46.2057274 ] ] } },
{ "type": "Feature", "properties": { "trip_id": "49194387", "rental_id": "14484911", "vehicle_type": "bike", "trip_started_at_utc": "2024-08-15T16:01:21", "trip_ended_at_utc": "2024-08-15T16:09:55", "latitude_start": 46.2057783, "longitude_start": 6.1607823, "latitude_end": 46.2093788, "longitude_end": 6.14261, "distance_in_km": 1.4545826020877597, "start_station": null, "end_station": null }, "geometry": { "type": "LineString", "coordinates": [ [ 6.1607823, 46.2057783 ], [ 6.14261, 46.2093788 ] ] } },
{ "type": "Feature", "properties": { "trip_id": "51917198", "rental_id": "15264004", "vehicle_type": "bike", "trip_started_at_utc": "2024-09-19T10:04:04", "trip_ended_at_utc": "2024-09-19T10:08:55", "latitude_start": 46.2111866, "longitude_start": 6.1525336, "latitude_end": 46.2117525, "longitude_end": 6.1497751, "distance_in_km": 0.2213888423479744, "start_station": null, "end_station": null }, "geometry": { "type": "LineString", "coordinates": [ [ 6.1525336, 46.2111866 ], [ 6.1497751, 46.2117525 ] ] } },
{ "type": "Feature", "properties": { "trip_id": "47209640", "rental_id": "13998729", "vehicle_type": "bike", "trip_started_at_utc": "2024-07-25T11:52:21", "trip_ended_at_utc": "2024-07-25T11:59:45", "latitude_start": 46.2070071, "longitude_start": 6.143392, "latitude_end": 46.2106414, "longitude_end": 6.1508809, "distance_in_km": 0.70384873183189667, "start_station": null, "end_station": null }, "geometry": { "type": "LineString", "coordinates": [ [ 6.143392, 46.2070071 ], [ 6.1508809, 46.2106414 ] ] } },
{ "type": "Feature", "properties": { "trip_id": "53960927", "rental_id": "15901461", "vehicle_type": "bike", "trip_started_at_utc": "2024-10-25T10:35:49", "trip_ended_at_utc": "2024-10-25T10:45:38", "latitude_start": 46.2069177, "longitude_start": 6.1474177, "latitude_end": 46.2111271, "longitude_end": 6.1523947, "distance_in_km": 0.6047804811452443, "start_station": null, "end_station": null }, "geometry": { "type": "LineString", "coordinates": [ [ 6.1474177, 46.2069177 ], [ 6.1523947, 46.2111271 ] ] } },
{ "type": "Feature", "properties": { "trip_id": "47909579", "rental_id": "14166294", "vehicle_type": "bike", "trip_started_at_utc": "2024-08-02T06:37:27", "trip_ended_at_utc": "2024-08-02T06:40:07", "latitude_start": 46.2082857, "longitude_start": 6.1433691, "latitude_end": 46.2093951, "longitude_end": 6.1425204, "distance_in_km": 0.13958071843871309, "start_station": null, "end_station": null }, "geometry": { "type": "LineString", "coordinates": [ [ 6.1433691, 46.2082857 ], [ 6.1425204, 46.2093951 ] ] } },
{ "type": "Feature", "properties": { "trip_id": "52025503", "rental_id": "15298125", "vehicle_type": "bike", "trip_started_at_utc": "2024-09-20T16:55:05", "trip_ended_at_utc": "2024-09-20T17:07:45", "latitude_start": 46.2114917, "longitude_start": 6.149541, "latitude_end": 46.2041413, "longitude_end": 6.1391161, "distance_in_km": 1.1452412257985654, "start_station": null, "end_station": null }, "geometry": { "type": "LineString", "coordinates": [ [ 6.149541, 46.2114917 ], [ 6.1391161, 46.2041413 ] ] } },
{ "type": "Feature", "properties": { "trip_id": "46975457", "rental_id": "13940145", "vehicle_type": "bike", "trip_started_at_utc": "2024-07-22T11:47:47", "trip_ended_at_utc": "2024-07-22T11:57:33", "latitude_start": 46.1948824, "longitude_start": 6.1512829, "latitude_end": 46.2029192, "longitude_end": 6.1413943, "distance_in_km": 1.1738160641801481, "start_station": null, "end_station": null }, "geometry": { "type": "LineString", "coordinates": [ [ 6.1512829, 46.1948824 ], [ 6.1413943, 46.2029192 ] ] } },
{ "type": "Feature", "properties": { "trip_id": "47082783", "rental_id": "13966915", "vehicle_type": "bike", "trip_started_at_utc": "2024-07-23T18:59:32", "trip_ended_at_utc": "2024-07-23T19:16:46", "latitude_start": 46.2023363, "longitude_start": 6.1608267, "latitude_end": 46.2095197, "longitude_end": 6.142426, "distance_in_km": 1.6257692114553726, "start_station": null, "end_station": null }, "geometry": { "type": "LineString", "coordinates": [ [ 6.1608267, 46.2023363 ], [ 6.142426, 46.2095197 ] ] } },
{ "type": "Feature", "properties": { "trip_id": "48291955", "rental_id": "14257638", "vehicle_type": "bike", "trip_started_at_utc": "2024-08-06T10:15:58", "trip_ended_at_utc": "2024-08-06T10:17:26", "latitude_start": 46.2016219, "longitude_start": 6.1617562, "latitude_end": 46.2018856, "longitude_end": 6.1623765, "distance_in_km": 0.0560246425066021, "start_station": null, "end_station": null }, "geometry": { "type": "LineString", "coordinates": [ [ 6.1617562, 46.2016219 ], [ 6.1623765, 46.2018856 ] ] } },
{ "type": "Feature", "properties": { "trip_id": "46061543", "rental_id": "13708206", "vehicle_type": "bike", "trip_started_at_utc": "2024-07-10T14:02:16", "trip_ended_at_utc": "2024-07-10T14:05:12", "latitude_start": 46.2025632, "longitude_start": 6.1475283, "latitude_end": 46.2017442, "longitude_end": 6.1529887, "distance_in_km": 0.42998649201123018, "start_station": null, "end_station": null }, "geometry": { "type": "LineString", "coordinates": [ [ 6.1475283, 46.2025632 ], [ 6.1529887, 46.2017442 ] ] } },
{ "type": "Feature", "properties": { "trip_id": "46037349", "rental_id": "13701891", "vehicle_type": "bike", "trip_started_at_utc": "2024-07-10T07:32:31", "trip_ended_at_utc": "2024-07-10T07:38:47", "latitude_start": 46.2025746, "longitude_start": 6.1606757, "latitude_end": 46.2066811, "longitude_end": 6.1463969, "distance_in_km": 1.1899437778574051, "start_station": null, "end_station": null }, "geometry": { "type": "LineString", "coordinates": [ [ 6.1606757, 46.2025746 ], [ 6.1463969, 46.2066811 ] ] } },
{ "type": "Feature", "properties": { "trip_id": "47321708", "rental_id": "14025196", "vehicle_type": "bike", "trip_started_at_utc": "2024-07-26T15:54:32", "trip_ended_at_utc": "2024-07-26T15:56:51", "latitude_start": 46.2042889, "longitude_start": 6.1575166, "latitude_end": 46.2032493, "longitude_end": 6.158862, "distance_in_km": 0.15518789981963541, "start_station": null, "end_station": null }, "geometry": { "type": "LineString", "coordinates": [ [ 6.1575166, 46.2042889 ], [ 6.158862, 46.2032493 ] ] } },
{ "type": "Feature", "properties": { "trip_id": "47526639", "rental_id": "14072825", "vehicle_type": "bike", "trip_started_at_utc": "2024-07-28T17:04:06", "trip_ended_at_utc": "2024-07-28T17:19:58", "latitude_start": 46.2105667, "longitude_start": 6.1430706, "latitude_end": 46.2052785, "longitude_end": 6.1581638, "distance_in_km": 1.3018196786635328, "start_station": null, "end_station": null }, "geometry": { "type": "LineString", "coordinates": [ [ 6.1430706, 46.2105667 ], [ 6.1581638, 46.2052785 ] ] } },
{ "type": "Feature", "properties": { "trip_id": "47839105", "rental_id": "14149645", "vehicle_type": "bike", "trip_started_at_utc": "2024-08-01T11:39:47", "trip_ended_at_utc": "2024-08-01T11:52:36", "latitude_start": 46.2005544, "longitude_start": 6.1595252, "latitude_end": 46.206944, "longitude_end": 6.1473055, "distance_in_km": 1.1786224434140742, "start_station": null, "end_station": null }, "geometry": { "type": "LineString", "coordinates": [ [ 6.1595252, 46.2005544 ], [ 6.1473055, 46.206944 ] ] } },
{ "type": "Feature", "properties": { "trip_id": "49498067", "rental_id": "14558221", "vehicle_type": "bike", "trip_started_at_utc": "2024-08-18T15:40:37", "trip_ended_at_utc": "2024-08-18T15:50:41", "latitude_start": 46.2096078, "longitude_start": 6.1458791, "latitude_end": 46.2031651, "longitude_end": 6.1587846, "distance_in_km": 1.2245532565785373, "start_station": null, "end_station": null }, "geometry": { "type": "LineString", "coordinates": [ [ 6.1458791, 46.2096078 ], [ 6.1587846, 46.2031651 ] ] } },
{ "type": "Feature", "properties": { "trip_id": "50437903", "rental_id": "14822089", "vehicle_type": "bike", "trip_started_at_utc": "2024-08-30T06:33:28", "trip_ended_at_utc": "2024-08-30T06:34:35", "latitude_start": 46.2048796, "longitude_start": 6.1435441, "latitude_end": 46.2057144, "longitude_end": 6.1428701, "distance_in_km": 0.10633388905614791, "start_station": null, "end_station": null }, "geometry": { "type": "LineString", "coordinates": [ [ 6.1435441, 46.2048796 ], [ 6.1428701, 46.2057144 ] ] } },
{ "type": "Feature", "properties": { "trip_id": "51229351", "rental_id": "15051228", "vehicle_type": "bike", "trip_started_at_utc": "2024-09-08T14:10:04", "trip_ended_at_utc": "2024-09-08T14:13:15", "latitude_start": 46.2092959, "longitude_start": 6.1426674, "latitude_end": 46.2088444, "longitude_end": 6.1441595, "distance_in_km": 0.1253137776482125, "start_station": null, "end_station": null }, "geometry": { "type": "LineString", "coordinates": [ [ 6.1426674, 46.2092959 ], [ 6.1441595, 46.2088444 ] ] } },
{ "type": "Feature", "properties": { "trip_id": "52443669", "rental_id": "15426995", "vehicle_type": "bike", "trip_started_at_utc": "2024-09-27T10:32:53", "trip_ended_at_utc": "2024-09-27T10:50:34", "latitude_start": 46.19462, "longitude_start": 6.1488006, "latitude_end": 46.2114, "longitude_end": 6.1461639, "distance_in_km": 1.8768552738242437, "start_station": null, "end_station": null }, "geometry": { "type": "LineString", "coordinates": [ [ 6.1488006, 46.19462 ], [ 6.1461639, 46.2114 ] ] } },
{ "type": "Feature", "properties": { "trip_id": "45894468", "rental_id": "13660119", "vehicle_type": "bike", "trip_started_at_utc": "2024-07-07T23:04:06", "trip_ended_at_utc": "2024-07-07T23:35:24", "latitude_start": 46.2031747, "longitude_start": 6.1514763, "latitude_end": 46.2024616, "longitude_end": 6.1523551, "distance_in_km": 0.104218246411295, "start_station": null, "end_station": null }, "geometry": { "type": "LineString", "coordinates": [ [ 6.1514763, 46.2031747 ], [ 6.1523551, 46.2024616 ] ] } },
{ "type": "Feature", "properties": { "trip_id": "46814861", "rental_id": "13902725", "vehicle_type": "bike", "trip_started_at_utc": "2024-07-20T14:37:43", "trip_ended_at_utc": "2024-07-20T14:40:21", "latitude_start": 46.2024085, "longitude_start": 6.1607628, "latitude_end": 46.2038515, "longitude_end": 6.1577581, "distance_in_km": 0.28145401958729521, "start_station": null, "end_station": null }, "geometry": { "type": "LineString", "coordinates": [ [ 6.1607628, 46.2024085 ], [ 6.1577581, 46.2038515 ] ] } },
{ "type": "Feature", "properties": { "trip_id": "46988464", "rental_id": "13943255", "vehicle_type": "bike", "trip_started_at_utc": "2024-07-22T14:53:01", "trip_ended_at_utc": "2024-07-22T15:02:39", "latitude_start": 46.201542, "longitude_start": 6.139774, "latitude_end": 46.2039728, "longitude_end": 6.1433424, "distance_in_km": 0.38532438710568839, "start_station": null, "end_station": null }, "geometry": { "type": "LineString", "coordinates": [ [ 6.139774, 46.201542 ], [ 6.1433424, 46.2039728 ] ] } },
{ "type": "Feature", "properties": { "trip_id": "47060858", "rental_id": "13961714", "vehicle_type": "bike", "trip_started_at_utc": "2024-07-23T14:45:47", "trip_ended_at_utc": "2024-07-23T15:00:14", "latitude_start": 46.2112036, "longitude_start": 6.1525976, "latitude_end": 46.2016295, "longitude_end": 6.1394698, "distance_in_km": 1.4676290311785496, "start_station": null, "end_station": null }, "geometry": { "type": "LineString", "coordinates": [ [ 6.1525976, 46.2112036 ], [ 6.1394698, 46.2016295 ] ] } },
{ "type": "Feature", "properties": { "trip_id": "47460836", "rental_id": "14057740", "vehicle_type": "bike", "trip_started_at_utc": "2024-07-28T00:49:18", "trip_ended_at_utc": "2024-07-28T01:05:11", "latitude_start": 46.2069274, "longitude_start": 6.1474237, "latitude_end": 46.2014141, "longitude_end": 6.1530873, "distance_in_km": 0.75219781034346733, "start_station": null, "end_station": null }, "geometry": { "type": "LineString", "coordinates": [ [ 6.1474237, 46.2069274 ], [ 6.1530873, 46.2014141 ] ] } },
{ "type": "Feature", "properties": { "trip_id": "48223194", "rental_id": "14240471", "vehicle_type": "bike", "trip_started_at_utc": "2024-08-05T13:46:23", "trip_ended_at_utc": "2024-08-05T13:50:18", "latitude_start": 46.2112107, "longitude_start": 6.146637, "latitude_end": 46.2071611, "longitude_end": 6.1431742, "distance_in_km": 0.52322897311566963, "start_station": null, "end_station": null }, "geometry": { "type": "LineString", "coordinates": [ [ 6.146637, 46.2112107 ], [ 6.1431742, 46.2071611 ] ] } },
{ "type": "Feature", "properties": { "trip_id": "51451233", "rental_id": "15123957", "vehicle_type": "bike", "trip_started_at_utc": "2024-09-12T14:43:19", "trip_ended_at_utc": "2024-09-12T14:50:52", "latitude_start": 46.2032733, "longitude_start": 6.1510219, "latitude_end": 46.2006913, "longitude_end": 6.1593685, "distance_in_km": 0.70359821697900693, "start_station": null, "end_station": null }, "geometry": { "type": "LineString", "coordinates": [ [ 6.1510219, 46.2032733 ], [ 6.1593685, 46.2006913 ] ] } },
{ "type": "Feature", "properties": { "trip_id": "46672543", "rental_id": "13868322", "vehicle_type": "bike", "trip_started_at_utc": "2024-07-19T08:25:56", "trip_ended_at_utc": "2024-07-19T08:33:28", "latitude_start": 46.2004081, "longitude_start": 6.1595219, "latitude_end": 46.2068811, "longitude_end": 6.1464361, "distance_in_km": 1.2378295966544319, "start_station": null, "end_station": null }, "geometry": { "type": "LineString", "coordinates": [ [ 6.1595219, 46.2004081 ], [ 6.1464361, 46.2068811 ] ] } },
{ "type": "Feature", "properties": { "trip_id": "52943380", "rental_id": "15585794", "vehicle_type": "bike", "trip_started_at_utc": "2024-10-06T09:44:57", "trip_ended_at_utc": "2024-10-06T09:56:43", "latitude_start": 46.2022999, "longitude_start": 6.1592016, "latitude_end": 46.2067776, "longitude_end": 6.1465425, "distance_in_km": 1.0940613331273694, "start_station": null, "end_station": null }, "geometry": { "type": "LineString", "coordinates": [ [ 6.1592016, 46.2022999 ], [ 6.1465425, 46.2067776 ] ] } },
{ "type": "Feature", "properties": { "trip_id": "50039337", "rental_id": "14704746", "vehicle_type": "bike", "trip_started_at_utc": "2024-08-25T08:01:35", "trip_ended_at_utc": "2024-08-25T08:14:23", "latitude_start": 46.204978, "longitude_start": 6.1605428, "latitude_end": 46.2103418, "longitude_end": 6.1448719, "distance_in_km": 1.3453424010941359, "start_station": null, "end_station": null }, "geometry": { "type": "LineString", "coordinates": [ [ 6.1605428, 46.204978 ], [ 6.1448719, 46.2103418 ] ] } },
{ "type": "Feature", "properties": { "trip_id": "51265402", "rental_id": "15061151", "vehicle_type": "bike", "trip_started_at_utc": "2024-09-09T05:19:32", "trip_ended_at_utc": "2024-09-09T05:31:03", "latitude_start": 46.2084798, "longitude_start": 6.1424044, "latitude_end": 46.2053279, "longitude_end": 6.1625435, "distance_in_km": 1.5889047921714581, "start_station": null, "end_station": null }, "geometry": { "type": "LineString", "coordinates": [ [ 6.1424044, 46.2084798 ], [ 6.1625435, 46.2053279 ] ] } },
{ "type": "Feature", "properties": { "trip_id": "52433389", "rental_id": "15423217", "vehicle_type": "bike", "trip_started_at_utc": "2024-09-27T06:10:00", "trip_ended_at_utc": "2024-09-27T06:16:10", "latitude_start": 46.194259, "longitude_start": 6.1485522, "latitude_end": 46.2013652, "longitude_end": 6.1531698, "distance_in_km": 0.86642010988826446, "start_station": null, "end_station": null }, "geometry": { "type": "LineString", "coordinates": [ [ 6.1485522, 46.194259 ], [ 6.1531698, 46.2013652 ] ] } },
{ "type": "Feature", "properties": { "trip_id": "47717013", "rental_id": "14118519", "vehicle_type": "bike", "trip_started_at_utc": "2024-07-30T20:05:47", "trip_ended_at_utc": "2024-07-30T20:11:41", "latitude_start": 46.2103491, "longitude_start": 6.1497313, "latitude_end": 46.2041697, "longitude_end": 6.1493111, "distance_in_km": 0.68787943657076855, "start_station": null, "end_station": null }, "geometry": { "type": "LineString", "coordinates": [ [ 6.1497313, 46.2103491 ], [ 6.1493111, 46.2041697 ] ] } },
{ "type": "Feature", "properties": { "trip_id": "47988725", "rental_id": "14185036", "vehicle_type": "bike", "trip_started_at_utc": "2024-08-02T19:41:51", "trip_ended_at_utc": "2024-08-02T19:42:26", "latitude_start": 46.2031534, "longitude_start": 6.1514339, "latitude_end": 46.2031245, "longitude_end": 6.1515284, "distance_in_km": 0.0079509288367204008, "start_station": null, "end_station": null }, "geometry": { "type": "LineString", "coordinates": [ [ 6.1514339, 46.2031534 ], [ 6.1515284, 46.2031245 ] ] } },
{ "type": "Feature", "properties": { "trip_id": "49101306", "rental_id": "14461040", "vehicle_type": "bike", "trip_started_at_utc": "2024-08-14T16:44:54", "trip_ended_at_utc": "2024-08-14T16:54:37", "latitude_start": 46.2028601, "longitude_start": 6.1414678, "latitude_end": 46.2112646, "longitude_end": 6.1526859, "distance_in_km": 1.2722394602037237, "start_station": null, "end_station": null }, "geometry": { "type": "LineString", "coordinates": [ [ 6.1414678, 46.2028601 ], [ 6.1526859, 46.2112646 ] ] } },
{ "type": "Feature", "properties": { "trip_id": "50058003", "rental_id": "14710116", "vehicle_type": "bike", "trip_started_at_utc": "2024-08-25T12:01:57", "trip_ended_at_utc": "2024-08-25T12:15:00", "latitude_start": 46.2094211, "longitude_start": 6.1424011, "latitude_end": 46.1981379, "longitude_end": 6.1417833, "distance_in_km": 1.25553708997839, "start_station": null, "end_station": null }, "geometry": { "type": "LineString", "coordinates": [ [ 6.1424011, 46.2094211 ], [ 6.1417833, 46.1981379 ] ] } },
{ "type": "Feature", "properties": { "trip_id": "50120320", "rental_id": "14727415", "vehicle_type": "bike", "trip_started_at_utc": "2024-08-26T09:55:18", "trip_ended_at_utc": "2024-08-26T10:05:03", "latitude_start": 46.2044967, "longitude_start": 6.1624225, "latitude_end": 46.2036483, "longitude_end": 6.1448361, "distance_in_km": 1.3566844472066482, "start_station": null, "end_station": null }, "geometry": { "type": "LineString", "coordinates": [ [ 6.1624225, 46.2044967 ], [ 6.1448361, 46.2036483 ] ] } },
{ "type": "Feature", "properties": { "trip_id": "52443221", "rental_id": "15426651", "vehicle_type": "bike", "trip_started_at_utc": "2024-09-27T10:23:33", "trip_ended_at_utc": "2024-09-27T10:30:05", "latitude_start": 46.1956826, "longitude_start": 6.1522457, "latitude_end": 46.2012388, "longitude_end": 6.1558283, "distance_in_km": 0.67656053109314895, "start_station": null, "end_station": null }, "geometry": { "type": "LineString", "coordinates": [ [ 6.1522457, 46.1956826 ], [ 6.1558283, 46.2012388 ] ] } },
{ "type": "Feature", "properties": { "trip_id": "45890238", "rental_id": "13658948", "vehicle_type": "bike", "trip_started_at_utc": "2024-07-07T20:14:31", "trip_ended_at_utc": "2024-07-07T20:15:01", "latitude_start": 46.2032306, "longitude_start": 6.1588124, "latitude_end": 46.2032269, "longitude_end": 6.1588192, "distance_in_km": 0.00066567921745770003, "start_station": null, "end_station": null }, "geometry": { "type": "LineString", "coordinates": [ [ 6.1588124, 46.2032306 ], [ 6.1588192, 46.2032269 ] ] } },
{ "type": "Feature", "properties": { "trip_id": "47603895", "rental_id": "14091740", "vehicle_type": "bike", "trip_started_at_utc": "2024-07-29T16:15:19", "trip_ended_at_utc": "2024-07-29T16:23:04", "latitude_start": 46.2093234, "longitude_start": 6.1424337, "latitude_end": 46.2017078, "longitude_end": 6.1507234, "distance_in_km": 1.0602176658734102, "start_station": null, "end_station": null }, "geometry": { "type": "LineString", "coordinates": [ [ 6.1424337, 46.2093234 ], [ 6.1507234, 46.2017078 ] ] } },
{ "type": "Feature", "properties": { "trip_id": "48267169", "rental_id": "14250314", "vehicle_type": "bike", "trip_started_at_utc": "2024-08-05T21:02:39", "trip_ended_at_utc": "2024-08-05T21:03:52", "latitude_start": 46.2019838, "longitude_start": 6.153407, "latitude_end": 46.201679, "longitude_end": 6.1537268, "distance_in_km": 0.041885947389506503, "start_station": null, "end_station": null }, "geometry": { "type": "LineString", "coordinates": [ [ 6.153407, 46.2019838 ], [ 6.1537268, 46.201679 ] ] } },
{ "type": "Feature", "properties": { "trip_id": "48858616", "rental_id": "14399103", "vehicle_type": "bike", "trip_started_at_utc": "2024-08-12T07:33:55", "trip_ended_at_utc": "2024-08-12T07:39:09", "latitude_start": 46.2024723, "longitude_start": 6.1549933, "latitude_end": 46.2068519, "longitude_end": 6.1462725, "distance_in_km": 0.82919431692579071, "start_station": null, "end_station": null }, "geometry": { "type": "LineString", "coordinates": [ [ 6.1549933, 46.2024723 ], [ 6.1462725, 46.2068519 ] ] } },
{ "type": "Feature", "properties": { "trip_id": "49041902", "rental_id": "14446317", "vehicle_type": "bike", "trip_started_at_utc": "2024-08-14T06:24:44", "trip_ended_at_utc": "2024-08-14T06:33:58", "latitude_start": 46.2027195, "longitude_start": 6.1613976, "latitude_end": 46.2049294, "longitude_end": 6.1435239, "distance_in_km": 1.3972934886924178, "start_station": null, "end_station": null }, "geometry": { "type": "LineString", "coordinates": [ [ 6.1613976, 46.2027195 ], [ 6.1435239, 46.2049294 ] ] } },
{ "type": "Feature", "properties": { "trip_id": "49185686", "rental_id": "14481191", "vehicle_type": "bike", "trip_started_at_utc": "2024-08-15T15:01:34", "trip_ended_at_utc": "2024-08-15T15:07:45", "latitude_start": 46.2038179, "longitude_start": 6.1437816, "latitude_end": 46.1959447, "longitude_end": 6.1462496, "distance_in_km": 0.8958300673277706, "start_station": null, "end_station": null }, "geometry": { "type": "LineString", "coordinates": [ [ 6.1437816, 46.2038179 ], [ 6.1462496, 46.1959447 ] ] } },
{ "type": "Feature", "properties": { "trip_id": "45600281", "rental_id": "13571726", "vehicle_type": "bike", "trip_started_at_utc": "2024-07-02T21:13:58", "trip_ended_at_utc": "2024-07-02T21:32:47", "latitude_start": 46.200732, "longitude_start": 6.159439, "latitude_end": 46.2006008, "longitude_end": 6.1593617, "distance_in_km": 0.015755174979281601, "start_station": null, "end_station": null }, "geometry": { "type": "LineString", "coordinates": [ [ 6.159439, 46.200732 ], [ 6.1593617, 46.2006008 ] ] } },
{ "type": "Feature", "properties": { "trip_id": "46636262", "rental_id": "13858366", "vehicle_type": "bike", "trip_started_at_utc": "2024-07-18T16:29:03", "trip_ended_at_utc": "2024-07-18T16:42:52", "latitude_start": 46.1998492, "longitude_start": 6.1427839, "latitude_end": 46.2118569, "longitude_end": 6.1484777, "distance_in_km": 1.4052546290774588, "start_station": null, "end_station": null }, "geometry": { "type": "LineString", "coordinates": [ [ 6.1427839, 46.1998492 ], [ 6.1484777, 46.2118569 ] ] } },
{ "type": "Feature", "properties": { "trip_id": "48222681", "rental_id": "14240371", "vehicle_type": "bike", "trip_started_at_utc": "2024-08-05T13:41:52", "trip_ended_at_utc": "2024-08-05T13:50:00", "latitude_start": 46.203144, "longitude_start": 6.1586528, "latitude_end": 46.2081283, "longitude_end": 6.1486368, "distance_in_km": 0.94935500700540365, "start_station": null, "end_station": null }, "geometry": { "type": "LineString", "coordinates": [ [ 6.1586528, 46.203144 ], [ 6.1486368, 46.2081283 ] ] } },
{ "type": "Feature", "properties": { "trip_id": "44366318", "rental_id": "13185132", "vehicle_type": "bike", "trip_started_at_utc": "2024-06-13T13:44:13", "trip_ended_at_utc": "2024-06-13T13:46:46", "latitude_start": 46.2052325, "longitude_start": 6.160129, "latitude_end": 46.2040069, "longitude_end": 6.157635, "distance_in_km": 0.23539186797423431, "start_station": null, "end_station": null }, "geometry": { "type": "LineString", "coordinates": [ [ 6.160129, 46.2052325 ], [ 6.157635, 46.2040069 ] ] } },
{ "type": "Feature", "properties": { "trip_id": "45750170", "rental_id": "13620419", "vehicle_type": "bike", "trip_started_at_utc": "2024-07-05T16:30:15", "trip_ended_at_utc": "2024-07-05T16:38:14", "latitude_start": 46.2044946, "longitude_start": 6.1472821, "latitude_end": 46.2017404, "longitude_end": 6.1595046, "distance_in_km": 0.98922625367748895, "start_station": null, "end_station": null }, "geometry": { "type": "LineString", "coordinates": [ [ 6.1472821, 46.2044946 ], [ 6.1595046, 46.2017404 ] ] } },
{ "type": "Feature", "properties": { "trip_id": "46179352", "rental_id": "13740912", "vehicle_type": "bike", "trip_started_at_utc": "2024-07-12T09:15:28", "trip_ended_at_utc": "2024-07-12T09:21:20", "latitude_start": 46.2026593, "longitude_start": 6.1558341, "latitude_end": 46.2069164, "longitude_end": 6.1472873, "distance_in_km": 0.81036159974313815, "start_station": null, "end_station": null }, "geometry": { "type": "LineString", "coordinates": [ [ 6.1558341, 46.2026593 ], [ 6.1472873, 46.2069164 ] ] } },
{ "type": "Feature", "properties": { "trip_id": "46423845", "rental_id": "13804644", "vehicle_type": "bike", "trip_started_at_utc": "2024-07-15T17:06:14", "trip_ended_at_utc": "2024-07-15T17:18:30", "latitude_start": 46.2088141, "longitude_start": 6.1446122, "latitude_end": 46.2031805, "longitude_end": 6.1518979, "distance_in_km": 0.84069085586260495, "start_station": null, "end_station": null }, "geometry": { "type": "LineString", "coordinates": [ [ 6.1446122, 46.2088141 ], [ 6.1518979, 46.2031805 ] ] } },
{ "type": "Feature", "properties": { "trip_id": "47176001", "rental_id": "13989025", "vehicle_type": "bike", "trip_started_at_utc": "2024-07-24T20:57:14", "trip_ended_at_utc": "2024-07-24T21:05:18", "latitude_start": 46.2056265, "longitude_start": 6.1573753, "latitude_end": 46.2015962, "longitude_end": 6.153772, "distance_in_km": 0.52700535405850657, "start_station": null, "end_station": null }, "geometry": { "type": "LineString", "coordinates": [ [ 6.1573753, 46.2056265 ], [ 6.153772, 46.2015962 ] ] } },
{ "type": "Feature", "properties": { "trip_id": "48647860", "rental_id": "14347885", "vehicle_type": "bike", "trip_started_at_utc": "2024-08-10T01:20:33", "trip_ended_at_utc": "2024-08-10T01:31:01", "latitude_start": 46.201321, "longitude_start": 6.1379874, "latitude_end": 46.2018804, "longitude_end": 6.1577129, "distance_in_km": 1.5193618656184344, "start_station": null, "end_station": null }, "geometry": { "type": "LineString", "coordinates": [ [ 6.1379874, 46.201321 ], [ 6.1577129, 46.2018804 ] ] } },
{ "type": "Feature", "properties": { "trip_id": "51912923", "rental_id": "15262514", "vehicle_type": "bike", "trip_started_at_utc": "2024-09-19T08:43:34", "trip_ended_at_utc": "2024-09-19T08:49:30", "latitude_start": 46.2067691, "longitude_start": 6.1465235, "latitude_end": 46.2112766, "longitude_end": 6.1524537, "distance_in_km": 0.67782816095904763, "start_station": null, "end_station": null }, "geometry": { "type": "LineString", "coordinates": [ [ 6.1465235, 46.2067691 ], [ 6.1524537, 46.2112766 ] ] } },
{ "type": "Feature", "properties": { "trip_id": "46794632", "rental_id": "13898665", "vehicle_type": "bike", "trip_started_at_utc": "2024-07-20T12:10:39", "trip_ended_at_utc": "2024-07-20T12:15:51", "latitude_start": 46.2036595, "longitude_start": 6.1607891, "latitude_end": 46.2028004, "longitude_end": 6.1524576, "distance_in_km": 0.64825612187887294, "start_station": null, "end_station": null }, "geometry": { "type": "LineString", "coordinates": [ [ 6.1607891, 46.2036595 ], [ 6.1524576, 46.2028004 ] ] } },
{ "type": "Feature", "properties": { "trip_id": "47825521", "rental_id": "14143667", "vehicle_type": "bike", "trip_started_at_utc": "2024-08-01T09:01:17", "trip_ended_at_utc": "2024-08-01T09:02:29", "latitude_start": 46.2043616, "longitude_start": 6.1461492, "latitude_end": 46.2047213, "longitude_end": 6.1469347, "distance_in_km": 0.072483641930973702, "start_station": null, "end_station": null }, "geometry": { "type": "LineString", "coordinates": [ [ 6.1461492, 46.2043616 ], [ 6.1469347, 46.2047213 ] ] } },
{ "type": "Feature", "properties": { "trip_id": "48564904", "rental_id": "14325659", "vehicle_type": "bike", "trip_started_at_utc": "2024-08-09T05:18:28", "trip_ended_at_utc": "2024-08-09T05:25:53", "latitude_start": 46.2093426, "longitude_start": 6.1425171, "latitude_end": 46.2054273, "longitude_end": 6.1625108, "distance_in_km": 1.5989772757211906, "start_station": null, "end_station": null }, "geometry": { "type": "LineString", "coordinates": [ [ 6.1425171, 46.2093426 ], [ 6.1625108, 46.2054273 ] ] } },
{ "type": "Feature", "properties": { "trip_id": "50392628", "rental_id": "14808934", "vehicle_type": "bike", "trip_started_at_utc": "2024-08-29T15:20:33", "trip_ended_at_utc": "2024-08-29T15:23:00", "latitude_start": 46.2092968, "longitude_start": 6.1425168, "latitude_end": 46.2070998, "longitude_end": 6.1431847, "distance_in_km": 0.2496435336969316, "start_station": null, "end_station": null }, "geometry": { "type": "LineString", "coordinates": [ [ 6.1425168, 46.2092968 ], [ 6.1431847, 46.2070998 ] ] } },
{ "type": "Feature", "properties": { "trip_id": "46286554", "rental_id": "13768691", "vehicle_type": "bike", "trip_started_at_utc": "2024-07-13T19:48:43", "trip_ended_at_utc": "2024-07-13T19:56:12", "latitude_start": 46.2100441, "longitude_start": 6.1457149, "latitude_end": 46.1998668, "longitude_end": 6.1430031, "distance_in_km": 1.1507471134535527, "start_station": null, "end_station": null }, "geometry": { "type": "LineString", "coordinates": [ [ 6.1457149, 46.2100441 ], [ 6.1430031, 46.1998668 ] ] } },
{ "type": "Feature", "properties": { "trip_id": "47923845", "rental_id": "14170798", "vehicle_type": "bike", "trip_started_at_utc": "2024-08-02T10:13:35", "trip_ended_at_utc": "2024-08-02T10:20:11", "latitude_start": 46.1997701, "longitude_start": 6.1428124, "latitude_end": 46.194272, "longitude_end": 6.1485328, "distance_in_km": 0.75340030107761735, "start_station": null, "end_station": null }, "geometry": { "type": "LineString", "coordinates": [ [ 6.1428124, 46.1997701 ], [ 6.1485328, 46.194272 ] ] } },
{ "type": "Feature", "properties": { "trip_id": "47964026", "rental_id": "14179275", "vehicle_type": "bike", "trip_started_at_utc": "2024-08-02T15:47:33", "trip_ended_at_utc": "2024-08-02T15:53:18", "latitude_start": 46.1997614, "longitude_start": 6.1428248, "latitude_end": 46.2093027, "longitude_end": 6.1424117, "distance_in_km": 1.0614220099612146, "start_station": null, "end_station": null }, "geometry": { "type": "LineString", "coordinates": [ [ 6.1428248, 46.1997614 ], [ 6.1424117, 46.2093027 ] ] } },
{ "type": "Feature", "properties": { "trip_id": "48450019", "rental_id": "14296274", "vehicle_type": "bike", "trip_started_at_utc": "2024-08-07T19:17:21", "trip_ended_at_utc": "2024-08-07T19:19:40", "latitude_start": 46.2023354, "longitude_start": 6.1616776, "latitude_end": 46.2023435, "longitude_end": 6.1607261, "distance_in_km": 0.073232648945647294, "start_station": null, "end_station": null }, "geometry": { "type": "LineString", "coordinates": [ [ 6.1616776, 46.2023354 ], [ 6.1607261, 46.2023435 ] ] } },
{ "type": "Feature", "properties": { "trip_id": "48492199", "rental_id": "14307920", "vehicle_type": "bike", "trip_started_at_utc": "2024-08-08T11:39:26", "trip_ended_at_utc": "2024-08-08T11:45:40", "latitude_start": 46.20931, "longitude_start": 6.1425083, "latitude_end": 46.2056053, "longitude_end": 6.1427999, "distance_in_km": 0.41255519401001711, "start_station": null, "end_station": null }, "geometry": { "type": "LineString", "coordinates": [ [ 6.1425083, 46.20931 ], [ 6.1427999, 46.2056053 ] ] } },
{ "type": "Feature", "properties": { "trip_id": "51993761", "rental_id": "15288943", "vehicle_type": "bike", "trip_started_at_utc": "2024-09-20T11:46:31", "trip_ended_at_utc": "2024-09-20T11:52:17", "latitude_start": 46.2042288, "longitude_start": 6.1463531, "latitude_end": 46.2081109, "longitude_end": 6.1448483, "distance_in_km": 0.44693316114363968, "start_station": null, "end_station": null }, "geometry": { "type": "LineString", "coordinates": [ [ 6.1463531, 46.2042288 ], [ 6.1448483, 46.2081109 ] ] } },
{ "type": "Feature", "properties": { "trip_id": "52599435", "rental_id": "15474917", "vehicle_type": "bike", "trip_started_at_utc": "2024-09-30T06:42:46", "trip_ended_at_utc": "2024-09-30T06:51:49", "latitude_start": 46.2114051, "longitude_start": 6.1496598, "latitude_end": 46.1997368, "longitude_end": 6.1426322, "distance_in_km": 1.4056571510017879, "start_station": null, "end_station": null }, "geometry": { "type": "LineString", "coordinates": [ [ 6.1496598, 46.2114051 ], [ 6.1426322, 46.1997368 ] ] } },
{ "type": "Feature", "properties": { "trip_id": "47968620", "rental_id": "14180333", "vehicle_type": "bike", "trip_started_at_utc": "2024-08-02T16:21:57", "trip_ended_at_utc": "2024-08-02T16:31:47", "latitude_start": 46.2031631, "longitude_start": 6.1587804, "latitude_end": 46.2071126, "longitude_end": 6.1431119, "distance_in_km": 1.2832667404635376, "start_station": null, "end_station": null }, "geometry": { "type": "LineString", "coordinates": [ [ 6.1587804, 46.2031631 ], [ 6.1431119, 46.2071126 ] ] } },
{ "type": "Feature", "properties": { "trip_id": "47908003", "rental_id": "14166294", "vehicle_type": "bike", "trip_started_at_utc": "2024-08-02T05:50:55", "trip_ended_at_utc": "2024-08-02T05:58:20", "latitude_start": 46.1964285, "longitude_start": 6.1433161, "latitude_end": 46.2082107, "longitude_end": 6.1430797, "distance_in_km": 1.3102492371266388, "start_station": null, "end_station": null }, "geometry": { "type": "LineString", "coordinates": [ [ 6.1433161, 46.1964285 ], [ 6.1430797, 46.2082107 ] ] } },
{ "type": "Feature", "properties": { "trip_id": "49761708", "rental_id": "14625906", "vehicle_type": "bike", "trip_started_at_utc": "2024-08-21T17:35:42", "trip_ended_at_utc": "2024-08-21T17:40:44", "latitude_start": 46.2065186, "longitude_start": 6.1449718, "latitude_end": 46.2068221, "longitude_end": 6.1440872, "distance_in_km": 0.075979345038184098, "start_station": null, "end_station": null }, "geometry": { "type": "LineString", "coordinates": [ [ 6.1449718, 46.2065186 ], [ 6.1440872, 46.2068221 ] ] } },
{ "type": "Feature", "properties": { "trip_id": "51997811", "rental_id": "15288943", "vehicle_type": "bike", "trip_started_at_utc": "2024-09-20T12:33:25", "trip_ended_at_utc": "2024-09-20T12:36:32", "latitude_start": 46.2042778, "longitude_start": 6.1463644, "latitude_end": 46.2031953, "longitude_end": 6.1489906, "distance_in_km": 0.235235159769494, "start_station": null, "end_station": null }, "geometry": { "type": "LineString", "coordinates": [ [ 6.1463644, 46.2042778 ], [ 6.1489906, 46.2031953 ] ] } },
{ "type": "Feature", "properties": { "trip_id": "45675293", "rental_id": "13597201", "vehicle_type": "bike", "trip_started_at_utc": "2024-07-04T12:56:45", "trip_ended_at_utc": "2024-07-04T13:02:39", "latitude_start": 46.203872, "longitude_start": 6.1432045, "latitude_end": 46.2056156, "longitude_end": 6.1428767, "distance_in_km": 0.19551402300020931, "start_station": null, "end_station": null }, "geometry": { "type": "LineString", "coordinates": [ [ 6.1432045, 46.203872 ], [ 6.1428767, 46.2056156 ] ] } },
{ "type": "Feature", "properties": { "trip_id": "54159616", "rental_id": "15961680", "vehicle_type": "bike", "trip_started_at_utc": "2024-10-28T18:36:02", "trip_ended_at_utc": "2024-10-28T18:40:48", "latitude_start": 46.2093496, "longitude_start": 6.142501, "latitude_end": 46.2032658, "longitude_end": 6.1488939, "distance_in_km": 0.83645771610686925, "start_station": null, "end_station": null }, "geometry": { "type": "LineString", "coordinates": [ [ 6.142501, 46.2093496 ], [ 6.1488939, 46.2032658 ] ] } },
{ "type": "Feature", "properties": { "trip_id": "48081152", "rental_id": "14206276", "vehicle_type": "bike", "trip_started_at_utc": "2024-08-03T17:38:46", "trip_ended_at_utc": "2024-08-03T17:39:22", "latitude_start": 46.2111346, "longitude_start": 6.1525485, "latitude_end": 46.2111465, "longitude_end": 6.1525479, "distance_in_km": 0.0013240268878565, "start_station": null, "end_station": null }, "geometry": { "type": "LineString", "coordinates": [ [ 6.1525485, 46.2111346 ], [ 6.1525479, 46.2111465 ] ] } },
{ "type": "Feature", "properties": { "trip_id": "49421739", "rental_id": "14540084", "vehicle_type": "bike", "trip_started_at_utc": "2024-08-17T19:33:26", "trip_ended_at_utc": "2024-08-17T19:55:43", "latitude_start": 46.2043245, "longitude_start": 6.1461591, "latitude_end": 46.2064974, "longitude_end": 6.1615154, "distance_in_km": 1.2061964890955303, "start_station": null, "end_station": null }, "geometry": { "type": "LineString", "coordinates": [ [ 6.1461591, 46.2043245 ], [ 6.1615154, 46.2064974 ] ] } },
{ "type": "Feature", "properties": { "trip_id": "54938965", "rental_id": "16212400", "vehicle_type": "ebike", "trip_started_at_utc": "2024-11-15T13:03:35", "trip_ended_at_utc": "2024-11-15T13:18:43", "latitude_start": 46.202703, "longitude_start": 6.160126, "latitude_end": 46.2000236, "longitude_end": 6.1429163, "distance_in_km": 1.357572399670538, "start_station": null, "end_station": null }, "geometry": { "type": "LineString", "coordinates": [ [ 6.160126, 46.202703 ], [ 6.1429163, 46.2000236 ] ] } },
{ "type": "Feature", "properties": { "trip_id": "55280057", "rental_id": "16323999", "vehicle_type": "ebike", "trip_started_at_utc": "2024-11-25T15:39:32", "trip_ended_at_utc": "2024-11-25T15:47:22", "latitude_start": 46.203643, "longitude_start": 6.144695, "latitude_end": 46.2069957, "longitude_end": 6.1437487, "distance_in_km": 0.37984979916155059, "start_station": null, "end_station": null }, "geometry": { "type": "LineString", "coordinates": [ [ 6.144695, 46.203643 ], [ 6.1437487, 46.2069957 ] ] } },
{ "type": "Feature", "properties": { "trip_id": "54606324", "rental_id": "16105876", "vehicle_type": "ebike", "trip_started_at_utc": "2024-11-07T14:53:28", "trip_ended_at_utc": "2024-11-07T14:57:35", "latitude_start": 46.203731, "longitude_start": 6.143083, "latitude_end": 46.1997737, "longitude_end": 6.1429823, "distance_in_km": 0.44010061500548803, "start_station": null, "end_station": null }, "geometry": { "type": "LineString", "coordinates": [ [ 6.143083, 46.203731 ], [ 6.1429823, 46.1997737 ] ] } },
{ "type": "Feature", "properties": { "trip_id": "55206155", "rental_id": "16300510", "vehicle_type": "ebike", "trip_started_at_utc": "2024-11-23T09:38:41", "trip_ended_at_utc": "2024-11-23T09:43:39", "latitude_start": 46.20846, "longitude_start": 6.146443, "latitude_end": 46.2113389, "longitude_end": 6.1526795, "distance_in_km": 0.5768653831767212, "start_station": null, "end_station": null }, "geometry": { "type": "LineString", "coordinates": [ [ 6.146443, 46.20846 ], [ 6.1526795, 46.2113389 ] ] } },
{ "type": "Feature", "properties": { "trip_id": "55279408", "rental_id": "16323999", "vehicle_type": "ebike", "trip_started_at_utc": "2024-11-25T15:26:17", "trip_ended_at_utc": "2024-11-25T15:35:57", "latitude_start": 46.199276, "longitude_start": 6.145053, "latitude_end": 46.203615, "longitude_end": 6.144513, "distance_in_km": 0.48426211065288072, "start_station": null, "end_station": null }, "geometry": { "type": "LineString", "coordinates": [ [ 6.145053, 46.199276 ], [ 6.144513, 46.203615 ] ] } },
{ "type": "Feature", "properties": { "trip_id": "54550610", "rental_id": "16086877", "vehicle_type": "ebike", "trip_started_at_utc": "2024-11-06T07:34:50", "trip_ended_at_utc": "2024-11-06T07:45:05", "latitude_start": 46.202228, "longitude_start": 6.156213, "latitude_end": 46.2089282, "longitude_end": 6.1443211, "distance_in_km": 1.1800655540446814, "start_station": null, "end_station": null }, "geometry": { "type": "LineString", "coordinates": [ [ 6.156213, 46.202228 ], [ 6.1443211, 46.2089282 ] ] } },
{ "type": "Feature", "properties": { "trip_id": "55119620", "rental_id": "16269870", "vehicle_type": "ebike", "trip_started_at_utc": "2024-11-20T11:43:09", "trip_ended_at_utc": "2024-11-20T11:47:47", "latitude_start": 46.207005, "longitude_start": 6.14759, "latitude_end": 46.2112308, "longitude_end": 6.1525932, "distance_in_km": 0.60746825992139253, "start_station": null, "end_station": null }, "geometry": { "type": "LineString", "coordinates": [ [ 6.14759, 46.207005 ], [ 6.1525932, 46.2112308 ] ] } },
{ "type": "Feature", "properties": { "trip_id": "55400672", "rental_id": "16366961", "vehicle_type": "ebike", "trip_started_at_utc": "2024-11-29T11:27:41", "trip_ended_at_utc": "2024-11-29T11:32:46", "latitude_start": 46.2071, "longitude_start": 6.141388, "latitude_end": 46.210088, "longitude_end": 6.148066, "distance_in_km": 0.61193247594853606, "start_station": null, "end_station": null }, "geometry": { "type": "LineString", "coordinates": [ [ 6.141388, 46.2071 ], [ 6.148066, 46.210088 ] ] } },
{ "type": "Feature", "properties": { "trip_id": "54642432", "rental_id": "16118250", "vehicle_type": "ebike", "trip_started_at_utc": "2024-11-08T11:51:14", "trip_ended_at_utc": "2024-11-08T11:57:15", "latitude_start": 46.2116, "longitude_start": 6.14963, "latitude_end": 46.2038619, "longitude_end": 6.1436547, "distance_in_km": 0.97559311152778905, "start_station": null, "end_station": null }, "geometry": { "type": "LineString", "coordinates": [ [ 6.14963, 46.2116 ], [ 6.1436547, 46.2038619 ] ] } },
{ "type": "Feature", "properties": { "trip_id": "54694334", "rental_id": "16134433", "vehicle_type": "ebike", "trip_started_at_utc": "2024-11-09T12:34:18", "trip_ended_at_utc": "2024-11-09T12:45:38", "latitude_start": 46.21167, "longitude_start": 6.149703, "latitude_end": 46.1967572, "longitude_end": 6.1530218, "distance_in_km": 1.6777840886908684, "start_station": null, "end_station": null }, "geometry": { "type": "LineString", "coordinates": [ [ 6.149703, 46.21167 ], [ 6.1530218, 46.1967572 ] ] } },
{ "type": "Feature", "properties": { "trip_id": "55071100", "rental_id": "16252006", "vehicle_type": "ebike", "trip_started_at_utc": "2024-11-18T15:04:48", "trip_ended_at_utc": "2024-11-18T15:07:00", "latitude_start": 46.204348, "longitude_start": 6.14615, "latitude_end": 46.2068836, "longitude_end": 6.1464261, "distance_in_km": 0.28274575633544219, "start_station": null, "end_station": null }, "geometry": { "type": "LineString", "coordinates": [ [ 6.14615, 46.204348 ], [ 6.1464261, 46.2068836 ] ] } },
{ "type": "Feature", "properties": { "trip_id": "55283927", "rental_id": "16325254", "vehicle_type": "ebike", "trip_started_at_utc": "2024-11-25T16:54:28", "trip_ended_at_utc": "2024-11-25T16:55:45", "latitude_start": 46.198098, "longitude_start": 6.142285, "latitude_end": 46.1971799, "longitude_end": 6.1429993, "distance_in_km": 0.1159503076774335, "start_station": null, "end_station": null }, "geometry": { "type": "LineString", "coordinates": [ [ 6.142285, 46.198098 ], [ 6.1429993, 46.1971799 ] ] } },
{ "type": "Feature", "properties": { "trip_id": "55520598", "rental_id": "16404707", "vehicle_type": "ebike", "trip_started_at_utc": "2024-12-02T14:30:04", "trip_ended_at_utc": "2024-12-02T14:37:16", "latitude_start": 46.211338, "longitude_start": 6.15264, "latitude_end": 46.2069316, "longitude_end": 6.1465865, "distance_in_km": 0.67605973221790805, "start_station": null, "end_station": null }, "geometry": { "type": "LineString", "coordinates": [ [ 6.15264, 46.211338 ], [ 6.1465865, 46.2069316 ] ] } },
{ "type": "Feature", "properties": { "trip_id": "54950981", "rental_id": "16215854", "vehicle_type": "ebike", "trip_started_at_utc": "2024-11-15T16:33:50", "trip_ended_at_utc": "2024-11-15T16:40:02", "latitude_start": 46.203785, "longitude_start": 6.143308, "latitude_end": 46.200789, "longitude_end": 6.1567861, "distance_in_km": 1.0894556021112634, "start_station": null, "end_station": null }, "geometry": { "type": "LineString", "coordinates": [ [ 6.143308, 46.203785 ], [ 6.1567861, 46.200789 ] ] } },
{ "type": "Feature", "properties": { "trip_id": "55183973", "rental_id": "16292843", "vehicle_type": "ebike", "trip_started_at_utc": "2024-11-22T14:37:12", "trip_ended_at_utc": "2024-11-22T14:42:37", "latitude_start": 46.196783, "longitude_start": 6.153218, "latitude_end": 46.2070138, "longitude_end": 6.1428346, "distance_in_km": 1.3902313323579427, "start_station": null, "end_station": null }, "geometry": { "type": "LineString", "coordinates": [ [ 6.153218, 46.196783 ], [ 6.1428346, 46.2070138 ] ] } },
{ "type": "Feature", "properties": { "trip_id": "55337552", "rental_id": "16344980", "vehicle_type": "ebike", "trip_started_at_utc": "2024-11-27T11:54:54", "trip_ended_at_utc": "2024-11-27T12:23:19", "latitude_start": 46.201098, "longitude_start": 6.155618, "latitude_end": 46.1968457, "longitude_end": 6.1534891, "distance_in_km": 0.50041933559695084, "start_station": null, "end_station": null }, "geometry": { "type": "LineString", "coordinates": [ [ 6.155618, 46.201098 ], [ 6.1534891, 46.1968457 ] ] } },
{ "type": "Feature", "properties": { "trip_id": "55400418", "rental_id": "16366961", "vehicle_type": "ebike", "trip_started_at_utc": "2024-11-29T11:21:05", "trip_ended_at_utc": "2024-11-29T11:25:39", "latitude_start": 46.207993, "longitude_start": 6.140716, "latitude_end": 46.206963, "longitude_end": 6.14163, "distance_in_km": 0.13440345055272129, "start_station": null, "end_station": null }, "geometry": { "type": "LineString", "coordinates": [ [ 6.140716, 46.207993 ], [ 6.14163, 46.206963 ] ] } },
{ "type": "Feature", "properties": { "trip_id": "51818290", "rental_id": "15232326", "vehicle_type": "ebike", "trip_started_at_utc": "2024-09-17T16:41:25", "trip_ended_at_utc": "2024-09-17T16:51:44", "latitude_start": 46.195546, "longitude_start": 6.155625, "latitude_end": 46.2043311, "longitude_end": 6.146269, "distance_in_km": 1.2135693775422562, "start_station": null, "end_station": null }, "geometry": { "type": "LineString", "coordinates": [ [ 6.155625, 46.195546 ], [ 6.146269, 46.2043311 ] ] } },
{ "type": "Feature", "properties": { "trip_id": "52338007", "rental_id": "15390187", "vehicle_type": "ebike", "trip_started_at_utc": "2024-09-25T06:51:39", "trip_ended_at_utc": "2024-09-25T06:53:21", "latitude_start": 46.202481, "longitude_start": 6.142798, "latitude_end": 46.1997954, "longitude_end": 6.1428515, "distance_in_km": 0.29865394782346621, "start_station": null, "end_station": null }, "geometry": { "type": "LineString", "coordinates": [ [ 6.142798, 46.202481 ], [ 6.1428515, 46.1997954 ] ] } },
{ "type": "Feature", "properties": { "trip_id": "48674161", "rental_id": "14355350", "vehicle_type": "ebike", "trip_started_at_utc": "2024-08-10T10:59:09", "trip_ended_at_utc": "2024-08-10T11:03:45", "latitude_start": 46.205605, "longitude_start": 6.160728, "latitude_end": 46.200055, "longitude_end": 6.155281, "distance_in_km": 0.74604139546637604, "start_station": null, "end_station": null }, "geometry": { "type": "LineString", "coordinates": [ [ 6.160728, 46.205605 ], [ 6.155281, 46.200055 ] ] } },
{ "type": "Feature", "properties": { "trip_id": "46653467", "rental_id": "13862515", "vehicle_type": "ebike", "trip_started_at_utc": "2024-07-18T19:59:14", "trip_ended_at_utc": "2024-07-18T20:48:45", "latitude_start": 46.206603, "longitude_start": 6.161661, "latitude_end": 46.206635, "longitude_end": 6.161665, "distance_in_km": 0.0035715325532125002, "start_station": null, "end_station": null }, "geometry": { "type": "LineString", "coordinates": [ [ 6.161661, 46.206603 ], [ 6.161665, 46.206635 ] ] } },
{ "type": "Feature", "properties": { "trip_id": "46699751", "rental_id": "13874952", "vehicle_type": "ebike", "trip_started_at_utc": "2024-07-19T13:16:23", "trip_ended_at_utc": "2024-07-19T13:20:57", "latitude_start": 46.204265, "longitude_start": 6.149123, "latitude_end": 46.2053527, "longitude_end": 6.1581308, "distance_in_km": 0.70367799447378798, "start_station": null, "end_station": null }, "geometry": { "type": "LineString", "coordinates": [ [ 6.149123, 46.204265 ], [ 6.1581308, 46.2053527 ] ] } },
{ "type": "Feature", "properties": { "trip_id": "48924492", "rental_id": "14415635", "vehicle_type": "ebike", "trip_started_at_utc": "2024-08-12T18:21:23", "trip_ended_at_utc": "2024-08-12T18:25:56", "latitude_start": 46.197066, "longitude_start": 6.142868, "latitude_end": 46.20075, "longitude_end": 6.149183, "distance_in_km": 0.63563581822615545, "start_station": null, "end_station": null }, "geometry": { "type": "LineString", "coordinates": [ [ 6.142868, 46.197066 ], [ 6.149183, 46.20075 ] ] } },
{ "type": "Feature", "properties": { "trip_id": "52587960", "rental_id": "15470438", "vehicle_type": "ebike", "trip_started_at_utc": "2024-09-29T18:12:39", "trip_ended_at_utc": "2024-09-29T18:20:06", "latitude_start": 46.201153, "longitude_start": 6.155313, "latitude_end": 46.1986104, "longitude_end": 6.1472277, "distance_in_km": 0.68348580033130302, "start_station": null, "end_station": null }, "geometry": { "type": "LineString", "coordinates": [ [ 6.155313, 46.201153 ], [ 6.1472277, 46.1986104 ] ] } },
{ "type": "Feature", "properties": { "trip_id": "53099011", "rental_id": "15635651", "vehicle_type": "ebike", "trip_started_at_utc": "2024-10-09T14:15:29", "trip_ended_at_utc": "2024-10-09T14:16:31", "latitude_start": 46.210486, "longitude_start": 6.143566, "latitude_end": 46.2093141, "longitude_end": 6.142316, "distance_in_km": 0.1619641488401527, "start_station": null, "end_station": null }, "geometry": { "type": "LineString", "coordinates": [ [ 6.143566, 46.210486 ], [ 6.142316, 46.2093141 ] ] } },
{ "type": "Feature", "properties": { "trip_id": "52018823", "rental_id": "15296166", "vehicle_type": "ebike", "trip_started_at_utc": "2024-09-20T15:54:14", "trip_ended_at_utc": "2024-09-20T15:56:57", "latitude_start": 46.210445, "longitude_start": 6.143968, "latitude_end": 46.209306, "longitude_end": 6.142598, "distance_in_km": 0.16478459627026781, "start_station": null, "end_station": null }, "geometry": { "type": "LineString", "coordinates": [ [ 6.143968, 46.210445 ], [ 6.142598, 46.209306 ] ] } },
{ "type": "Feature", "properties": { "trip_id": "48463660", "rental_id": "14299937", "vehicle_type": "ebike", "trip_started_at_utc": "2024-08-08T05:10:07", "trip_ended_at_utc": "2024-08-08T05:16:36", "latitude_start": 46.211166, "longitude_start": 6.152496, "latitude_end": 46.2092947, "longitude_end": 6.1424777, "distance_in_km": 0.79848282537290538, "start_station": null, "end_station": null }, "geometry": { "type": "LineString", "coordinates": [ [ 6.152496, 46.211166 ], [ 6.1424777, 46.2092947 ] ] } },
{ "type": "Feature", "properties": { "trip_id": "45955555", "rental_id": "13677734", "vehicle_type": "ebike", "trip_started_at_utc": "2024-07-08T21:04:56", "trip_ended_at_utc": "2024-07-08T21:06:07", "latitude_start": 46.209176, "longitude_start": 6.142316, "latitude_end": 46.2086028, "longitude_end": 6.1424669, "distance_in_km": 0.064786138760124803, "start_station": null, "end_station": null }, "geometry": { "type": "LineString", "coordinates": [ [ 6.142316, 46.209176 ], [ 6.1424669, 46.2086028 ] ] } },
{ "type": "Feature", "properties": { "trip_id": "47654280", "rental_id": "14104586", "vehicle_type": "ebike", "trip_started_at_utc": "2024-07-30T10:30:23", "trip_ended_at_utc": "2024-07-30T10:39:19", "latitude_start": 46.210373, "longitude_start": 6.149548, "latitude_end": 46.2013708, "longitude_end": 6.1530977, "distance_in_km": 1.0376038776481422, "start_station": null, "end_station": null }, "geometry": { "type": "LineString", "coordinates": [ [ 6.149548, 46.210373 ], [ 6.1530977, 46.2013708 ] ] } },
{ "type": "Feature", "properties": { "trip_id": "52545586", "rental_id": "15458422", "vehicle_type": "ebike", "trip_started_at_utc": "2024-09-29T07:14:59", "trip_ended_at_utc": "2024-09-29T07:21:43", "latitude_start": 46.210265, "longitude_start": 6.143965, "latitude_end": 46.1949641, "longitude_end": 6.1516046, "distance_in_km": 1.8001062325698185, "start_station": null, "end_station": null }, "geometry": { "type": "LineString", "coordinates": [ [ 6.143965, 46.210265 ], [ 6.1516046, 46.1949641 ] ] } },
{ "type": "Feature", "properties": { "trip_id": "44117229", "rental_id": "13105077", "vehicle_type": "ebike", "trip_started_at_utc": "2024-06-08T14:00:36", "trip_ended_at_utc": "2024-06-08T14:04:34", "latitude_start": 46.199825, "longitude_start": 6.162006, "latitude_end": 46.2050711, "longitude_end": 6.1604519, "distance_in_km": 0.59547552392625447, "start_station": null, "end_station": null }, "geometry": { "type": "LineString", "coordinates": [ [ 6.162006, 46.199825 ], [ 6.1604519, 46.2050711 ] ] } },
{ "type": "Feature", "properties": { "trip_id": "46865524", "rental_id": "13913906", "vehicle_type": "ebike", "trip_started_at_utc": "2024-07-20T22:48:52", "trip_ended_at_utc": "2024-07-20T22:59:29", "latitude_start": 46.202396, "longitude_start": 6.156733, "latitude_end": 46.198026, "longitude_end": 6.14302, "distance_in_km": 1.1618803198355687, "start_station": null, "end_station": null }, "geometry": { "type": "LineString", "coordinates": [ [ 6.156733, 46.202396 ], [ 6.14302, 46.198026 ] ] } },
{ "type": "Feature", "properties": { "trip_id": "47175009", "rental_id": "13988950", "vehicle_type": "ebike", "trip_started_at_utc": "2024-07-24T20:38:32", "trip_ended_at_utc": "2024-07-24T20:40:19", "latitude_start": 46.200276, "longitude_start": 6.14301, "latitude_end": 46.1995941, "longitude_end": 6.1427442, "distance_in_km": 0.078535019461283398, "start_station": null, "end_station": null }, "geometry": { "type": "LineString", "coordinates": [ [ 6.14301, 46.200276 ], [ 6.1427442, 46.1995941 ] ] } },
{ "type": "Feature", "properties": { "trip_id": "47587471", "rental_id": "14087892", "vehicle_type": "ebike", "trip_started_at_utc": "2024-07-29T13:55:48", "trip_ended_at_utc": "2024-07-29T14:01:52", "latitude_start": 46.197053, "longitude_start": 6.143013, "latitude_end": 46.201235, "longitude_end": 6.153118, "distance_in_km": 0.90614236487023536, "start_station": null, "end_station": null }, "geometry": { "type": "LineString", "coordinates": [ [ 6.143013, 46.197053 ], [ 6.153118, 46.201235 ] ] } },
{ "type": "Feature", "properties": { "trip_id": "46359226", "rental_id": "13784736", "vehicle_type": "ebike", "trip_started_at_utc": "2024-07-14T18:30:59", "trip_ended_at_utc": "2024-07-14T18:39:35", "latitude_start": 46.202778, "longitude_start": 6.150031, "latitude_end": 46.1946059, "longitude_end": 6.1560466, "distance_in_km": 1.0198480977715425, "start_station": null, "end_station": null }, "geometry": { "type": "LineString", "coordinates": [ [ 6.150031, 46.202778 ], [ 6.1560466, 46.1946059 ] ] } },
{ "type": "Feature", "properties": { "trip_id": "53803649", "rental_id": "15847278", "vehicle_type": "ebike", "trip_started_at_utc": "2024-10-22T10:52:10", "trip_ended_at_utc": "2024-10-22T10:57:16", "latitude_start": 46.196711, "longitude_start": 6.14847, "latitude_end": 46.2001336, "longitude_end": 6.1486152, "distance_in_km": 0.38074039563867768, "start_station": null, "end_station": null }, "geometry": { "type": "LineString", "coordinates": [ [ 6.14847, 46.196711 ], [ 6.1486152, 46.2001336 ] ] } },
{ "type": "Feature", "properties": { "trip_id": "49777169", "rental_id": "14629958", "vehicle_type": "ebike", "trip_started_at_utc": "2024-08-21T21:48:06", "trip_ended_at_utc": "2024-08-21T21:49:36", "latitude_start": 46.201801, "longitude_start": 6.139416, "latitude_end": 46.2012203, "longitude_end": 6.1396011, "distance_in_km": 0.066123718739734605, "start_station": null, "end_station": null }, "geometry": { "type": "LineString", "coordinates": [ [ 6.139416, 46.201801 ], [ 6.1396011, 46.2012203 ] ] } },
{ "type": "Feature", "properties": { "trip_id": "51867698", "rental_id": "15246809", "vehicle_type": "ebike", "trip_started_at_utc": "2024-09-18T13:18:59", "trip_ended_at_utc": "2024-09-18T13:27:31", "latitude_start": 46.209456, "longitude_start": 6.14256, "latitude_end": 46.20393, "longitude_end": 6.160141, "distance_in_km": 1.4859205492996892, "start_station": null, "end_station": null }, "geometry": { "type": "LineString", "coordinates": [ [ 6.14256, 46.209456 ], [ 6.160141, 46.20393 ] ] } },
{ "type": "Feature", "properties": { "trip_id": "46607364", "rental_id": "13851585", "vehicle_type": "ebike", "trip_started_at_utc": "2024-07-18T11:33:24", "trip_ended_at_utc": "2024-07-18T11:44:28", "latitude_start": 46.211256, "longitude_start": 6.152576, "latitude_end": 46.2042441, "longitude_end": 6.1493881, "distance_in_km": 0.81737049710670684, "start_station": null, "end_station": null }, "geometry": { "type": "LineString", "coordinates": [ [ 6.152576, 46.211256 ], [ 6.1493881, 46.2042441 ] ] } },
{ "type": "Feature", "properties": { "trip_id": "51813234", "rental_id": "15230761", "vehicle_type": "ebike", "trip_started_at_utc": "2024-09-17T15:43:16", "trip_ended_at_utc": "2024-09-17T15:50:49", "latitude_start": 46.206893, "longitude_start": 6.143901, "latitude_end": 46.2024686, "longitude_end": 6.1582326, "distance_in_km": 1.2076597311896562, "start_station": null, "end_station": null }, "geometry": { "type": "LineString", "coordinates": [ [ 6.143901, 46.206893 ], [ 6.1582326, 46.2024686 ] ] } },
{ "type": "Feature", "properties": { "trip_id": "48105618", "rental_id": "14211921", "vehicle_type": "ebike", "trip_started_at_utc": "2024-08-03T23:27:32", "trip_ended_at_utc": "2024-08-03T23:39:36", "latitude_start": 46.203545, "longitude_start": 6.15866, "latitude_end": 46.1964381, "longitude_end": 6.1432857, "distance_in_km": 1.4228783250142452, "start_station": null, "end_station": null }, "geometry": { "type": "LineString", "coordinates": [ [ 6.15866, 46.203545 ], [ 6.1432857, 46.1964381 ] ] } },
{ "type": "Feature", "properties": { "trip_id": "52527444", "rental_id": "15452527", "vehicle_type": "ebike", "trip_started_at_utc": "2024-09-28T17:54:32", "trip_ended_at_utc": "2024-09-28T18:04:50", "latitude_start": 46.199135, "longitude_start": 6.155378, "latitude_end": 46.211145, "longitude_end": 6.152625, "distance_in_km": 1.352153631983207, "start_station": null, "end_station": null }, "geometry": { "type": "LineString", "coordinates": [ [ 6.155378, 46.199135 ], [ 6.152625, 46.211145 ] ] } },
{ "type": "Feature", "properties": { "trip_id": "47061688", "rental_id": "13961889", "vehicle_type": "ebike", "trip_started_at_utc": "2024-07-23T14:53:52", "trip_ended_at_utc": "2024-07-23T15:03:17", "latitude_start": 46.204273, "longitude_start": 6.158931, "latitude_end": 46.2083672, "longitude_end": 6.1425503, "distance_in_km": 1.3402510071758111, "start_station": null, "end_station": null }, "geometry": { "type": "LineString", "coordinates": [ [ 6.158931, 46.204273 ], [ 6.1425503, 46.2083672 ] ] } },
{ "type": "Feature", "properties": { "trip_id": "45802414", "rental_id": "13635904", "vehicle_type": "ebike", "trip_started_at_utc": "2024-07-06T13:42:29", "trip_ended_at_utc": "2024-07-06T13:45:22", "latitude_start": 46.194458, "longitude_start": 6.148023, "latitude_end": 46.1942593, "longitude_end": 6.1485178, "distance_in_km": 0.044030051644926398, "start_station": null, "end_station": null }, "geometry": { "type": "LineString", "coordinates": [ [ 6.148023, 46.194458 ], [ 6.1485178, 46.1942593 ] ] } },
{ "type": "Feature", "properties": { "trip_id": "46611138", "rental_id": "13852428", "vehicle_type": "ebike", "trip_started_at_utc": "2024-07-18T12:15:19", "trip_ended_at_utc": "2024-07-18T12:18:56", "latitude_start": 46.19869, "longitude_start": 6.147315, "latitude_end": 46.195375, "longitude_end": 6.151556, "distance_in_km": 0.49236466030704978, "start_station": null, "end_station": null }, "geometry": { "type": "LineString", "coordinates": [ [ 6.147315, 46.19869 ], [ 6.151556, 46.195375 ] ] } },
{ "type": "Feature", "properties": { "trip_id": "47898563", "rental_id": "14163359", "vehicle_type": "ebike", "trip_started_at_utc": "2024-08-01T21:38:34", "trip_ended_at_utc": "2024-08-01T21:48:05", "latitude_start": 46.21045, "longitude_start": 6.14978, "latitude_end": 46.1985182, "longitude_end": 6.1473134, "distance_in_km": 1.3402679323448561, "start_station": null, "end_station": null }, "geometry": { "type": "LineString", "coordinates": [ [ 6.14978, 46.21045 ], [ 6.1473134, 46.1985182 ] ] } },
{ "type": "Feature", "properties": { "trip_id": "49672651", "rental_id": "14601864", "vehicle_type": "ebike", "trip_started_at_utc": "2024-08-20T15:54:21", "trip_ended_at_utc": "2024-08-20T15:57:00", "latitude_start": 46.211673, "longitude_start": 6.152898, "latitude_end": 46.207295, "longitude_end": 6.148228, "distance_in_km": 0.60508013789116355, "start_station": null, "end_station": null }, "geometry": { "type": "LineString", "coordinates": [ [ 6.152898, 46.211673 ], [ 6.148228, 46.207295 ] ] } },
{ "type": "Feature", "properties": { "trip_id": "50843256", "rental_id": "14941272", "vehicle_type": "ebike", "trip_started_at_utc": "2024-09-04T07:01:02", "trip_ended_at_utc": "2024-09-04T07:10:46", "latitude_start": 46.207691, "longitude_start": 6.146495, "latitude_end": 46.1955779, "longitude_end": 6.155675, "distance_in_km": 1.5209624612408243, "start_station": null, "end_station": null }, "geometry": { "type": "LineString", "coordinates": [ [ 6.146495, 46.207691 ], [ 6.155675, 46.1955779 ] ] } },
{ "type": "Feature", "properties": { "trip_id": "52533840", "rental_id": "15454303", "vehicle_type": "ebike", "trip_started_at_utc": "2024-09-28T20:20:41", "trip_ended_at_utc": "2024-09-28T20:48:42", "latitude_start": 46.20556, "longitude_start": 6.14286, "latitude_end": 46.2094503, "longitude_end": 6.1423891, "distance_in_km": 0.43409740902088462, "start_station": null, "end_station": null }, "geometry": { "type": "LineString", "coordinates": [ [ 6.14286, 46.20556 ], [ 6.1423891, 46.2094503 ] ] } },
{ "type": "Feature", "properties": { "trip_id": "48306054", "rental_id": "14261296", "vehicle_type": "ebike", "trip_started_at_utc": "2024-08-06T12:34:28", "trip_ended_at_utc": "2024-08-06T12:42:02", "latitude_start": 46.1978, "longitude_start": 6.160688, "latitude_end": 46.1949891, "longitude_end": 6.1516045, "distance_in_km": 0.76582474998906358, "start_station": null, "end_station": null }, "geometry": { "type": "LineString", "coordinates": [ [ 6.160688, 46.1978 ], [ 6.1516045, 46.1949891 ] ] } },
{ "type": "Feature", "properties": { "trip_id": "50439584", "rental_id": "14822973", "vehicle_type": "ebike", "trip_started_at_utc": "2024-08-30T07:01:14", "trip_ended_at_utc": "2024-08-30T07:10:59", "latitude_start": 46.208581, "longitude_start": 6.146138, "latitude_end": 46.1955585, "longitude_end": 6.1555834, "distance_in_km": 1.6202545524034406, "start_station": null, "end_station": null }, "geometry": { "type": "LineString", "coordinates": [ [ 6.146138, 46.208581 ], [ 6.1555834, 46.1955585 ] ] } },
{ "type": "Feature", "properties": { "trip_id": "44448836", "rental_id": "13210331", "vehicle_type": "ebike", "trip_started_at_utc": "2024-06-14T17:08:43", "trip_ended_at_utc": "2024-06-14T17:16:29", "latitude_start": 46.207013, "longitude_start": 6.141458, "latitude_end": 46.2052996, "longitude_end": 6.1603491, "distance_in_km": 1.4661827725192502, "start_station": null, "end_station": null }, "geometry": { "type": "LineString", "coordinates": [ [ 6.141458, 46.207013 ], [ 6.1603491, 46.2052996 ] ] } },
{ "type": "Feature", "properties": { "trip_id": "51727714", "rental_id": "15206538", "vehicle_type": "ebike", "trip_started_at_utc": "2024-09-16T12:28:08", "trip_ended_at_utc": "2024-09-16T12:37:41", "latitude_start": 46.211445, "longitude_start": 6.15282, "latitude_end": 46.208181, "longitude_end": 6.148786, "distance_in_km": 0.47757959186736793, "start_station": null, "end_station": null }, "geometry": { "type": "LineString", "coordinates": [ [ 6.15282, 46.211445 ], [ 6.148786, 46.208181 ] ] } },
{ "type": "Feature", "properties": { "trip_id": "46840206", "rental_id": "13908065", "vehicle_type": "ebike", "trip_started_at_utc": "2024-07-20T17:51:46", "trip_ended_at_utc": "2024-07-20T17:57:30", "latitude_start": 46.208038, "longitude_start": 6.148606, "latitude_end": 46.20172, "longitude_end": 6.152616, "distance_in_km": 0.76731970847702113, "start_station": null, "end_station": null }, "geometry": { "type": "LineString", "coordinates": [ [ 6.148606, 46.208038 ], [ 6.152616, 46.20172 ] ] } },
{ "type": "Feature", "properties": { "trip_id": "53410647", "rental_id": "15734411", "vehicle_type": "ebike", "trip_started_at_utc": "2024-10-15T15:49:41", "trip_ended_at_utc": "2024-10-15T16:01:47", "latitude_start": 46.206873, "longitude_start": 6.140126, "latitude_end": 46.202363, "longitude_end": 6.1616993, "distance_in_km": 1.7342929904363584, "start_station": null, "end_station": null }, "geometry": { "type": "LineString", "coordinates": [ [ 6.140126, 46.206873 ], [ 6.1616993, 46.202363 ] ] } },
{ "type": "Feature", "properties": { "trip_id": "51015156", "rental_id": "14991930", "vehicle_type": "ebike", "trip_started_at_utc": "2024-09-06T09:51:48", "trip_ended_at_utc": "2024-09-06T09:54:42", "latitude_start": 46.210251, "longitude_start": 6.149448, "latitude_end": 46.2093414, "longitude_end": 6.14239, "distance_in_km": 0.55244518358479966, "start_station": null, "end_station": null }, "geometry": { "type": "LineString", "coordinates": [ [ 6.149448, 46.210251 ], [ 6.14239, 46.2093414 ] ] } },
{ "type": "Feature", "properties": { "trip_id": "49777639", "rental_id": "14630225", "vehicle_type": "ebike", "trip_started_at_utc": "2024-08-21T22:02:24", "trip_ended_at_utc": "2024-08-21T22:07:27", "latitude_start": 46.20015, "longitude_start": 6.148475, "latitude_end": 46.1949542, "longitude_end": 6.1528347, "distance_in_km": 0.66812135250865412, "start_station": null, "end_station": null }, "geometry": { "type": "LineString", "coordinates": [ [ 6.148475, 46.20015 ], [ 6.1528347, 46.1949542 ] ] } },
{ "type": "Feature", "properties": { "trip_id": "50129776", "rental_id": "14729926", "vehicle_type": "ebike", "trip_started_at_utc": "2024-08-26T11:51:25", "trip_ended_at_utc": "2024-08-26T11:58:06", "latitude_start": 46.201045, "longitude_start": 6.139661, "latitude_end": 46.1978406, "longitude_end": 6.1483342, "distance_in_km": 0.75666672258960144, "start_station": null, "end_station": null }, "geometry": { "type": "LineString", "coordinates": [ [ 6.139661, 46.201045 ], [ 6.1483342, 46.1978406 ] ] } },
{ "type": "Feature", "properties": { "trip_id": "50227543", "rental_id": "14758517", "vehicle_type": "ebike", "trip_started_at_utc": "2024-08-27T15:35:00", "trip_ended_at_utc": "2024-08-27T15:43:08", "latitude_start": 46.205811, "longitude_start": 6.160773, "latitude_end": 46.2095144, "longitude_end": 6.1426925, "distance_in_km": 1.4509962042333593, "start_station": null, "end_station": null }, "geometry": { "type": "LineString", "coordinates": [ [ 6.160773, 46.205811 ], [ 6.1426925, 46.2095144 ] ] } },
{ "type": "Feature", "properties": { "trip_id": "46269496", "rental_id": "13764544", "vehicle_type": "ebike", "trip_started_at_utc": "2024-07-13T15:19:41", "trip_ended_at_utc": "2024-07-13T15:22:47", "latitude_start": 46.204801, "longitude_start": 6.150178, "latitude_end": 46.2049095, "longitude_end": 6.1499361, "distance_in_km": 0.022183328220900099, "start_station": null, "end_station": null }, "geometry": { "type": "LineString", "coordinates": [ [ 6.150178, 46.204801 ], [ 6.1499361, 46.2049095 ] ] } },
{ "type": "Feature", "properties": { "trip_id": "52282277", "rental_id": "15369964", "vehicle_type": "ebike", "trip_started_at_utc": "2024-09-23T21:20:15", "trip_ended_at_utc": "2024-09-23T21:27:46", "latitude_start": 46.206856, "longitude_start": 6.147326, "latitude_end": 46.201893, "longitude_end": 6.139361, "distance_in_km": 0.8247860225932313, "start_station": null, "end_station": null }, "geometry": { "type": "LineString", "coordinates": [ [ 6.147326, 46.206856 ], [ 6.139361, 46.201893 ] ] } },
{ "type": "Feature", "properties": { "trip_id": "46574294", "rental_id": "13842151", "vehicle_type": "ebike", "trip_started_at_utc": "2024-07-17T19:23:22", "trip_ended_at_utc": "2024-07-17T19:41:37", "latitude_start": 46.201001, "longitude_start": 6.155986, "latitude_end": 46.2057687, "longitude_end": 6.1608074, "distance_in_km": 0.64709264306596004, "start_station": null, "end_station": null }, "geometry": { "type": "LineString", "coordinates": [ [ 6.155986, 46.201001 ], [ 6.1608074, 46.2057687 ] ] } },
{ "type": "Feature", "properties": { "trip_id": "54293983", "rental_id": "16006936", "vehicle_type": "ebike", "trip_started_at_utc": "2024-10-31T16:09:46", "trip_ended_at_utc": "2024-10-31T16:10:49", "latitude_start": 46.19712, "longitude_start": 6.15327, "latitude_end": 46.1971453, "longitude_end": 6.1530595, "distance_in_km": 0.016443973618321998, "start_station": null, "end_station": null }, "geometry": { "type": "LineString", "coordinates": [ [ 6.15327, 46.19712 ], [ 6.1530595, 46.1971453 ] ] } },
{ "type": "Feature", "properties": { "trip_id": "52364940", "rental_id": "15399259", "vehicle_type": "ebike", "trip_started_at_utc": "2024-09-25T15:15:36", "trip_ended_at_utc": "2024-09-25T15:19:26", "latitude_start": 46.196181, "longitude_start": 6.15067, "latitude_end": 46.2060739, "longitude_end": 6.1412243, "distance_in_km": 1.3185424933893346, "start_station": null, "end_station": null }, "geometry": { "type": "LineString", "coordinates": [ [ 6.15067, 46.196181 ], [ 6.1412243, 46.2060739 ] ] } },
{ "type": "Feature", "properties": { "trip_id": "46908890", "rental_id": "13924811", "vehicle_type": "ebike", "trip_started_at_utc": "2024-07-21T13:12:07", "trip_ended_at_utc": "2024-07-21T13:23:08", "latitude_start": 46.206771, "longitude_start": 6.162066, "latitude_end": 46.2047149, "longitude_end": 6.1469163, "distance_in_km": 1.1880495662228674, "start_station": null, "end_station": null }, "geometry": { "type": "LineString", "coordinates": [ [ 6.162066, 46.206771 ], [ 6.1469163, 46.2047149 ] ] } },
{ "type": "Feature", "properties": { "trip_id": "50811871", "rental_id": "14930831", "vehicle_type": "ebike", "trip_started_at_utc": "2024-09-03T15:40:34", "trip_ended_at_utc": "2024-09-03T15:47:32", "latitude_start": 46.206925, "longitude_start": 6.1439, "latitude_end": 46.1989562, "longitude_end": 6.1494232, "distance_in_km": 0.9827681607794142, "start_station": null, "end_station": null }, "geometry": { "type": "LineString", "coordinates": [ [ 6.1439, 46.206925 ], [ 6.1494232, 46.1989562 ] ] } },
{ "type": "Feature", "properties": { "trip_id": "48893120", "rental_id": "14407867", "vehicle_type": "ebike", "trip_started_at_utc": "2024-08-12T14:03:06", "trip_ended_at_utc": "2024-08-12T14:07:06", "latitude_start": 46.198283, "longitude_start": 6.142735, "latitude_end": 46.2037337, "longitude_end": 6.1432962, "distance_in_km": 0.60762810424875335, "start_station": null, "end_station": null }, "geometry": { "type": "LineString", "coordinates": [ [ 6.142735, 46.198283 ], [ 6.1432962, 46.2037337 ] ] } },
{ "type": "Feature", "properties": { "trip_id": "52455381", "rental_id": "15430786", "vehicle_type": "ebike", "trip_started_at_utc": "2024-09-27T14:23:30", "trip_ended_at_utc": "2024-09-27T14:27:47", "latitude_start": 46.205423, "longitude_start": 6.15816, "latitude_end": 46.200961, "longitude_end": 6.156738, "distance_in_km": 0.50807809240236357, "start_station": null, "end_station": null }, "geometry": { "type": "LineString", "coordinates": [ [ 6.15816, 46.205423 ], [ 6.156738, 46.200961 ] ] } },
{ "type": "Feature", "properties": { "trip_id": "51522198", "rental_id": "15146621", "vehicle_type": "ebike", "trip_started_at_utc": "2024-09-13T16:02:03", "trip_ended_at_utc": "2024-09-13T16:09:27", "latitude_start": 46.199776, "longitude_start": 6.142828, "latitude_end": 46.211436, "longitude_end": 6.1497058, "distance_in_km": 1.4004077031479141, "start_station": null, "end_station": null }, "geometry": { "type": "LineString", "coordinates": [ [ 6.142828, 46.199776 ], [ 6.1497058, 46.211436 ] ] } },
{ "type": "Feature", "properties": { "trip_id": "51516240", "rental_id": "15144891", "vehicle_type": "ebike", "trip_started_at_utc": "2024-09-13T15:02:25", "trip_ended_at_utc": "2024-09-13T15:11:43", "latitude_start": 46.20575, "longitude_start": 6.160805, "latitude_end": 46.209385, "longitude_end": 6.142475, "distance_in_km": 1.4673054573994395, "start_station": null, "end_station": null }, "geometry": { "type": "LineString", "coordinates": [ [ 6.160805, 46.20575 ], [ 6.142475, 46.209385 ] ] } },
{ "type": "Feature", "properties": { "trip_id": "47710769", "rental_id": "14117272", "vehicle_type": "ebike", "trip_started_at_utc": "2024-07-30T18:54:31", "trip_ended_at_utc": "2024-07-30T19:06:00", "latitude_start": 46.195345, "longitude_start": 6.158023, "latitude_end": 46.2105878, "longitude_end": 6.1496908, "distance_in_km": 1.8121680865827059, "start_station": null, "end_station": null }, "geometry": { "type": "LineString", "coordinates": [ [ 6.158023, 46.195345 ], [ 6.1496908, 46.2105878 ] ] } },
{ "type": "Feature", "properties": { "trip_id": "50370490", "rental_id": "14802582", "vehicle_type": "ebike", "trip_started_at_utc": "2024-08-29T11:54:35", "trip_ended_at_utc": "2024-08-29T12:00:38", "latitude_start": 46.201323, "longitude_start": 6.139918, "latitude_end": 46.1978701, "longitude_end": 6.148323, "distance_in_km": 0.75224036969406483, "start_station": null, "end_station": null }, "geometry": { "type": "LineString", "coordinates": [ [ 6.139918, 46.201323 ], [ 6.148323, 46.1978701 ] ] } },
{ "type": "Feature", "properties": { "trip_id": "46465315", "rental_id": "13816032", "vehicle_type": "ebike", "trip_started_at_utc": "2024-07-16T12:59:18", "trip_ended_at_utc": "2024-07-16T13:02:33", "latitude_start": 46.20882, "longitude_start": 6.141218, "latitude_end": 46.208133, "longitude_end": 6.146435, "distance_in_km": 0.40865710669318522, "start_station": null, "end_station": null }, "geometry": { "type": "LineString", "coordinates": [ [ 6.141218, 46.20882 ], [ 6.146435, 46.208133 ] ] } },
{ "type": "Feature", "properties": { "trip_id": "46347121", "rental_id": "13784736", "vehicle_type": "ebike", "trip_started_at_utc": "2024-07-14T16:12:25", "trip_ended_at_utc": "2024-07-14T16:18:12", "latitude_start": 46.196693, "longitude_start": 6.153163, "latitude_end": 46.202451, "longitude_end": 6.150203, "distance_in_km": 0.67958294555650067, "start_station": null, "end_station": null }, "geometry": { "type": "LineString", "coordinates": [ [ 6.153163, 46.196693 ], [ 6.150203, 46.202451 ] ] } },
{ "type": "Feature", "properties": { "trip_id": "52597181", "rental_id": "15473785", "vehicle_type": "ebike", "trip_started_at_utc": "2024-09-30T05:55:15", "trip_ended_at_utc": "2024-09-30T06:02:44", "latitude_start": 46.198706, "longitude_start": 6.144291, "latitude_end": 46.1986104, "longitude_end": 6.1442162, "distance_in_km": 0.012089041670938499, "start_station": null, "end_station": null }, "geometry": { "type": "LineString", "coordinates": [ [ 6.144291, 46.198706 ], [ 6.1442162, 46.1986104 ] ] } },
{ "type": "Feature", "properties": { "trip_id": "45890688", "rental_id": "13659032", "vehicle_type": "ebike", "trip_started_at_utc": "2024-07-07T20:23:07", "trip_ended_at_utc": "2024-07-07T20:29:12", "latitude_start": 46.21026, "longitude_start": 6.144868, "latitude_end": 46.204476, "longitude_end": 6.148136, "distance_in_km": 0.69057066988293725, "start_station": null, "end_station": null }, "geometry": { "type": "LineString", "coordinates": [ [ 6.144868, 46.21026 ], [ 6.148136, 46.204476 ] ] } },
{ "type": "Feature", "properties": { "trip_id": "51905102", "rental_id": "15259321", "vehicle_type": "ebike", "trip_started_at_utc": "2024-09-19T06:12:11", "trip_ended_at_utc": "2024-09-19T06:29:18", "latitude_start": 46.202123, "longitude_start": 6.160843, "latitude_end": 46.2070153, "longitude_end": 6.1400606, "distance_in_km": 1.6893278609875439, "start_station": null, "end_station": null }, "geometry": { "type": "LineString", "coordinates": [ [ 6.160843, 46.202123 ], [ 6.1400606, 46.2070153 ] ] } },
{ "type": "Feature", "properties": { "trip_id": "52129176", "rental_id": "15325789", "vehicle_type": "ebike", "trip_started_at_utc": "2024-09-21T17:42:02", "trip_ended_at_utc": "2024-09-21T17:43:18", "latitude_start": 46.211066, "longitude_start": 6.152476, "latitude_end": 46.210443, "longitude_end": 6.151793, "distance_in_km": 0.086954195928042002, "start_station": null, "end_station": null }, "geometry": { "type": "LineString", "coordinates": [ [ 6.152476, 46.211066 ], [ 6.151793, 46.210443 ] ] } },
{ "type": "Feature", "properties": { "trip_id": "54199004", "rental_id": "15975169", "vehicle_type": "ebike", "trip_started_at_utc": "2024-10-29T17:00:45", "trip_ended_at_utc": "2024-10-29T17:11:18", "latitude_start": 46.206828, "longitude_start": 6.162106, "latitude_end": 46.2105587, "longitude_end": 6.149777, "distance_in_km": 1.0354560506279769, "start_station": null, "end_station": null }, "geometry": { "type": "LineString", "coordinates": [ [ 6.162106, 46.206828 ], [ 6.149777, 46.2105587 ] ] } },
{ "type": "Feature", "properties": { "trip_id": "50699654", "rental_id": "14895559", "vehicle_type": "ebike", "trip_started_at_utc": "2024-09-02T06:32:51", "trip_ended_at_utc": "2024-09-02T06:33:51", "latitude_start": 46.205106, "longitude_start": 6.143388, "latitude_end": 46.2056967, "longitude_end": 6.1428368, "distance_in_km": 0.078188994773681006, "start_station": null, "end_station": null }, "geometry": { "type": "LineString", "coordinates": [ [ 6.143388, 46.205106 ], [ 6.1428368, 46.2056967 ] ] } },
{ "type": "Feature", "properties": { "trip_id": "52209277", "rental_id": "15347407", "vehicle_type": "ebike", "trip_started_at_utc": "2024-09-22T17:36:15", "trip_ended_at_utc": "2024-09-22T17:49:44", "latitude_start": 46.203121, "longitude_start": 6.160065, "latitude_end": 46.196625, "longitude_end": 6.1434231, "distance_in_km": 1.4704527609293472, "start_station": null, "end_station": null }, "geometry": { "type": "LineString", "coordinates": [ [ 6.160065, 46.203121 ], [ 6.1434231, 46.196625 ] ] } },
{ "type": "Feature", "properties": { "trip_id": "45751977", "rental_id": "13620786", "vehicle_type": "ebike", "trip_started_at_utc": "2024-07-05T16:58:16", "trip_ended_at_utc": "2024-07-05T17:04:25", "latitude_start": 46.206663, "longitude_start": 6.14295, "latitude_end": 46.2120909, "longitude_end": 6.1497083, "distance_in_km": 0.79670038415357325, "start_station": null, "end_station": null }, "geometry": { "type": "LineString", "coordinates": [ [ 6.14295, 46.206663 ], [ 6.1497083, 46.2120909 ] ] } },
{ "type": "Feature", "properties": { "trip_id": "45921993", "rental_id": "13668415", "vehicle_type": "ebike", "trip_started_at_utc": "2024-07-08T13:17:12", "trip_ended_at_utc": "2024-07-08T13:19:16", "latitude_start": 46.201888, "longitude_start": 6.14004, "latitude_end": 46.1996535, "longitude_end": 6.1374865, "distance_in_km": 0.31679016985270381, "start_station": null, "end_station": null }, "geometry": { "type": "LineString", "coordinates": [ [ 6.14004, 46.201888 ], [ 6.1374865, 46.1996535 ] ] } },
{ "type": "Feature", "properties": { "trip_id": "46919482", "rental_id": "13926970", "vehicle_type": "ebike", "trip_started_at_utc": "2024-07-21T14:42:39", "trip_ended_at_utc": "2024-07-21T14:46:20", "latitude_start": 46.199898, "longitude_start": 6.142865, "latitude_end": 46.2017246, "longitude_end": 6.1438624, "distance_in_km": 0.21713040313324489, "start_station": null, "end_station": null }, "geometry": { "type": "LineString", "coordinates": [ [ 6.142865, 46.199898 ], [ 6.1438624, 46.2017246 ] ] } },
{ "type": "Feature", "properties": { "trip_id": "47685019", "rental_id": "14111389", "vehicle_type": "ebike", "trip_started_at_utc": "2024-07-30T15:10:32", "trip_ended_at_utc": "2024-07-30T15:16:22", "latitude_start": 46.209853, "longitude_start": 6.14728, "latitude_end": 46.2057585, "longitude_end": 6.1428888, "distance_in_km": 0.56698476685614974, "start_station": null, "end_station": null }, "geometry": { "type": "LineString", "coordinates": [ [ 6.14728, 46.209853 ], [ 6.1428888, 46.2057585 ] ] } },
{ "type": "Feature", "properties": { "trip_id": "52130591", "rental_id": "15326119", "vehicle_type": "ebike", "trip_started_at_utc": "2024-09-21T17:56:02", "trip_ended_at_utc": "2024-09-21T18:08:31", "latitude_start": 46.200025, "longitude_start": 6.148485, "latitude_end": 46.2010212, "longitude_end": 6.1430396, "distance_in_km": 0.43348234845465111, "start_station": null, "end_station": null }, "geometry": { "type": "LineString", "coordinates": [ [ 6.148485, 46.200025 ], [ 6.1430396, 46.2010212 ] ] } },
{ "type": "Feature", "properties": { "trip_id": "48672490", "rental_id": "14354952", "vehicle_type": "ebike", "trip_started_at_utc": "2024-08-10T10:45:54", "trip_ended_at_utc": "2024-08-10T11:04:43", "latitude_start": 46.197598, "longitude_start": 6.143406, "latitude_end": 46.2111949, "longitude_end": 6.1526133, "distance_in_km": 1.6697098195383333, "start_station": null, "end_station": null }, "geometry": { "type": "LineString", "coordinates": [ [ 6.143406, 46.197598 ], [ 6.1526133, 46.2111949 ] ] } },
{ "type": "Feature", "properties": { "trip_id": "52268740", "rental_id": "15366016", "vehicle_type": "ebike", "trip_started_at_utc": "2024-09-23T16:37:05", "trip_ended_at_utc": "2024-09-23T16:39:00", "latitude_start": 46.203853, "longitude_start": 6.143098, "latitude_end": 46.206363, "longitude_end": 6.14329, "distance_in_km": 0.27949053724284079, "start_station": null, "end_station": null }, "geometry": { "type": "LineString", "coordinates": [ [ 6.143098, 46.203853 ], [ 6.14329, 46.206363 ] ] } },
{ "type": "Feature", "properties": { "trip_id": "49590399", "rental_id": "14580778", "vehicle_type": "ebike", "trip_started_at_utc": "2024-08-19T16:27:22", "trip_ended_at_utc": "2024-08-19T16:34:14", "latitude_start": 46.199881, "longitude_start": 6.142775, "latitude_end": 46.2106582, "longitude_end": 6.1495869, "distance_in_km": 1.3080118000537966, "start_station": null, "end_station": null }, "geometry": { "type": "LineString", "coordinates": [ [ 6.142775, 46.199881 ], [ 6.1495869, 46.2106582 ] ] } },
{ "type": "Feature", "properties": { "trip_id": "51459102", "rental_id": "15126459", "vehicle_type": "ebike", "trip_started_at_utc": "2024-09-12T16:13:13", "trip_ended_at_utc": "2024-09-12T16:19:52", "latitude_start": 46.199836, "longitude_start": 6.142875, "latitude_end": 46.2114968, "longitude_end": 6.1496984, "distance_in_km": 1.3989130811876227, "start_station": null, "end_station": null }, "geometry": { "type": "LineString", "coordinates": [ [ 6.142875, 46.199836 ], [ 6.1496984, 46.2114968 ] ] } },
{ "type": "Feature", "properties": { "trip_id": "48261376", "rental_id": "14249055", "vehicle_type": "ebike", "trip_started_at_utc": "2024-08-05T19:23:41", "trip_ended_at_utc": "2024-08-05T19:43:50", "latitude_start": 46.205221, "longitude_start": 6.15789, "latitude_end": 46.1986439, "longitude_end": 6.1472605, "distance_in_km": 1.0972983909907998, "start_station": null, "end_station": null }, "geometry": { "type": "LineString", "coordinates": [ [ 6.15789, 46.205221 ], [ 6.1472605, 46.1986439 ] ] } },
{ "type": "Feature", "properties": { "trip_id": "51326475", "rental_id": "15082387", "vehicle_type": "ebike", "trip_started_at_utc": "2024-09-10T09:07:10", "trip_ended_at_utc": "2024-09-10T09:21:15", "latitude_start": 46.202503, "longitude_start": 6.153841, "latitude_end": 46.2038132, "longitude_end": 6.1431398, "distance_in_km": 0.83633537351777498, "start_station": null, "end_station": null }, "geometry": { "type": "LineString", "coordinates": [ [ 6.153841, 46.202503 ], [ 6.1431398, 46.2038132 ] ] } },
{ "type": "Feature", "properties": { "trip_id": "46540052", "rental_id": "13834241", "vehicle_type": "ebike", "trip_started_at_utc": "2024-07-17T12:55:28", "trip_ended_at_utc": "2024-07-17T13:02:40", "latitude_start": 46.207078, "longitude_start": 6.139955, "latitude_end": 46.2112272, "longitude_end": 6.1526614, "distance_in_km": 1.0811453775085031, "start_station": null, "end_station": null }, "geometry": { "type": "LineString", "coordinates": [ [ 6.139955, 46.207078 ], [ 6.1526614, 46.2112272 ] ] } },
{ "type": "Feature", "properties": { "trip_id": "51857191", "rental_id": "15243864", "vehicle_type": "ebike", "trip_started_at_utc": "2024-09-18T10:46:27", "trip_ended_at_utc": "2024-09-18T10:55:59", "latitude_start": 46.20128, "longitude_start": 6.153181, "latitude_end": 46.198254, "longitude_end": 6.1552274, "distance_in_km": 0.37151291811152909, "start_station": null, "end_station": null }, "geometry": { "type": "LineString", "coordinates": [ [ 6.153181, 46.20128 ], [ 6.1552274, 46.198254 ] ] } },
{ "type": "Feature", "properties": { "trip_id": "52455763", "rental_id": "15430786", "vehicle_type": "ebike", "trip_started_at_utc": "2024-09-27T14:31:49", "trip_ended_at_utc": "2024-09-27T14:34:06", "latitude_start": 46.200746, "longitude_start": 6.157475, "latitude_end": 46.20159, "longitude_end": 6.153268, "distance_in_km": 0.33710321374700059, "start_station": null, "end_station": null }, "geometry": { "type": "LineString", "coordinates": [ [ 6.157475, 46.200746 ], [ 6.153268, 46.20159 ] ] } },
{ "type": "Feature", "properties": { "trip_id": "50284140", "rental_id": "14776371", "vehicle_type": "ebike", "trip_started_at_utc": "2024-08-28T11:42:23", "trip_ended_at_utc": "2024-08-28T11:49:27", "latitude_start": 46.200556, "longitude_start": 6.159751, "latitude_end": 46.2041217, "longitude_end": 6.1492387, "distance_in_km": 0.90095571253559681, "start_station": null, "end_station": null }, "geometry": { "type": "LineString", "coordinates": [ [ 6.159751, 46.200556 ], [ 6.1492387, 46.2041217 ] ] } },
{ "type": "Feature", "properties": { "trip_id": "50442796", "rental_id": "14824137", "vehicle_type": "ebike", "trip_started_at_utc": "2024-08-30T08:04:52", "trip_ended_at_utc": "2024-08-30T08:12:46", "latitude_start": 46.202146, "longitude_start": 6.156326, "latitude_end": 46.2092687, "longitude_end": 6.1426054, "distance_in_km": 1.3198999168886814, "start_station": null, "end_station": null }, "geometry": { "type": "LineString", "coordinates": [ [ 6.156326, 46.202146 ], [ 6.1426054, 46.2092687 ] ] } },
{ "type": "Feature", "properties": { "trip_id": "52824081", "rental_id": "15551595", "vehicle_type": "ebike", "trip_started_at_utc": "2024-10-04T14:55:26", "trip_ended_at_utc": "2024-10-04T15:00:17", "latitude_start": 46.199845, "longitude_start": 6.142838, "latitude_end": 46.202733, "longitude_end": 6.147673, "distance_in_km": 0.49151709739233268, "start_station": null, "end_station": null }, "geometry": { "type": "LineString", "coordinates": [ [ 6.142838, 46.199845 ], [ 6.147673, 46.202733 ] ] } },
{ "type": "Feature", "properties": { "trip_id": "52503404", "rental_id": "15446505", "vehicle_type": "ebike", "trip_started_at_utc": "2024-09-28T12:31:38", "trip_ended_at_utc": "2024-09-28T12:39:20", "latitude_start": 46.200475, "longitude_start": 6.148398, "latitude_end": 46.211613, "longitude_end": 6.148876, "distance_in_km": 1.2390371779525542, "start_station": null, "end_station": null }, "geometry": { "type": "LineString", "coordinates": [ [ 6.148398, 46.200475 ], [ 6.148876, 46.211613 ] ] } },
{ "type": "Feature", "properties": { "trip_id": "45925961", "rental_id": "13669710", "vehicle_type": "ebike", "trip_started_at_utc": "2024-07-08T14:06:14", "trip_ended_at_utc": "2024-07-08T14:31:14", "latitude_start": 46.201436, "longitude_start": 6.153095, "latitude_end": 46.205155, "longitude_end": 6.160413, "distance_in_km": 0.69870138289967443, "start_station": null, "end_station": null }, "geometry": { "type": "LineString", "coordinates": [ [ 6.153095, 46.201436 ], [ 6.160413, 46.205155 ] ] } },
{ "type": "Feature", "properties": { "trip_id": "51749118", "rental_id": "15212542", "vehicle_type": "ebike", "trip_started_at_utc": "2024-09-16T16:31:42", "trip_ended_at_utc": "2024-09-16T16:39:39", "latitude_start": 46.195615, "longitude_start": 6.155581, "latitude_end": 46.2088364, "longitude_end": 6.1447031, "distance_in_km": 1.6918020658921349, "start_station": null, "end_station": null }, "geometry": { "type": "LineString", "coordinates": [ [ 6.155581, 46.195615 ], [ 6.1447031, 46.2088364 ] ] } },
{ "type": "Feature", "properties": { "trip_id": "46073665", "rental_id": "13711369", "vehicle_type": "ebike", "trip_started_at_utc": "2024-07-10T16:13:07", "trip_ended_at_utc": "2024-07-10T16:21:36", "latitude_start": 46.196151, "longitude_start": 6.150443, "latitude_end": 46.2038907, "longitude_end": 6.1492983, "distance_in_km": 0.86511424485325406, "start_station": null, "end_station": null }, "geometry": { "type": "LineString", "coordinates": [ [ 6.150443, 46.196151 ], [ 6.1492983, 46.2038907 ] ] } },
{ "type": "Feature", "properties": { "trip_id": "45999840", "rental_id": "13690685", "vehicle_type": "ebike", "trip_started_at_utc": "2024-07-09T15:04:52", "trip_ended_at_utc": "2024-07-09T15:13:23", "latitude_start": 46.209238, "longitude_start": 6.142376, "latitude_end": 46.2028426, "longitude_end": 6.1413892, "distance_in_km": 0.71518020650909164, "start_station": null, "end_station": null }, "geometry": { "type": "LineString", "coordinates": [ [ 6.142376, 46.209238 ], [ 6.1413892, 46.2028426 ] ] } },
{ "type": "Feature", "properties": { "trip_id": "52612635", "rental_id": "15479272", "vehicle_type": "ebike", "trip_started_at_utc": "2024-09-30T11:50:07", "trip_ended_at_utc": "2024-09-30T12:03:13", "latitude_start": 46.195568, "longitude_start": 6.155671, "latitude_end": 46.2078202, "longitude_end": 6.1464963, "distance_in_km": 1.5344885020887369, "start_station": null, "end_station": null }, "geometry": { "type": "LineString", "coordinates": [ [ 6.155671, 46.195568 ], [ 6.1464963, 46.2078202 ] ] } },
{ "type": "Feature", "properties": { "trip_id": "49266245", "rental_id": "14503689", "vehicle_type": "ebike", "trip_started_at_utc": "2024-08-16T13:27:51", "trip_ended_at_utc": "2024-08-16T13:34:46", "latitude_start": 46.209205, "longitude_start": 6.142156, "latitude_end": 46.2111416, "longitude_end": 6.1525636, "distance_in_km": 0.82929725591035353, "start_station": null, "end_station": null }, "geometry": { "type": "LineString", "coordinates": [ [ 6.142156, 46.209205 ], [ 6.1525636, 46.2111416 ] ] } },
{ "type": "Feature", "properties": { "trip_id": "49316918", "rental_id": "14516291", "vehicle_type": "ebike", "trip_started_at_utc": "2024-08-16T22:34:32", "trip_ended_at_utc": "2024-08-16T22:38:18", "latitude_start": 46.201675, "longitude_start": 6.153578, "latitude_end": 46.2054054, "longitude_end": 6.1602316, "distance_in_km": 0.65897918785275655, "start_station": null, "end_station": null }, "geometry": { "type": "LineString", "coordinates": [ [ 6.153578, 46.201675 ], [ 6.1602316, 46.2054054 ] ] } },
{ "type": "Feature", "properties": { "trip_id": "48655442", "rental_id": "14350179", "vehicle_type": "ebike", "trip_started_at_utc": "2024-08-10T07:51:36", "trip_ended_at_utc": "2024-08-10T09:27:05", "latitude_start": 46.197138, "longitude_start": 6.143146, "latitude_end": 46.1966172, "longitude_end": 6.1430586, "distance_in_km": 0.058299804359771203, "start_station": null, "end_station": null }, "geometry": { "type": "LineString", "coordinates": [ [ 6.143146, 46.197138 ], [ 6.1430586, 46.1966172 ] ] } },
{ "type": "Feature", "properties": { "trip_id": "51556094", "rental_id": "15157488", "vehicle_type": "ebike", "trip_started_at_utc": "2024-09-14T08:03:05", "trip_ended_at_utc": "2024-09-14T08:12:54", "latitude_start": 46.196525, "longitude_start": 6.152256, "latitude_end": 46.2114925, "longitude_end": 6.1496106, "distance_in_km": 1.6767178279966961, "start_station": null, "end_station": null }, "geometry": { "type": "LineString", "coordinates": [ [ 6.152256, 46.196525 ], [ 6.1496106, 46.2114925 ] ] } },
{ "type": "Feature", "properties": { "trip_id": "52595837", "rental_id": "15472989", "vehicle_type": "ebike", "trip_started_at_utc": "2024-09-30T05:05:03", "trip_ended_at_utc": "2024-09-30T05:12:27", "latitude_start": 46.203773, "longitude_start": 6.158105, "latitude_end": 46.2093903, "longitude_end": 6.1424478, "distance_in_km": 1.3571589371765449, "start_station": null, "end_station": null }, "geometry": { "type": "LineString", "coordinates": [ [ 6.158105, 46.203773 ], [ 6.1424478, 46.2093903 ] ] } },
{ "type": "Feature", "properties": { "trip_id": "45870654", "rental_id": "13653964", "vehicle_type": "ebike", "trip_started_at_utc": "2024-07-07T14:56:51", "trip_ended_at_utc": "2024-07-07T15:15:20", "latitude_start": 46.21128, "longitude_start": 6.152708, "latitude_end": 46.1957201, "longitude_end": 6.1463627, "distance_in_km": 1.7977755939052531, "start_station": null, "end_station": null }, "geometry": { "type": "LineString", "coordinates": [ [ 6.152708, 46.21128 ], [ 6.1463627, 46.1957201 ] ] } },
{ "type": "Feature", "properties": { "trip_id": "47658464", "rental_id": "14105478", "vehicle_type": "ebike", "trip_started_at_utc": "2024-07-30T11:14:18", "trip_ended_at_utc": "2024-07-30T11:18:20", "latitude_start": 46.195083, "longitude_start": 6.151505, "latitude_end": 46.1999587, "longitude_end": 6.148652, "distance_in_km": 0.58493465230256458, "start_station": null, "end_station": null }, "geometry": { "type": "LineString", "coordinates": [ [ 6.151505, 46.195083 ], [ 6.148652, 46.1999587 ] ] } },
{ "type": "Feature", "properties": { "trip_id": "50314333", "rental_id": "14784821", "vehicle_type": "ebike", "trip_started_at_utc": "2024-08-28T16:20:49", "trip_ended_at_utc": "2024-08-28T16:29:50", "latitude_start": 46.20564, "longitude_start": 6.162483, "latitude_end": 46.2093089, "longitude_end": 6.142576, "distance_in_km": 1.5852852630562118, "start_station": null, "end_station": null }, "geometry": { "type": "LineString", "coordinates": [ [ 6.162483, 46.20564 ], [ 6.142576, 46.2093089 ] ] } },
{ "type": "Feature", "properties": { "trip_id": "53132287", "rental_id": "15646853", "vehicle_type": "ebike", "trip_started_at_utc": "2024-10-10T11:48:22", "trip_ended_at_utc": "2024-10-10T11:50:48", "latitude_start": 46.198376, "longitude_start": 6.156375, "latitude_end": 46.1961642, "longitude_end": 6.1505823, "distance_in_km": 0.50918089210829853, "start_station": null, "end_station": null }, "geometry": { "type": "LineString", "coordinates": [ [ 6.156375, 46.198376 ], [ 6.1505823, 46.1961642 ] ] } },
{ "type": "Feature", "properties": { "trip_id": "46581594", "rental_id": "13843963", "vehicle_type": "ebike", "trip_started_at_utc": "2024-07-17T22:21:16", "trip_ended_at_utc": "2024-07-17T22:24:46", "latitude_start": 46.20111, "longitude_start": 6.13984, "latitude_end": 46.2027829, "longitude_end": 6.1413306, "distance_in_km": 0.2185469394635681, "start_station": null, "end_station": null }, "geometry": { "type": "LineString", "coordinates": [ [ 6.13984, 46.20111 ], [ 6.1413306, 46.2027829 ] ] } },
{ "type": "Feature", "properties": { "trip_id": "47045055", "rental_id": "13958381", "vehicle_type": "ebike", "trip_started_at_utc": "2024-07-23T11:53:24", "trip_ended_at_utc": "2024-07-23T12:01:50", "latitude_start": 46.207936, "longitude_start": 6.146368, "latitude_end": 46.1955452, "longitude_end": 6.1556304, "distance_in_km": 1.5512774630173871, "start_station": null, "end_station": null }, "geometry": { "type": "LineString", "coordinates": [ [ 6.146368, 46.207936 ], [ 6.1556304, 46.1955452 ] ] } },
{ "type": "Feature", "properties": { "trip_id": "47650933", "rental_id": "14103808", "vehicle_type": "ebike", "trip_started_at_utc": "2024-07-30T09:54:08", "trip_ended_at_utc": "2024-07-30T10:02:43", "latitude_start": 46.210591, "longitude_start": 6.149918, "latitude_end": 46.2014635, "longitude_end": 6.1531147, "distance_in_km": 1.0443207246248081, "start_station": null, "end_station": null }, "geometry": { "type": "LineString", "coordinates": [ [ 6.149918, 46.210591 ], [ 6.1531147, 46.2014635 ] ] } },
{ "type": "Feature", "properties": { "trip_id": "52941386", "rental_id": "15584986", "vehicle_type": "ebike", "trip_started_at_utc": "2024-10-06T09:13:50", "trip_ended_at_utc": "2024-10-06T09:21:12", "latitude_start": 46.21018, "longitude_start": 6.143738, "latitude_end": 46.1949547, "longitude_end": 6.1516616, "distance_in_km": 1.7994518708882512, "start_station": null, "end_station": null }, "geometry": { "type": "LineString", "coordinates": [ [ 6.143738, 46.21018 ], [ 6.1516616, 46.1949547 ] ] } },
{ "type": "Feature", "properties": { "trip_id": "47698168", "rental_id": "14114439", "vehicle_type": "ebike", "trip_started_at_utc": "2024-07-30T16:53:50", "trip_ended_at_utc": "2024-07-30T17:03:19", "latitude_start": 46.211183, "longitude_start": 6.152546, "latitude_end": 46.1988979, "longitude_end": 6.1496511, "distance_in_km": 1.3840896043066435, "start_station": null, "end_station": null }, "geometry": { "type": "LineString", "coordinates": [ [ 6.152546, 46.211183 ], [ 6.1496511, 46.1988979 ] ] } },
{ "type": "Feature", "properties": { "trip_id": "46161781", "rental_id": "13734490", "vehicle_type": "ebike", "trip_started_at_utc": "2024-07-11T20:31:57", "trip_ended_at_utc": "2024-07-11T20:33:25", "latitude_start": 46.20991, "longitude_start": 6.145423, "latitude_end": 46.2095108, "longitude_end": 6.1456036, "distance_in_km": 0.0465136406987086, "start_station": null, "end_station": null }, "geometry": { "type": "LineString", "coordinates": [ [ 6.145423, 46.20991 ], [ 6.1456036, 46.2095108 ] ] } },
{ "type": "Feature", "properties": { "trip_id": "50818149", "rental_id": "14932687", "vehicle_type": "ebike", "trip_started_at_utc": "2024-09-03T16:41:26", "trip_ended_at_utc": "2024-09-03T16:55:49", "latitude_start": 46.205338, "longitude_start": 6.160116, "latitude_end": 46.1966168, "longitude_end": 6.1442279, "distance_in_km": 1.5606402381350213, "start_station": null, "end_station": null }, "geometry": { "type": "LineString", "coordinates": [ [ 6.160116, 46.205338 ], [ 6.1442279, 46.1966168 ] ] } },
{ "type": "Feature", "properties": { "trip_id": "52343213", "rental_id": "15392421", "vehicle_type": "ebike", "trip_started_at_utc": "2024-09-25T08:55:23", "trip_ended_at_utc": "2024-09-25T08:57:09", "latitude_start": 46.199803, "longitude_start": 6.142818, "latitude_end": 46.2019762, "longitude_end": 6.1430092, "distance_in_km": 0.2420968118440453, "start_station": null, "end_station": null }, "geometry": { "type": "LineString", "coordinates": [ [ 6.142818, 46.199803 ], [ 6.1430092, 46.2019762 ] ] } },
{ "type": "Feature", "properties": { "trip_id": "46824727", "rental_id": "13904789", "vehicle_type": "ebike", "trip_started_at_utc": "2024-07-20T15:49:16", "trip_ended_at_utc": "2024-07-20T15:59:44", "latitude_start": 46.20668, "longitude_start": 6.161765, "latitude_end": 46.2030368, "longitude_end": 6.1541758, "distance_in_km": 0.71078002055636258, "start_station": null, "end_station": null }, "geometry": { "type": "LineString", "coordinates": [ [ 6.161765, 46.20668 ], [ 6.1541758, 46.2030368 ] ] } },
{ "type": "Feature", "properties": { "trip_id": "48244762", "rental_id": "14245273", "vehicle_type": "ebike", "trip_started_at_utc": "2024-08-05T16:30:29", "trip_ended_at_utc": "2024-08-05T17:02:40", "latitude_start": 46.209323, "longitude_start": 6.142366, "latitude_end": 46.21197, "longitude_end": 6.150105, "distance_in_km": 0.66426895742641223, "start_station": null, "end_station": null }, "geometry": { "type": "LineString", "coordinates": [ [ 6.142366, 46.209323 ], [ 6.150105, 46.21197 ] ] } },
{ "type": "Feature", "properties": { "trip_id": "48947842", "rental_id": "14422490", "vehicle_type": "ebike", "trip_started_at_utc": "2024-08-13T06:43:11", "trip_ended_at_utc": "2024-08-13T06:55:47", "latitude_start": 46.208548, "longitude_start": 6.144273, "latitude_end": 46.1956291, "longitude_end": 6.1556614, "distance_in_km": 1.6827810282144939, "start_station": null, "end_station": null }, "geometry": { "type": "LineString", "coordinates": [ [ 6.144273, 46.208548 ], [ 6.1556614, 46.1956291 ] ] } },
{ "type": "Feature", "properties": { "trip_id": "51793738", "rental_id": "15225026", "vehicle_type": "ebike", "trip_started_at_utc": "2024-09-17T11:49:23", "trip_ended_at_utc": "2024-09-17T11:57:26", "latitude_start": 46.201271, "longitude_start": 6.138483, "latitude_end": 46.196129, "longitude_end": 6.1503515, "distance_in_km": 1.0776444629987163, "start_station": null, "end_station": null }, "geometry": { "type": "LineString", "coordinates": [ [ 6.138483, 46.201271 ], [ 6.1503515, 46.196129 ] ] } },
{ "type": "Feature", "properties": { "trip_id": "48432987", "rental_id": "14292144", "vehicle_type": "ebike", "trip_started_at_utc": "2024-08-07T16:28:20", "trip_ended_at_utc": "2024-08-07T16:39:08", "latitude_start": 46.198463, "longitude_start": 6.142991, "latitude_end": 46.2114039, "longitude_end": 6.1497423, "distance_in_km": 1.5298872050753407, "start_station": null, "end_station": null }, "geometry": { "type": "LineString", "coordinates": [ [ 6.142991, 46.198463 ], [ 6.1497423, 46.2114039 ] ] } },
{ "type": "Feature", "properties": { "trip_id": "45624662", "rental_id": "13580532", "vehicle_type": "ebike", "trip_started_at_utc": "2024-07-03T12:52:46", "trip_ended_at_utc": "2024-07-03T13:24:45", "latitude_start": 46.21147, "longitude_start": 6.153006, "latitude_end": 46.209478, "longitude_end": 6.1423, "distance_in_km": 0.85306636930854518, "start_station": null, "end_station": null }, "geometry": { "type": "LineString", "coordinates": [ [ 6.153006, 46.21147 ], [ 6.1423, 46.209478 ] ] } },
{ "type": "Feature", "properties": { "trip_id": "49269458", "rental_id": "14504538", "vehicle_type": "ebike", "trip_started_at_utc": "2024-08-16T13:58:09", "trip_ended_at_utc": "2024-08-16T14:03:35", "latitude_start": 46.210106, "longitude_start": 6.148023, "latitude_end": 46.2068616, "longitude_end": 6.1441915, "distance_in_km": 0.4659164988992906, "start_station": null, "end_station": null }, "geometry": { "type": "LineString", "coordinates": [ [ 6.148023, 46.210106 ], [ 6.1441915, 46.2068616 ] ] } },
{ "type": "Feature", "properties": { "trip_id": "44366546", "rental_id": "13185204", "vehicle_type": "ebike", "trip_started_at_utc": "2024-06-13T13:47:06", "trip_ended_at_utc": "2024-06-13T13:57:34", "latitude_start": 46.20391, "longitude_start": 6.157511, "latitude_end": 46.2092443, "longitude_end": 6.1426238, "distance_in_km": 1.2900705691781984, "start_station": null, "end_station": null }, "geometry": { "type": "LineString", "coordinates": [ [ 6.157511, 46.20391 ], [ 6.1426238, 46.2092443 ] ] } },
{ "type": "Feature", "properties": { "trip_id": "52572320", "rental_id": "15466059", "vehicle_type": "ebike", "trip_started_at_utc": "2024-09-29T14:17:17", "trip_ended_at_utc": "2024-09-29T15:00:44", "latitude_start": 46.203861, "longitude_start": 6.14628, "latitude_end": 46.21086, "longitude_end": 6.147146, "distance_in_km": 0.78110249383920205, "start_station": null, "end_station": null }, "geometry": { "type": "LineString", "coordinates": [ [ 6.14628, 46.203861 ], [ 6.147146, 46.21086 ] ] } },
{ "type": "Feature", "properties": { "trip_id": "46378598", "rental_id": "13793465", "vehicle_type": "ebike", "trip_started_at_utc": "2024-07-15T07:01:24", "trip_ended_at_utc": "2024-07-15T07:09:39", "latitude_start": 46.197578, "longitude_start": 6.160791, "latitude_end": 46.2093329, "longitude_end": 6.1425195, "distance_in_km": 1.9198192954764524, "start_station": null, "end_station": null }, "geometry": { "type": "LineString", "coordinates": [ [ 6.160791, 46.197578 ], [ 6.1425195, 46.2093329 ] ] } },
{ "type": "Feature", "properties": { "trip_id": "50300507", "rental_id": "14780766", "vehicle_type": "ebike", "trip_started_at_utc": "2024-08-28T14:30:12", "trip_ended_at_utc": "2024-08-28T14:45:00", "latitude_start": 46.203046, "longitude_start": 6.154203, "latitude_end": 46.203348, "longitude_end": 6.14717, "distance_in_km": 0.54228952940191333, "start_station": null, "end_station": null }, "geometry": { "type": "LineString", "coordinates": [ [ 6.154203, 46.203046 ], [ 6.14717, 46.203348 ] ] } },
{ "type": "Feature", "properties": { "trip_id": "51735369", "rental_id": "15208482", "vehicle_type": "ebike", "trip_started_at_utc": "2024-09-16T14:09:50", "trip_ended_at_utc": "2024-09-16T14:11:07", "latitude_start": 46.20491, "longitude_start": 6.145873, "latitude_end": 46.204335, "longitude_end": 6.145935, "distance_in_km": 0.064114964699201499, "start_station": null, "end_station": null }, "geometry": { "type": "LineString", "coordinates": [ [ 6.145873, 46.20491 ], [ 6.145935, 46.204335 ] ] } },
{ "type": "Feature", "properties": { "trip_id": "52504048", "rental_id": "15446673", "vehicle_type": "ebike", "trip_started_at_utc": "2024-09-28T12:40:27", "trip_ended_at_utc": "2024-09-28T12:45:36", "latitude_start": 46.207013, "longitude_start": 6.14729, "latitude_end": 46.2110632, "longitude_end": 6.1525751, "distance_in_km": 0.60681375963343298, "start_station": null, "end_station": null }, "geometry": { "type": "LineString", "coordinates": [ [ 6.14729, 46.207013 ], [ 6.1525751, 46.2110632 ] ] } },
{ "type": "Feature", "properties": { "trip_id": "46158821", "rental_id": "13734402", "vehicle_type": "ebike", "trip_started_at_utc": "2024-07-11T19:37:15", "trip_ended_at_utc": "2024-07-11T19:39:21", "latitude_start": 46.209953, "longitude_start": 6.145771, "latitude_end": 46.209773, "longitude_end": 6.145955, "distance_in_km": 0.024516768879306001, "start_station": null, "end_station": null }, "geometry": { "type": "LineString", "coordinates": [ [ 6.145771, 46.209953 ], [ 6.145955, 46.209773 ] ] } },
{ "type": "Feature", "properties": { "trip_id": "46647035", "rental_id": "13861005", "vehicle_type": "ebike", "trip_started_at_utc": "2024-07-18T18:31:05", "trip_ended_at_utc": "2024-07-18T18:37:42", "latitude_start": 46.205223, "longitude_start": 6.158073, "latitude_end": 46.202115, "longitude_end": 6.142131, "distance_in_km": 1.2746072437238605, "start_station": null, "end_station": null }, "geometry": { "type": "LineString", "coordinates": [ [ 6.158073, 46.205223 ], [ 6.142131, 46.202115 ] ] } },
{ "type": "Feature", "properties": { "trip_id": "49012432", "rental_id": "14438466", "vehicle_type": "ebike", "trip_started_at_utc": "2024-08-13T17:05:15", "trip_ended_at_utc": "2024-08-13T17:14:44", "latitude_start": 46.196068, "longitude_start": 6.154445, "latitude_end": 46.2088272, "longitude_end": 6.1447411, "distance_in_km": 1.603309889465405, "start_station": null, "end_station": null }, "geometry": { "type": "LineString", "coordinates": [ [ 6.154445, 46.196068 ], [ 6.1447411, 46.2088272 ] ] } },
{ "type": "Feature", "properties": { "trip_id": "45666076", "rental_id": "13594177", "vehicle_type": "ebike", "trip_started_at_utc": "2024-07-04T09:33:10", "trip_ended_at_utc": "2024-07-04T09:34:14", "latitude_start": 46.203428, "longitude_start": 6.140228, "latitude_end": 46.2041222, "longitude_end": 6.1392237, "distance_in_km": 0.1092340179565226, "start_station": null, "end_station": null }, "geometry": { "type": "LineString", "coordinates": [ [ 6.140228, 46.203428 ], [ 6.1392237, 46.2041222 ] ] } },
{ "type": "Feature", "properties": { "trip_id": "49064670", "rental_id": "14451701", "vehicle_type": "ebike", "trip_started_at_utc": "2024-08-14T11:35:36", "trip_ended_at_utc": "2024-08-14T11:44:31", "latitude_start": 46.200946, "longitude_start": 6.149708, "latitude_end": 46.202713, "longitude_end": 6.139581, "distance_in_km": 0.8037627659695219, "start_station": null, "end_station": null }, "geometry": { "type": "LineString", "coordinates": [ [ 6.149708, 46.200946 ], [ 6.139581, 46.202713 ] ] } },
{ "type": "Feature", "properties": { "trip_id": "50051204", "rental_id": "14708388", "vehicle_type": "ebike", "trip_started_at_utc": "2024-08-25T10:54:17", "trip_ended_at_utc": "2024-08-25T11:03:10", "latitude_start": 46.200133, "longitude_start": 6.14839, "latitude_end": 46.2103629, "longitude_end": 6.1498836, "distance_in_km": 1.1433071508926052, "start_station": null, "end_station": null }, "geometry": { "type": "LineString", "coordinates": [ [ 6.14839, 46.200133 ], [ 6.1498836, 46.2103629 ] ] } },
{ "type": "Feature", "properties": { "trip_id": "50246126", "rental_id": "14763824", "vehicle_type": "ebike", "trip_started_at_utc": "2024-08-27T18:49:08", "trip_ended_at_utc": "2024-08-27T19:02:38", "latitude_start": 46.195303, "longitude_start": 6.151711, "latitude_end": 46.2016099, "longitude_end": 6.1530415, "distance_in_km": 0.70873323512066044, "start_station": null, "end_station": null }, "geometry": { "type": "LineString", "coordinates": [ [ 6.151711, 46.195303 ], [ 6.1530415, 46.2016099 ] ] } },
{ "type": "Feature", "properties": { "trip_id": "46686376", "rental_id": "13871908", "vehicle_type": "ebike", "trip_started_at_utc": "2024-07-19T11:10:12", "trip_ended_at_utc": "2024-07-19T11:15:55", "latitude_start": 46.207028, "longitude_start": 6.147425, "latitude_end": 46.2058466, "longitude_end": 6.161024, "distance_in_km": 1.0547091626277831, "start_station": null, "end_station": null }, "geometry": { "type": "LineString", "coordinates": [ [ 6.147425, 46.207028 ], [ 6.161024, 46.2058466 ] ] } },
{ "type": "Feature", "properties": { "trip_id": "47027056", "rental_id": "13953726", "vehicle_type": "ebike", "trip_started_at_utc": "2024-07-23T07:21:00", "trip_ended_at_utc": "2024-07-23T07:24:48", "latitude_start": 46.194793, "longitude_start": 6.148645, "latitude_end": 46.194973, "longitude_end": 6.151298, "distance_in_km": 0.2051802291681058, "start_station": null, "end_station": null }, "geometry": { "type": "LineString", "coordinates": [ [ 6.148645, 46.194793 ], [ 6.151298, 46.194973 ] ] } },
{ "type": "Feature", "properties": { "trip_id": "45955641", "rental_id": "13677766", "vehicle_type": "ebike", "trip_started_at_utc": "2024-07-08T21:07:33", "trip_ended_at_utc": "2024-07-08T21:42:49", "latitude_start": 46.208708, "longitude_start": 6.142545, "latitude_end": 46.211221, "longitude_end": 6.1525782, "distance_in_km": 0.82105757965186832, "start_station": null, "end_station": null }, "geometry": { "type": "LineString", "coordinates": [ [ 6.142545, 46.208708 ], [ 6.1525782, 46.211221 ] ] } },
{ "type": "Feature", "properties": { "trip_id": "53008367", "rental_id": "15604716", "vehicle_type": "ebike", "trip_started_at_utc": "2024-10-07T13:20:43", "trip_ended_at_utc": "2024-10-07T13:32:33", "latitude_start": 46.205263, "longitude_start": 6.159361, "latitude_end": 46.205263, "longitude_end": 6.159361, "distance_in_km": 0.0, "start_station": null, "end_station": null }, "geometry": { "type": "LineString", "coordinates": [ [ 6.159361, 46.205263 ], [ 6.159361, 46.205263 ] ] } },
{ "type": "Feature", "properties": { "trip_id": "47438631", "rental_id": "14052507", "vehicle_type": "ebike", "trip_started_at_utc": "2024-07-27T18:23:52", "trip_ended_at_utc": "2024-07-27T18:33:14", "latitude_start": 46.194445, "longitude_start": 6.149091, "latitude_end": 46.2015613, "longitude_end": 6.1394809, "distance_in_km": 1.0831582083202282, "start_station": null, "end_station": null }, "geometry": { "type": "LineString", "coordinates": [ [ 6.149091, 46.194445 ], [ 6.1394809, 46.2015613 ] ] } },
{ "type": "Feature", "properties": { "trip_id": "53884999", "rental_id": "15874663", "vehicle_type": "ebike", "trip_started_at_utc": "2024-10-23T19:32:26", "trip_ended_at_utc": "2024-10-23T19:36:47", "latitude_start": 46.203698, "longitude_start": 6.143101, "latitude_end": 46.2096732, "longitude_end": 6.142717, "distance_in_km": 0.66506977473495743, "start_station": null, "end_station": null }, "geometry": { "type": "LineString", "coordinates": [ [ 6.143101, 46.203698 ], [ 6.142717, 46.2096732 ] ] } },
{ "type": "Feature", "properties": { "trip_id": "51420823", "rental_id": "15114002", "vehicle_type": "ebike", "trip_started_at_utc": "2024-09-12T06:14:00", "trip_ended_at_utc": "2024-09-12T06:25:08", "latitude_start": 46.20244, "longitude_start": 6.160976, "latitude_end": 46.2070548, "longitude_end": 6.1401402, "distance_in_km": 1.6835539386905027, "start_station": null, "end_station": null }, "geometry": { "type": "LineString", "coordinates": [ [ 6.160976, 46.20244 ], [ 6.1401402, 46.2070548 ] ] } },
{ "type": "Feature", "properties": { "trip_id": "46796415", "rental_id": "13899049", "vehicle_type": "ebike", "trip_started_at_utc": "2024-07-20T12:23:53", "trip_ended_at_utc": "2024-07-20T12:32:31", "latitude_start": 46.211218, "longitude_start": 6.152583, "latitude_end": 46.2070928, "longitude_end": 6.1429738, "distance_in_km": 0.87015097664096774, "start_station": null, "end_station": null }, "geometry": { "type": "LineString", "coordinates": [ [ 6.152583, 46.211218 ], [ 6.1429738, 46.2070928 ] ] } },
{ "type": "Feature", "properties": { "trip_id": "45984155", "rental_id": "13686630", "vehicle_type": "ebike", "trip_started_at_utc": "2024-07-09T12:11:41", "trip_ended_at_utc": "2024-07-09T12:22:50", "latitude_start": 46.205901, "longitude_start": 6.16091, "latitude_end": 46.2006364, "longitude_end": 6.1593555, "distance_in_km": 0.59749666044328165, "start_station": null, "end_station": null }, "geometry": { "type": "LineString", "coordinates": [ [ 6.16091, 46.205901 ], [ 6.1593555, 46.2006364 ] ] } },
{ "type": "Feature", "properties": { "trip_id": "51512736", "rental_id": "15143894", "vehicle_type": "ebike", "trip_started_at_utc": "2024-09-13T14:26:44", "trip_ended_at_utc": "2024-09-13T14:33:31", "latitude_start": 46.19424, "longitude_start": 6.14847, "latitude_end": 46.205433, "longitude_end": 6.14305, "distance_in_km": 1.3126507732426411, "start_station": null, "end_station": null }, "geometry": { "type": "LineString", "coordinates": [ [ 6.14847, 46.19424 ], [ 6.14305, 46.205433 ] ] } },
{ "type": "Feature", "properties": { "trip_id": "47666969", "rental_id": "14107358", "vehicle_type": "ebike", "trip_started_at_utc": "2024-07-30T12:39:19", "trip_ended_at_utc": "2024-07-30T12:42:33", "latitude_start": 46.200155, "longitude_start": 6.148488, "latitude_end": 46.1960132, "longitude_end": 6.1545362, "distance_in_km": 0.65482652631337346, "start_station": null, "end_station": null }, "geometry": { "type": "LineString", "coordinates": [ [ 6.148488, 46.200155 ], [ 6.1545362, 46.1960132 ] ] } },
{ "type": "Feature", "properties": { "trip_id": "49955982", "rental_id": "14683309", "vehicle_type": "ebike", "trip_started_at_utc": "2024-08-24T10:04:12", "trip_ended_at_utc": "2024-08-24T10:07:04", "latitude_start": 46.211231, "longitude_start": 6.152758, "latitude_end": 46.211231, "longitude_end": 6.152758, "distance_in_km": 0.0, "start_station": null, "end_station": null }, "geometry": { "type": "LineString", "coordinates": [ [ 6.152758, 46.211231 ], [ 6.152758, 46.211231 ] ] } },
{ "type": "Feature", "properties": { "trip_id": "45541983", "rental_id": "13553246", "vehicle_type": "ebike", "trip_started_at_utc": "2024-07-01T19:17:00", "trip_ended_at_utc": "2024-07-01T19:40:29", "latitude_start": 46.205196, "longitude_start": 6.157938, "latitude_end": 46.2080676, "longitude_end": 6.1487883, "distance_in_km": 0.77312233717707635, "start_station": null, "end_station": null }, "geometry": { "type": "LineString", "coordinates": [ [ 6.157938, 46.205196 ], [ 6.1487883, 46.2080676 ] ] } },
{ "type": "Feature", "properties": { "trip_id": "49751815", "rental_id": "14623104", "vehicle_type": "ebike", "trip_started_at_utc": "2024-08-21T16:03:37", "trip_ended_at_utc": "2024-08-21T16:10:20", "latitude_start": 46.2039, "longitude_start": 6.15215, "latitude_end": 46.2000793, "longitude_end": 6.1484347, "distance_in_km": 0.51210121606129677, "start_station": null, "end_station": null }, "geometry": { "type": "LineString", "coordinates": [ [ 6.15215, 46.2039 ], [ 6.1484347, 46.2000793 ] ] } },
{ "type": "Feature", "properties": { "trip_id": "49768161", "rental_id": "14627688", "vehicle_type": "ebike", "trip_started_at_utc": "2024-08-21T18:54:23", "trip_ended_at_utc": "2024-08-21T19:02:20", "latitude_start": 46.201518, "longitude_start": 6.13697, "latitude_end": 46.201715, "longitude_end": 6.155508, "distance_in_km": 1.4268649793406454, "start_station": null, "end_station": null }, "geometry": { "type": "LineString", "coordinates": [ [ 6.13697, 46.201518 ], [ 6.155508, 46.201715 ] ] } },
{ "type": "Feature", "properties": { "trip_id": "52440985", "rental_id": "15426091", "vehicle_type": "ebike", "trip_started_at_utc": "2024-09-27T09:32:00", "trip_ended_at_utc": "2024-09-27T09:37:53", "latitude_start": 46.211098, "longitude_start": 6.146608, "latitude_end": 46.200036, "longitude_end": 6.149355, "distance_in_km": 1.2480733463269076, "start_station": null, "end_station": null }, "geometry": { "type": "LineString", "coordinates": [ [ 6.146608, 46.211098 ], [ 6.149355, 46.200036 ] ] } },
{ "type": "Feature", "properties": { "trip_id": "52625153", "rental_id": "15483334", "vehicle_type": "ebike", "trip_started_at_utc": "2024-09-30T15:30:24", "trip_ended_at_utc": "2024-09-30T15:41:30", "latitude_start": 46.209316, "longitude_start": 6.14227, "latitude_end": 46.20404, "longitude_end": 6.161833, "distance_in_km": 1.6157147775888012, "start_station": null, "end_station": null }, "geometry": { "type": "LineString", "coordinates": [ [ 6.14227, 46.209316 ], [ 6.161833, 46.20404 ] ] } },
{ "type": "Feature", "properties": { "trip_id": "52075300", "rental_id": "15313191", "vehicle_type": "ebike", "trip_started_at_utc": "2024-09-21T10:34:44", "trip_ended_at_utc": "2024-09-21T10:51:27", "latitude_start": 46.211011, "longitude_start": 6.1528, "latitude_end": 46.2095239, "longitude_end": 6.1424745, "distance_in_km": 0.81155702035710797, "start_station": null, "end_station": null }, "geometry": { "type": "LineString", "coordinates": [ [ 6.1528, 46.211011 ], [ 6.1424745, 46.2095239 ] ] } },
{ "type": "Feature", "properties": { "trip_id": "47154733", "rental_id": "13984470", "vehicle_type": "ebike", "trip_started_at_utc": "2024-07-24T16:45:21", "trip_ended_at_utc": "2024-07-24T16:46:41", "latitude_start": 46.199963, "longitude_start": 6.142943, "latitude_end": 46.1997854, "longitude_end": 6.142868, "distance_in_km": 0.0205745486089715, "start_station": null, "end_station": null }, "geometry": { "type": "LineString", "coordinates": [ [ 6.142943, 46.199963 ], [ 6.142868, 46.1997854 ] ] } },
{ "type": "Feature", "properties": { "trip_id": "49151807", "rental_id": "14475285", "vehicle_type": "ebike", "trip_started_at_utc": "2024-08-15T10:22:17", "trip_ended_at_utc": "2024-08-15T10:27:34", "latitude_start": 46.208246, "longitude_start": 6.142361, "latitude_end": 46.2111579, "longitude_end": 6.152582, "distance_in_km": 0.85054118741503393, "start_station": null, "end_station": null }, "geometry": { "type": "LineString", "coordinates": [ [ 6.142361, 46.208246 ], [ 6.152582, 46.2111579 ] ] } },
{ "type": "Feature", "properties": { "trip_id": "51120680", "rental_id": "15023767", "vehicle_type": "ebike", "trip_started_at_utc": "2024-09-07T12:41:22", "trip_ended_at_utc": "2024-09-07T12:42:55", "latitude_start": 46.200328, "longitude_start": 6.159176, "latitude_end": 46.2005133, "longitude_end": 6.1592243, "distance_in_km": 0.020937087453431199, "start_station": null, "end_station": null }, "geometry": { "type": "LineString", "coordinates": [ [ 6.159176, 46.200328 ], [ 6.1592243, 46.2005133 ] ] } },
{ "type": "Feature", "properties": { "trip_id": "49672968", "rental_id": "14601864", "vehicle_type": "ebike", "trip_started_at_utc": "2024-08-20T15:57:01", "trip_ended_at_utc": "2024-08-20T16:03:33", "latitude_start": 46.207295, "longitude_start": 6.148228, "latitude_end": 46.20667, "longitude_end": 6.16139, "distance_in_km": 1.0152388038618694, "start_station": null, "end_station": null }, "geometry": { "type": "LineString", "coordinates": [ [ 6.148228, 46.207295 ], [ 6.16139, 46.20667 ] ] } },
{ "type": "Feature", "properties": { "trip_id": "52131463", "rental_id": "15326321", "vehicle_type": "ebike", "trip_started_at_utc": "2024-09-21T18:05:41", "trip_ended_at_utc": "2024-09-21T18:11:51", "latitude_start": 46.201163, "longitude_start": 6.143485, "latitude_end": 46.2111012, "longitude_end": 6.1526027, "distance_in_km": 1.3090102627388391, "start_station": null, "end_station": null }, "geometry": { "type": "LineString", "coordinates": [ [ 6.143485, 46.201163 ], [ 6.1526027, 46.2111012 ] ] } },
{ "type": "Feature", "properties": { "trip_id": "53605533", "rental_id": "15785172", "vehicle_type": "ebike", "trip_started_at_utc": "2024-10-18T15:17:09", "trip_ended_at_utc": "2024-10-18T15:28:06", "latitude_start": 46.201548, "longitude_start": 6.156005, "latitude_end": 46.2115907, "longitude_end": 6.1498805, "distance_in_km": 1.212082244311554, "start_station": null, "end_station": null }, "geometry": { "type": "LineString", "coordinates": [ [ 6.156005, 46.201548 ], [ 6.1498805, 46.2115907 ] ] } },
{ "type": "Feature", "properties": { "trip_id": "49776703", "rental_id": "14629958", "vehicle_type": "ebike", "trip_started_at_utc": "2024-08-21T21:33:46", "trip_ended_at_utc": "2024-08-21T21:47:28", "latitude_start": 46.202771, "longitude_start": 6.162035, "latitude_end": 46.201938, "longitude_end": 6.139425, "distance_in_km": 1.7425208217191228, "start_station": null, "end_station": null }, "geometry": { "type": "LineString", "coordinates": [ [ 6.162035, 46.202771 ], [ 6.139425, 46.201938 ] ] } },
{ "type": "Feature", "properties": { "trip_id": "51931892", "rental_id": "15268272", "vehicle_type": "ebike", "trip_started_at_utc": "2024-09-19T13:36:10", "trip_ended_at_utc": "2024-09-19T13:40:22", "latitude_start": 46.19625, "longitude_start": 6.142325, "latitude_end": 46.1995817, "longitude_end": 6.1426637, "distance_in_km": 0.3713847458543536, "start_station": null, "end_station": null }, "geometry": { "type": "LineString", "coordinates": [ [ 6.142325, 46.19625 ], [ 6.1426637, 46.1995817 ] ] } },
{ "type": "Feature", "properties": { "trip_id": "50740667", "rental_id": "14908070", "vehicle_type": "ebike", "trip_started_at_utc": "2024-09-02T15:38:17", "trip_ended_at_utc": "2024-09-02T15:55:54", "latitude_start": 46.20178, "longitude_start": 6.139136, "latitude_end": 46.202325, "longitude_end": 6.156141, "distance_in_km": 1.3101080965346861, "start_station": null, "end_station": null }, "geometry": { "type": "LineString", "coordinates": [ [ 6.139136, 46.20178 ], [ 6.156141, 46.202325 ] ] } },
{ "type": "Feature", "properties": { "trip_id": "48951039", "rental_id": "14423224", "vehicle_type": "ebike", "trip_started_at_utc": "2024-08-13T07:32:37", "trip_ended_at_utc": "2024-08-13T07:35:13", "latitude_start": 46.197756, "longitude_start": 6.142138, "latitude_end": 46.1999253, "longitude_end": 6.1428537, "distance_in_km": 0.2474249962825894, "start_station": null, "end_station": null }, "geometry": { "type": "LineString", "coordinates": [ [ 6.142138, 46.197756 ], [ 6.1428537, 46.1999253 ] ] } },
{ "type": "Feature", "properties": { "trip_id": "50344482", "rental_id": "14793629", "vehicle_type": "ebike", "trip_started_at_utc": "2024-08-29T05:09:58", "trip_ended_at_utc": "2024-08-29T05:21:03", "latitude_start": 46.202651, "longitude_start": 6.161471, "latitude_end": 46.2093035, "longitude_end": 6.1426546, "distance_in_km": 1.6260135467787693, "start_station": null, "end_station": null }, "geometry": { "type": "LineString", "coordinates": [ [ 6.161471, 46.202651 ], [ 6.1426546, 46.2093035 ] ] } },
{ "type": "Feature", "properties": { "trip_id": "46866558", "rental_id": "13913906", "vehicle_type": "ebike", "trip_started_at_utc": "2024-07-20T23:09:21", "trip_ended_at_utc": "2024-07-20T23:10:59", "latitude_start": 46.19826, "longitude_start": 6.14272, "latitude_end": 46.1965018, "longitude_end": 6.1429495, "distance_in_km": 0.19629957404697601, "start_station": null, "end_station": null }, "geometry": { "type": "LineString", "coordinates": [ [ 6.14272, 46.19826 ], [ 6.1429495, 46.1965018 ] ] } },
{ "type": "Feature", "properties": { "trip_id": "52661017", "rental_id": "15496096", "vehicle_type": "ebike", "trip_started_at_utc": "2024-10-01T14:01:08", "trip_ended_at_utc": "2024-10-01T14:07:13", "latitude_start": 46.195041, "longitude_start": 6.15156, "latitude_end": 46.2024787, "longitude_end": 6.1608078, "distance_in_km": 1.0911378288598541, "start_station": null, "end_station": null }, "geometry": { "type": "LineString", "coordinates": [ [ 6.15156, 46.195041 ], [ 6.1608078, 46.2024787 ] ] } },
{ "type": "Feature", "properties": { "trip_id": "50659855", "rental_id": "14884417", "vehicle_type": "ebike", "trip_started_at_utc": "2024-09-01T13:43:48", "trip_ended_at_utc": "2024-09-01T13:47:51", "latitude_start": 46.20387, "longitude_start": 6.15072, "latitude_end": 46.203853, "longitude_end": 6.143771, "distance_in_km": 0.5347811551034507, "start_station": null, "end_station": null }, "geometry": { "type": "LineString", "coordinates": [ [ 6.15072, 46.20387 ], [ 6.143771, 46.203853 ] ] } },
{ "type": "Feature", "properties": { "trip_id": "51267416", "rental_id": "15062119", "vehicle_type": "ebike", "trip_started_at_utc": "2024-09-09T06:13:36", "trip_ended_at_utc": "2024-09-09T06:19:39", "latitude_start": 46.211536, "longitude_start": 6.149418, "latitude_end": 46.1997795, "longitude_end": 6.1428498, "distance_in_km": 1.4015805174305946, "start_station": null, "end_station": null }, "geometry": { "type": "LineString", "coordinates": [ [ 6.149418, 46.211536 ], [ 6.1428498, 46.1997795 ] ] } },
{ "type": "Feature", "properties": { "trip_id": "51713251", "rental_id": "15202481", "vehicle_type": "ebike", "trip_started_at_utc": "2024-09-16T08:42:01", "trip_ended_at_utc": "2024-09-16T08:49:59", "latitude_start": 46.200533, "longitude_start": 6.159416, "latitude_end": 46.2044616, "longitude_end": 6.1623416, "distance_in_km": 0.49145068837280792, "start_station": null, "end_station": null }, "geometry": { "type": "LineString", "coordinates": [ [ 6.159416, 46.200533 ], [ 6.1623416, 46.2044616 ] ] } },
{ "type": "Feature", "properties": { "trip_id": "54038451", "rental_id": "15924588", "vehicle_type": "ebike", "trip_started_at_utc": "2024-10-26T13:07:34", "trip_ended_at_utc": "2024-10-26T13:08:44", "latitude_start": 46.209735, "longitude_start": 6.147836, "latitude_end": 46.2100982, "longitude_end": 6.1471476, "distance_in_km": 0.066611086361915706, "start_station": null, "end_station": null }, "geometry": { "type": "LineString", "coordinates": [ [ 6.147836, 46.209735 ], [ 6.1471476, 46.2100982 ] ] } },
{ "type": "Feature", "properties": { "trip_id": "49038329", "rental_id": "14444765", "vehicle_type": "ebike", "trip_started_at_utc": "2024-08-14T04:34:47", "trip_ended_at_utc": "2024-08-14T04:40:21", "latitude_start": 46.19887, "longitude_start": 6.1495, "latitude_end": 46.2112391, "longitude_end": 6.1525584, "distance_in_km": 1.3953760983323067, "start_station": null, "end_station": null }, "geometry": { "type": "LineString", "coordinates": [ [ 6.1495, 46.19887 ], [ 6.1525584, 46.2112391 ] ] } },
{ "type": "Feature", "properties": { "trip_id": "49212567", "rental_id": "14489283", "vehicle_type": "ebike", "trip_started_at_utc": "2024-08-15T18:33:55", "trip_ended_at_utc": "2024-08-15T18:48:38", "latitude_start": 46.198901, "longitude_start": 6.144358, "latitude_end": 46.2112579, "longitude_end": 6.1483168, "distance_in_km": 1.4073957340072885, "start_station": null, "end_station": null }, "geometry": { "type": "LineString", "coordinates": [ [ 6.144358, 46.198901 ], [ 6.1483168, 46.2112579 ] ] } },
{ "type": "Feature", "properties": { "trip_id": "45891224", "rental_id": "13659032", "vehicle_type": "ebike", "trip_started_at_utc": "2024-07-07T20:38:53", "trip_ended_at_utc": "2024-07-07T20:39:54", "latitude_start": 46.204476, "longitude_start": 6.148136, "latitude_end": 46.204573, "longitude_end": 6.148278, "distance_in_km": 0.015354275506400601, "start_station": null, "end_station": null }, "geometry": { "type": "LineString", "coordinates": [ [ 6.148136, 46.204476 ], [ 6.148278, 46.204573 ] ] } },
{ "type": "Feature", "properties": { "trip_id": "53312737", "rental_id": "15704370", "vehicle_type": "ebike", "trip_started_at_utc": "2024-10-13T16:10:42", "trip_ended_at_utc": "2024-10-13T16:16:13", "latitude_start": 46.203725, "longitude_start": 6.160646, "latitude_end": 46.203916, "longitude_end": 6.1436129, "distance_in_km": 1.3109981709933447, "start_station": null, "end_station": null }, "geometry": { "type": "LineString", "coordinates": [ [ 6.160646, 46.203725 ], [ 6.1436129, 46.203916 ] ] } },
{ "type": "Feature", "properties": { "trip_id": "50440032", "rental_id": "14823167", "vehicle_type": "ebike", "trip_started_at_utc": "2024-08-30T07:09:34", "trip_ended_at_utc": "2024-08-30T07:10:48", "latitude_start": 46.20324, "longitude_start": 6.148705, "latitude_end": 46.20258, "longitude_end": 6.150631, "distance_in_km": 0.16539617752937441, "start_station": null, "end_station": null }, "geometry": { "type": "LineString", "coordinates": [ [ 6.148705, 46.20324 ], [ 6.150631, 46.20258 ] ] } },
{ "type": "Feature", "properties": { "trip_id": "47573298", "rental_id": "14084425", "vehicle_type": "ebike", "trip_started_at_utc": "2024-07-29T11:33:10", "trip_ended_at_utc": "2024-07-29T11:38:04", "latitude_start": 46.207666, "longitude_start": 6.143248, "latitude_end": 46.2043138, "longitude_end": 6.1460092, "distance_in_km": 0.42905932688192711, "start_station": null, "end_station": null }, "geometry": { "type": "LineString", "coordinates": [ [ 6.143248, 46.207666 ], [ 6.1460092, 46.2043138 ] ] } },
{ "type": "Feature", "properties": { "trip_id": "48631223", "rental_id": "14343020", "vehicle_type": "ebike", "trip_started_at_utc": "2024-08-09T19:50:04", "trip_ended_at_utc": "2024-08-09T20:11:18", "latitude_start": 46.210408, "longitude_start": 6.143898, "latitude_end": 46.2110215, "longitude_end": 6.1524394, "distance_in_km": 0.6607738186788672, "start_station": null, "end_station": null }, "geometry": { "type": "LineString", "coordinates": [ [ 6.143898, 46.210408 ], [ 6.1524394, 46.2110215 ] ] } },
{ "type": "Feature", "properties": { "trip_id": "50109937", "rental_id": "14723628", "vehicle_type": "ebike", "trip_started_at_utc": "2024-08-26T06:53:47", "trip_ended_at_utc": "2024-08-26T06:56:35", "latitude_start": 46.197663, "longitude_start": 6.141641, "latitude_end": 46.1975089, "longitude_end": 6.1463408, "distance_in_km": 0.36213189481576791, "start_station": null, "end_station": null }, "geometry": { "type": "LineString", "coordinates": [ [ 6.141641, 46.197663 ], [ 6.1463408, 46.1975089 ] ] } },
{ "type": "Feature", "properties": { "trip_id": "45637811", "rental_id": "13584673", "vehicle_type": "ebike", "trip_started_at_utc": "2024-07-03T16:05:56", "trip_ended_at_utc": "2024-07-03T16:13:35", "latitude_start": 46.205343, "longitude_start": 6.162646, "latitude_end": 46.2094068, "longitude_end": 6.1424807, "distance_in_km": 1.6162264085896705, "start_station": null, "end_station": null }, "geometry": { "type": "LineString", "coordinates": [ [ 6.162646, 46.205343 ], [ 6.1424807, 46.2094068 ] ] } },
{ "type": "Feature", "properties": { "trip_id": "45646933", "rental_id": "13587241", "vehicle_type": "ebike", "trip_started_at_utc": "2024-07-03T18:34:18", "trip_ended_at_utc": "2024-07-03T18:39:56", "latitude_start": 46.207083, "longitude_start": 6.147206, "latitude_end": 46.202128, "longitude_end": 6.155896, "distance_in_km": 0.86648647649582611, "start_station": null, "end_station": null }, "geometry": { "type": "LineString", "coordinates": [ [ 6.147206, 46.207083 ], [ 6.155896, 46.202128 ] ] } },
{ "type": "Feature", "properties": { "trip_id": "47608313", "rental_id": "14092747", "vehicle_type": "ebike", "trip_started_at_utc": "2024-07-29T16:55:02", "trip_ended_at_utc": "2024-07-29T17:06:45", "latitude_start": 46.19548, "longitude_start": 6.155476, "latitude_end": 46.20885, "longitude_end": 6.1445758, "distance_in_km": 1.7070236429154519, "start_station": null, "end_station": null }, "geometry": { "type": "LineString", "coordinates": [ [ 6.155476, 46.19548 ], [ 6.1445758, 46.20885 ] ] } },
{ "type": "Feature", "properties": { "trip_id": "48430595", "rental_id": "14291597", "vehicle_type": "ebike", "trip_started_at_utc": "2024-08-07T16:10:22", "trip_ended_at_utc": "2024-08-07T17:04:04", "latitude_start": 46.20759, "longitude_start": 6.145921, "latitude_end": 46.2006102, "longitude_end": 6.1593865, "distance_in_km": 1.2946856259293145, "start_station": null, "end_station": null }, "geometry": { "type": "LineString", "coordinates": [ [ 6.145921, 46.20759 ], [ 6.1593865, 46.2006102 ] ] } },
{ "type": "Feature", "properties": { "trip_id": "49054531", "rental_id": "14450061", "vehicle_type": "ebike", "trip_started_at_utc": "2024-08-14T09:49:46", "trip_ended_at_utc": "2024-08-14T09:59:17", "latitude_start": 46.208668, "longitude_start": 6.141528, "latitude_end": 46.2040958, "longitude_end": 6.1619544, "distance_in_km": 1.6520667235363973, "start_station": null, "end_station": null }, "geometry": { "type": "LineString", "coordinates": [ [ 6.141528, 46.208668 ], [ 6.1619544, 46.2040958 ] ] } },
{ "type": "Feature", "properties": { "trip_id": "47618526", "rental_id": "14094824", "vehicle_type": "ebike", "trip_started_at_utc": "2024-07-29T18:38:36", "trip_ended_at_utc": "2024-07-29T18:43:45", "latitude_start": 46.202693, "longitude_start": 6.16198, "latitude_end": 46.2022651, "longitude_end": 6.1564715, "distance_in_km": 0.42659293476520838, "start_station": null, "end_station": null }, "geometry": { "type": "LineString", "coordinates": [ [ 6.16198, 46.202693 ], [ 6.1564715, 46.2022651 ] ] } },
{ "type": "Feature", "properties": { "trip_id": "45759160", "rental_id": "13623056", "vehicle_type": "ebike", "trip_started_at_utc": "2024-07-05T19:05:43", "trip_ended_at_utc": "2024-07-05T19:12:19", "latitude_start": 46.197155, "longitude_start": 6.14291, "latitude_end": 46.2046698, "longitude_end": 6.1469975, "distance_in_km": 0.89286245355348115, "start_station": null, "end_station": null }, "geometry": { "type": "LineString", "coordinates": [ [ 6.14291, 46.197155 ], [ 6.1469975, 46.2046698 ] ] } },
{ "type": "Feature", "properties": { "trip_id": "48248646", "rental_id": "14245273", "vehicle_type": "ebike", "trip_started_at_utc": "2024-08-05T17:02:41", "trip_ended_at_utc": "2024-08-05T17:23:34", "latitude_start": 46.21197, "longitude_start": 6.150105, "latitude_end": 46.2053138, "longitude_end": 6.1579059, "distance_in_km": 0.95296664856060642, "start_station": null, "end_station": null }, "geometry": { "type": "LineString", "coordinates": [ [ 6.150105, 46.21197 ], [ 6.1579059, 46.2053138 ] ] } },
{ "type": "Feature", "properties": { "trip_id": "51038384", "rental_id": "14999209", "vehicle_type": "ebike", "trip_started_at_utc": "2024-09-06T14:00:47", "trip_ended_at_utc": "2024-09-06T14:13:34", "latitude_start": 46.2069, "longitude_start": 6.139985, "latitude_end": 46.2027529, "longitude_end": 6.1612592, "distance_in_km": 1.7008847482938096, "start_station": null, "end_station": null }, "geometry": { "type": "LineString", "coordinates": [ [ 6.139985, 46.2069 ], [ 6.1612592, 46.2027529 ] ] } },
{ "type": "Feature", "properties": { "trip_id": "45923536", "rental_id": "13669055", "vehicle_type": "ebike", "trip_started_at_utc": "2024-07-08T13:36:41", "trip_ended_at_utc": "2024-07-08T13:37:51", "latitude_start": 46.211275, "longitude_start": 6.152721, "latitude_end": 46.21123, "longitude_end": 6.152792, "distance_in_km": 0.0074084342397079004, "start_station": null, "end_station": null }, "geometry": { "type": "LineString", "coordinates": [ [ 6.152721, 46.211275 ], [ 6.152792, 46.21123 ] ] } },
{ "type": "Feature", "properties": { "trip_id": "47335771", "rental_id": "14028866", "vehicle_type": "ebike", "trip_started_at_utc": "2024-07-26T18:21:39", "trip_ended_at_utc": "2024-07-26T18:31:34", "latitude_start": 46.206786, "longitude_start": 6.144388, "latitude_end": 46.1965693, "longitude_end": 6.1432043, "distance_in_km": 1.1396936662869803, "start_station": null, "end_station": null }, "geometry": { "type": "LineString", "coordinates": [ [ 6.144388, 46.206786 ], [ 6.1432043, 46.1965693 ] ] } },
{ "type": "Feature", "properties": { "trip_id": "51343085", "rental_id": "15087689", "vehicle_type": "ebike", "trip_started_at_utc": "2024-09-10T13:50:43", "trip_ended_at_utc": "2024-09-10T14:08:31", "latitude_start": 46.194685, "longitude_start": 6.14872, "latitude_end": 46.201224, "longitude_end": 6.1396914, "distance_in_km": 1.0057624714302922, "start_station": null, "end_station": null }, "geometry": { "type": "LineString", "coordinates": [ [ 6.14872, 46.194685 ], [ 6.1396914, 46.201224 ] ] } },
{ "type": "Feature", "properties": { "trip_id": "51350783", "rental_id": "15090115", "vehicle_type": "ebike", "trip_started_at_utc": "2024-09-10T15:33:25", "trip_ended_at_utc": "2024-09-10T15:45:09", "latitude_start": 46.207565, "longitude_start": 6.140135, "latitude_end": 46.2026471, "longitude_end": 6.1608125, "distance_in_km": 1.6825954236596363, "start_station": null, "end_station": null }, "geometry": { "type": "LineString", "coordinates": [ [ 6.140135, 46.207565 ], [ 6.1608125, 46.2026471 ] ] } },
{ "type": "Feature", "properties": { "trip_id": "45871004", "rental_id": "13654038", "vehicle_type": "ebike", "trip_started_at_utc": "2024-07-07T15:01:41", "trip_ended_at_utc": "2024-07-07T15:11:19", "latitude_start": 46.206506, "longitude_start": 6.158916, "latitude_end": 46.2017255, "longitude_end": 6.152554, "distance_in_km": 0.72268550783175634, "start_station": null, "end_station": null }, "geometry": { "type": "LineString", "coordinates": [ [ 6.158916, 46.206506 ], [ 6.152554, 46.2017255 ] ] } },
{ "type": "Feature", "properties": { "trip_id": "45929016", "rental_id": "13669710", "vehicle_type": "ebike", "trip_started_at_utc": "2024-07-08T14:39:39", "trip_ended_at_utc": "2024-07-08T14:45:20", "latitude_start": 46.205155, "longitude_start": 6.160413, "latitude_end": 46.2040909, "longitude_end": 6.1576334, "distance_in_km": 0.24445237633452721, "start_station": null, "end_station": null }, "geometry": { "type": "LineString", "coordinates": [ [ 6.160413, 46.205155 ], [ 6.1576334, 46.2040909 ] ] } },
{ "type": "Feature", "properties": { "trip_id": "52385220", "rental_id": "15405860", "vehicle_type": "ebike", "trip_started_at_utc": "2024-09-26T04:25:44", "trip_ended_at_utc": "2024-09-26T04:30:17", "latitude_start": 46.199708, "longitude_start": 6.137436, "latitude_end": 46.2093095, "longitude_end": 6.1425111, "distance_in_km": 1.136834966619368, "start_station": null, "end_station": null }, "geometry": { "type": "LineString", "coordinates": [ [ 6.137436, 46.199708 ], [ 6.1425111, 46.2093095 ] ] } },
{ "type": "Feature", "properties": { "trip_id": "48074254", "rental_id": "14204729", "vehicle_type": "ebike", "trip_started_at_utc": "2024-08-03T16:35:30", "trip_ended_at_utc": "2024-08-03T17:09:27", "latitude_start": 46.205268, "longitude_start": 6.159011, "latitude_end": 46.1975133, "longitude_end": 6.1463731, "distance_in_km": 1.2998209828251055, "start_station": null, "end_station": null }, "geometry": { "type": "LineString", "coordinates": [ [ 6.159011, 46.205268 ], [ 6.1463731, 46.1975133 ] ] } },
{ "type": "Feature", "properties": { "trip_id": "49768877", "rental_id": "14627834", "vehicle_type": "ebike", "trip_started_at_utc": "2024-08-21T19:04:09", "trip_ended_at_utc": "2024-08-21T19:12:25", "latitude_start": 46.211428, "longitude_start": 6.152705, "latitude_end": 46.2000652, "longitude_end": 6.1485102, "distance_in_km": 1.3040734895837096, "start_station": null, "end_station": null }, "geometry": { "type": "LineString", "coordinates": [ [ 6.152705, 46.211428 ], [ 6.1485102, 46.2000652 ] ] } },
{ "type": "Feature", "properties": { "trip_id": "51817917", "rental_id": "15232187", "vehicle_type": "ebike", "trip_started_at_utc": "2024-09-17T16:36:59", "trip_ended_at_utc": "2024-09-17T16:43:20", "latitude_start": 46.203808, "longitude_start": 6.143315, "latitude_end": 46.211303, "longitude_end": 6.14579, "distance_in_km": 0.85489273613464323, "start_station": null, "end_station": null }, "geometry": { "type": "LineString", "coordinates": [ [ 6.143315, 46.203808 ], [ 6.14579, 46.211303 ] ] } },
{ "type": "Feature", "properties": { "trip_id": "52460958", "rental_id": "15432589", "vehicle_type": "ebike", "trip_started_at_utc": "2024-09-27T16:02:34", "trip_ended_at_utc": "2024-09-27T16:11:06", "latitude_start": 46.205716, "longitude_start": 6.160761, "latitude_end": 46.209378, "longitude_end": 6.1424912, "distance_in_km": 1.4636856048476767, "start_station": null, "end_station": null }, "geometry": { "type": "LineString", "coordinates": [ [ 6.160761, 46.205716 ], [ 6.1424912, 46.209378 ] ] } },
{ "type": "Feature", "properties": { "trip_id": "52511254", "rental_id": "15448439", "vehicle_type": "ebike", "trip_started_at_utc": "2024-09-28T14:14:58", "trip_ended_at_utc": "2024-09-28T14:21:53", "latitude_start": 46.200943, "longitude_start": 6.139663, "latitude_end": 46.2039329, "longitude_end": 6.1433834, "distance_in_km": 0.43876005068796892, "start_station": null, "end_station": null }, "geometry": { "type": "LineString", "coordinates": [ [ 6.139663, 46.200943 ], [ 6.1433834, 46.2039329 ] ] } },
{ "type": "Feature", "properties": { "trip_id": "45866391", "rental_id": "13652860", "vehicle_type": "ebike", "trip_started_at_utc": "2024-07-07T13:58:52", "trip_ended_at_utc": "2024-07-07T14:05:00", "latitude_start": 46.203698, "longitude_start": 6.15635, "latitude_end": 46.206538, "longitude_end": 6.1589692, "distance_in_km": 0.3746376365530959, "start_station": null, "end_station": null }, "geometry": { "type": "LineString", "coordinates": [ [ 6.15635, 46.203698 ], [ 6.1589692, 46.206538 ] ] } },
{ "type": "Feature", "properties": { "trip_id": "53376823", "rental_id": "15725624", "vehicle_type": "ebike", "trip_started_at_utc": "2024-10-15T06:59:40", "trip_ended_at_utc": "2024-10-15T07:08:26", "latitude_start": 46.204053, "longitude_start": 6.1576, "latitude_end": 46.206886, "longitude_end": 6.1401781, "distance_in_km": 1.3772182611552473, "start_station": null, "end_station": null }, "geometry": { "type": "LineString", "coordinates": [ [ 6.1576, 46.204053 ], [ 6.1401781, 46.206886 ] ] } },
{ "type": "Feature", "properties": { "trip_id": "48487683", "rental_id": "14306922", "vehicle_type": "ebike", "trip_started_at_utc": "2024-08-08T11:00:00", "trip_ended_at_utc": "2024-08-08T11:12:10", "latitude_start": 46.211196, "longitude_start": 6.152695, "latitude_end": 46.2018715, "longitude_end": 6.1506154, "distance_in_km": 1.0491163512313864, "start_station": null, "end_station": null }, "geometry": { "type": "LineString", "coordinates": [ [ 6.152695, 46.211196 ], [ 6.1506154, 46.2018715 ] ] } },
{ "type": "Feature", "properties": { "trip_id": "47349214", "rental_id": "14032075", "vehicle_type": "ebike", "trip_started_at_utc": "2024-07-26T22:14:29", "trip_ended_at_utc": "2024-07-26T22:21:19", "latitude_start": 46.207258, "longitude_start": 6.148195, "latitude_end": 46.200621, "longitude_end": 6.158153, "distance_in_km": 1.0639204387443062, "start_station": null, "end_station": null }, "geometry": { "type": "LineString", "coordinates": [ [ 6.148195, 46.207258 ], [ 6.158153, 46.200621 ] ] } },
{ "type": "Feature", "properties": { "trip_id": "49673762", "rental_id": "14601864", "vehicle_type": "ebike", "trip_started_at_utc": "2024-08-20T16:03:33", "trip_ended_at_utc": "2024-08-20T16:05:25", "latitude_start": 46.20667, "longitude_start": 6.16139, "latitude_end": 46.2066291, "longitude_end": 6.161735, "distance_in_km": 0.026935709919354501, "start_station": null, "end_station": null }, "geometry": { "type": "LineString", "coordinates": [ [ 6.16139, 46.20667 ], [ 6.161735, 46.2066291 ] ] } },
{ "type": "Feature", "properties": { "trip_id": "49921801", "rental_id": "14672002", "vehicle_type": "ebike", "trip_started_at_utc": "2024-08-23T18:32:56", "trip_ended_at_utc": "2024-08-23T18:44:35", "latitude_start": 46.201331, "longitude_start": 6.153128, "latitude_end": 46.2093778, "longitude_end": 6.1424841, "distance_in_km": 1.2130698285706871, "start_station": null, "end_station": null }, "geometry": { "type": "LineString", "coordinates": [ [ 6.153128, 46.201331 ], [ 6.1424841, 46.2093778 ] ] } },
{ "type": "Feature", "properties": { "trip_id": "47024966", "rental_id": "13952992", "vehicle_type": "ebike", "trip_started_at_utc": "2024-07-23T06:35:38", "trip_ended_at_utc": "2024-07-23T06:48:06", "latitude_start": 46.208693, "longitude_start": 6.14622, "latitude_end": 46.1971606, "longitude_end": 6.1530831, "distance_in_km": 1.3868605882745997, "start_station": null, "end_station": null }, "geometry": { "type": "LineString", "coordinates": [ [ 6.14622, 46.208693 ], [ 6.1530831, 46.1971606 ] ] } },
{ "type": "Feature", "properties": { "trip_id": "46565720", "rental_id": "13840312", "vehicle_type": "ebike", "trip_started_at_utc": "2024-07-17T17:37:56", "trip_ended_at_utc": "2024-07-17T17:44:16", "latitude_start": 46.200608, "longitude_start": 6.15967, "latitude_end": 46.2006329, "longitude_end": 6.1594638, "distance_in_km": 0.016109298416364898, "start_station": null, "end_station": null }, "geometry": { "type": "LineString", "coordinates": [ [ 6.15967, 46.200608 ], [ 6.1594638, 46.2006329 ] ] } },
{ "type": "Feature", "properties": { "trip_id": "50823184", "rental_id": "14934157", "vehicle_type": "ebike", "trip_started_at_utc": "2024-09-03T17:41:36", "trip_ended_at_utc": "2024-09-03T17:45:14", "latitude_start": 46.201278, "longitude_start": 6.155678, "latitude_end": 46.1989189, "longitude_end": 6.1495202, "distance_in_km": 0.54167660505473525, "start_station": null, "end_station": null }, "geometry": { "type": "LineString", "coordinates": [ [ 6.155678, 46.201278 ], [ 6.1495202, 46.1989189 ] ] } },
{ "type": "Feature", "properties": { "trip_id": "51694187", "rental_id": "15195423", "vehicle_type": "ebike", "trip_started_at_utc": "2024-09-15T18:23:26", "trip_ended_at_utc": "2024-09-15T18:31:02", "latitude_start": 46.209298, "longitude_start": 6.142458, "latitude_end": 46.1986149, "longitude_end": 6.1472936, "distance_in_km": 1.2448336825572328, "start_station": null, "end_station": null }, "geometry": { "type": "LineString", "coordinates": [ [ 6.142458, 46.209298 ], [ 6.1472936, 46.1986149 ] ] } },
{ "type": "Feature", "properties": { "trip_id": "46075008", "rental_id": "13711733", "vehicle_type": "ebike", "trip_started_at_utc": "2024-07-10T16:28:08", "trip_ended_at_utc": "2024-07-10T16:32:34", "latitude_start": 46.211225, "longitude_start": 6.15267, "latitude_end": 46.210498, "longitude_end": 6.144028, "distance_in_km": 0.66987773414429497, "start_station": null, "end_station": null }, "geometry": { "type": "LineString", "coordinates": [ [ 6.15267, 46.211225 ], [ 6.144028, 46.210498 ] ] } },
{ "type": "Feature", "properties": { "trip_id": "46380915", "rental_id": "13794222", "vehicle_type": "ebike", "trip_started_at_utc": "2024-07-15T08:04:00", "trip_ended_at_utc": "2024-07-15T08:07:56", "latitude_start": 46.201856, "longitude_start": 6.153973, "latitude_end": 46.2069168, "longitude_end": 6.1464713, "distance_in_km": 0.80619789318687118, "start_station": null, "end_station": null }, "geometry": { "type": "LineString", "coordinates": [ [ 6.153973, 46.201856 ], [ 6.1464713, 46.2069168 ] ] } },
{ "type": "Feature", "properties": { "trip_id": "48926540", "rental_id": "14415635", "vehicle_type": "ebike", "trip_started_at_utc": "2024-08-12T18:44:25", "trip_ended_at_utc": "2024-08-12T18:50:05", "latitude_start": 46.200941, "longitude_start": 6.149628, "latitude_end": 46.1962628, "longitude_end": 6.1433638, "distance_in_km": 0.70925573790226437, "start_station": null, "end_station": null }, "geometry": { "type": "LineString", "coordinates": [ [ 6.149628, 46.200941 ], [ 6.1433638, 46.1962628 ] ] } },
{ "type": "Feature", "properties": { "trip_id": "52764112", "rental_id": "15532379", "vehicle_type": "ebike", "trip_started_at_utc": "2024-10-03T15:41:36", "trip_ended_at_utc": "2024-10-03T15:44:47", "latitude_start": 46.203688, "longitude_start": 6.14313, "latitude_end": 46.203018, "longitude_end": 6.147651, "distance_in_km": 0.3558150794758535, "start_station": null, "end_station": null }, "geometry": { "type": "LineString", "coordinates": [ [ 6.14313, 46.203688 ], [ 6.147651, 46.203018 ] ] } },
{ "type": "Feature", "properties": { "trip_id": "49778235", "rental_id": "14630374", "vehicle_type": "ebike", "trip_started_at_utc": "2024-08-21T22:26:33", "trip_ended_at_utc": "2024-08-21T22:29:51", "latitude_start": 46.195006, "longitude_start": 6.152886, "latitude_end": 46.1986, "longitude_end": 6.1470586, "distance_in_km": 0.60073152562959742, "start_station": null, "end_station": null }, "geometry": { "type": "LineString", "coordinates": [ [ 6.152886, 46.195006 ], [ 6.1470586, 46.1986 ] ] } },
{ "type": "Feature", "properties": { "trip_id": "49775188", "rental_id": "14629175", "vehicle_type": "ebike", "trip_started_at_utc": "2024-08-21T20:54:35", "trip_ended_at_utc": "2024-08-21T20:55:41", "latitude_start": 46.201543, "longitude_start": 6.13879, "latitude_end": 46.2010644, "longitude_end": 6.1387575, "distance_in_km": 0.053276721831279301, "start_station": null, "end_station": null }, "geometry": { "type": "LineString", "coordinates": [ [ 6.13879, 46.201543 ], [ 6.1387575, 46.2010644 ] ] } },
{ "type": "Feature", "properties": { "trip_id": "52611490", "rental_id": "15478948", "vehicle_type": "ebike", "trip_started_at_utc": "2024-09-30T11:26:34", "trip_ended_at_utc": "2024-09-30T11:36:50", "latitude_start": 46.203901, "longitude_start": 6.143681, "latitude_end": 46.2111463, "longitude_end": 6.1524815, "distance_in_km": 1.05246619310131, "start_station": null, "end_station": null }, "geometry": { "type": "LineString", "coordinates": [ [ 6.143681, 46.203901 ], [ 6.1524815, 46.2111463 ] ] } },
{ "type": "Feature", "properties": { "trip_id": "47461178", "rental_id": "14057831", "vehicle_type": "ebike", "trip_started_at_utc": "2024-07-28T00:59:55", "trip_ended_at_utc": "2024-07-28T01:09:03", "latitude_start": 46.211136, "longitude_start": 6.152641, "latitude_end": 46.1986307, "longitude_end": 6.1472836, "distance_in_km": 1.4503609704807432, "start_station": null, "end_station": null }, "geometry": { "type": "LineString", "coordinates": [ [ 6.152641, 46.211136 ], [ 6.1472836, 46.1986307 ] ] } },
{ "type": "Feature", "properties": { "trip_id": "52456950", "rental_id": "15430786", "vehicle_type": "ebike", "trip_started_at_utc": "2024-09-27T14:56:01", "trip_ended_at_utc": "2024-09-27T15:04:18", "latitude_start": 46.210066, "longitude_start": 6.143338, "latitude_end": 46.2054271, "longitude_end": 6.1579147, "distance_in_km": 1.2346257439706256, "start_station": null, "end_station": null }, "geometry": { "type": "LineString", "coordinates": [ [ 6.143338, 46.210066 ], [ 6.1579147, 46.2054271 ] ] } },
{ "type": "Feature", "properties": { "trip_id": "47404408", "rental_id": "14045595", "vehicle_type": "ebike", "trip_started_at_utc": "2024-07-27T13:54:56", "trip_ended_at_utc": "2024-07-27T14:07:32", "latitude_start": 46.211121, "longitude_start": 6.152686, "latitude_end": 46.2026167, "longitude_end": 6.1602922, "distance_in_km": 1.1121288258798852, "start_station": null, "end_station": null }, "geometry": { "type": "LineString", "coordinates": [ [ 6.152686, 46.211121 ], [ 6.1602922, 46.2026167 ] ] } },
{ "type": "Feature", "properties": { "trip_id": "46749655", "rental_id": "13886339", "vehicle_type": "ebike", "trip_started_at_utc": "2024-07-19T21:05:00", "trip_ended_at_utc": "2024-07-19T21:18:58", "latitude_start": 46.199831, "longitude_start": 6.142985, "latitude_end": 46.198405, "longitude_end": 6.143291, "distance_in_km": 0.1603036533748855, "start_station": null, "end_station": null }, "geometry": { "type": "LineString", "coordinates": [ [ 6.142985, 46.199831 ], [ 6.143291, 46.198405 ] ] } },
{ "type": "Feature", "properties": { "trip_id": "46830160", "rental_id": "13905575", "vehicle_type": "ebike", "trip_started_at_utc": "2024-07-20T16:30:17", "trip_ended_at_utc": "2024-07-20T16:35:28", "latitude_start": 46.196033, "longitude_start": 6.147693, "latitude_end": 46.2030217, "longitude_end": 6.1542417, "distance_in_km": 0.92624310075213201, "start_station": null, "end_station": null }, "geometry": { "type": "LineString", "coordinates": [ [ 6.147693, 46.196033 ], [ 6.1542417, 46.2030217 ] ] } },
{ "type": "Feature", "properties": { "trip_id": "48219431", "rental_id": "14239662", "vehicle_type": "ebike", "trip_started_at_utc": "2024-08-05T13:10:45", "trip_ended_at_utc": "2024-08-05T13:26:25", "latitude_start": 46.20542, "longitude_start": 6.142858, "latitude_end": 46.2040479, "longitude_end": 6.1575813, "distance_in_km": 1.1432767296482469, "start_station": null, "end_station": null }, "geometry": { "type": "LineString", "coordinates": [ [ 6.142858, 46.20542 ], [ 6.1575813, 46.2040479 ] ] } },
{ "type": "Feature", "properties": { "trip_id": "49006679", "rental_id": "14437016", "vehicle_type": "ebike", "trip_started_at_utc": "2024-08-13T16:18:59", "trip_ended_at_utc": "2024-08-13T16:29:55", "latitude_start": 46.206921, "longitude_start": 6.140153, "latitude_end": 46.2023157, "longitude_end": 6.1617027, "distance_in_km": 1.735651395676479, "start_station": null, "end_station": null }, "geometry": { "type": "LineString", "coordinates": [ [ 6.140153, 46.206921 ], [ 6.1617027, 46.2023157 ] ] } },
{ "type": "Feature", "properties": { "trip_id": "51510345", "rental_id": "15143206", "vehicle_type": "ebike", "trip_started_at_utc": "2024-09-13T13:59:44", "trip_ended_at_utc": "2024-09-13T14:05:06", "latitude_start": 46.201971, "longitude_start": 6.14303, "latitude_end": 46.2095679, "longitude_end": 6.1424292, "distance_in_km": 0.84600237793503064, "start_station": null, "end_station": null }, "geometry": { "type": "LineString", "coordinates": [ [ 6.14303, 46.201971 ], [ 6.1424292, 46.2095679 ] ] } },
{ "type": "Feature", "properties": { "trip_id": "51746661", "rental_id": "15211890", "vehicle_type": "ebike", "trip_started_at_utc": "2024-09-16T16:06:46", "trip_ended_at_utc": "2024-09-16T16:20:30", "latitude_start": 46.20683, "longitude_start": 6.147451, "latitude_end": 46.1945982, "longitude_end": 6.1559526, "distance_in_km": 1.5093124488495453, "start_station": null, "end_station": null }, "geometry": { "type": "LineString", "coordinates": [ [ 6.147451, 46.20683 ], [ 6.1559526, 46.1945982 ] ] } },
{ "type": "Feature", "properties": { "trip_id": "46421251", "rental_id": "13804032", "vehicle_type": "ebike", "trip_started_at_utc": "2024-07-15T16:37:47", "trip_ended_at_utc": "2024-07-15T16:57:46", "latitude_start": 46.210186, "longitude_start": 6.14511, "latitude_end": 46.1945966, "longitude_end": 6.1560565, "distance_in_km": 1.9273303925291925, "start_station": null, "end_station": null }, "geometry": { "type": "LineString", "coordinates": [ [ 6.14511, 46.210186 ], [ 6.1560565, 46.1945966 ] ] } },
{ "type": "Feature", "properties": { "trip_id": "46611803", "rental_id": "13852428", "vehicle_type": "ebike", "trip_started_at_utc": "2024-07-18T12:23:15", "trip_ended_at_utc": "2024-07-18T12:24:17", "latitude_start": 46.1948, "longitude_start": 6.15139, "latitude_end": 46.1949556, "longitude_end": 6.1514957, "distance_in_km": 0.0191193098286743, "start_station": null, "end_station": null }, "geometry": { "type": "LineString", "coordinates": [ [ 6.15139, 46.1948 ], [ 6.1514957, 46.1949556 ] ] } },
{ "type": "Feature", "properties": { "trip_id": "52023130", "rental_id": "15297386", "vehicle_type": "ebike", "trip_started_at_utc": "2024-09-20T16:31:57", "trip_ended_at_utc": "2024-09-20T16:37:11", "latitude_start": 46.200116, "longitude_start": 6.148415, "latitude_end": 46.1949283, "longitude_end": 6.1528441, "distance_in_km": 0.67004443068520692, "start_station": null, "end_station": null }, "geometry": { "type": "LineString", "coordinates": [ [ 6.148415, 46.200116 ], [ 6.1528441, 46.1949283 ] ] } },
{ "type": "Feature", "properties": { "trip_id": "46363945", "rental_id": "13788730", "vehicle_type": "ebike", "trip_started_at_utc": "2024-07-14T19:54:20", "trip_ended_at_utc": "2024-07-14T20:07:18", "latitude_start": 46.194868, "longitude_start": 6.14858, "latitude_end": 46.2040031, "longitude_end": 6.1575161, "distance_in_km": 1.2267083296532679, "start_station": null, "end_station": null }, "geometry": { "type": "LineString", "coordinates": [ [ 6.14858, 46.194868 ], [ 6.1575161, 46.2040031 ] ] } },
{ "type": "Feature", "properties": { "trip_id": "53307897", "rental_id": "15703148", "vehicle_type": "ebike", "trip_started_at_utc": "2024-10-13T14:48:08", "trip_ended_at_utc": "2024-10-13T14:57:18", "latitude_start": 46.204035, "longitude_start": 6.143495, "latitude_end": 46.2112121, "longitude_end": 6.1525637, "distance_in_km": 1.0601421446038508, "start_station": null, "end_station": null }, "geometry": { "type": "LineString", "coordinates": [ [ 6.143495, 46.204035 ], [ 6.1525637, 46.2112121 ] ] } },
{ "type": "Feature", "properties": { "trip_id": "51990269", "rental_id": "15287695", "vehicle_type": "ebike", "trip_started_at_utc": "2024-09-20T11:04:21", "trip_ended_at_utc": "2024-09-20T11:08:50", "latitude_start": 46.197358, "longitude_start": 6.149645, "latitude_end": 46.203316, "longitude_end": 6.150803, "distance_in_km": 0.668468115692467, "start_station": null, "end_station": null }, "geometry": { "type": "LineString", "coordinates": [ [ 6.149645, 46.197358 ], [ 6.150803, 46.203316 ] ] } },
{ "type": "Feature", "properties": { "trip_id": "49531240", "rental_id": "14566211", "vehicle_type": "ebike", "trip_started_at_utc": "2024-08-19T06:10:38", "trip_ended_at_utc": "2024-08-19T06:18:09", "latitude_start": 46.202481, "longitude_start": 6.14764, "latitude_end": 46.2000231, "longitude_end": 6.1625517, "distance_in_km": 1.1797171702576399, "start_station": null, "end_station": null }, "geometry": { "type": "LineString", "coordinates": [ [ 6.14764, 46.202481 ], [ 6.1625517, 46.2000231 ] ] } },
{ "type": "Feature", "properties": { "trip_id": "47181937", "rental_id": "13991018", "vehicle_type": "ebike", "trip_started_at_utc": "2024-07-25T01:24:50", "trip_ended_at_utc": "2024-07-25T01:26:16", "latitude_start": 46.209418, "longitude_start": 6.142578, "latitude_end": 46.2093399, "longitude_end": 6.14246, "distance_in_km": 0.0125644532693291, "start_station": null, "end_station": null }, "geometry": { "type": "LineString", "coordinates": [ [ 6.142578, 46.209418 ], [ 6.14246, 46.2093399 ] ] } },
{ "type": "Feature", "properties": { "trip_id": "52613434", "rental_id": "15479512", "vehicle_type": "ebike", "trip_started_at_utc": "2024-09-30T12:07:10", "trip_ended_at_utc": "2024-09-30T12:14:13", "latitude_start": 46.211181, "longitude_start": 6.15262, "latitude_end": 46.2038305, "longitude_end": 6.1434815, "distance_in_km": 1.0782281529936668, "start_station": null, "end_station": null }, "geometry": { "type": "LineString", "coordinates": [ [ 6.15262, 46.211181 ], [ 6.1434815, 46.2038305 ] ] } },
{ "type": "Feature", "properties": { "trip_id": "48550116", "rental_id": "14321256", "vehicle_type": "ebike", "trip_started_at_utc": "2024-08-08T20:03:25", "trip_ended_at_utc": "2024-08-08T20:11:44", "latitude_start": 46.195046, "longitude_start": 6.151636, "latitude_end": 46.210468, "longitude_end": 6.144201, "distance_in_km": 1.8077930181969697, "start_station": null, "end_station": null }, "geometry": { "type": "LineString", "coordinates": [ [ 6.151636, 46.195046 ], [ 6.144201, 46.210468 ] ] } },
{ "type": "Feature", "properties": { "trip_id": "47505523", "rental_id": "14068560", "vehicle_type": "ebike", "trip_started_at_utc": "2024-07-28T13:55:35", "trip_ended_at_utc": "2024-07-28T14:06:41", "latitude_start": 46.21101, "longitude_start": 6.152485, "latitude_end": 46.1998434, "longitude_end": 6.1428963, "distance_in_km": 1.444384337007965, "start_station": null, "end_station": null }, "geometry": { "type": "LineString", "coordinates": [ [ 6.152485, 46.21101 ], [ 6.1428963, 46.1998434 ] ] } },
{ "type": "Feature", "properties": { "trip_id": "50790760", "rental_id": "14923919", "vehicle_type": "ebike", "trip_started_at_utc": "2024-09-03T11:51:16", "trip_ended_at_utc": "2024-09-03T11:54:43", "latitude_start": 46.198208, "longitude_start": 6.14247, "latitude_end": 46.2027527, "longitude_end": 6.141428, "distance_in_km": 0.51167193286973878, "start_station": null, "end_station": null }, "geometry": { "type": "LineString", "coordinates": [ [ 6.14247, 46.198208 ], [ 6.141428, 46.2027527 ] ] } },
{ "type": "Feature", "properties": { "trip_id": "46491120", "rental_id": "13822836", "vehicle_type": "ebike", "trip_started_at_utc": "2024-07-16T18:07:09", "trip_ended_at_utc": "2024-07-16T18:30:13", "latitude_start": 46.208966, "longitude_start": 6.144301, "latitude_end": 46.2096034, "longitude_end": 6.1468942, "distance_in_km": 0.2117597591903746, "start_station": null, "end_station": null }, "geometry": { "type": "LineString", "coordinates": [ [ 6.144301, 46.208966 ], [ 6.1468942, 46.2096034 ] ] } },
{ "type": "Feature", "properties": { "trip_id": "51711826", "rental_id": "15201951", "vehicle_type": "ebike", "trip_started_at_utc": "2024-09-16T08:08:49", "trip_ended_at_utc": "2024-09-16T08:12:07", "latitude_start": 46.208875, "longitude_start": 6.144373, "latitude_end": 46.20758, "longitude_end": 6.148225, "distance_in_km": 0.32954248765227201, "start_station": null, "end_station": null }, "geometry": { "type": "LineString", "coordinates": [ [ 6.144373, 46.208875 ], [ 6.148225, 46.20758 ] ] } },
{ "type": "Feature", "properties": { "trip_id": "49867932", "rental_id": "14656795", "vehicle_type": "ebike", "trip_started_at_utc": "2024-08-23T07:43:56", "trip_ended_at_utc": "2024-08-23T07:51:07", "latitude_start": 46.200683, "longitude_start": 6.159441, "latitude_end": 46.2069623, "longitude_end": 6.1464471, "distance_in_km": 1.2196227189051772, "start_station": null, "end_station": null }, "geometry": { "type": "LineString", "coordinates": [ [ 6.159441, 46.200683 ], [ 6.1464471, 46.2069623 ] ] } },
{ "type": "Feature", "properties": { "trip_id": "51937955", "rental_id": "15270285", "vehicle_type": "ebike", "trip_started_at_utc": "2024-09-19T14:40:28", "trip_ended_at_utc": "2024-09-19T15:27:33", "latitude_start": 46.203073, "longitude_start": 6.14762, "latitude_end": 46.1961915, "longitude_end": 6.1561052, "distance_in_km": 1.0059766087985329, "start_station": null, "end_station": null }, "geometry": { "type": "LineString", "coordinates": [ [ 6.14762, 46.203073 ], [ 6.1561052, 46.1961915 ] ] } },
{ "type": "Feature", "properties": { "trip_id": "51632661", "rental_id": "15177276", "vehicle_type": "ebike", "trip_started_at_utc": "2024-09-15T00:55:55", "trip_ended_at_utc": "2024-09-15T00:56:55", "latitude_start": 46.200663, "longitude_start": 6.159433, "latitude_end": 46.2006382, "longitude_end": 6.159445, "distance_in_km": 0.0029081788269829001, "start_station": null, "end_station": null }, "geometry": { "type": "LineString", "coordinates": [ [ 6.159433, 46.200663 ], [ 6.159445, 46.2006382 ] ] } },
{ "type": "Feature", "properties": { "trip_id": "45783235", "rental_id": "13630975", "vehicle_type": "ebike", "trip_started_at_utc": "2024-07-06T09:34:18", "trip_ended_at_utc": "2024-07-06T09:40:54", "latitude_start": 46.202831, "longitude_start": 6.15957, "latitude_end": 46.2068565, "longitude_end": 6.1464454, "distance_in_km": 1.1047613272276078, "start_station": null, "end_station": null }, "geometry": { "type": "LineString", "coordinates": [ [ 6.15957, 46.202831 ], [ 6.1464454, 46.2068565 ] ] } },
{ "type": "Feature", "properties": { "trip_id": "47653399", "rental_id": "14104067", "vehicle_type": "ebike", "trip_started_at_utc": "2024-07-30T10:20:59", "trip_ended_at_utc": "2024-07-30T10:23:03", "latitude_start": 46.210031, "longitude_start": 6.148025, "latitude_end": 46.2105546, "longitude_end": 6.1497387, "distance_in_km": 0.14414780566164709, "start_station": null, "end_station": null }, "geometry": { "type": "LineString", "coordinates": [ [ 6.148025, 46.210031 ], [ 6.1497387, 46.2105546 ] ] } },
{ "type": "Feature", "properties": { "trip_id": "45580166", "rental_id": "13565640", "vehicle_type": "ebike", "trip_started_at_utc": "2024-07-02T15:15:12", "trip_ended_at_utc": "2024-07-02T16:19:56", "latitude_start": 46.207086, "longitude_start": 6.141401, "latitude_end": 46.2058303, "longitude_end": 6.1426979, "distance_in_km": 0.17162817117786289, "start_station": null, "end_station": null }, "geometry": { "type": "LineString", "coordinates": [ [ 6.141401, 46.207086 ], [ 6.1426979, 46.2058303 ] ] } },
{ "type": "Feature", "properties": { "trip_id": "48435910", "rental_id": "14292503", "vehicle_type": "ebike", "trip_started_at_utc": "2024-08-07T16:52:06", "trip_ended_at_utc": "2024-08-07T16:56:07", "latitude_start": 46.197408, "longitude_start": 6.141798, "latitude_end": 46.2028158, "longitude_end": 6.141341, "distance_in_km": 0.6023486159771213, "start_station": null, "end_station": null }, "geometry": { "type": "LineString", "coordinates": [ [ 6.141798, 46.197408 ], [ 6.141341, 46.2028158 ] ] } },
{ "type": "Feature", "properties": { "trip_id": "51889799", "rental_id": "15253792", "vehicle_type": "ebike", "trip_started_at_utc": "2024-09-18T17:48:37", "trip_ended_at_utc": "2024-09-18T17:59:36", "latitude_start": 46.200686, "longitude_start": 6.140965, "latitude_end": 46.203678, "longitude_end": 6.160231, "distance_in_km": 1.5195763260459481, "start_station": null, "end_station": null }, "geometry": { "type": "LineString", "coordinates": [ [ 6.140965, 46.200686 ], [ 6.160231, 46.203678 ] ] } },
{ "type": "Feature", "properties": { "trip_id": "47005999", "rental_id": "13947593", "vehicle_type": "ebike", "trip_started_at_utc": "2024-07-22T18:03:02", "trip_ended_at_utc": "2024-07-22T18:08:23", "latitude_start": 46.206848, "longitude_start": 6.147398, "latitude_end": 46.200845, "longitude_end": 6.159316, "distance_in_km": 1.1343636855497752, "start_station": null, "end_station": null }, "geometry": { "type": "LineString", "coordinates": [ [ 6.147398, 46.206848 ], [ 6.159316, 46.200845 ] ] } },
{ "type": "Feature", "properties": { "trip_id": "47839678", "rental_id": "14149398", "vehicle_type": "ebike", "trip_started_at_utc": "2024-08-01T11:45:53", "trip_ended_at_utc": "2024-08-01T11:47:07", "latitude_start": 46.201753, "longitude_start": 6.150596, "latitude_end": 46.2018718, "longitude_end": 6.1504136, "distance_in_km": 0.019275814969710901, "start_station": null, "end_station": null }, "geometry": { "type": "LineString", "coordinates": [ [ 6.150596, 46.201753 ], [ 6.1504136, 46.2018718 ] ] } },
{ "type": "Feature", "properties": { "trip_id": "48184080", "rental_id": "14230829", "vehicle_type": "ebike", "trip_started_at_utc": "2024-08-05T05:18:01", "trip_ended_at_utc": "2024-08-05T05:24:02", "latitude_start": 46.209161, "longitude_start": 6.142548, "latitude_end": 46.204425, "longitude_end": 6.158783, "distance_in_km": 1.3557934072860096, "start_station": null, "end_station": null }, "geometry": { "type": "LineString", "coordinates": [ [ 6.142548, 46.209161 ], [ 6.158783, 46.204425 ] ] } },
{ "type": "Feature", "properties": { "trip_id": "51013791", "rental_id": "14991930", "vehicle_type": "ebike", "trip_started_at_utc": "2024-09-06T09:32:03", "trip_ended_at_utc": "2024-09-06T09:39:41", "latitude_start": 46.200125, "longitude_start": 6.148381, "latitude_end": 46.209323, "longitude_end": 6.148613, "distance_in_km": 1.0229283603189261, "start_station": null, "end_station": null }, "geometry": { "type": "LineString", "coordinates": [ [ 6.148381, 46.200125 ], [ 6.148613, 46.209323 ] ] } },
{ "type": "Feature", "properties": { "trip_id": "46773003", "rental_id": "13893633", "vehicle_type": "ebike", "trip_started_at_utc": "2024-07-20T09:09:33", "trip_ended_at_utc": "2024-07-20T09:25:15", "latitude_start": 46.19659, "longitude_start": 6.143461, "latitude_end": 46.2111182, "longitude_end": 6.1524274, "distance_in_km": 1.7566645270551964, "start_station": null, "end_station": null }, "geometry": { "type": "LineString", "coordinates": [ [ 6.143461, 46.19659 ], [ 6.1524274, 46.2111182 ] ] } },
{ "type": "Feature", "properties": { "trip_id": "47546177", "rental_id": "14077131", "vehicle_type": "ebike", "trip_started_at_utc": "2024-07-28T22:20:15", "trip_ended_at_utc": "2024-07-28T22:32:49", "latitude_start": 46.19884, "longitude_start": 6.149435, "latitude_end": 46.2104958, "longitude_end": 6.1470221, "distance_in_km": 1.3093020888882916, "start_station": null, "end_station": null }, "geometry": { "type": "LineString", "coordinates": [ [ 6.149435, 46.19884 ], [ 6.1470221, 46.2104958 ] ] } },
{ "type": "Feature", "properties": { "trip_id": "50818803", "rental_id": "14932861", "vehicle_type": "ebike", "trip_started_at_utc": "2024-09-03T16:48:10", "trip_ended_at_utc": "2024-09-03T16:52:24", "latitude_start": 46.198798, "longitude_start": 6.149608, "latitude_end": 46.198798, "longitude_end": 6.149608, "distance_in_km": 0.0, "start_station": null, "end_station": null }, "geometry": { "type": "LineString", "coordinates": [ [ 6.149608, 46.198798 ], [ 6.149608, 46.198798 ] ] } },
{ "type": "Feature", "properties": { "trip_id": "52991453", "rental_id": "15598919", "vehicle_type": "ebike", "trip_started_at_utc": "2024-10-07T06:58:01", "trip_ended_at_utc": "2024-10-07T07:01:21", "latitude_start": 46.194366, "longitude_start": 6.1523, "latitude_end": 46.1943156, "longitude_end": 6.1485435, "distance_in_km": 0.28919533047121448, "start_station": null, "end_station": null }, "geometry": { "type": "LineString", "coordinates": [ [ 6.1523, 46.194366 ], [ 6.1485435, 46.1943156 ] ] } },
{ "type": "Feature", "properties": { "trip_id": "51884763", "rental_id": "15252270", "vehicle_type": "ebike", "trip_started_at_utc": "2024-09-18T16:39:14", "trip_ended_at_utc": "2024-09-18T16:43:18", "latitude_start": 46.198275, "longitude_start": 6.155203, "latitude_end": 46.2001652, "longitude_end": 6.1575901, "distance_in_km": 0.2791583486135385, "start_station": null, "end_station": null }, "geometry": { "type": "LineString", "coordinates": [ [ 6.155203, 46.198275 ], [ 6.1575901, 46.2001652 ] ] } },
{ "type": "Feature", "properties": { "trip_id": "51868778", "rental_id": "15246809", "vehicle_type": "ebike", "trip_started_at_utc": "2024-09-18T13:34:13", "trip_ended_at_utc": "2024-09-18T13:42:57", "latitude_start": 46.203691, "longitude_start": 6.160373, "latitude_end": 46.1995459, "longitude_end": 6.1411369, "distance_in_km": 1.5505143499105132, "start_station": null, "end_station": null }, "geometry": { "type": "LineString", "coordinates": [ [ 6.160373, 46.203691 ], [ 6.1411369, 46.1995459 ] ] } },
{ "type": "Feature", "properties": { "trip_id": "52186148", "rental_id": "15341803", "vehicle_type": "ebike", "trip_started_at_utc": "2024-09-22T13:19:47", "trip_ended_at_utc": "2024-09-22T13:21:41", "latitude_start": 46.209325, "longitude_start": 6.14243, "latitude_end": 46.209507, "longitude_end": 6.142467, "distance_in_km": 0.020436803936116001, "start_station": null, "end_station": null }, "geometry": { "type": "LineString", "coordinates": [ [ 6.14243, 46.209325 ], [ 6.142467, 46.209507 ] ] } },
{ "type": "Feature", "properties": { "trip_id": "46655456", "rental_id": "13862801", "vehicle_type": "ebike", "trip_started_at_utc": "2024-07-18T20:33:07", "trip_ended_at_utc": "2024-07-18T20:43:43", "latitude_start": 46.210221, "longitude_start": 6.143961, "latitude_end": 46.2084024, "longitude_end": 6.1467046, "distance_in_km": 0.29234264306635299, "start_station": null, "end_station": null }, "geometry": { "type": "LineString", "coordinates": [ [ 6.143961, 46.210221 ], [ 6.1467046, 46.2084024 ] ] } },
{ "type": "Feature", "properties": { "trip_id": "52224514", "rental_id": "15352389", "vehicle_type": "ebike", "trip_started_at_utc": "2024-09-23T06:26:18", "trip_ended_at_utc": "2024-09-23T06:31:46", "latitude_start": 46.203881, "longitude_start": 6.143583, "latitude_end": 46.197226, "longitude_end": 6.142973, "distance_in_km": 0.74149109389179524, "start_station": null, "end_station": null }, "geometry": { "type": "LineString", "coordinates": [ [ 6.143583, 46.203881 ], [ 6.142973, 46.197226 ] ] } },
{ "type": "Feature", "properties": { "trip_id": "47379252", "rental_id": "14040611", "vehicle_type": "ebike", "trip_started_at_utc": "2024-07-27T10:46:32", "trip_ended_at_utc": "2024-07-27T10:58:12", "latitude_start": 46.205596, "longitude_start": 6.160221, "latitude_end": 46.2111808, "longitude_end": 6.1528099, "distance_in_km": 0.84313578801663736, "start_station": null, "end_station": null }, "geometry": { "type": "LineString", "coordinates": [ [ 6.160221, 46.205596 ], [ 6.1528099, 46.2111808 ] ] } },
{ "type": "Feature", "properties": { "trip_id": "48006050", "rental_id": "14189530", "vehicle_type": "ebike", "trip_started_at_utc": "2024-08-03T01:56:08", "trip_ended_at_utc": "2024-08-03T02:00:51", "latitude_start": 46.201935, "longitude_start": 6.14315, "latitude_end": 46.2056327, "longitude_end": 6.1427761, "distance_in_km": 0.41217175095180753, "start_station": null, "end_station": null }, "geometry": { "type": "LineString", "coordinates": [ [ 6.14315, 46.201935 ], [ 6.1427761, 46.2056327 ] ] } },
{ "type": "Feature", "properties": { "trip_id": "48985778", "rental_id": "14431954", "vehicle_type": "ebike", "trip_started_at_utc": "2024-08-13T13:42:28", "trip_ended_at_utc": "2024-08-13T13:52:28", "latitude_start": 46.19514, "longitude_start": 6.151146, "latitude_end": 46.206591, "longitude_end": 6.143311, "distance_in_km": 1.4088589203541426, "start_station": null, "end_station": null }, "geometry": { "type": "LineString", "coordinates": [ [ 6.151146, 46.19514 ], [ 6.143311, 46.206591 ] ] } },
{ "type": "Feature", "properties": { "trip_id": "50456961", "rental_id": "14828389", "vehicle_type": "ebike", "trip_started_at_utc": "2024-08-30T11:11:49", "trip_ended_at_utc": "2024-08-30T12:43:17", "latitude_start": 46.202621, "longitude_start": 6.159876, "latitude_end": 46.2024022, "longitude_end": 6.1607044, "distance_in_km": 0.068237757636337201, "start_station": null, "end_station": null }, "geometry": { "type": "LineString", "coordinates": [ [ 6.159876, 46.202621 ], [ 6.1607044, 46.2024022 ] ] } },
{ "type": "Feature", "properties": { "trip_id": "51907653", "rental_id": "15260516", "vehicle_type": "ebike", "trip_started_at_utc": "2024-09-19T06:52:01", "trip_ended_at_utc": "2024-09-19T07:00:24", "latitude_start": 46.207755, "longitude_start": 6.146561, "latitude_end": 46.1955997, "longitude_end": 6.1556709, "distance_in_km": 1.5226275867147938, "start_station": null, "end_station": null }, "geometry": { "type": "LineString", "coordinates": [ [ 6.146561, 46.207755 ], [ 6.1556709, 46.1955997 ] ] } },
{ "type": "Feature", "properties": { "trip_id": "45921162", "rental_id": "13668415", "vehicle_type": "ebike", "trip_started_at_utc": "2024-07-08T13:06:01", "trip_ended_at_utc": "2024-07-08T13:10:04", "latitude_start": 46.204118, "longitude_start": 6.147856, "latitude_end": 46.202073, "longitude_end": 6.140358, "distance_in_km": 0.6202241819666644, "start_station": null, "end_station": null }, "geometry": { "type": "LineString", "coordinates": [ [ 6.147856, 46.204118 ], [ 6.140358, 46.202073 ] ] } },
{ "type": "Feature", "properties": { "trip_id": "47338533", "rental_id": "14029514", "vehicle_type": "ebike", "trip_started_at_utc": "2024-07-26T18:58:56", "trip_ended_at_utc": "2024-07-26T19:04:00", "latitude_start": 46.209165, "longitude_start": 6.142523, "latitude_end": 46.1996521, "longitude_end": 6.1374126, "distance_in_km": 1.1285318755675633, "start_station": null, "end_station": null }, "geometry": { "type": "LineString", "coordinates": [ [ 6.142523, 46.209165 ], [ 6.1374126, 46.1996521 ] ] } },
{ "type": "Feature", "properties": { "trip_id": "53940425", "rental_id": "15893598", "vehicle_type": "ebike", "trip_started_at_utc": "2024-10-24T20:28:16", "trip_ended_at_utc": "2024-10-24T20:32:39", "latitude_start": 46.199246, "longitude_start": 6.14055, "latitude_end": 46.2033436, "longitude_end": 6.1488703, "distance_in_km": 0.7858983695627052, "start_station": null, "end_station": null }, "geometry": { "type": "LineString", "coordinates": [ [ 6.14055, 46.199246 ], [ 6.1488703, 46.2033436 ] ] } },
{ "type": "Feature", "properties": { "trip_id": "50232349", "rental_id": "14759965", "vehicle_type": "ebike", "trip_started_at_utc": "2024-08-27T16:17:04", "trip_ended_at_utc": "2024-08-27T16:23:27", "latitude_start": 46.19677, "longitude_start": 6.148568, "latitude_end": 46.2028438, "longitude_end": 6.1414188, "distance_in_km": 0.87113817785799075, "start_station": null, "end_station": null }, "geometry": { "type": "LineString", "coordinates": [ [ 6.148568, 46.19677 ], [ 6.1414188, 46.2028438 ] ] } },
{ "type": "Feature", "properties": { "trip_id": "48277814", "rental_id": "14254092", "vehicle_type": "ebike", "trip_started_at_utc": "2024-08-06T06:46:32", "trip_ended_at_utc": "2024-08-06T06:56:59", "latitude_start": 46.208976, "longitude_start": 6.14441, "latitude_end": 46.1956519, "longitude_end": 6.1556354, "distance_in_km": 1.7150487804803769, "start_station": null, "end_station": null }, "geometry": { "type": "LineString", "coordinates": [ [ 6.14441, 46.208976 ], [ 6.1556354, 46.1956519 ] ] } },
{ "type": "Feature", "properties": { "trip_id": "46235935", "rental_id": "13755290", "vehicle_type": "ebike", "trip_started_at_utc": "2024-07-12T22:37:23", "trip_ended_at_utc": "2024-07-12T22:46:55", "latitude_start": 46.206823, "longitude_start": 6.147818, "latitude_end": 46.2000366, "longitude_end": 6.1485565, "distance_in_km": 0.75675161069793762, "start_station": null, "end_station": null }, "geometry": { "type": "LineString", "coordinates": [ [ 6.147818, 46.206823 ], [ 6.1485565, 46.2000366 ] ] } },
{ "type": "Feature", "properties": { "trip_id": "49643264", "rental_id": "14594886", "vehicle_type": "ebike", "trip_started_at_utc": "2024-08-20T11:22:01", "trip_ended_at_utc": "2024-08-20T11:25:35", "latitude_start": 46.207476, "longitude_start": 6.145488, "latitude_end": 46.2111475, "longitude_end": 6.1524876, "distance_in_km": 0.67585513507156691, "start_station": null, "end_station": null }, "geometry": { "type": "LineString", "coordinates": [ [ 6.145488, 46.207476 ], [ 6.1524876, 46.2111475 ] ] } },
{ "type": "Feature", "properties": { "trip_id": "47556771", "rental_id": "14080785", "vehicle_type": "ebike", "trip_started_at_utc": "2024-07-29T07:58:08", "trip_ended_at_utc": "2024-07-29T08:04:18", "latitude_start": 46.196613, "longitude_start": 6.144168, "latitude_end": 46.201777, "longitude_end": 6.1505315, "distance_in_km": 0.7547082034521847, "start_station": null, "end_station": null }, "geometry": { "type": "LineString", "coordinates": [ [ 6.144168, 46.196613 ], [ 6.1505315, 46.201777 ] ] } },
{ "type": "Feature", "properties": { "trip_id": "48240070", "rental_id": "14244258", "vehicle_type": "ebike", "trip_started_at_utc": "2024-08-05T15:54:43", "trip_ended_at_utc": "2024-08-05T16:02:53", "latitude_start": 46.196955, "longitude_start": 6.143038, "latitude_end": 46.2115386, "longitude_end": 6.1496057, "distance_in_km": 1.6985661874048463, "start_station": null, "end_station": null }, "geometry": { "type": "LineString", "coordinates": [ [ 6.143038, 46.196955 ], [ 6.1496057, 46.2115386 ] ] } },
{ "type": "Feature", "properties": { "trip_id": "49786776", "rental_id": "14633709", "vehicle_type": "ebike", "trip_started_at_utc": "2024-08-22T06:48:30", "trip_ended_at_utc": "2024-08-22T06:57:40", "latitude_start": 46.207893, "longitude_start": 6.146323, "latitude_end": 46.1955078, "longitude_end": 6.1556402, "distance_in_km": 1.5526678686029971, "start_station": null, "end_station": null }, "geometry": { "type": "LineString", "coordinates": [ [ 6.146323, 46.207893 ], [ 6.1556402, 46.1955078 ] ] } },
{ "type": "Feature", "properties": { "trip_id": "50699136", "rental_id": "14895559", "vehicle_type": "ebike", "trip_started_at_utc": "2024-09-02T06:23:22", "trip_ended_at_utc": "2024-09-02T06:31:16", "latitude_start": 46.203503, "longitude_start": 6.160955, "latitude_end": 46.20497, "longitude_end": 6.14362, "distance_in_km": 1.3439856041022558, "start_station": null, "end_station": null }, "geometry": { "type": "LineString", "coordinates": [ [ 6.160955, 46.203503 ], [ 6.14362, 46.20497 ] ] } },
{ "type": "Feature", "properties": { "trip_id": "45639258", "rental_id": "13585122", "vehicle_type": "ebike", "trip_started_at_utc": "2024-07-03T16:26:47", "trip_ended_at_utc": "2024-07-03T16:38:19", "latitude_start": 46.203716, "longitude_start": 6.143208, "latitude_end": 46.2024849, "longitude_end": 6.1474263, "distance_in_km": 0.3523166160462714, "start_station": null, "end_station": null }, "geometry": { "type": "LineString", "coordinates": [ [ 6.143208, 46.203716 ], [ 6.1474263, 46.2024849 ] ] } },
{ "type": "Feature", "properties": { "trip_id": "50752254", "rental_id": "14911409", "vehicle_type": "ebike", "trip_started_at_utc": "2024-09-02T17:34:50", "trip_ended_at_utc": "2024-09-02T17:39:15", "latitude_start": 46.200111, "longitude_start": 6.148705, "latitude_end": 46.2068588, "longitude_end": 6.1441788, "distance_in_km": 0.82723371546068203, "start_station": null, "end_station": null }, "geometry": { "type": "LineString", "coordinates": [ [ 6.148705, 46.200111 ], [ 6.1441788, 46.2068588 ] ] } },
{ "type": "Feature", "properties": { "trip_id": "51317180", "rental_id": "15079184", "vehicle_type": "ebike", "trip_started_at_utc": "2024-09-10T06:18:07", "trip_ended_at_utc": "2024-09-10T06:29:19", "latitude_start": 46.202718, "longitude_start": 6.161275, "latitude_end": 46.2069332, "longitude_end": 6.1397597, "distance_in_km": 1.7207984686712663, "start_station": null, "end_station": null }, "geometry": { "type": "LineString", "coordinates": [ [ 6.161275, 46.202718 ], [ 6.1397597, 46.2069332 ] ] } },
{ "type": "Feature", "properties": { "trip_id": "45952926", "rental_id": "13677038", "vehicle_type": "ebike", "trip_started_at_utc": "2024-07-08T19:55:33", "trip_ended_at_utc": "2024-07-08T20:23:08", "latitude_start": 46.20943, "longitude_start": 6.142403, "latitude_end": 46.2042851, "longitude_end": 6.1591635, "distance_in_km": 1.4109595721283461, "start_station": null, "end_station": null }, "geometry": { "type": "LineString", "coordinates": [ [ 6.142403, 46.20943 ], [ 6.1591635, 46.2042851 ] ] } },
{ "type": "Feature", "properties": { "trip_id": "48613591", "rental_id": "14338599", "vehicle_type": "ebike", "trip_started_at_utc": "2024-08-09T16:49:42", "trip_ended_at_utc": "2024-08-09T16:54:20", "latitude_start": 46.203968, "longitude_start": 6.156031, "latitude_end": 46.20695, "longitude_end": 6.148053, "distance_in_km": 0.69776893875604984, "start_station": null, "end_station": null }, "geometry": { "type": "LineString", "coordinates": [ [ 6.156031, 46.203968 ], [ 6.148053, 46.20695 ] ] } },
{ "type": "Feature", "properties": { "trip_id": "49646473", "rental_id": "14595777", "vehicle_type": "ebike", "trip_started_at_utc": "2024-08-20T11:54:29", "trip_ended_at_utc": "2024-08-20T11:56:08", "latitude_start": 46.20761, "longitude_start": 6.145561, "latitude_end": 46.206983, "longitude_end": 6.143296, "distance_in_km": 0.1877246331885393, "start_station": null, "end_station": null }, "geometry": { "type": "LineString", "coordinates": [ [ 6.145561, 46.20761 ], [ 6.143296, 46.206983 ] ] } },
{ "type": "Feature", "properties": { "trip_id": "50831961", "rental_id": "14936640", "vehicle_type": "ebike", "trip_started_at_utc": "2024-09-03T20:33:21", "trip_ended_at_utc": "2024-09-03T20:47:15", "latitude_start": 46.198815, "longitude_start": 6.155931, "latitude_end": 46.2000863, "longitude_end": 6.1485816, "distance_in_km": 0.58303391087816303, "start_station": null, "end_station": null }, "geometry": { "type": "LineString", "coordinates": [ [ 6.155931, 46.198815 ], [ 6.1485816, 46.2000863 ] ] } },
{ "type": "Feature", "properties": { "trip_id": "49754575", "rental_id": "14624319", "vehicle_type": "ebike", "trip_started_at_utc": "2024-08-21T16:26:52", "trip_ended_at_utc": "2024-08-21T16:34:13", "latitude_start": 46.199545, "longitude_start": 6.142711, "latitude_end": 46.210545, "longitude_end": 6.1496465, "distance_in_km": 1.3345228870405237, "start_station": null, "end_station": null }, "geometry": { "type": "LineString", "coordinates": [ [ 6.142711, 46.199545 ], [ 6.1496465, 46.210545 ] ] } },
{ "type": "Feature", "properties": { "trip_id": "49921798", "rental_id": "14672000", "vehicle_type": "ebike", "trip_started_at_utc": "2024-08-23T18:32:54", "trip_ended_at_utc": "2024-08-23T18:43:47", "latitude_start": 46.20164, "longitude_start": 6.15316, "latitude_end": 46.2094113, "longitude_end": 6.1426106, "distance_in_km": 1.1856606603090685, "start_station": null, "end_station": null }, "geometry": { "type": "LineString", "coordinates": [ [ 6.15316, 46.20164 ], [ 6.1426106, 46.2094113 ] ] } },
{ "type": "Feature", "properties": { "trip_id": "50842472", "rental_id": "14940694", "vehicle_type": "ebike", "trip_started_at_utc": "2024-09-04T06:50:28", "trip_ended_at_utc": "2024-09-04T06:52:39", "latitude_start": 46.203266, "longitude_start": 6.145615, "latitude_end": 46.2043246, "longitude_end": 6.1462994, "distance_in_km": 0.12895742696355561, "start_station": null, "end_station": null }, "geometry": { "type": "LineString", "coordinates": [ [ 6.145615, 46.203266 ], [ 6.1462994, 46.2043246 ] ] } },
{ "type": "Feature", "properties": { "trip_id": "46919953", "rental_id": "13927057", "vehicle_type": "ebike", "trip_started_at_utc": "2024-07-21T14:46:53", "trip_ended_at_utc": "2024-07-21T14:58:00", "latitude_start": 46.201546, "longitude_start": 6.143608, "latitude_end": 46.2056721, "longitude_end": 6.1429265, "distance_in_km": 0.46179003812186958, "start_station": null, "end_station": null }, "geometry": { "type": "LineString", "coordinates": [ [ 6.143608, 46.201546 ], [ 6.1429265, 46.2056721 ] ] } },
{ "type": "Feature", "properties": { "trip_id": "49232481", "rental_id": "14494327", "vehicle_type": "ebike", "trip_started_at_utc": "2024-08-16T03:14:10", "trip_ended_at_utc": "2024-08-16T03:23:07", "latitude_start": 46.20471, "longitude_start": 6.162315, "latitude_end": 46.2103403, "longitude_end": 6.1450024, "distance_in_km": 1.472016490122197, "start_station": null, "end_station": null }, "geometry": { "type": "LineString", "coordinates": [ [ 6.162315, 46.20471 ], [ 6.1450024, 46.2103403 ] ] } },
{ "type": "Feature", "properties": { "trip_id": "47470462", "rental_id": "14060635", "vehicle_type": "ebike", "trip_started_at_utc": "2024-07-28T08:26:22", "trip_ended_at_utc": "2024-07-28T08:36:43", "latitude_start": 46.196476, "longitude_start": 6.14303, "latitude_end": 46.2064784, "longitude_end": 6.1445877, "distance_in_km": 1.1186600423727076, "start_station": null, "end_station": null }, "geometry": { "type": "LineString", "coordinates": [ [ 6.14303, 46.196476 ], [ 6.1445877, 46.2064784 ] ] } },
{ "type": "Feature", "properties": { "trip_id": "45745219", "rental_id": "13619026", "vehicle_type": "ebike", "trip_started_at_utc": "2024-07-05T15:32:42", "trip_ended_at_utc": "2024-07-05T15:39:59", "latitude_start": 46.199741, "longitude_start": 6.137536, "latitude_end": 46.2092713, "longitude_end": 6.142666, "distance_in_km": 1.1308710239722819, "start_station": null, "end_station": null }, "geometry": { "type": "LineString", "coordinates": [ [ 6.137536, 46.199741 ], [ 6.142666, 46.2092713 ] ] } },
{ "type": "Feature", "properties": { "trip_id": "50095533", "rental_id": "14718868", "vehicle_type": "ebike", "trip_started_at_utc": "2024-08-25T18:58:22", "trip_ended_at_utc": "2024-08-25T19:04:21", "latitude_start": 46.194265, "longitude_start": 6.148521, "latitude_end": 46.199829, "longitude_end": 6.1429032, "distance_in_km": 0.75480729002185321, "start_station": null, "end_station": null }, "geometry": { "type": "LineString", "coordinates": [ [ 6.148521, 46.194265 ], [ 6.1429032, 46.199829 ] ] } },
{ "type": "Feature", "properties": { "trip_id": "46123109", "rental_id": "13724943", "vehicle_type": "ebike", "trip_started_at_utc": "2024-07-11T12:38:57", "trip_ended_at_utc": "2024-07-11T12:47:16", "latitude_start": 46.203926, "longitude_start": 6.144105, "latitude_end": 46.202851, "longitude_end": 6.141586, "distance_in_km": 0.22774842868735301, "start_station": null, "end_station": null }, "geometry": { "type": "LineString", "coordinates": [ [ 6.144105, 46.203926 ], [ 6.141586, 46.202851 ] ] } },
{ "type": "Feature", "properties": { "trip_id": "46528270", "rental_id": "13831710", "vehicle_type": "ebike", "trip_started_at_utc": "2024-07-17T10:24:16", "trip_ended_at_utc": "2024-07-17T10:36:38", "latitude_start": 46.202008, "longitude_start": 6.143073, "latitude_end": 46.2022951, "longitude_end": 6.1617124, "distance_in_km": 1.4348418505241702, "start_station": null, "end_station": null }, "geometry": { "type": "LineString", "coordinates": [ [ 6.143073, 46.202008 ], [ 6.1617124, 46.2022951 ] ] } },
{ "type": "Feature", "properties": { "trip_id": "51686139", "rental_id": "15193302", "vehicle_type": "ebike", "trip_started_at_utc": "2024-09-15T16:36:17", "trip_ended_at_utc": "2024-09-15T16:41:06", "latitude_start": 46.201313, "longitude_start": 6.140003, "latitude_end": 46.2064694, "longitude_end": 6.1446349, "distance_in_km": 0.67513874029838161, "start_station": null, "end_station": null }, "geometry": { "type": "LineString", "coordinates": [ [ 6.140003, 46.201313 ], [ 6.1446349, 46.2064694 ] ] } },
{ "type": "Feature", "properties": { "trip_id": "46683921", "rental_id": "13870134", "vehicle_type": "ebike", "trip_started_at_utc": "2024-07-19T10:46:17", "trip_ended_at_utc": "2024-07-19T10:48:47", "latitude_start": 46.212028, "longitude_start": 6.149585, "latitude_end": 46.2111015, "longitude_end": 6.1526758, "distance_in_km": 0.2591818767234863, "start_station": null, "end_station": null }, "geometry": { "type": "LineString", "coordinates": [ [ 6.149585, 46.212028 ], [ 6.1526758, 46.2111015 ] ] } },
{ "type": "Feature", "properties": { "trip_id": "48146697", "rental_id": "14221810", "vehicle_type": "ebike", "trip_started_at_utc": "2024-08-04T14:24:02", "trip_ended_at_utc": "2024-08-04T15:36:37", "latitude_start": 46.198988, "longitude_start": 6.143163, "latitude_end": 46.197345, "longitude_end": 6.146633, "distance_in_km": 0.32357915244792629, "start_station": null, "end_station": null }, "geometry": { "type": "LineString", "coordinates": [ [ 6.143163, 46.198988 ], [ 6.146633, 46.197345 ] ] } },
{ "type": "Feature", "properties": { "trip_id": "49937364", "rental_id": "14676739", "vehicle_type": "ebike", "trip_started_at_utc": "2024-08-23T23:42:02", "trip_ended_at_utc": "2024-08-23T23:58:28", "latitude_start": 46.202976, "longitude_start": 6.15924, "latitude_end": 46.199885, "longitude_end": 6.13915, "distance_in_km": 1.5838866325532279, "start_station": null, "end_station": null }, "geometry": { "type": "LineString", "coordinates": [ [ 6.15924, 46.202976 ], [ 6.13915, 46.199885 ] ] } },
{ "type": "Feature", "properties": { "trip_id": "47169155", "rental_id": "13987747", "vehicle_type": "ebike", "trip_started_at_utc": "2024-07-24T19:05:00", "trip_ended_at_utc": "2024-07-24T19:07:08", "latitude_start": 46.203938, "longitude_start": 6.143838, "latitude_end": 46.1997688, "longitude_end": 6.1428918, "distance_in_km": 0.46927891600630223, "start_station": null, "end_station": null }, "geometry": { "type": "LineString", "coordinates": [ [ 6.143838, 46.203938 ], [ 6.1428918, 46.1997688 ] ] } },
{ "type": "Feature", "properties": { "trip_id": "52504163", "rental_id": "15446505", "vehicle_type": "ebike", "trip_started_at_utc": "2024-09-28T12:42:03", "trip_ended_at_utc": "2024-09-28T12:49:10", "latitude_start": 46.210763, "longitude_start": 6.149828, "latitude_end": 46.2001172, "longitude_end": 6.1484866, "distance_in_km": 1.1882531886067882, "start_station": null, "end_station": null }, "geometry": { "type": "LineString", "coordinates": [ [ 6.149828, 46.210763 ], [ 6.1484866, 46.2001172 ] ] } },
{ "type": "Feature", "properties": { "trip_id": "50789048", "rental_id": "14923919", "vehicle_type": "ebike", "trip_started_at_utc": "2024-09-03T11:28:04", "trip_ended_at_utc": "2024-09-03T11:42:24", "latitude_start": 46.20289, "longitude_start": 6.141393, "latitude_end": 46.198195, "longitude_end": 6.142345, "distance_in_km": 0.52717728093546767, "start_station": null, "end_station": null }, "geometry": { "type": "LineString", "coordinates": [ [ 6.141393, 46.20289 ], [ 6.142345, 46.198195 ] ] } },
{ "type": "Feature", "properties": { "trip_id": "52527983", "rental_id": "15452677", "vehicle_type": "ebike", "trip_started_at_utc": "2024-09-28T18:04:06", "trip_ended_at_utc": "2024-09-28T18:10:24", "latitude_start": 46.201703, "longitude_start": 6.15317, "latitude_end": 46.1996423, "longitude_end": 6.1373332, "distance_in_km": 1.2401836621786193, "start_station": null, "end_station": null }, "geometry": { "type": "LineString", "coordinates": [ [ 6.15317, 46.201703 ], [ 6.1373332, 46.1996423 ] ] } },
{ "type": "Feature", "properties": { "trip_id": "49428597", "rental_id": "14541678", "vehicle_type": "ebike", "trip_started_at_utc": "2024-08-17T21:01:07", "trip_ended_at_utc": "2024-08-17T21:18:43", "latitude_start": 46.203516, "longitude_start": 6.160973, "latitude_end": 46.2011121, "longitude_end": 6.1400212, "distance_in_km": 1.6344497454096647, "start_station": null, "end_station": null }, "geometry": { "type": "LineString", "coordinates": [ [ 6.160973, 46.203516 ], [ 6.1400212, 46.2011121 ] ] } },
{ "type": "Feature", "properties": { "trip_id": "47247687", "rental_id": "14007304", "vehicle_type": "ebike", "trip_started_at_utc": "2024-07-25T17:23:57", "trip_ended_at_utc": "2024-07-25T17:41:40", "latitude_start": 46.20302, "longitude_start": 6.153745, "latitude_end": 46.2052842, "longitude_end": 6.1602444, "distance_in_km": 0.55996624642593074, "start_station": null, "end_station": null }, "geometry": { "type": "LineString", "coordinates": [ [ 6.153745, 46.20302 ], [ 6.1602444, 46.2052842 ] ] } },
{ "type": "Feature", "properties": { "trip_id": "52455914", "rental_id": "15430786", "vehicle_type": "ebike", "trip_started_at_utc": "2024-09-27T14:35:15", "trip_ended_at_utc": "2024-09-27T14:41:15", "latitude_start": 46.20159, "longitude_start": 6.153268, "latitude_end": 46.207581, "longitude_end": 6.146248, "distance_in_km": 0.8576921226669032, "start_station": null, "end_station": null }, "geometry": { "type": "LineString", "coordinates": [ [ 6.153268, 46.20159 ], [ 6.146248, 46.207581 ] ] } },
{ "type": "Feature", "properties": { "trip_id": "54202352", "rental_id": "15976162", "vehicle_type": "ebike", "trip_started_at_utc": "2024-10-29T17:57:45", "trip_ended_at_utc": "2024-10-29T18:09:15", "latitude_start": 46.210473, "longitude_start": 6.149788, "latitude_end": 46.2065531, "longitude_end": 6.1616723, "distance_in_km": 1.0130707055572108, "start_station": null, "end_station": null }, "geometry": { "type": "LineString", "coordinates": [ [ 6.149788, 46.210473 ], [ 6.1616723, 46.2065531 ] ] } },
{ "type": "Feature", "properties": { "trip_id": "46161758", "rental_id": "13734402", "vehicle_type": "ebike", "trip_started_at_utc": "2024-07-11T20:31:32", "trip_ended_at_utc": "2024-07-11T20:33:14", "latitude_start": 46.209981, "longitude_start": 6.145743, "latitude_end": 46.2097123, "longitude_end": 6.1457476, "distance_in_km": 0.029880220330034301, "start_station": null, "end_station": null }, "geometry": { "type": "LineString", "coordinates": [ [ 6.145743, 46.209981 ], [ 6.1457476, 46.2097123 ] ] } },
{ "type": "Feature", "properties": { "trip_id": "53153437", "rental_id": "15654702", "vehicle_type": "ebike", "trip_started_at_utc": "2024-10-10T18:15:50", "trip_ended_at_utc": "2024-10-10T18:24:13", "latitude_start": 46.203735, "longitude_start": 6.136788, "latitude_end": 46.210323, "longitude_end": 6.149146, "distance_in_km": 1.2004204027915153, "start_station": null, "end_station": null }, "geometry": { "type": "LineString", "coordinates": [ [ 6.136788, 46.203735 ], [ 6.149146, 46.210323 ] ] } },
{ "type": "Feature", "properties": { "trip_id": "49507117", "rental_id": "14560126", "vehicle_type": "ebike", "trip_started_at_utc": "2024-08-18T17:04:28", "trip_ended_at_utc": "2024-08-18T17:13:27", "latitude_start": 46.199998, "longitude_start": 6.161861, "latitude_end": 46.208751, "longitude_end": 6.1460341, "distance_in_km": 1.5590986647034759, "start_station": null, "end_station": null }, "geometry": { "type": "LineString", "coordinates": [ [ 6.161861, 46.199998 ], [ 6.1460341, 46.208751 ] ] } },
{ "type": "Feature", "properties": { "trip_id": "45924857", "rental_id": "13668941", "vehicle_type": "ebike", "trip_started_at_utc": "2024-07-08T13:53:28", "trip_ended_at_utc": "2024-07-08T13:55:05", "latitude_start": 46.200208, "longitude_start": 6.156951, "latitude_end": 46.2012981, "longitude_end": 6.1557241, "distance_in_km": 0.1536514605289665, "start_station": null, "end_station": null }, "geometry": { "type": "LineString", "coordinates": [ [ 6.156951, 46.200208 ], [ 6.1557241, 46.2012981 ] ] } },
{ "type": "Feature", "properties": { "trip_id": "50330717", "rental_id": "14788953", "vehicle_type": "ebike", "trip_started_at_utc": "2024-08-28T19:10:19", "trip_ended_at_utc": "2024-08-28T19:11:41", "latitude_start": 46.202398, "longitude_start": 6.160986, "latitude_end": 46.2027245, "longitude_end": 6.1612711, "distance_in_km": 0.0424202761726915, "start_station": null, "end_station": null }, "geometry": { "type": "LineString", "coordinates": [ [ 6.160986, 46.202398 ], [ 6.1612711, 46.2027245 ] ] } },
{ "type": "Feature", "properties": { "trip_id": "51318023", "rental_id": "15079591", "vehicle_type": "ebike", "trip_started_at_utc": "2024-09-10T06:30:56", "trip_ended_at_utc": "2024-09-10T06:37:35", "latitude_start": 46.211415, "longitude_start": 6.14977, "latitude_end": 46.199812, "longitude_end": 6.1429128, "distance_in_km": 1.3939408313119928, "start_station": null, "end_station": null }, "geometry": { "type": "LineString", "coordinates": [ [ 6.14977, 46.211415 ], [ 6.1429128, 46.199812 ] ] } },
{ "type": "Feature", "properties": { "trip_id": "46614451", "rental_id": "13853135", "vehicle_type": "ebike", "trip_started_at_utc": "2024-07-18T12:53:48", "trip_ended_at_utc": "2024-07-18T12:55:58", "latitude_start": 46.204096, "longitude_start": 6.149168, "latitude_end": 46.207675, "longitude_end": 6.146911, "distance_in_km": 0.43421771543729581, "start_station": null, "end_station": null }, "geometry": { "type": "LineString", "coordinates": [ [ 6.149168, 46.204096 ], [ 6.146911, 46.207675 ] ] } },
{ "type": "Feature", "properties": { "trip_id": "48265050", "rental_id": "14248995", "vehicle_type": "ebike", "trip_started_at_utc": "2024-08-05T20:17:07", "trip_ended_at_utc": "2024-08-05T20:18:39", "latitude_start": 46.204683, "longitude_start": 6.138623, "latitude_end": 46.2041193, "longitude_end": 6.139052, "distance_in_km": 0.070843641347819702, "start_station": null, "end_station": null }, "geometry": { "type": "LineString", "coordinates": [ [ 6.138623, 46.204683 ], [ 6.139052, 46.2041193 ] ] } },
{ "type": "Feature", "properties": { "trip_id": "53612176", "rental_id": "15787192", "vehicle_type": "ebike", "trip_started_at_utc": "2024-10-18T16:34:22", "trip_ended_at_utc": "2024-10-18T16:35:32", "latitude_start": 46.201843, "longitude_start": 6.16253, "latitude_end": 46.2023539, "longitude_end": 6.1618087, "distance_in_km": 0.079428118322377506, "start_station": null, "end_station": null }, "geometry": { "type": "LineString", "coordinates": [ [ 6.16253, 46.201843 ], [ 6.1618087, 46.2023539 ] ] } },
{ "type": "Feature", "properties": { "trip_id": "50815998", "rental_id": "14932063", "vehicle_type": "ebike", "trip_started_at_utc": "2024-09-03T16:19:27", "trip_ended_at_utc": "2024-09-03T16:32:14", "latitude_start": 46.211156, "longitude_start": 6.14678, "latitude_end": 46.201801, "longitude_end": 6.152966, "distance_in_km": 1.1439797210322713, "start_station": null, "end_station": null }, "geometry": { "type": "LineString", "coordinates": [ [ 6.14678, 46.211156 ], [ 6.152966, 46.201801 ] ] } },
{ "type": "Feature", "properties": { "trip_id": "45929403", "rental_id": "13670623", "vehicle_type": "ebike", "trip_started_at_utc": "2024-07-08T14:43:50", "trip_ended_at_utc": "2024-07-08T14:54:08", "latitude_start": 46.199795, "longitude_start": 6.137336, "latitude_end": 46.1999907, "longitude_end": 6.1619835, "distance_in_km": 1.8970723261125055, "start_station": null, "end_station": null }, "geometry": { "type": "LineString", "coordinates": [ [ 6.137336, 46.199795 ], [ 6.1619835, 46.1999907 ] ] } },
{ "type": "Feature", "properties": { "trip_id": "49067757", "rental_id": "14453153", "vehicle_type": "ebike", "trip_started_at_utc": "2024-08-14T12:04:52", "trip_ended_at_utc": "2024-08-14T12:16:22", "latitude_start": 46.201273, "longitude_start": 6.155881, "latitude_end": 46.2101977, "longitude_end": 6.1448612, "distance_in_km": 1.3053637814643293, "start_station": null, "end_station": null }, "geometry": { "type": "LineString", "coordinates": [ [ 6.155881, 46.201273 ], [ 6.1448612, 46.2101977 ] ] } },
{ "type": "Feature", "properties": { "trip_id": "52463240", "rental_id": "15433283", "vehicle_type": "ebike", "trip_started_at_utc": "2024-09-27T16:40:21", "trip_ended_at_utc": "2024-09-27T16:44:37", "latitude_start": 46.201633, "longitude_start": 6.153678, "latitude_end": 46.203476, "longitude_end": 6.144598, "distance_in_km": 0.72822119068842217, "start_station": null, "end_station": null }, "geometry": { "type": "LineString", "coordinates": [ [ 6.153678, 46.201633 ], [ 6.144598, 46.203476 ] ] } },
{ "type": "Feature", "properties": { "trip_id": "46442224", "rental_id": "13809468", "vehicle_type": "ebike", "trip_started_at_utc": "2024-07-16T05:18:33", "trip_ended_at_utc": "2024-07-16T05:26:28", "latitude_start": 46.208475, "longitude_start": 6.14256, "latitude_end": 46.2053912, "longitude_end": 6.1624934, "distance_in_km": 1.5717991220228651, "start_station": null, "end_station": null }, "geometry": { "type": "LineString", "coordinates": [ [ 6.14256, 46.208475 ], [ 6.1624934, 46.2053912 ] ] } },
{ "type": "Feature", "properties": { "trip_id": "51861473", "rental_id": "15244859", "vehicle_type": "ebike", "trip_started_at_utc": "2024-09-18T11:43:57", "trip_ended_at_utc": "2024-09-18T11:47:06", "latitude_start": 46.195043, "longitude_start": 6.142865, "latitude_end": 46.194951, "longitude_end": 6.148648, "distance_in_km": 0.44523469027660711, "start_station": null, "end_station": null }, "geometry": { "type": "LineString", "coordinates": [ [ 6.142865, 46.195043 ], [ 6.148648, 46.194951 ] ] } },
{ "type": "Feature", "properties": { "trip_id": "45728014", "rental_id": "13613934", "vehicle_type": "ebike", "trip_started_at_utc": "2024-07-05T11:44:41", "trip_ended_at_utc": "2024-07-05T11:50:32", "latitude_start": 46.209296, "longitude_start": 6.142435, "latitude_end": 46.1996608, "longitude_end": 6.1374178, "distance_in_km": 1.1388365791823458, "start_station": null, "end_station": null }, "geometry": { "type": "LineString", "coordinates": [ [ 6.142435, 46.209296 ], [ 6.1374178, 46.1996608 ] ] } },
{ "type": "Feature", "properties": { "trip_id": "54084032", "rental_id": "15938349", "vehicle_type": "ebike", "trip_started_at_utc": "2024-10-27T09:20:41", "trip_ended_at_utc": "2024-10-27T09:29:17", "latitude_start": 46.205208, "longitude_start": 6.159851, "latitude_end": 46.2023652, "longitude_end": 6.1416353, "distance_in_km": 1.4370350345742744, "start_station": null, "end_station": null }, "geometry": { "type": "LineString", "coordinates": [ [ 6.159851, 46.205208 ], [ 6.1416353, 46.2023652 ] ] } },
{ "type": "Feature", "properties": { "trip_id": "51809894", "rental_id": "15229156", "vehicle_type": "ebike", "trip_started_at_utc": "2024-09-17T15:06:44", "trip_ended_at_utc": "2024-09-17T15:15:43", "latitude_start": 46.202975, "longitude_start": 6.159166, "latitude_end": 46.1971759, "longitude_end": 6.1429765, "distance_in_km": 1.4029603951668013, "start_station": null, "end_station": null }, "geometry": { "type": "LineString", "coordinates": [ [ 6.159166, 46.202975 ], [ 6.1429765, 46.1971759 ] ] } },
{ "type": "Feature", "properties": { "trip_id": "53620041", "rental_id": "15789531", "vehicle_type": "ebike", "trip_started_at_utc": "2024-10-18T18:26:41", "trip_ended_at_utc": "2024-10-18T18:30:03", "latitude_start": 46.202411, "longitude_start": 6.161795, "latitude_end": 46.2036532, "longitude_end": 6.158667, "distance_in_km": 0.27753975973328371, "start_station": null, "end_station": null }, "geometry": { "type": "LineString", "coordinates": [ [ 6.161795, 46.202411 ], [ 6.158667, 46.2036532 ] ] } },
{ "type": "Feature", "properties": { "trip_id": "50608179", "rental_id": "14869576", "vehicle_type": "ebike", "trip_started_at_utc": "2024-08-31T20:12:22", "trip_ended_at_utc": "2024-08-31T20:17:32", "latitude_start": 46.203958, "longitude_start": 6.148261, "latitude_end": 46.199751, "longitude_end": 6.137751, "distance_in_km": 0.93438648325630236, "start_station": null, "end_station": null }, "geometry": { "type": "LineString", "coordinates": [ [ 6.148261, 46.203958 ], [ 6.137751, 46.199751 ] ] } },
{ "type": "Feature", "properties": { "trip_id": "46582071", "rental_id": "13844102", "vehicle_type": "ebike", "trip_started_at_utc": "2024-07-17T22:46:14", "trip_ended_at_utc": "2024-07-17T22:52:18", "latitude_start": 46.209963, "longitude_start": 6.146975, "latitude_end": 46.1986784, "longitude_end": 6.1471724, "distance_in_km": 1.2548841929195274, "start_station": null, "end_station": null }, "geometry": { "type": "LineString", "coordinates": [ [ 6.146975, 46.209963 ], [ 6.1471724, 46.1986784 ] ] } },
{ "type": "Feature", "properties": { "trip_id": "53772527", "rental_id": "15835562", "vehicle_type": "ebike", "trip_started_at_utc": "2024-10-21T14:56:38", "trip_ended_at_utc": "2024-10-21T15:00:57", "latitude_start": 46.207121, "longitude_start": 6.148175, "latitude_end": 46.2071664, "longitude_end": 6.1474278, "distance_in_km": 0.057720409663232997, "start_station": null, "end_station": null }, "geometry": { "type": "LineString", "coordinates": [ [ 6.148175, 46.207121 ], [ 6.1474278, 46.2071664 ] ] } },
{ "type": "Feature", "properties": { "trip_id": "48213947", "rental_id": "14238577", "vehicle_type": "ebike", "trip_started_at_utc": "2024-08-05T12:17:34", "trip_ended_at_utc": "2024-08-05T12:20:33", "latitude_start": 46.20689, "longitude_start": 6.147415, "latitude_end": 46.203968, "longitude_end": 6.1433126, "distance_in_km": 0.45302904669996807, "start_station": null, "end_station": null }, "geometry": { "type": "LineString", "coordinates": [ [ 6.147415, 46.20689 ], [ 6.1433126, 46.203968 ] ] } },
{ "type": "Feature", "properties": { "trip_id": "52825525", "rental_id": "15551595", "vehicle_type": "ebike", "trip_started_at_utc": "2024-10-04T15:09:26", "trip_ended_at_utc": "2024-10-04T15:12:56", "latitude_start": 46.202985, "longitude_start": 6.148331, "latitude_end": 46.2038356, "longitude_end": 6.1433963, "distance_in_km": 0.39136634653566771, "start_station": null, "end_station": null }, "geometry": { "type": "LineString", "coordinates": [ [ 6.148331, 46.202985 ], [ 6.1433963, 46.2038356 ] ] } },
{ "type": "Feature", "properties": { "trip_id": "48524178", "rental_id": "14314980", "vehicle_type": "ebike", "trip_started_at_utc": "2024-08-08T15:46:47", "trip_ended_at_utc": "2024-08-08T15:58:53", "latitude_start": 46.202361, "longitude_start": 6.161736, "latitude_end": 46.210316, "longitude_end": 6.143646, "distance_in_km": 1.6493574957871318, "start_station": null, "end_station": null }, "geometry": { "type": "LineString", "coordinates": [ [ 6.161736, 46.202361 ], [ 6.143646, 46.210316 ] ] } },
{ "type": "Feature", "properties": { "trip_id": "47883820", "rental_id": "14159635", "vehicle_type": "ebike", "trip_started_at_utc": "2024-08-01T18:10:00", "trip_ended_at_utc": "2024-08-01T18:17:21", "latitude_start": 46.210393, "longitude_start": 6.143945, "latitude_end": 46.2112394, "longitude_end": 6.1528508, "distance_in_km": 0.69171417479331454, "start_station": null, "end_station": null }, "geometry": { "type": "LineString", "coordinates": [ [ 6.143945, 46.210393 ], [ 6.1528508, 46.2112394 ] ] } },
{ "type": "Feature", "properties": { "trip_id": "50109783", "rental_id": "14724038", "vehicle_type": "ebike", "trip_started_at_utc": "2024-08-26T06:51:13", "trip_ended_at_utc": "2024-08-26T06:53:52", "latitude_start": 46.209256, "longitude_start": 6.14252, "latitude_end": 46.20639, "longitude_end": 6.142618, "distance_in_km": 0.318774375211614, "start_station": null, "end_station": null }, "geometry": { "type": "LineString", "coordinates": [ [ 6.14252, 46.209256 ], [ 6.142618, 46.20639 ] ] } },
{ "type": "Feature", "properties": { "trip_id": "48682737", "rental_id": "14355350", "vehicle_type": "ebike", "trip_started_at_utc": "2024-08-10T12:03:35", "trip_ended_at_utc": "2024-08-10T12:07:23", "latitude_start": 46.199788, "longitude_start": 6.155438, "latitude_end": 46.2012694, "longitude_end": 6.1557999, "distance_in_km": 0.16706257431723051, "start_station": null, "end_station": null }, "geometry": { "type": "LineString", "coordinates": [ [ 6.155438, 46.199788 ], [ 6.1557999, 46.2012694 ] ] } },
{ "type": "Feature", "properties": { "trip_id": "48473200", "rental_id": "14303278", "vehicle_type": "ebike", "trip_started_at_utc": "2024-08-08T08:22:02", "trip_ended_at_utc": "2024-08-08T08:36:00", "latitude_start": 46.196635, "longitude_start": 6.143525, "latitude_end": 46.206374, "longitude_end": 6.1446945, "distance_in_km": 1.0866629824924432, "start_station": null, "end_station": null }, "geometry": { "type": "LineString", "coordinates": [ [ 6.143525, 46.196635 ], [ 6.1446945, 46.206374 ] ] } },
{ "type": "Feature", "properties": { "trip_id": "48946866", "rental_id": "14422115", "vehicle_type": "ebike", "trip_started_at_utc": "2024-08-13T06:28:19", "trip_ended_at_utc": "2024-08-13T06:33:36", "latitude_start": 46.198825, "longitude_start": 6.149591, "latitude_end": 46.2092745, "longitude_end": 6.1424907, "distance_in_km": 1.2840027943024197, "start_station": null, "end_station": null }, "geometry": { "type": "LineString", "coordinates": [ [ 6.149591, 46.198825 ], [ 6.1424907, 46.2092745 ] ] } },
{ "type": "Feature", "properties": { "trip_id": "53188692", "rental_id": "15667225", "vehicle_type": "ebike", "trip_started_at_utc": "2024-10-11T13:38:50", "trip_ended_at_utc": "2024-10-11T13:51:43", "latitude_start": 46.211085, "longitude_start": 6.152618, "latitude_end": 46.2063204, "longitude_end": 6.1445308, "distance_in_km": 0.81729153588250247, "start_station": null, "end_station": null }, "geometry": { "type": "LineString", "coordinates": [ [ 6.152618, 46.211085 ], [ 6.1445308, 46.2063204 ] ] } },
{ "type": "Feature", "properties": { "trip_id": "53604814", "rental_id": "15785172", "vehicle_type": "ebike", "trip_started_at_utc": "2024-10-18T15:08:58", "trip_ended_at_utc": "2024-10-18T15:14:19", "latitude_start": 46.203728, "longitude_start": 6.143598, "latitude_end": 46.201536, "longitude_end": 6.15569, "distance_in_km": 0.96198178216993036, "start_station": null, "end_station": null }, "geometry": { "type": "LineString", "coordinates": [ [ 6.143598, 46.203728 ], [ 6.15569, 46.201536 ] ] } },
{ "type": "Feature", "properties": { "trip_id": "46828480", "rental_id": "13905575", "vehicle_type": "ebike", "trip_started_at_utc": "2024-07-20T16:17:19", "trip_ended_at_utc": "2024-07-20T16:23:46", "latitude_start": 46.204141, "longitude_start": 6.149393, "latitude_end": 46.196378, "longitude_end": 6.14801, "distance_in_km": 0.86974514614240683, "start_station": null, "end_station": null }, "geometry": { "type": "LineString", "coordinates": [ [ 6.149393, 46.204141 ], [ 6.14801, 46.196378 ] ] } },
{ "type": "Feature", "properties": { "trip_id": "54296217", "rental_id": "16008070", "vehicle_type": "ebike", "trip_started_at_utc": "2024-10-31T16:37:14", "trip_ended_at_utc": "2024-10-31T16:43:42", "latitude_start": 46.203968, "longitude_start": 6.143203, "latitude_end": 46.212035, "longitude_end": 6.149651, "distance_in_km": 1.0250989103343151, "start_station": null, "end_station": null }, "geometry": { "type": "LineString", "coordinates": [ [ 6.143203, 46.203968 ], [ 6.149651, 46.212035 ] ] } },
{ "type": "Feature", "properties": { "trip_id": "47606038", "rental_id": "14092226", "vehicle_type": "ebike", "trip_started_at_utc": "2024-07-29T16:34:08", "trip_ended_at_utc": "2024-07-29T16:40:00", "latitude_start": 46.202863, "longitude_start": 6.153963, "latitude_end": 46.202736, "longitude_end": 6.161581, "distance_in_km": 0.58644378220912297, "start_station": null, "end_station": null }, "geometry": { "type": "LineString", "coordinates": [ [ 6.153963, 46.202863 ], [ 6.161581, 46.202736 ] ] } },
{ "type": "Feature", "properties": { "trip_id": "52911203", "rental_id": "15575661", "vehicle_type": "ebike", "trip_started_at_utc": "2024-10-05T16:41:41", "trip_ended_at_utc": "2024-10-05T16:49:06", "latitude_start": 46.204498, "longitude_start": 6.15917, "latitude_end": 46.1995712, "longitude_end": 6.1410457, "distance_in_km": 1.4985740139205166, "start_station": null, "end_station": null }, "geometry": { "type": "LineString", "coordinates": [ [ 6.15917, 46.204498 ], [ 6.1410457, 46.1995712 ] ] } },
{ "type": "Feature", "properties": { "trip_id": "52585123", "rental_id": "15469709", "vehicle_type": "ebike", "trip_started_at_utc": "2024-09-29T17:16:15", "trip_ended_at_utc": "2024-09-29T17:26:46", "latitude_start": 46.211278, "longitude_start": 6.152465, "latitude_end": 46.204009, "longitude_end": 6.1619834, "distance_in_km": 1.0907853375915528, "start_station": null, "end_station": null }, "geometry": { "type": "LineString", "coordinates": [ [ 6.152465, 46.211278 ], [ 6.1619834, 46.204009 ] ] } },
{ "type": "Feature", "properties": { "trip_id": "46893427", "rental_id": "13921123", "vehicle_type": "ebike", "trip_started_at_utc": "2024-07-21T10:58:50", "trip_ended_at_utc": "2024-07-21T11:00:08", "latitude_start": 46.209408, "longitude_start": 6.143191, "latitude_end": 46.2093331, "longitude_end": 6.1426752, "distance_in_km": 0.0405551043072871, "start_station": null, "end_station": null }, "geometry": { "type": "LineString", "coordinates": [ [ 6.143191, 46.209408 ], [ 6.1426752, 46.2093331 ] ] } },
{ "type": "Feature", "properties": { "trip_id": "53576020", "rental_id": "15776456", "vehicle_type": "ebike", "trip_started_at_utc": "2024-10-18T06:52:14", "trip_ended_at_utc": "2024-10-18T06:58:13", "latitude_start": 46.203256, "longitude_start": 6.151403, "latitude_end": 46.201219, "longitude_end": 6.1557904, "distance_in_km": 0.40658833901019709, "start_station": null, "end_station": null }, "geometry": { "type": "LineString", "coordinates": [ [ 6.151403, 46.203256 ], [ 6.1557904, 46.201219 ] ] } },
{ "type": "Feature", "properties": { "trip_id": "46585941", "rental_id": "13845440", "vehicle_type": "ebike", "trip_started_at_utc": "2024-07-18T05:18:52", "trip_ended_at_utc": "2024-07-18T05:27:33", "latitude_start": 46.209291, "longitude_start": 6.142498, "latitude_end": 46.2053112, "longitude_end": 6.162374, "distance_in_km": 1.5922447265622075, "start_station": null, "end_station": null }, "geometry": { "type": "LineString", "coordinates": [ [ 6.142498, 46.209291 ], [ 6.162374, 46.2053112 ] ] } },
{ "type": "Feature", "properties": { "trip_id": "48040719", "rental_id": "14198146", "vehicle_type": "ebike", "trip_started_at_utc": "2024-08-03T12:20:03", "trip_ended_at_utc": "2024-08-03T12:30:29", "latitude_start": 46.20141, "longitude_start": 6.139271, "latitude_end": 46.2081304, "longitude_end": 6.1487206, "distance_in_km": 1.0427123179305653, "start_station": null, "end_station": null }, "geometry": { "type": "LineString", "coordinates": [ [ 6.139271, 46.20141 ], [ 6.1487206, 46.2081304 ] ] } },
{ "type": "Feature", "properties": { "trip_id": "51456850", "rental_id": "15125760", "vehicle_type": "ebike", "trip_started_at_utc": "2024-09-12T15:48:05", "trip_ended_at_utc": "2024-09-12T15:59:15", "latitude_start": 46.207045, "longitude_start": 6.139911, "latitude_end": 46.2024678, "longitude_end": 6.160766, "distance_in_km": 1.6836924371715918, "start_station": null, "end_station": null }, "geometry": { "type": "LineString", "coordinates": [ [ 6.139911, 46.207045 ], [ 6.160766, 46.2024678 ] ] } },
{ "type": "Feature", "properties": { "trip_id": "51299027", "rental_id": "15072584", "vehicle_type": "ebike", "trip_started_at_utc": "2024-09-09T16:13:26", "trip_ended_at_utc": "2024-09-09T16:20:46", "latitude_start": 46.19975, "longitude_start": 6.143218, "latitude_end": 46.2114402, "longitude_end": 6.1497135, "distance_in_km": 1.3926893255592336, "start_station": null, "end_station": null }, "geometry": { "type": "LineString", "coordinates": [ [ 6.143218, 46.19975 ], [ 6.1497135, 46.2114402 ] ] } },
{ "type": "Feature", "properties": { "trip_id": "46647553", "rental_id": "13861005", "vehicle_type": "ebike", "trip_started_at_utc": "2024-07-18T18:38:30", "trip_ended_at_utc": "2024-07-18T18:46:34", "latitude_start": 46.202115, "longitude_start": 6.142131, "latitude_end": 46.2025378, "longitude_end": 6.1416659, "distance_in_km": 0.059088541132173503, "start_station": null, "end_station": null }, "geometry": { "type": "LineString", "coordinates": [ [ 6.142131, 46.202115 ], [ 6.1416659, 46.2025378 ] ] } },
{ "type": "Feature", "properties": { "trip_id": "49261106", "rental_id": "14502527", "vehicle_type": "ebike", "trip_started_at_utc": "2024-08-16T12:33:13", "trip_ended_at_utc": "2024-08-16T12:40:08", "latitude_start": 46.206821, "longitude_start": 6.143813, "latitude_end": 46.2101753, "longitude_end": 6.1480808, "distance_in_km": 0.49696030032137678, "start_station": null, "end_station": null }, "geometry": { "type": "LineString", "coordinates": [ [ 6.143813, 46.206821 ], [ 6.1480808, 46.2101753 ] ] } },
{ "type": "Feature", "properties": { "trip_id": "46756172", "rental_id": "13888356", "vehicle_type": "ebike", "trip_started_at_utc": "2024-07-19T23:05:18", "trip_ended_at_utc": "2024-07-19T23:06:41", "latitude_start": 46.195628, "longitude_start": 6.155533, "latitude_end": 46.1957515, "longitude_end": 6.1556019, "distance_in_km": 0.0147209949081273, "start_station": null, "end_station": null }, "geometry": { "type": "LineString", "coordinates": [ [ 6.155533, 46.195628 ], [ 6.1556019, 46.1957515 ] ] } },
{ "type": "Feature", "properties": { "trip_id": "47544568", "rental_id": "14076701", "vehicle_type": "ebike", "trip_started_at_utc": "2024-07-28T21:22:01", "trip_ended_at_utc": "2024-07-28T21:40:33", "latitude_start": 46.206461, "longitude_start": 6.161798, "latitude_end": 46.1963752, "longitude_end": 6.1432434, "distance_in_km": 1.8157281741464464, "start_station": null, "end_station": null }, "geometry": { "type": "LineString", "coordinates": [ [ 6.161798, 46.206461 ], [ 6.1432434, 46.1963752 ] ] } },
{ "type": "Feature", "properties": { "trip_id": "52713014", "rental_id": "15514332", "vehicle_type": "ebike", "trip_started_at_utc": "2024-10-02T15:49:22", "trip_ended_at_utc": "2024-10-02T15:51:19", "latitude_start": 46.204231, "longitude_start": 6.158571, "latitude_end": 46.2036148, "longitude_end": 6.1608165, "distance_in_km": 0.18589607707733971, "start_station": null, "end_station": null }, "geometry": { "type": "LineString", "coordinates": [ [ 6.158571, 46.204231 ], [ 6.1608165, 46.2036148 ] ] } },
{ "type": "Feature", "properties": { "trip_id": "52380806", "rental_id": "15404274", "vehicle_type": "ebike", "trip_started_at_utc": "2024-09-25T20:15:14", "trip_ended_at_utc": "2024-09-25T20:21:10", "latitude_start": 46.201258, "longitude_start": 6.15573, "latitude_end": 46.2106452, "longitude_end": 6.1469977, "distance_in_km": 1.2414153354451023, "start_station": null, "end_station": null }, "geometry": { "type": "LineString", "coordinates": [ [ 6.15573, 46.201258 ], [ 6.1469977, 46.2106452 ] ] } },
{ "type": "Feature", "properties": { "trip_id": "46638647", "rental_id": "13858981", "vehicle_type": "ebike", "trip_started_at_utc": "2024-07-18T16:53:28", "trip_ended_at_utc": "2024-07-18T17:00:38", "latitude_start": 46.211271, "longitude_start": 6.15254, "latitude_end": 46.2016955, "longitude_end": 6.1506726, "distance_in_km": 1.0744023943064376, "start_station": null, "end_station": null }, "geometry": { "type": "LineString", "coordinates": [ [ 6.15254, 46.211271 ], [ 6.1506726, 46.2016955 ] ] } },
{ "type": "Feature", "properties": { "trip_id": "53177934", "rental_id": "15664111", "vehicle_type": "ebike", "trip_started_at_utc": "2024-10-11T10:48:08", "trip_ended_at_utc": "2024-10-11T10:59:14", "latitude_start": 46.202625, "longitude_start": 6.161998, "latitude_end": 46.2071612, "longitude_end": 6.140176, "distance_in_km": 1.7534509614110041, "start_station": null, "end_station": null }, "geometry": { "type": "LineString", "coordinates": [ [ 6.161998, 46.202625 ], [ 6.140176, 46.2071612 ] ] } },
{ "type": "Feature", "properties": { "trip_id": "48092679", "rental_id": "14208782", "vehicle_type": "ebike", "trip_started_at_utc": "2024-08-03T19:49:05", "trip_ended_at_utc": "2024-08-03T20:07:15", "latitude_start": 46.196531, "longitude_start": 6.143315, "latitude_end": 46.2031202, "longitude_end": 6.1587259, "distance_in_km": 1.3941291765340107, "start_station": null, "end_station": null }, "geometry": { "type": "LineString", "coordinates": [ [ 6.143315, 46.196531 ], [ 6.1587259, 46.2031202 ] ] } },
{ "type": "Feature", "properties": { "trip_id": "46601561", "rental_id": "13850188", "vehicle_type": "ebike", "trip_started_at_utc": "2024-07-18T10:23:45", "trip_ended_at_utc": "2024-07-18T10:36:33", "latitude_start": 46.196821, "longitude_start": 6.143091, "latitude_end": 46.2113117, "longitude_end": 6.1525465, "distance_in_km": 1.7679857038269158, "start_station": null, "end_station": null }, "geometry": { "type": "LineString", "coordinates": [ [ 6.143091, 46.196821 ], [ 6.1525465, 46.2113117 ] ] } },
{ "type": "Feature", "properties": { "trip_id": "46725379", "rental_id": "13880872", "vehicle_type": "ebike", "trip_started_at_utc": "2024-07-19T16:46:19", "trip_ended_at_utc": "2024-07-19T16:54:11", "latitude_start": 46.203963, "longitude_start": 6.143366, "latitude_end": 46.2111317, "longitude_end": 6.1524829, "distance_in_km": 1.0618867015403457, "start_station": null, "end_station": null }, "geometry": { "type": "LineString", "coordinates": [ [ 6.143366, 46.203963 ], [ 6.1524829, 46.2111317 ] ] } },
{ "type": "Feature", "properties": { "trip_id": "48064271", "rental_id": "14202704", "vehicle_type": "ebike", "trip_started_at_utc": "2024-08-03T15:16:09", "trip_ended_at_utc": "2024-08-03T15:18:47", "latitude_start": 46.211243, "longitude_start": 6.152428, "latitude_end": 46.2111748, "longitude_end": 6.1525064, "distance_in_km": 0.0096903343992499006, "start_station": null, "end_station": null }, "geometry": { "type": "LineString", "coordinates": [ [ 6.152428, 46.211243 ], [ 6.1525064, 46.2111748 ] ] } },
{ "type": "Feature", "properties": { "trip_id": "48447877", "rental_id": "14295431", "vehicle_type": "ebike", "trip_started_at_utc": "2024-08-07T18:52:06", "trip_ended_at_utc": "2024-08-07T18:54:50", "latitude_start": 46.203116, "longitude_start": 6.155145, "latitude_end": 46.2014761, "longitude_end": 6.153037, "distance_in_km": 0.2440697117263054, "start_station": null, "end_station": null }, "geometry": { "type": "LineString", "coordinates": [ [ 6.155145, 46.203116 ], [ 6.153037, 46.2014761 ] ] } },
{ "type": "Feature", "properties": { "trip_id": "47546071", "rental_id": "14077107", "vehicle_type": "ebike", "trip_started_at_utc": "2024-07-28T22:17:06", "trip_ended_at_utc": "2024-07-28T22:17:45", "latitude_start": 46.200121, "longitude_start": 6.148538, "latitude_end": 46.2000579, "longitude_end": 6.1486207, "distance_in_km": 0.0094731729567703992, "start_station": null, "end_station": null }, "geometry": { "type": "LineString", "coordinates": [ [ 6.148538, 46.200121 ], [ 6.1486207, 46.2000579 ] ] } },
{ "type": "Feature", "properties": { "trip_id": "52571968", "rental_id": "15466290", "vehicle_type": "ebike", "trip_started_at_utc": "2024-09-29T14:13:00", "trip_ended_at_utc": "2024-09-29T14:18:12", "latitude_start": 46.206823, "longitude_start": 6.147438, "latitude_end": 46.2112599, "longitude_end": 6.1525879, "distance_in_km": 0.63280987654885634, "start_station": null, "end_station": null }, "geometry": { "type": "LineString", "coordinates": [ [ 6.147438, 46.206823 ], [ 6.1525879, 46.2112599 ] ] } },
{ "type": "Feature", "properties": { "trip_id": "45646841", "rental_id": "13587241", "vehicle_type": "ebike", "trip_started_at_utc": "2024-07-03T18:32:14", "trip_ended_at_utc": "2024-07-03T18:34:16", "latitude_start": 46.208783, "longitude_start": 6.140101, "latitude_end": 46.207083, "longitude_end": 6.147206, "distance_in_km": 0.57849849825408284, "start_station": null, "end_station": null }, "geometry": { "type": "LineString", "coordinates": [ [ 6.140101, 46.208783 ], [ 6.147206, 46.207083 ] ] } },
{ "type": "Feature", "properties": { "trip_id": "46840998", "rental_id": "13908065", "vehicle_type": "ebike", "trip_started_at_utc": "2024-07-20T17:58:16", "trip_ended_at_utc": "2024-07-20T17:59:52", "latitude_start": 46.201706, "longitude_start": 6.15264, "latitude_end": 46.2014789, "longitude_end": 6.1530468, "distance_in_km": 0.040222514720077401, "start_station": null, "end_station": null }, "geometry": { "type": "LineString", "coordinates": [ [ 6.15264, 46.201706 ], [ 6.1530468, 46.2014789 ] ] } },
{ "type": "Feature", "properties": { "trip_id": "49645793", "rental_id": "14595777", "vehicle_type": "ebike", "trip_started_at_utc": "2024-08-20T11:48:02", "trip_ended_at_utc": "2024-08-20T11:52:27", "latitude_start": 46.199986, "longitude_start": 6.142831, "latitude_end": 46.207385, "longitude_end": 6.145561, "distance_in_km": 0.84913405296143851, "start_station": null, "end_station": null }, "geometry": { "type": "LineString", "coordinates": [ [ 6.142831, 46.199986 ], [ 6.145561, 46.207385 ] ] } },
{ "type": "Feature", "properties": { "trip_id": "47667780", "rental_id": "14107545", "vehicle_type": "ebike", "trip_started_at_utc": "2024-07-30T12:46:54", "trip_ended_at_utc": "2024-07-30T13:04:16", "latitude_start": 46.202388, "longitude_start": 6.1616, "latitude_end": 46.1965154, "longitude_end": 6.1433059, "distance_in_km": 1.5520395714093445, "start_station": null, "end_station": null }, "geometry": { "type": "LineString", "coordinates": [ [ 6.1616, 46.202388 ], [ 6.1433059, 46.1965154 ] ] } },
{ "type": "Feature", "properties": { "trip_id": "47966274", "rental_id": "14178987", "vehicle_type": "ebike", "trip_started_at_utc": "2024-08-02T16:04:32", "trip_ended_at_utc": "2024-08-02T16:50:22", "latitude_start": 46.203691, "longitude_start": 6.148731, "latitude_end": 46.1974601, "longitude_end": 6.1462697, "distance_in_km": 0.71827397665260095, "start_station": null, "end_station": null }, "geometry": { "type": "LineString", "coordinates": [ [ 6.148731, 46.203691 ], [ 6.1462697, 46.1974601 ] ] } },
{ "type": "Feature", "properties": { "trip_id": "49937592", "rental_id": "14676802", "vehicle_type": "ebike", "trip_started_at_utc": "2024-08-23T23:48:13", "trip_ended_at_utc": "2024-08-23T23:53:03", "latitude_start": 46.20628, "longitude_start": 6.139163, "latitude_end": 46.2061206, "longitude_end": 6.1396878, "distance_in_km": 0.044103895085188499, "start_station": null, "end_station": null }, "geometry": { "type": "LineString", "coordinates": [ [ 6.139163, 46.20628 ], [ 6.1396878, 46.2061206 ] ] } },
{ "type": "Feature", "properties": { "trip_id": "48536188", "rental_id": "14317783", "vehicle_type": "ebike", "trip_started_at_utc": "2024-08-08T17:25:24", "trip_ended_at_utc": "2024-08-08T18:23:19", "latitude_start": 46.194598, "longitude_start": 6.148221, "latitude_end": 46.1941756, "longitude_end": 6.1487744, "distance_in_km": 0.063407077176194607, "start_station": null, "end_station": null }, "geometry": { "type": "LineString", "coordinates": [ [ 6.148221, 46.194598 ], [ 6.1487744, 46.1941756 ] ] } },
{ "type": "Feature", "properties": { "trip_id": "50602423", "rental_id": "14868138", "vehicle_type": "ebike", "trip_started_at_utc": "2024-08-31T18:51:44", "trip_ended_at_utc": "2024-08-31T18:56:50", "latitude_start": 46.210356, "longitude_start": 6.144881, "latitude_end": 46.2040994, "longitude_end": 6.1480129, "distance_in_km": 0.73626634632798682, "start_station": null, "end_station": null }, "geometry": { "type": "LineString", "coordinates": [ [ 6.144881, 46.210356 ], [ 6.1480129, 46.2040994 ] ] } },
{ "type": "Feature", "properties": { "trip_id": "53575970", "rental_id": "15776456", "vehicle_type": "ebike", "trip_started_at_utc": "2024-10-18T06:51:03", "trip_ended_at_utc": "2024-10-18T06:52:14", "latitude_start": 46.203285, "longitude_start": 6.151315, "latitude_end": 46.203256, "longitude_end": 6.151403, "distance_in_km": 0.0075008623674989996, "start_station": null, "end_station": null }, "geometry": { "type": "LineString", "coordinates": [ [ 6.151315, 46.203285 ], [ 6.151403, 46.203256 ] ] } },
{ "type": "Feature", "properties": { "trip_id": "50464761", "rental_id": "14830291", "vehicle_type": "ebike", "trip_started_at_utc": "2024-08-30T12:32:27", "trip_ended_at_utc": "2024-08-30T12:41:01", "latitude_start": 46.201613, "longitude_start": 6.15374, "latitude_end": 46.2041923, "longitude_end": 6.1392035, "distance_in_km": 1.1548918267258861, "start_station": null, "end_station": null }, "geometry": { "type": "LineString", "coordinates": [ [ 6.15374, 46.201613 ], [ 6.1392035, 46.2041923 ] ] } },
{ "type": "Feature", "properties": { "trip_id": "51333654", "rental_id": "15084950", "vehicle_type": "ebike", "trip_started_at_utc": "2024-09-10T11:15:04", "trip_ended_at_utc": "2024-09-10T11:22:09", "latitude_start": 46.206745, "longitude_start": 6.161688, "latitude_end": 46.204426, "longitude_end": 6.147318, "distance_in_km": 1.1355110761550802, "start_station": null, "end_station": null }, "geometry": { "type": "LineString", "coordinates": [ [ 6.161688, 46.206745 ], [ 6.147318, 46.204426 ] ] } },
{ "type": "Feature", "properties": { "trip_id": "47588441", "rental_id": "14087892", "vehicle_type": "ebike", "trip_started_at_utc": "2024-07-29T14:04:58", "trip_ended_at_utc": "2024-07-29T14:07:38", "latitude_start": 46.20132, "longitude_start": 6.153365, "latitude_end": 46.2018383, "longitude_end": 6.1506262, "distance_in_km": 0.2185170719168176, "start_station": null, "end_station": null }, "geometry": { "type": "LineString", "coordinates": [ [ 6.153365, 46.20132 ], [ 6.1506262, 46.2018383 ] ] } },
{ "type": "Feature", "properties": { "trip_id": "48014748", "rental_id": "14192246", "vehicle_type": "ebike", "trip_started_at_utc": "2024-08-03T08:34:38", "trip_ended_at_utc": "2024-08-03T08:41:02", "latitude_start": 46.197458, "longitude_start": 6.146245, "latitude_end": 46.1949988, "longitude_end": 6.1538442, "distance_in_km": 0.64566226791088865, "start_station": null, "end_station": null }, "geometry": { "type": "LineString", "coordinates": [ [ 6.146245, 46.197458 ], [ 6.1538442, 46.1949988 ] ] } },
{ "type": "Feature", "properties": { "trip_id": "49647134", "rental_id": "14595777", "vehicle_type": "ebike", "trip_started_at_utc": "2024-08-20T12:01:11", "trip_ended_at_utc": "2024-08-20T12:05:12", "latitude_start": 46.206983, "longitude_start": 6.143296, "latitude_end": 46.1999249, "longitude_end": 6.1429249, "distance_in_km": 0.78534559312339891, "start_station": null, "end_station": null }, "geometry": { "type": "LineString", "coordinates": [ [ 6.143296, 46.206983 ], [ 6.1429249, 46.1999249 ] ] } },
{ "type": "Feature", "properties": { "trip_id": "44097881", "rental_id": "13100066", "vehicle_type": "ebike", "trip_started_at_utc": "2024-06-08T10:01:58", "trip_ended_at_utc": "2024-06-08T10:05:42", "latitude_start": 46.20422, "longitude_start": 6.161588, "latitude_end": 46.1999756, "longitude_end": 6.1619057, "distance_in_km": 0.47258939661491473, "start_station": null, "end_station": null }, "geometry": { "type": "LineString", "coordinates": [ [ 6.161588, 46.20422 ], [ 6.1619057, 46.1999756 ] ] } },
{ "type": "Feature", "properties": { "trip_id": "47963771", "rental_id": "14178987", "vehicle_type": "ebike", "trip_started_at_utc": "2024-08-02T15:45:30", "trip_ended_at_utc": "2024-08-02T15:52:48", "latitude_start": 46.196498, "longitude_start": 6.143433, "latitude_end": 46.203075, "longitude_end": 6.14928, "distance_in_km": 0.85868936954728203, "start_station": null, "end_station": null }, "geometry": { "type": "LineString", "coordinates": [ [ 6.143433, 46.196498 ], [ 6.14928, 46.203075 ] ] } },
{ "type": "Feature", "properties": { "trip_id": "46579292", "rental_id": "13843072", "vehicle_type": "ebike", "trip_started_at_utc": "2024-07-17T21:04:27", "trip_ended_at_utc": "2024-07-17T21:06:53", "latitude_start": 46.197995, "longitude_start": 6.143491, "latitude_end": 46.1970433, "longitude_end": 6.1430735, "distance_in_km": 0.11059547502769181, "start_station": null, "end_station": null }, "geometry": { "type": "LineString", "coordinates": [ [ 6.143491, 46.197995 ], [ 6.1430735, 46.1970433 ] ] } },
{ "type": "Feature", "properties": { "trip_id": "50810172", "rental_id": "14930260", "vehicle_type": "ebike", "trip_started_at_utc": "2024-09-03T15:25:26", "trip_ended_at_utc": "2024-09-03T15:32:39", "latitude_start": 46.20261, "longitude_start": 6.14139, "latitude_end": 46.210826, "longitude_end": 6.149436, "distance_in_km": 1.1036283488010534, "start_station": null, "end_station": null }, "geometry": { "type": "LineString", "coordinates": [ [ 6.14139, 46.20261 ], [ 6.149436, 46.210826 ] ] } },
{ "type": "Feature", "properties": { "trip_id": "52129589", "rental_id": "15325789", "vehicle_type": "ebike", "trip_started_at_utc": "2024-09-21T17:45:49", "trip_ended_at_utc": "2024-09-21T17:59:21", "latitude_start": 46.210443, "longitude_start": 6.151793, "latitude_end": 46.211275, "longitude_end": 6.1444912, "distance_in_km": 0.56942253126981102, "start_station": null, "end_station": null }, "geometry": { "type": "LineString", "coordinates": [ [ 6.151793, 46.210443 ], [ 6.1444912, 46.211275 ] ] } },
{ "type": "Feature", "properties": { "trip_id": "52571099", "rental_id": "15466059", "vehicle_type": "ebike", "trip_started_at_utc": "2024-09-29T14:01:26", "trip_ended_at_utc": "2024-09-29T14:10:32", "latitude_start": 46.211543, "longitude_start": 6.149705, "latitude_end": 46.204213, "longitude_end": 6.14653, "distance_in_km": 0.85089148653233126, "start_station": null, "end_station": null }, "geometry": { "type": "LineString", "coordinates": [ [ 6.149705, 46.211543 ], [ 6.14653, 46.204213 ] ] } },
{ "type": "Feature", "properties": { "trip_id": "45559060", "rental_id": "13559499", "vehicle_type": "ebike", "trip_started_at_utc": "2024-07-02T09:24:26", "trip_ended_at_utc": "2024-07-02T09:25:38", "latitude_start": 46.205558, "longitude_start": 6.14291, "latitude_end": 46.2056219, "longitude_end": 6.1428277, "distance_in_km": 0.0095183115631710998, "start_station": null, "end_station": null }, "geometry": { "type": "LineString", "coordinates": [ [ 6.14291, 46.205558 ], [ 6.1428277, 46.2056219 ] ] } },
{ "type": "Feature", "properties": { "trip_id": "54496798", "rental_id": "16067767", "vehicle_type": "ebike", "trip_started_at_utc": "2024-11-04T16:54:46", "trip_ended_at_utc": "2024-11-04T16:57:56", "latitude_start": 46.203506, "longitude_start": 6.161051, "latitude_end": 46.2023294, "longitude_end": 6.1577141, "distance_in_km": 0.28821056354261249, "start_station": null, "end_station": null }, "geometry": { "type": "LineString", "coordinates": [ [ 6.161051, 46.203506 ], [ 6.1577141, 46.2023294 ] ] } },
{ "type": "Feature", "properties": { "trip_id": "50756216", "rental_id": "14912511", "vehicle_type": "ebike", "trip_started_at_utc": "2024-09-02T18:30:06", "trip_ended_at_utc": "2024-09-02T18:38:20", "latitude_start": 46.211393, "longitude_start": 6.147698, "latitude_end": 46.2001149, "longitude_end": 6.1484749, "distance_in_km": 1.2554937798893595, "start_station": null, "end_station": null }, "geometry": { "type": "LineString", "coordinates": [ [ 6.147698, 46.211393 ], [ 6.1484749, 46.2001149 ] ] } },
{ "type": "Feature", "properties": { "trip_id": "46087439", "rental_id": "13714788", "vehicle_type": "ebike", "trip_started_at_utc": "2024-07-10T18:55:55", "trip_ended_at_utc": "2024-07-10T18:57:02", "latitude_start": 46.198765, "longitude_start": 6.141726, "latitude_end": 46.1996301, "longitude_end": 6.1411689, "distance_in_km": 0.10531792134034521, "start_station": null, "end_station": null }, "geometry": { "type": "LineString", "coordinates": [ [ 6.141726, 46.198765 ], [ 6.1411689, 46.1996301 ] ] } },
{ "type": "Feature", "properties": { "trip_id": "48752706", "rental_id": "14372164", "vehicle_type": "ebike", "trip_started_at_utc": "2024-08-10T21:45:32", "trip_ended_at_utc": "2024-08-10T21:56:49", "latitude_start": 46.21131, "longitude_start": 6.152441, "latitude_end": 46.1998127, "longitude_end": 6.1428862, "distance_in_km": 1.4748119962733242, "start_station": null, "end_station": null }, "geometry": { "type": "LineString", "coordinates": [ [ 6.152441, 46.21131 ], [ 6.1428862, 46.1998127 ] ] } },
{ "type": "Feature", "properties": { "trip_id": "54339899", "rental_id": "16021846", "vehicle_type": "ebike", "trip_started_at_utc": "2024-11-01T13:37:38", "trip_ended_at_utc": "2024-11-01T13:39:15", "latitude_start": 46.206701, "longitude_start": 6.146543, "latitude_end": 46.206613, "longitude_end": 6.145193, "distance_in_km": 0.10434718257081629, "start_station": null, "end_station": null }, "geometry": { "type": "LineString", "coordinates": [ [ 6.146543, 46.206701 ], [ 6.145193, 46.206613 ] ] } },
{ "type": "Feature", "properties": { "trip_id": "48468327", "rental_id": "14301743", "vehicle_type": "ebike", "trip_started_at_utc": "2024-08-08T06:58:43", "trip_ended_at_utc": "2024-08-08T07:05:15", "latitude_start": 46.207041, "longitude_start": 6.147418, "latitude_end": 46.1955711, "longitude_end": 6.1557105, "distance_in_km": 1.4261612327500055, "start_station": null, "end_station": null }, "geometry": { "type": "LineString", "coordinates": [ [ 6.147418, 46.207041 ], [ 6.1557105, 46.1955711 ] ] } },
{ "type": "Feature", "properties": { "trip_id": "50870909", "rental_id": "14949870", "vehicle_type": "ebike", "trip_started_at_utc": "2024-09-04T13:57:52", "trip_ended_at_utc": "2024-09-04T14:05:08", "latitude_start": 46.194563, "longitude_start": 6.156198, "latitude_end": 46.19924, "longitude_end": 6.14352, "distance_in_km": 1.1057260267157345, "start_station": null, "end_station": null }, "geometry": { "type": "LineString", "coordinates": [ [ 6.156198, 46.194563 ], [ 6.14352, 46.19924 ] ] } },
{ "type": "Feature", "properties": { "trip_id": "48630635", "rental_id": "14343020", "vehicle_type": "ebike", "trip_started_at_utc": "2024-08-09T19:42:05", "trip_ended_at_utc": "2024-08-09T19:47:58", "latitude_start": 46.21125, "longitude_start": 6.153003, "latitude_end": 46.210671, "longitude_end": 6.144081, "distance_in_km": 0.68953851333347715, "start_station": null, "end_station": null }, "geometry": { "type": "LineString", "coordinates": [ [ 6.153003, 46.21125 ], [ 6.144081, 46.210671 ] ] } },
{ "type": "Feature", "properties": { "trip_id": "51372300", "rental_id": "15097563", "vehicle_type": "ebike", "trip_started_at_utc": "2024-09-11T06:40:28", "trip_ended_at_utc": "2024-09-11T06:46:26", "latitude_start": 46.211038, "longitude_start": 6.146638, "latitude_end": 46.1997128, "longitude_end": 6.1429268, "distance_in_km": 1.2912858294179428, "start_station": null, "end_station": null }, "geometry": { "type": "LineString", "coordinates": [ [ 6.146638, 46.211038 ], [ 6.1429268, 46.1997128 ] ] } },
{ "type": "Feature", "properties": { "trip_id": "49298244", "rental_id": "14511421", "vehicle_type": "ebike", "trip_started_at_utc": "2024-08-16T18:02:01", "trip_ended_at_utc": "2024-08-16T18:14:56", "latitude_start": 46.204695, "longitude_start": 6.146883, "latitude_end": 46.2027449, "longitude_end": 6.152486, "distance_in_km": 0.48264750954635488, "start_station": null, "end_station": null }, "geometry": { "type": "LineString", "coordinates": [ [ 6.146883, 46.204695 ], [ 6.152486, 46.2027449 ] ] } },
{ "type": "Feature", "properties": { "trip_id": "47300497", "rental_id": "14020933", "vehicle_type": "ebike", "trip_started_at_utc": "2024-07-26T12:27:12", "trip_ended_at_utc": "2024-07-26T12:34:32", "latitude_start": 46.211195, "longitude_start": 6.152635, "latitude_end": 46.2065122, "longitude_end": 6.1446385, "distance_in_km": 0.80608319984973498, "start_station": null, "end_station": null }, "geometry": { "type": "LineString", "coordinates": [ [ 6.152635, 46.211195 ], [ 6.1446385, 46.2065122 ] ] } },
{ "type": "Feature", "properties": { "trip_id": "47283741", "rental_id": "14017209", "vehicle_type": "ebike", "trip_started_at_utc": "2024-07-26T09:27:05", "trip_ended_at_utc": "2024-07-26T09:42:13", "latitude_start": 46.196455, "longitude_start": 6.146631, "latitude_end": 46.2112066, "longitude_end": 6.1525768, "distance_in_km": 1.7029318428592639, "start_station": null, "end_station": null }, "geometry": { "type": "LineString", "coordinates": [ [ 6.146631, 46.196455 ], [ 6.1525768, 46.2112066 ] ] } },
{ "type": "Feature", "properties": { "trip_id": "51707495", "rental_id": "15200346", "vehicle_type": "ebike", "trip_started_at_utc": "2024-09-16T06:40:41", "trip_ended_at_utc": "2024-09-16T06:47:53", "latitude_start": 46.211503, "longitude_start": 6.149555, "latitude_end": 46.1997771, "longitude_end": 6.1429778, "distance_in_km": 1.3986579991393766, "start_station": null, "end_station": null }, "geometry": { "type": "LineString", "coordinates": [ [ 6.149555, 46.211503 ], [ 6.1429778, 46.1997771 ] ] } },
{ "type": "Feature", "properties": { "trip_id": "51712088", "rental_id": "15201951", "vehicle_type": "ebike", "trip_started_at_utc": "2024-09-16T08:15:28", "trip_ended_at_utc": "2024-09-16T08:27:27", "latitude_start": 46.207623, "longitude_start": 6.148401, "latitude_end": 46.2081028, "longitude_end": 6.1487639, "distance_in_km": 0.060218153491712598, "start_station": null, "end_station": null }, "geometry": { "type": "LineString", "coordinates": [ [ 6.148401, 46.207623 ], [ 6.1487639, 46.2081028 ] ] } },
{ "type": "Feature", "properties": { "trip_id": "48066419", "rental_id": "14202792", "vehicle_type": "ebike", "trip_started_at_utc": "2024-08-03T15:32:49", "trip_ended_at_utc": "2024-08-03T15:33:56", "latitude_start": 46.209181, "longitude_start": 6.1427, "latitude_end": 46.2093133, "longitude_end": 6.1425764, "distance_in_km": 0.017517883974495899, "start_station": null, "end_station": null }, "geometry": { "type": "LineString", "coordinates": [ [ 6.1427, 46.209181 ], [ 6.1425764, 46.2093133 ] ] } },
{ "type": "Feature", "properties": { "trip_id": "51178030", "rental_id": "15038409", "vehicle_type": "ebike", "trip_started_at_utc": "2024-09-07T22:30:45", "trip_ended_at_utc": "2024-09-07T22:41:22", "latitude_start": 46.211096, "longitude_start": 6.146895, "latitude_end": 46.1985944, "longitude_end": 6.1472504, "distance_in_km": 1.3903857052958544, "start_station": null, "end_station": null }, "geometry": { "type": "LineString", "coordinates": [ [ 6.146895, 46.211096 ], [ 6.1472504, 46.1985944 ] ] } },
{ "type": "Feature", "properties": { "trip_id": "52341399", "rental_id": "15391420", "vehicle_type": "ebike", "trip_started_at_utc": "2024-09-25T08:06:05", "trip_ended_at_utc": "2024-09-25T08:07:45", "latitude_start": 46.207011, "longitude_start": 6.14507, "latitude_end": 46.2063794, "longitude_end": 6.1445689, "distance_in_km": 0.080120861075153704, "start_station": null, "end_station": null }, "geometry": { "type": "LineString", "coordinates": [ [ 6.14507, 46.207011 ], [ 6.1445689, 46.2063794 ] ] } },
{ "type": "Feature", "properties": { "trip_id": "47516538", "rental_id": "14070820", "vehicle_type": "ebike", "trip_started_at_utc": "2024-07-28T15:28:26", "trip_ended_at_utc": "2024-07-28T15:45:53", "latitude_start": 46.199815, "longitude_start": 6.142811, "latitude_end": 46.2041531, "longitude_end": 6.1618339, "distance_in_km": 1.5414270897255291, "start_station": null, "end_station": null }, "geometry": { "type": "LineString", "coordinates": [ [ 6.142811, 46.199815 ], [ 6.1618339, 46.2041531 ] ] } },
{ "type": "Feature", "properties": { "trip_id": "47931034", "rental_id": "14172378", "vehicle_type": "ebike", "trip_started_at_utc": "2024-08-02T11:20:07", "trip_ended_at_utc": "2024-08-02T11:39:06", "latitude_start": 46.196193, "longitude_start": 6.143646, "latitude_end": 46.2030845, "longitude_end": 6.1554991, "distance_in_km": 1.1913970881674685, "start_station": null, "end_station": null }, "geometry": { "type": "LineString", "coordinates": [ [ 6.143646, 46.196193 ], [ 6.1554991, 46.2030845 ] ] } },
{ "type": "Feature", "properties": { "trip_id": "52321412", "rental_id": "15383883", "vehicle_type": "ebike", "trip_started_at_utc": "2024-09-24T17:03:04", "trip_ended_at_utc": "2024-09-24T17:10:40", "latitude_start": 46.19425, "longitude_start": 6.148538, "latitude_end": 46.2087624, "longitude_end": 6.1447603, "distance_in_km": 1.6396888713305371, "start_station": null, "end_station": null }, "geometry": { "type": "LineString", "coordinates": [ [ 6.148538, 46.19425 ], [ 6.1447603, 46.2087624 ] ] } },
{ "type": "Feature", "properties": { "trip_id": "45568911", "rental_id": "13562631", "vehicle_type": "ebike", "trip_started_at_utc": "2024-07-02T12:33:33", "trip_ended_at_utc": "2024-07-02T12:46:59", "latitude_start": 46.211263, "longitude_start": 6.153058, "latitude_end": 46.2017023, "longitude_end": 6.1537027, "distance_in_km": 1.0642600066783112, "start_station": null, "end_station": null }, "geometry": { "type": "LineString", "coordinates": [ [ 6.153058, 46.211263 ], [ 6.1537027, 46.2017023 ] ] } },
{ "type": "Feature", "properties": { "trip_id": "45687893", "rental_id": "13601160", "vehicle_type": "ebike", "trip_started_at_utc": "2024-07-04T15:52:50", "trip_ended_at_utc": "2024-07-04T16:03:15", "latitude_start": 46.20975, "longitude_start": 6.145103, "latitude_end": 46.1998082, "longitude_end": 6.1428726, "distance_in_km": 1.1187252626644777, "start_station": null, "end_station": null }, "geometry": { "type": "LineString", "coordinates": [ [ 6.145103, 46.20975 ], [ 6.1428726, 46.1998082 ] ] } },
{ "type": "Feature", "properties": { "trip_id": "46847379", "rental_id": "13909609", "vehicle_type": "ebike", "trip_started_at_utc": "2024-07-20T18:56:27", "trip_ended_at_utc": "2024-07-20T19:03:56", "latitude_start": 46.208516, "longitude_start": 6.144728, "latitude_end": 46.1970194, "longitude_end": 6.1465341, "distance_in_km": 1.2858998502854229, "start_station": null, "end_station": null }, "geometry": { "type": "LineString", "coordinates": [ [ 6.144728, 46.208516 ], [ 6.1465341, 46.1970194 ] ] } },
{ "type": "Feature", "properties": { "trip_id": "47463141", "rental_id": "14058407", "vehicle_type": "ebike", "trip_started_at_utc": "2024-07-28T02:10:57", "trip_ended_at_utc": "2024-07-28T02:18:47", "latitude_start": 46.207056, "longitude_start": 6.14387, "latitude_end": 46.2005907, "longitude_end": 6.1595085, "distance_in_km": 1.4018722684308875, "start_station": null, "end_station": null }, "geometry": { "type": "LineString", "coordinates": [ [ 6.14387, 46.207056 ], [ 6.1595085, 46.2005907 ] ] } },
{ "type": "Feature", "properties": { "trip_id": "46847683", "rental_id": "13909740", "vehicle_type": "ebike", "trip_started_at_utc": "2024-07-20T18:59:40", "trip_ended_at_utc": "2024-07-20T19:06:48", "latitude_start": 46.196593, "longitude_start": 6.146541, "latitude_end": 46.2022562, "longitude_end": 6.1563284, "distance_in_km": 0.98181995832700442, "start_station": null, "end_station": null }, "geometry": { "type": "LineString", "coordinates": [ [ 6.146541, 46.196593 ], [ 6.1563284, 46.2022562 ] ] } },
{ "type": "Feature", "properties": { "trip_id": "49291545", "rental_id": "14509875", "vehicle_type": "ebike", "trip_started_at_utc": "2024-08-16T17:00:15", "trip_ended_at_utc": "2024-08-16T17:13:01", "latitude_start": 46.202953, "longitude_start": 6.153823, "latitude_end": 46.2112964, "longitude_end": 6.1445646, "distance_in_km": 1.1697487394157211, "start_station": null, "end_station": null }, "geometry": { "type": "LineString", "coordinates": [ [ 6.153823, 46.202953 ], [ 6.1445646, 46.2112964 ] ] } },
{ "type": "Feature", "properties": { "trip_id": "45751476", "rental_id": "13620786", "vehicle_type": "ebike", "trip_started_at_utc": "2024-07-05T16:51:09", "trip_ended_at_utc": "2024-07-05T16:55:36", "latitude_start": 46.20133, "longitude_start": 6.1396, "latitude_end": 46.206663, "longitude_end": 6.14295, "distance_in_km": 0.64662013733635682, "start_station": null, "end_station": null }, "geometry": { "type": "LineString", "coordinates": [ [ 6.1396, 46.20133 ], [ 6.14295, 46.206663 ] ] } },
{ "type": "Feature", "properties": { "trip_id": "45976145", "rental_id": "13684362", "vehicle_type": "ebike", "trip_started_at_utc": "2024-07-09T10:27:43", "trip_ended_at_utc": "2024-07-09T10:28:53", "latitude_start": 46.204593, "longitude_start": 6.14701, "latitude_end": 46.2046039, "longitude_end": 6.1469995, "distance_in_km": 0.0014566887756835001, "start_station": null, "end_station": null }, "geometry": { "type": "LineString", "coordinates": [ [ 6.14701, 46.204593 ], [ 6.1469995, 46.2046039 ] ] } },
{ "type": "Feature", "properties": { "trip_id": "52695371", "rental_id": "15508948", "vehicle_type": "ebike", "trip_started_at_utc": "2024-10-02T10:45:50", "trip_ended_at_utc": "2024-10-02T10:51:39", "latitude_start": 46.20562, "longitude_start": 6.16084, "latitude_end": 46.204215, "longitude_end": 6.140661, "distance_in_km": 1.5607348950134226, "start_station": null, "end_station": null }, "geometry": { "type": "LineString", "coordinates": [ [ 6.16084, 46.20562 ], [ 6.140661, 46.204215 ] ] } },
{ "type": "Feature", "properties": { "trip_id": "47910143", "rental_id": "14166869", "vehicle_type": "ebike", "trip_started_at_utc": "2024-08-02T06:49:44", "trip_ended_at_utc": "2024-08-02T06:52:58", "latitude_start": 46.207088, "longitude_start": 6.148125, "latitude_end": 46.2069788, "longitude_end": 6.147503, "distance_in_km": 0.049380976923518498, "start_station": null, "end_station": null }, "geometry": { "type": "LineString", "coordinates": [ [ 6.148125, 46.207088 ], [ 6.147503, 46.2069788 ] ] } },
{ "type": "Feature", "properties": { "trip_id": "49065987", "rental_id": "14451701", "vehicle_type": "ebike", "trip_started_at_utc": "2024-08-14T11:47:33", "trip_ended_at_utc": "2024-08-14T11:51:34", "latitude_start": 46.202841, "longitude_start": 6.1393, "latitude_end": 46.1998274, "longitude_end": 6.1428982, "distance_in_km": 0.43471343891352737, "start_station": null, "end_station": null }, "geometry": { "type": "LineString", "coordinates": [ [ 6.1393, 46.202841 ], [ 6.1428982, 46.1998274 ] ] } }
]
}
