{
"type": "FeatureCollection",
"name": "stops",
"crs": { "type": "name", "properties": { "name": "urn:ogc:def:crs:OGC:1.3:CRS84" } },
"features": [
{ "type": "Feature", "properties": { "stop_id": "8511617:0:M", "stop_code": "CHCQ00", "stop_name": "Genève, Chausse-Coq", "stop_desc": null, "stop_lat": 46.19958036, "stop_lon": 6.14835727, "zone_id": null, "stop_url": null, "location_type": 0, "parent_station": "Parent8511617", "active": true }, "geometry": { "type": "Point", "coordinates": [ 6.14835727, 46.19958036 ] } },
{ "type": "Feature", "properties": { "stop_id": "8511618:0:H", "stop_code": "SLEG00", "stop_name": "Genève, Saint-Léger", "stop_desc": null, "stop_lat": 46.19842386, "stop_lon": 6.14749488, "zone_id": null, "stop_url": null, "location_type": 0, "parent_station": "Parent8511618", "active": true }, "geometry": { "type": "Point", "coordinates": [ 6.14749488, 46.19842386 ] } },
{ "type": "Feature", "properties": { "stop_id": "8511621", "stop_code": null, "stop_name": "Genève, Bains des Pâquis", "stop_desc": null, "stop_lat": 46.2113243, "stop_lon": 6.1525524, "zone_id": null, "stop_url": null, "location_type": 0, "parent_station": "Parent8511621", "active": true }, "geometry": { "type": "Point", "coordinates": [ 6.1525524, 46.2113243 ] } },
{ "type": "Feature", "properties": { "stop_id": "8511621:0:B", "stop_code": "BPAQ01", "stop_name": "Genève, Bains des Pâquis", "stop_desc": null, "stop_lat": 46.21075861, "stop_lon": 6.15184273, "zone_id": null, "stop_url": null, "location_type": 0, "parent_station": "Parent8511621", "active": true }, "geometry": { "type": "Point", "coordinates": [ 6.15184273, 46.21075861 ] } },
{ "type": "Feature", "properties": { "stop_id": "8587057", "stop_code": null, "stop_name": "Genève, gare Cornavin", "stop_desc": null, "stop_lat": 46.20973289, "stop_lon": 6.14243737, "zone_id": null, "stop_url": null, "location_type": 0, "parent_station": "Parent8587057", "active": true }, "geometry": { "type": "Point", "coordinates": [ 6.14243737, 46.20973289 ] } },
{ "type": "Feature", "properties": { "stop_id": "8587057:0:A", "stop_code": null, "stop_name": "Genève, gare Cornavin", "stop_desc": null, "stop_lat": 46.20965207, "stop_lon": 6.14232957, "zone_id": null, "stop_url": null, "location_type": 0, "parent_station": "Parent8587057", "active": true }, "geometry": { "type": "Point", "coordinates": [ 6.14232957, 46.20965207 ] } },
{ "type": "Feature", "properties": { "stop_id": "8587057:0:B", "stop_code": "CVIN01", "stop_name": "Genève, gare Cornavin", "stop_desc": null, "stop_lat": 46.21009966, "stop_lon": 6.14283263, "zone_id": null, "stop_url": null, "location_type": 0, "parent_station": "Parent8587057", "active": true }, "geometry": { "type": "Point", "coordinates": [ 6.14283263, 46.21009966 ] } },
{ "type": "Feature", "properties": { "stop_id": "8587057:0:C", "stop_code": "CVIN02", "stop_name": "Genève, gare Cornavin", "stop_desc": null, "stop_lat": 46.21046022, "stop_lon": 6.14324585, "zone_id": null, "stop_url": null, "location_type": 0, "parent_station": "Parent8587057", "active": true }, "geometry": { "type": "Point", "coordinates": [ 6.14324585, 46.21046022 ] } },
{ "type": "Feature", "properties": { "stop_id": "8587057:0:D", "stop_code": "CVIN15", "stop_name": "Genève, gare Cornavin", "stop_desc": null, "stop_lat": 46.20989452, "stop_lon": 6.14294941, "zone_id": null, "stop_url": null, "location_type": 0, "parent_station": "Parent8587057", "active": true }, "geometry": { "type": "Point", "coordinates": [ 6.14294941, 46.20989452 ] } },
{ "type": "Feature", "properties": { "stop_id": "8587057:0:E", "stop_code": "CVIN14", "stop_name": "Genève, gare Cornavin", "stop_desc": null, "stop_lat": 46.21039805, "stop_lon": 6.14363213, "zone_id": null, "stop_url": null, "location_type": 0, "parent_station": "Parent8587057", "active": true }, "geometry": { "type": "Point", "coordinates": [ 6.14363213, 46.21039805 ] } },
{ "type": "Feature", "properties": { "stop_id": "8587057:0:F", "stop_code": null, "stop_name": "Genève, gare Cornavin", "stop_desc": null, "stop_lat": 46.20939719, "stop_lon": 6.14230262, "zone_id": null, "stop_url": null, "location_type": 0, "parent_station": "Parent8587057", "active": true }, "geometry": { "type": "Point", "coordinates": [ 6.14230262, 46.20939719 ] } },
{ "type": "Feature", "properties": { "stop_id": "8587057:0:G", "stop_code": "CVIN05", "stop_name": "Genève, gare Cornavin", "stop_desc": null, "stop_lat": 46.2093599, "stop_lon": 6.14223974, "zone_id": null, "stop_url": null, "location_type": 0, "parent_station": "Parent8587057", "active": true }, "geometry": { "type": "Point", "coordinates": [ 6.14223974, 46.2093599 ] } },
{ "type": "Feature", "properties": { "stop_id": "8587057:0:H", "stop_code": "CVIN04", "stop_name": "Genève, gare Cornavin", "stop_desc": null, "stop_lat": 46.20991938, "stop_lon": 6.1414582, "zone_id": null, "stop_url": null, "location_type": 0, "parent_station": "Parent8587057", "active": true }, "geometry": { "type": "Point", "coordinates": [ 6.1414582, 46.20991938 ] } },
{ "type": "Feature", "properties": { "stop_id": "8587057:0:I", "stop_code": null, "stop_name": "Genève, gare Cornavin", "stop_desc": null, "stop_lat": 46.20957747, "stop_lon": 6.14184448, "zone_id": null, "stop_url": null, "location_type": 0, "parent_station": "Parent8587057", "active": true }, "geometry": { "type": "Point", "coordinates": [ 6.14184448, 46.20957747 ] } },
{ "type": "Feature", "properties": { "stop_id": "8587057:0:K", "stop_code": "CVIN18", "stop_name": "Genève, gare Cornavin", "stop_desc": null, "stop_lat": 46.20888743, "stop_lon": 6.14020955, "zone_id": null, "stop_url": null, "location_type": 0, "parent_station": "Parent8587057", "active": true }, "geometry": { "type": "Point", "coordinates": [ 6.14020955, 46.20888743 ] } },
{ "type": "Feature", "properties": { "stop_id": "8587061", "stop_code": null, "stop_name": "Genève, Rive", "stop_desc": null, "stop_lat": 46.2018622, "stop_lon": 6.15281291, "zone_id": null, "stop_url": null, "location_type": 0, "parent_station": "Parent8587061", "active": true }, "geometry": { "type": "Point", "coordinates": [ 6.15281291, 46.2018622 ] } },
{ "type": "Feature", "properties": { "stop_id": "8587061:0:A", "stop_code": null, "stop_name": "Genève, Rive", "stop_desc": null, "stop_lat": 46.2016819, "stop_lon": 6.15272308, "zone_id": null, "stop_url": null, "location_type": 0, "parent_station": "Parent8587061", "active": true }, "geometry": { "type": "Point", "coordinates": [ 6.15272308, 46.2016819 ] } },
{ "type": "Feature", "properties": { "stop_id": "8587061:0:B", "stop_code": null, "stop_name": "Genève, Rive", "stop_desc": null, "stop_lat": 46.2017192, "stop_lon": 6.15286681, "zone_id": null, "stop_url": null, "location_type": 0, "parent_station": "Parent8587061", "active": true }, "geometry": { "type": "Point", "coordinates": [ 6.15286681, 46.2017192 ] } },
{ "type": "Feature", "properties": { "stop_id": "8587061:0:C", "stop_code": null, "stop_name": "Genève, Rive", "stop_desc": null, "stop_lat": 46.20190572, "stop_lon": 6.15225595, "zone_id": null, "stop_url": null, "location_type": 0, "parent_station": "Parent8587061", "active": true }, "geometry": { "type": "Point", "coordinates": [ 6.15225595, 46.20190572 ] } },
{ "type": "Feature", "properties": { "stop_id": "8587061:0:D", "stop_code": "RIVE02", "stop_name": "Genève, Rive", "stop_desc": null, "stop_lat": 46.20191816, "stop_lon": 6.1524446, "zone_id": null, "stop_url": null, "location_type": 0, "parent_station": "Parent8587061", "active": true }, "geometry": { "type": "Point", "coordinates": [ 6.1524446, 46.20191816 ] } },
{ "type": "Feature", "properties": { "stop_id": "8587061:0:E", "stop_code": null, "stop_name": "Genève, Rive", "stop_desc": null, "stop_lat": 46.20165703, "stop_lon": 6.15206731, "zone_id": null, "stop_url": null, "location_type": 0, "parent_station": "Parent8587061", "active": true }, "geometry": { "type": "Point", "coordinates": [ 6.15206731, 46.20165703 ] } },
{ "type": "Feature", "properties": { "stop_id": "8587061:0:F", "stop_code": "RIVE10", "stop_name": "Genève, Rive", "stop_desc": null, "stop_lat": 46.20163216, "stop_lon": 6.15185171, "zone_id": null, "stop_url": null, "location_type": 0, "parent_station": "Parent8587061", "active": true }, "geometry": { "type": "Point", "coordinates": [ 6.15185171, 46.20163216 ] } },
{ "type": "Feature", "properties": { "stop_id": "8587061:0:G", "stop_code": null, "stop_name": "Genève, Rive", "stop_desc": null, "stop_lat": 46.20143942, "stop_lon": 6.15349563, "zone_id": null, "stop_url": null, "location_type": 0, "parent_station": "Parent8587061", "active": true }, "geometry": { "type": "Point", "coordinates": [ 6.15349563, 46.20143942 ] } },
{ "type": "Feature", "properties": { "stop_id": "8587061:0:H", "stop_code": "RIVE05", "stop_name": "Genève, Rive", "stop_desc": null, "stop_lat": 46.20150159, "stop_lon": 6.1535136, "zone_id": null, "stop_url": null, "location_type": 0, "parent_station": "Parent8587061", "active": true }, "geometry": { "type": "Point", "coordinates": [ 6.1535136, 46.20150159 ] } },
{ "type": "Feature", "properties": { "stop_id": "8587061:0:I", "stop_code": "RIVE04", "stop_name": "Genève, Rive", "stop_desc": null, "stop_lat": 46.2020052, "stop_lon": 6.15350461, "zone_id": null, "stop_url": null, "location_type": 0, "parent_station": "Parent8587061", "active": true }, "geometry": { "type": "Point", "coordinates": [ 6.15350461, 46.2020052 ] } },
{ "type": "Feature", "properties": { "stop_id": "8587061:0:J", "stop_code": "RIVE03", "stop_name": "Genève, Rive", "stop_desc": null, "stop_lat": 46.20263937, "stop_lon": 6.1539358, "zone_id": null, "stop_url": null, "location_type": 0, "parent_station": "Parent8587061", "active": true }, "geometry": { "type": "Point", "coordinates": [ 6.1539358, 46.20263937 ] } },
{ "type": "Feature", "properties": { "stop_id": "8587061:0:K", "stop_code": "FATI00", "stop_name": "Genève, Rive", "stop_desc": null, "stop_lat": 46.20282589, "stop_lon": 6.15355851, "zone_id": null, "stop_url": null, "location_type": 0, "parent_station": "Parent8587061", "active": true }, "geometry": { "type": "Point", "coordinates": [ 6.15355851, 46.20282589 ] } },
{ "type": "Feature", "properties": { "stop_id": "8587387", "stop_code": null, "stop_name": "Genève, Bel-Air", "stop_desc": null, "stop_lat": 46.20472836, "stop_lon": 6.14304822, "zone_id": null, "stop_url": null, "location_type": 0, "parent_station": "Parent8587387", "active": true }, "geometry": { "type": "Point", "coordinates": [ 6.14304822, 46.20472836 ] } },
{ "type": "Feature", "properties": { "stop_id": "8587387:0:A", "stop_code": "DBAI00", "stop_name": "Genève, Bel-Air", "stop_desc": null, "stop_lat": 46.20487135, "stop_lon": 6.14346145, "zone_id": null, "stop_url": null, "location_type": 0, "parent_station": "Parent8587387", "active": true }, "geometry": { "type": "Point", "coordinates": [ 6.14346145, 46.20487135 ] } },
{ "type": "Feature", "properties": { "stop_id": "8587387:0:B", "stop_code": "BERE02", "stop_name": "Genève, Bel-Air", "stop_desc": null, "stop_lat": 46.20452941, "stop_lon": 6.14345246, "zone_id": null, "stop_url": null, "location_type": 0, "parent_station": "Parent8587387", "active": true }, "geometry": { "type": "Point", "coordinates": [ 6.14345246, 46.20452941 ] } },
{ "type": "Feature", "properties": { "stop_id": "8587387:0:C", "stop_code": "BAIR00", "stop_name": "Genève, Bel-Air", "stop_desc": null, "stop_lat": 46.20506408, "stop_lon": 6.14297636, "zone_id": null, "stop_url": null, "location_type": 0, "parent_station": "Parent8587387", "active": true }, "geometry": { "type": "Point", "coordinates": [ 6.14297636, 46.20506408 ] } },
{ "type": "Feature", "properties": { "stop_id": "8587387:0:D", "stop_code": "BAIR04", "stop_name": "Genève, Bel-Air", "stop_desc": null, "stop_lat": 46.2042372, "stop_lon": 6.14206008, "zone_id": null, "stop_url": null, "location_type": 0, "parent_station": "Parent8587387", "active": true }, "geometry": { "type": "Point", "coordinates": [ 6.14206008, 46.2042372 ] } },
{ "type": "Feature", "properties": { "stop_id": "8587387:0:E", "stop_code": null, "stop_name": "Genève, Bel-Air", "stop_desc": null, "stop_lat": 46.20391391, "stop_lon": 6.14383874, "zone_id": null, "stop_url": null, "location_type": 0, "parent_station": "Parent8587387", "active": true }, "geometry": { "type": "Point", "coordinates": [ 6.14383874, 46.20391391 ] } },
{ "type": "Feature", "properties": { "stop_id": "8587387:0:F", "stop_code": "BACI00", "stop_name": "Genève, Bel-Air", "stop_desc": null, "stop_lat": 46.20365901, "stop_lon": 6.14464722, "zone_id": null, "stop_url": null, "location_type": 0, "parent_station": "Parent8587387", "active": true }, "geometry": { "type": "Point", "coordinates": [ 6.14464722, 46.20365901 ] } },
{ "type": "Feature", "properties": { "stop_id": "8587387:0:G", "stop_code": "BAIR07", "stop_name": "Genève, Bel-Air", "stop_desc": null, "stop_lat": 46.20332949, "stop_lon": 6.14251822, "zone_id": null, "stop_url": null, "location_type": 0, "parent_station": "Parent8587387", "active": true }, "geometry": { "type": "Point", "coordinates": [ 6.14251822, 46.20332949 ] } },
{ "type": "Feature", "properties": { "stop_id": "8587387:0:Z", "stop_code": "BACI01", "stop_name": "Genève, Bel-Air", "stop_desc": null, "stop_lat": 46.20392635, "stop_lon": 6.14373992, "zone_id": null, "stop_url": null, "location_type": 0, "parent_station": "Parent8587387", "active": true }, "geometry": { "type": "Point", "coordinates": [ 6.14373992, 46.20392635 ] } },
{ "type": "Feature", "properties": { "stop_id": "8587907", "stop_code": "PLPA00", "stop_name": "Genève, Plainpalais", "stop_desc": null, "stop_lat": 46.19803836, "stop_lon": 6.14281466, "zone_id": null, "stop_url": null, "location_type": 0, "parent_station": "Parent8587907", "active": true }, "geometry": { "type": "Point", "coordinates": [ 6.14281466, 46.19803836 ] } },
{ "type": "Feature", "properties": { "stop_id": "8587907:0:A", "stop_code": "PLPA07", "stop_name": "Genève, Plainpalais", "stop_desc": null, "stop_lat": 46.19828085, "stop_lon": 6.14194329, "zone_id": null, "stop_url": null, "location_type": 0, "parent_station": "Parent8587907", "active": true }, "geometry": { "type": "Point", "coordinates": [ 6.14194329, 46.19828085 ] } },
{ "type": "Feature", "properties": { "stop_id": "8587907:0:B", "stop_code": "PLPA03", "stop_name": "Genève, Plainpalais", "stop_desc": null, "stop_lat": 46.19864149, "stop_lon": 6.14204211, "zone_id": null, "stop_url": null, "location_type": 0, "parent_station": "Parent8587907", "active": true }, "geometry": { "type": "Point", "coordinates": [ 6.14204211, 46.19864149 ] } },
{ "type": "Feature", "properties": { "stop_id": "8587907:0:C", "stop_code": null, "stop_name": "Genève, Plainpalais", "stop_desc": null, "stop_lat": 46.19808188, "stop_lon": 6.14285958, "zone_id": null, "stop_url": null, "location_type": 0, "parent_station": "Parent8587907", "active": true }, "geometry": { "type": "Point", "coordinates": [ 6.14285958, 46.19808188 ] } },
{ "type": "Feature", "properties": { "stop_id": "8587907:0:D", "stop_code": "PLPA01", "stop_name": "Genève, Plainpalais", "stop_desc": null, "stop_lat": 46.19764663, "stop_lon": 6.14296737, "zone_id": null, "stop_url": null, "location_type": 0, "parent_station": "Parent8587907", "active": true }, "geometry": { "type": "Point", "coordinates": [ 6.14296737, 46.19764663 ] } },
{ "type": "Feature", "properties": { "stop_id": "8587907:0:E", "stop_code": null, "stop_name": "Genève, Plainpalais", "stop_desc": null, "stop_lat": 46.1980881, "stop_lon": 6.14304822, "zone_id": null, "stop_url": null, "location_type": 0, "parent_station": "Parent8587907", "active": true }, "geometry": { "type": "Point", "coordinates": [ 6.14304822, 46.1980881 ] } },
{ "type": "Feature", "properties": { "stop_id": "8587907:0:F", "stop_code": "PLPA04", "stop_name": "Genève, Plainpalais", "stop_desc": null, "stop_lat": 46.19768394, "stop_lon": 6.14356026, "zone_id": null, "stop_url": null, "location_type": 0, "parent_station": "Parent8587907", "active": true }, "geometry": { "type": "Point", "coordinates": [ 6.14356026, 46.19768394 ] } },
{ "type": "Feature", "properties": { "stop_id": "8587907:0:T", "stop_code": null, "stop_name": "Genève, Plainpalais", "stop_desc": null, "stop_lat": 46.1980881, "stop_lon": 6.14306619, "zone_id": null, "stop_url": null, "location_type": 0, "parent_station": "Parent8587907", "active": true }, "geometry": { "type": "Point", "coordinates": [ 6.14306619, 46.1980881 ] } },
{ "type": "Feature", "properties": { "stop_id": "8587907:0:Y", "stop_code": null, "stop_name": "Genève, Plainpalais", "stop_desc": null, "stop_lat": 46.19718651, "stop_lon": 6.14302127, "zone_id": null, "stop_url": null, "location_type": 0, "parent_station": "Parent8587907", "active": true }, "geometry": { "type": "Point", "coordinates": [ 6.14302127, 46.19718651 ] } },
{ "type": "Feature", "properties": { "stop_id": "8592773", "stop_code": null, "stop_name": "Genève, 31-Décembre", "stop_desc": null, "stop_lat": 46.20170055, "stop_lon": 6.16211946, "zone_id": null, "stop_url": null, "location_type": 0, "parent_station": "Parent8592773", "active": true }, "geometry": { "type": "Point", "coordinates": [ 6.16211946, 46.20170055 ] } },
{ "type": "Feature", "properties": { "stop_id": "8592773:0:M", "stop_code": null, "stop_name": "Genève, 31-Décembre", "stop_desc": null, "stop_lat": 46.20167568, "stop_lon": 6.16187691, "zone_id": null, "stop_url": null, "location_type": 0, "parent_station": "Parent8592773", "active": true }, "geometry": { "type": "Point", "coordinates": [ 6.16187691, 46.20167568 ] } },
{ "type": "Feature", "properties": { "stop_id": "8592773:0:N", "stop_code": null, "stop_name": "Genève, 31-Décembre", "stop_desc": null, "stop_lat": 46.20168811, "stop_lon": 6.1623081, "zone_id": null, "stop_url": null, "location_type": 0, "parent_station": "Parent8592773", "active": true }, "geometry": { "type": "Point", "coordinates": [ 6.1623081, 46.20168811 ] } },
{ "type": "Feature", "properties": { "stop_id": "8592777", "stop_code": null, "stop_name": "Genève, Alpes", "stop_desc": null, "stop_lat": 46.2090242, "stop_lon": 6.14718946, "zone_id": null, "stop_url": null, "location_type": 0, "parent_station": "Parent8592777", "active": true }, "geometry": { "type": "Point", "coordinates": [ 6.14718946, 46.2090242 ] } },
{ "type": "Feature", "properties": { "stop_id": "8592777:0:O", "stop_code": null, "stop_name": "Genève, Alpes", "stop_desc": null, "stop_lat": 46.20903663, "stop_lon": 6.14715352, "zone_id": null, "stop_url": null, "location_type": 0, "parent_station": "Parent8592777", "active": true }, "geometry": { "type": "Point", "coordinates": [ 6.14715352, 46.20903663 ] } },
{ "type": "Feature", "properties": { "stop_id": "8592779", "stop_code": null, "stop_name": "Genève, Athénée", "stop_desc": null, "stop_lat": 46.1981565, "stop_lon": 6.1489232, "zone_id": null, "stop_url": null, "location_type": 0, "parent_station": "Parent8592779", "active": true }, "geometry": { "type": "Point", "coordinates": [ 6.1489232, 46.1981565 ] } },
{ "type": "Feature", "properties": { "stop_id": "8592779:0:I", "stop_code": null, "stop_name": "Genève, Athénée", "stop_desc": null, "stop_lat": 46.19818137, "stop_lon": 6.14869863, "zone_id": null, "stop_url": null, "location_type": 0, "parent_station": "Parent8592779", "active": true }, "geometry": { "type": "Point", "coordinates": [ 6.14869863, 46.19818137 ] } },
{ "type": "Feature", "properties": { "stop_id": "8592779:0:J", "stop_code": null, "stop_name": "Genève, Athénée", "stop_desc": null, "stop_lat": 46.19837412, "stop_lon": 6.14860879, "zone_id": null, "stop_url": null, "location_type": 0, "parent_station": "Parent8592779", "active": true }, "geometry": { "type": "Point", "coordinates": [ 6.14860879, 46.19837412 ] } },
{ "type": "Feature", "properties": { "stop_id": "8592779:0:K", "stop_code": null, "stop_name": "Genève, Athénée", "stop_desc": null, "stop_lat": 46.1982622, "stop_lon": 6.14909388, "zone_id": null, "stop_url": null, "location_type": 0, "parent_station": "Parent8592779", "active": true }, "geometry": { "type": "Point", "coordinates": [ 6.14909388, 46.1982622 ] } },
{ "type": "Feature", "properties": { "stop_id": "8592779:0:L", "stop_code": "ATHE04", "stop_name": "Genève, Athénée", "stop_desc": null, "stop_lat": 46.19836168, "stop_lon": 6.14956999, "zone_id": null, "stop_url": null, "location_type": 0, "parent_station": "Parent8592779", "active": true }, "geometry": { "type": "Point", "coordinates": [ 6.14956999, 46.19836168 ] } },
{ "type": "Feature", "properties": { "stop_id": "8592779:0:O", "stop_code": "ATHE00", "stop_name": "Genève, Athénée", "stop_desc": null, "stop_lat": 46.19846117, "stop_lon": 6.14878846, "zone_id": null, "stop_url": null, "location_type": 0, "parent_station": "Parent8592779", "active": true }, "geometry": { "type": "Point", "coordinates": [ 6.14878846, 46.19846117 ] } },
{ "type": "Feature", "properties": { "stop_id": "8592782", "stop_code": null, "stop_name": "Genève, Bains", "stop_desc": null, "stop_lat": 46.19974824, "stop_lon": 6.13754155, "zone_id": null, "stop_url": null, "location_type": 0, "parent_station": "Parent8592782", "active": true }, "geometry": { "type": "Point", "coordinates": [ 6.13754155, 46.19974824 ] } },
{ "type": "Feature", "properties": { "stop_id": "8592782:0:X", "stop_code": null, "stop_name": "Genève, Bains", "stop_desc": null, "stop_lat": 46.19983529, "stop_lon": 6.1376224, "zone_id": null, "stop_url": null, "location_type": 0, "parent_station": "Parent8592782", "active": true }, "geometry": { "type": "Point", "coordinates": [ 6.1376224, 46.19983529 ] } },
{ "type": "Feature", "properties": { "stop_id": "8592792:0:Q", "stop_code": null, "stop_name": "Genève, Bourg-de-Four", "stop_desc": null, "stop_lat": 46.20013995, "stop_lon": 6.14852795, "zone_id": null, "stop_url": null, "location_type": 0, "parent_station": "Parent8592792", "active": true }, "geometry": { "type": "Point", "coordinates": [ 6.14852795, 46.20013995 ] } },
{ "type": "Feature", "properties": { "stop_id": "8592794", "stop_code": null, "stop_name": "Genève, Bovy-Lysberg", "stop_desc": null, "stop_lat": 46.20238446, "stop_lon": 6.14294042, "zone_id": null, "stop_url": null, "location_type": 0, "parent_station": "Parent8592794", "active": true }, "geometry": { "type": "Point", "coordinates": [ 6.14294042, 46.20238446 ] } },
{ "type": "Feature", "properties": { "stop_id": "8592794:0:U", "stop_code": null, "stop_name": "Genève, Bovy-Lysberg", "stop_desc": null, "stop_lat": 46.20238446, "stop_lon": 6.14294042, "zone_id": null, "stop_url": null, "location_type": 0, "parent_station": "Parent8592794", "active": true }, "geometry": { "type": "Point", "coordinates": [ 6.14294042, 46.20238446 ] } },
{ "type": "Feature", "properties": { "stop_id": "8592799:0:V", "stop_code": null, "stop_name": "Genève, Cathédrale", "stop_desc": null, "stop_lat": 46.20146429, "stop_lon": 6.14781828, "zone_id": null, "stop_url": null, "location_type": 0, "parent_station": "Parent8592799", "active": true }, "geometry": { "type": "Point", "coordinates": [ 6.14781828, 46.20146429 ] } },
{ "type": "Feature", "properties": { "stop_id": "8592801", "stop_code": null, "stop_name": "Genève, Chantepoulet", "stop_desc": null, "stop_lat": 46.20815387, "stop_lon": 6.14355128, "zone_id": null, "stop_url": null, "location_type": 0, "parent_station": "Parent8592801", "active": true }, "geometry": { "type": "Point", "coordinates": [ 6.14355128, 46.20815387 ] } },
{ "type": "Feature", "properties": { "stop_id": "8592801:0:Q", "stop_code": null, "stop_name": "Genève, Chantepoulet", "stop_desc": null, "stop_lat": 46.20815387, "stop_lon": 6.14363213, "zone_id": null, "stop_url": null, "location_type": 0, "parent_station": "Parent8592801", "active": true }, "geometry": { "type": "Point", "coordinates": [ 6.14363213, 46.20815387 ] } },
{ "type": "Feature", "properties": { "stop_id": "8592804", "stop_code": null, "stop_name": "Genève, Cirque", "stop_desc": null, "stop_lat": 46.20108502, "stop_lon": 6.14032633, "zone_id": null, "stop_url": null, "location_type": 0, "parent_station": "Parent8592804", "active": true }, "geometry": { "type": "Point", "coordinates": [ 6.14032633, 46.20108502 ] } },
{ "type": "Feature", "properties": { "stop_id": "8592804:0:P", "stop_code": "CIRQ01", "stop_name": "Genève, Cirque", "stop_desc": null, "stop_lat": 46.20080523, "stop_lon": 6.1406048, "zone_id": null, "stop_url": null, "location_type": 0, "parent_station": "Parent8592804", "active": true }, "geometry": { "type": "Point", "coordinates": [ 6.1406048, 46.20080523 ] } },
{ "type": "Feature", "properties": { "stop_id": "8592804:0:Q", "stop_code": "CIRQ02", "stop_name": "Genève, Cirque", "stop_desc": null, "stop_lat": 46.20035135, "stop_lon": 6.14083837, "zone_id": null, "stop_url": null, "location_type": 0, "parent_station": "Parent8592804", "active": true }, "geometry": { "type": "Point", "coordinates": [ 6.14083837, 46.20035135 ] } },
{ "type": "Feature", "properties": { "stop_id": "8592804:0:R", "stop_code": "CIRQ00", "stop_name": "Genève, Cirque", "stop_desc": null, "stop_lat": 46.20075549, "stop_lon": 6.139967, "zone_id": null, "stop_url": null, "location_type": 0, "parent_station": "Parent8592804", "active": true }, "geometry": { "type": "Point", "coordinates": [ 6.139967, 46.20075549 ] } },
{ "type": "Feature", "properties": { "stop_id": "8592804:0:S", "stop_code": "CIRQ04", "stop_name": "Genève, Cirque", "stop_desc": null, "stop_lat": 46.20129641, "stop_lon": 6.139967, "zone_id": null, "stop_url": null, "location_type": 0, "parent_station": "Parent8592804", "active": true }, "geometry": { "type": "Point", "coordinates": [ 6.139967, 46.20129641 ] } },
{ "type": "Feature", "properties": { "stop_id": "8592804:0:T", "stop_code": "CIRQ03", "stop_name": "Genève, Cirque", "stop_desc": null, "stop_lat": 46.20145185, "stop_lon": 6.13948191, "zone_id": null, "stop_url": null, "location_type": 0, "parent_station": "Parent8592804", "active": true }, "geometry": { "type": "Point", "coordinates": [ 6.13948191, 46.20145185 ] } },
{ "type": "Feature", "properties": { "stop_id": "8592805", "stop_code": null, "stop_name": "Genève, Place Claparède", "stop_desc": null, "stop_lat": 46.19570661, "stop_lon": 6.15072882, "zone_id": null, "stop_url": null, "location_type": 0, "parent_station": "Parent8592805", "active": true }, "geometry": { "type": "Point", "coordinates": [ 6.15072882, 46.19570661 ] } },
{ "type": "Feature", "properties": { "stop_id": "8592805:0:N", "stop_code": "CLAP00", "stop_name": "Genève, Place Claparède", "stop_desc": null, "stop_lat": 46.19552629, "stop_lon": 6.15076475, "zone_id": null, "stop_url": null, "location_type": 0, "parent_station": "Parent8592805", "active": true }, "geometry": { "type": "Point", "coordinates": [ 6.15076475, 46.19552629 ] } },
{ "type": "Feature", "properties": { "stop_id": "8592805:0:O", "stop_code": "CLAP01", "stop_name": "Genève, Place Claparède", "stop_desc": null, "stop_lat": 46.1963906, "stop_lon": 6.15039644, "zone_id": null, "stop_url": null, "location_type": 0, "parent_station": "Parent8592805", "active": true }, "geometry": { "type": "Point", "coordinates": [ 6.15039644, 46.1963906 ] } },
{ "type": "Feature", "properties": { "stop_id": "8592805:0:P", "stop_code": "CLAP02", "stop_name": "Genève, Place Claparède", "stop_desc": null, "stop_lat": 46.19505993, "stop_lon": 6.15116001, "zone_id": null, "stop_url": null, "location_type": 0, "parent_station": "Parent8592805", "active": true }, "geometry": { "type": "Point", "coordinates": [ 6.15116001, 46.19505993 ] } },
{ "type": "Feature", "properties": { "stop_id": "8592810", "stop_code": null, "stop_name": "Genève, Contamines", "stop_desc": null, "stop_lat": 46.19601752, "stop_lon": 6.15616363, "zone_id": null, "stop_url": null, "location_type": 0, "parent_station": "Parent8592810", "active": true }, "geometry": { "type": "Point", "coordinates": [ 6.15616363, 46.19601752 ] } },
{ "type": "Feature", "properties": { "stop_id": "8592810:0:O", "stop_code": "CTMI03", "stop_name": "Genève, Contamines", "stop_desc": null, "stop_lat": 46.19583098, "stop_lon": 6.15593006, "zone_id": null, "stop_url": null, "location_type": 0, "parent_station": "Parent8592810", "active": true }, "geometry": { "type": "Point", "coordinates": [ 6.15593006, 46.19583098 ] } },
{ "type": "Feature", "properties": { "stop_id": "8592810:0:P", "stop_code": null, "stop_name": "Genève, Contamines", "stop_desc": null, "stop_lat": 46.19630355, "stop_lon": 6.15534616, "zone_id": null, "stop_url": null, "location_type": 0, "parent_station": "Parent8592810", "active": true }, "geometry": { "type": "Point", "coordinates": [ 6.15534616, 46.19630355 ] } },
{ "type": "Feature", "properties": { "stop_id": "8592810:0:Q", "stop_code": "CTMI00", "stop_name": "Genève, Contamines", "stop_desc": null, "stop_lat": 46.1963222, "stop_lon": 6.15633431, "zone_id": null, "stop_url": null, "location_type": 0, "parent_station": "Parent8592810", "active": true }, "geometry": { "type": "Point", "coordinates": [ 6.15633431, 46.1963222 ] } },
{ "type": "Feature", "properties": { "stop_id": "8592810:0:R", "stop_code": "CTMI01", "stop_name": "Genève, Contamines", "stop_desc": null, "stop_lat": 46.19575636, "stop_lon": 6.15633431, "zone_id": null, "stop_url": null, "location_type": 0, "parent_station": "Parent8592810", "active": true }, "geometry": { "type": "Point", "coordinates": [ 6.15633431, 46.19575636 ] } },
{ "type": "Feature", "properties": { "stop_id": "8592812", "stop_code": null, "stop_name": "Genève, Coutance", "stop_desc": null, "stop_lat": 46.20744516, "stop_lon": 6.14219482, "zone_id": null, "stop_url": null, "location_type": 0, "parent_station": "Parent8592812", "active": true }, "geometry": { "type": "Point", "coordinates": [ 6.14219482, 46.20744516 ] } },
{ "type": "Feature", "properties": { "stop_id": "8592812:0:W", "stop_code": null, "stop_name": "Genève, Coutance", "stop_desc": null, "stop_lat": 46.20725244, "stop_lon": 6.14192533, "zone_id": null, "stop_url": null, "location_type": 0, "parent_station": "Parent8592812", "active": true }, "geometry": { "type": "Point", "coordinates": [ 6.14192533, 46.20725244 ] } },
{ "type": "Feature", "properties": { "stop_id": "8592812:0:X", "stop_code": null, "stop_name": "Genève, Coutance", "stop_desc": null, "stop_lat": 46.20760058, "stop_lon": 6.1423655, "zone_id": null, "stop_url": null, "location_type": 0, "parent_station": "Parent8592812", "active": true }, "geometry": { "type": "Point", "coordinates": [ 6.1423655, 46.20760058 ] } },
{ "type": "Feature", "properties": { "stop_id": "8592812:0:Y", "stop_code": null, "stop_name": "Genève, Coutance", "stop_desc": null, "stop_lat": 46.20725244, "stop_lon": 6.14200618, "zone_id": null, "stop_url": null, "location_type": 0, "parent_station": "Parent8592812", "active": true }, "geometry": { "type": "Point", "coordinates": [ 6.14200618, 46.20725244 ] } },
{ "type": "Feature", "properties": { "stop_id": "8592812:0:Z", "stop_code": null, "stop_name": "Genève, Coutance", "stop_desc": null, "stop_lat": 46.20761301, "stop_lon": 6.14229364, "zone_id": null, "stop_url": null, "location_type": 0, "parent_station": "Parent8592812", "active": true }, "geometry": { "type": "Point", "coordinates": [ 6.14229364, 46.20761301 ] } },
{ "type": "Feature", "properties": { "stop_id": "8592819", "stop_code": null, "stop_name": "Genève, Ecole-de-Médecine", "stop_desc": null, "stop_lat": 46.19760932, "stop_lon": 6.13930225, "zone_id": null, "stop_url": null, "location_type": 0, "parent_station": "Parent8592819", "active": true }, "geometry": { "type": "Point", "coordinates": [ 6.13930225, 46.19760932 ] } },
{ "type": "Feature", "properties": { "stop_id": "8592819:0:L", "stop_code": null, "stop_name": "Genève, Ecole-de-Médecine", "stop_desc": null, "stop_lat": 46.19759067, "stop_lon": 6.13930225, "zone_id": null, "stop_url": null, "location_type": 0, "parent_station": "Parent8592819", "active": true }, "geometry": { "type": "Point", "coordinates": [ 6.13930225, 46.19759067 ] } },
{ "type": "Feature", "properties": { "stop_id": "8592820:0:E", "stop_code": null, "stop_name": "Genève, Eglise Russe", "stop_desc": null, "stop_lat": 46.19841764, "stop_lon": 6.15277698, "zone_id": null, "stop_url": null, "location_type": 0, "parent_station": "Parent8592820", "active": true }, "geometry": { "type": "Point", "coordinates": [ 6.15277698, 46.19841764 ] } },
{ "type": "Feature", "properties": { "stop_id": "8592824", "stop_code": null, "stop_name": "Genève, Florissant", "stop_desc": null, "stop_lat": 46.19696266, "stop_lon": 6.15373817, "zone_id": null, "stop_url": null, "location_type": 0, "parent_station": "Parent8592824", "active": true }, "geometry": { "type": "Point", "coordinates": [ 6.15373817, 46.19696266 ] } },
{ "type": "Feature", "properties": { "stop_id": "8592824:0:S", "stop_code": "FLRI00", "stop_name": "Genève, Florissant", "stop_desc": null, "stop_lat": 46.19724247, "stop_lon": 6.15384597, "zone_id": null, "stop_url": null, "location_type": 0, "parent_station": "Parent8592824", "active": true }, "geometry": { "type": "Point", "coordinates": [ 6.15384597, 46.19724247 ] } },
{ "type": "Feature", "properties": { "stop_id": "8592824:0:T", "stop_code": "FLRI01", "stop_name": "Genève, Florissant", "stop_desc": null, "stop_lat": 46.19664554, "stop_lon": 6.15405258, "zone_id": null, "stop_url": null, "location_type": 0, "parent_station": "Parent8592824", "active": true }, "geometry": { "type": "Point", "coordinates": [ 6.15405258, 46.19664554 ] } },
{ "type": "Feature", "properties": { "stop_id": "8592831", "stop_code": null, "stop_name": "Genève, Goulart", "stop_desc": null, "stop_lat": 46.20753841, "stop_lon": 6.14144922, "zone_id": null, "stop_url": null, "location_type": 0, "parent_station": "Parent8592831", "active": true }, "geometry": { "type": "Point", "coordinates": [ 6.14144922, 46.20753841 ] } },
{ "type": "Feature", "properties": { "stop_id": "8592831:0:S", "stop_code": null, "stop_name": "Genève, Goulart", "stop_desc": null, "stop_lat": 46.20761301, "stop_lon": 6.14153007, "zone_id": null, "stop_url": null, "location_type": 0, "parent_station": "Parent8592831", "active": true }, "geometry": { "type": "Point", "coordinates": [ 6.14153007, 46.20761301 ] } },
{ "type": "Feature", "properties": { "stop_id": "8592837", "stop_code": null, "stop_name": "Genève, Hôpital", "stop_desc": null, "stop_lat": 46.19459978, "stop_lon": 6.14901304, "zone_id": null, "stop_url": null, "location_type": 0, "parent_station": "Parent8592837", "active": true }, "geometry": { "type": "Point", "coordinates": [ 6.14901304, 46.19459978 ] } },
{ "type": "Feature", "properties": { "stop_id": "8592837:0:I", "stop_code": "HOPI03", "stop_name": "Genève, Hôpital", "stop_desc": null, "stop_lat": 46.19473658, "stop_lon": 6.14945321, "zone_id": null, "stop_url": null, "location_type": 0, "parent_station": "Parent8592837", "active": true }, "geometry": { "type": "Point", "coordinates": [ 6.14945321, 46.19473658 ] } },
{ "type": "Feature", "properties": { "stop_id": "8592837:0:J", "stop_code": "HOPI00", "stop_name": "Genève, Hôpital", "stop_desc": null, "stop_lat": 46.19502884, "stop_lon": 6.14882439, "zone_id": null, "stop_url": null, "location_type": 0, "parent_station": "Parent8592837", "active": true }, "geometry": { "type": "Point", "coordinates": [ 6.14882439, 46.19502884 ] } },
{ "type": "Feature", "properties": { "stop_id": "8592837:0:K", "stop_code": null, "stop_name": "Genève, Hôpital", "stop_desc": null, "stop_lat": 46.19465574, "stop_lon": 6.14893219, "zone_id": null, "stop_url": null, "location_type": 0, "parent_station": "Parent8592837", "active": true }, "geometry": { "type": "Point", "coordinates": [ 6.14893219, 46.19465574 ] } },
{ "type": "Feature", "properties": { "stop_id": "8592837:0:L", "stop_code": "HOPI04", "stop_name": "Genève, Hôpital", "stop_desc": null, "stop_lat": 46.19400904, "stop_lon": 6.14821353, "zone_id": null, "stop_url": null, "location_type": 0, "parent_station": "Parent8592837", "active": true }, "geometry": { "type": "Point", "coordinates": [ 6.14821353, 46.19400904 ] } },
{ "type": "Feature", "properties": { "stop_id": "8592837:0:M", "stop_code": "HOPI02", "stop_name": "Genève, Hôpital", "stop_desc": null, "stop_lat": 46.19427643, "stop_lon": 6.14880642, "zone_id": null, "stop_url": null, "location_type": 0, "parent_station": "Parent8592837", "active": true }, "geometry": { "type": "Point", "coordinates": [ 6.14880642, 46.19427643 ] } },
{ "type": "Feature", "properties": { "stop_id": "8592838:0:O", "stop_code": "HVIL00", "stop_name": "Genève, Hôtel-de-Ville", "stop_desc": null, "stop_lat": 46.20105393, "stop_lon": 6.14656063, "zone_id": null, "stop_url": null, "location_type": 0, "parent_station": "Parent8592838", "active": true }, "geometry": { "type": "Point", "coordinates": [ 6.14656063, 46.20105393 ] } },
{ "type": "Feature", "properties": { "stop_id": "8592841", "stop_code": null, "stop_name": "Genève, Mercier", "stop_desc": null, "stop_lat": 46.20686699, "stop_lon": 6.13953581, "zone_id": null, "stop_url": null, "location_type": 0, "parent_station": "Parent8592841", "active": true }, "geometry": { "type": "Point", "coordinates": [ 6.13953581, 46.20686699 ] } },
{ "type": "Feature", "properties": { "stop_id": "8592841:0:A", "stop_code": null, "stop_name": "Genève, Mercier", "stop_desc": null, "stop_lat": 46.20725244, "stop_lon": 6.13958971, "zone_id": null, "stop_url": null, "location_type": 0, "parent_station": "Parent8592841", "active": true }, "geometry": { "type": "Point", "coordinates": [ 6.13958971, 46.20725244 ] } },
{ "type": "Feature", "properties": { "stop_id": "8592841:0:T", "stop_code": "ISAM00", "stop_name": "Genève, Mercier", "stop_desc": null, "stop_lat": 46.20680483, "stop_lon": 6.13904174, "zone_id": null, "stop_url": null, "location_type": 0, "parent_station": "Parent8592841", "active": true }, "geometry": { "type": "Point", "coordinates": [ 6.13904174, 46.20680483 ] } },
{ "type": "Feature", "properties": { "stop_id": "8592841:0:U", "stop_code": "ISAM01", "stop_name": "Genève, Mercier", "stop_desc": null, "stop_lat": 46.20650642, "stop_lon": 6.13998497, "zone_id": null, "stop_url": null, "location_type": 0, "parent_station": "Parent8592841", "active": true }, "geometry": { "type": "Point", "coordinates": [ 6.13998497, 46.20650642 ] } },
{ "type": "Feature", "properties": { "stop_id": "8592841:0:V", "stop_code": "ISAM99", "stop_name": "Genève, Mercier", "stop_desc": null, "stop_lat": 46.20717162, "stop_lon": 6.13949089, "zone_id": null, "stop_url": null, "location_type": 0, "parent_station": "Parent8592841", "active": true }, "geometry": { "type": "Point", "coordinates": [ 6.13949089, 46.20717162 ] } },
{ "type": "Feature", "properties": { "stop_id": "8592848", "stop_code": null, "stop_name": "Genève, Lombard", "stop_desc": null, "stop_lat": 46.19552007, "stop_lon": 6.14720742, "zone_id": null, "stop_url": null, "location_type": 0, "parent_station": "Parent8592848", "active": true }, "geometry": { "type": "Point", "coordinates": [ 6.14720742, 46.19552007 ] } },
{ "type": "Feature", "properties": { "stop_id": "8592848:0:U", "stop_code": null, "stop_name": "Genève, Lombard", "stop_desc": null, "stop_lat": 46.19557603, "stop_lon": 6.1472164, "zone_id": null, "stop_url": null, "location_type": 0, "parent_station": "Parent8592848", "active": true }, "geometry": { "type": "Point", "coordinates": [ 6.1472164, 46.19557603 ] } },
{ "type": "Feature", "properties": { "stop_id": "8592851", "stop_code": null, "stop_name": "Genève, Musée art et histoire", "stop_desc": null, "stop_lat": 46.1996301, "stop_lon": 6.15114204, "zone_id": null, "stop_url": null, "location_type": 0, "parent_station": "Parent8592851", "active": true }, "geometry": { "type": "Point", "coordinates": [ 6.15114204, 46.1996301 ] } },
{ "type": "Feature", "properties": { "stop_id": "8592851:0:N", "stop_code": "JADA00", "stop_name": "Genève, Musée art et histoire", "stop_desc": null, "stop_lat": 46.19986016, "stop_lon": 6.15165408, "zone_id": null, "stop_url": null, "location_type": 0, "parent_station": "Parent8592851", "active": true }, "geometry": { "type": "Point", "coordinates": [ 6.15165408, 46.19986016 ] } },
{ "type": "Feature", "properties": { "stop_id": "8592851:0:O", "stop_code": "JADA01", "stop_name": "Genève, Musée art et histoire", "stop_desc": null, "stop_lat": 46.19940005, "stop_lon": 6.15069289, "zone_id": null, "stop_url": null, "location_type": 0, "parent_station": "Parent8592851", "active": true }, "geometry": { "type": "Point", "coordinates": [ 6.15069289, 46.19940005 ] } },
{ "type": "Feature", "properties": { "stop_id": "8592854", "stop_code": null, "stop_name": "Genève, Merle-d'Aubigné", "stop_desc": null, "stop_lat": 46.20668049, "stop_lon": 6.16189488, "zone_id": null, "stop_url": null, "location_type": 0, "parent_station": "Parent8592854", "active": true }, "geometry": { "type": "Point", "coordinates": [ 6.16189488, 46.20668049 ] } },
{ "type": "Feature", "properties": { "stop_id": "8592854:0:G", "stop_code": null, "stop_name": "Genève, Merle-d'Aubigné", "stop_desc": null, "stop_lat": 46.20663075, "stop_lon": 6.16186793, "zone_id": null, "stop_url": null, "location_type": 0, "parent_station": "Parent8592854", "active": true }, "geometry": { "type": "Point", "coordinates": [ 6.16186793, 46.20663075 ] } },
{ "type": "Feature", "properties": { "stop_id": "8592854:0:H", "stop_code": "AUBI01", "stop_name": "Genève, Merle-d'Aubigné", "stop_desc": null, "stop_lat": 46.20636964, "stop_lon": 6.1617242, "zone_id": null, "stop_url": null, "location_type": 0, "parent_station": "Parent8592854", "active": true }, "geometry": { "type": "Point", "coordinates": [ 6.1617242, 46.20636964 ] } },
{ "type": "Feature", "properties": { "stop_id": "8592856", "stop_code": null, "stop_name": "Genève, Métropole", "stop_desc": null, "stop_lat": 46.20339788, "stop_lon": 6.15151934, "zone_id": null, "stop_url": null, "location_type": 0, "parent_station": "Parent8592856", "active": true }, "geometry": { "type": "Point", "coordinates": [ 6.15151934, 46.20339788 ] } },
{ "type": "Feature", "properties": { "stop_id": "8592856:0:M", "stop_code": null, "stop_name": "Genève, Métropole", "stop_desc": null, "stop_lat": 46.20337301, "stop_lon": 6.15151035, "zone_id": null, "stop_url": null, "location_type": 0, "parent_station": "Parent8592856", "active": true }, "geometry": { "type": "Point", "coordinates": [ 6.15151035, 46.20337301 ] } },
{ "type": "Feature", "properties": { "stop_id": "8592856:0:N", "stop_code": "METR01", "stop_name": "Genève, Métropole", "stop_desc": null, "stop_lat": 46.20337301, "stop_lon": 6.15094441, "zone_id": null, "stop_url": null, "location_type": 0, "parent_station": "Parent8592856", "active": true }, "geometry": { "type": "Point", "coordinates": [ 6.15094441, 46.20337301 ] } },
{ "type": "Feature", "properties": { "stop_id": "8592862", "stop_code": null, "stop_name": "Genève, Molard", "stop_desc": null, "stop_lat": 46.20311189, "stop_lon": 6.14718047, "zone_id": null, "stop_url": null, "location_type": 0, "parent_station": "Parent8592862", "active": true }, "geometry": { "type": "Point", "coordinates": [ 6.14718047, 46.20311189 ] } },
{ "type": "Feature", "properties": { "stop_id": "8592862:0:W", "stop_code": null, "stop_name": "Genève, Molard", "stop_desc": null, "stop_lat": 46.20398852, "stop_lon": 6.14850998, "zone_id": null, "stop_url": null, "location_type": 0, "parent_station": "Parent8592862", "active": true }, "geometry": { "type": "Point", "coordinates": [ 6.14850998, 46.20398852 ] } },
{ "type": "Feature", "properties": { "stop_id": "8592862:0:X", "stop_code": "MLRD01", "stop_name": "Genève, Molard", "stop_desc": null, "stop_lat": 46.20409421, "stop_lon": 6.1483932, "zone_id": null, "stop_url": null, "location_type": 0, "parent_station": "Parent8592862", "active": true }, "geometry": { "type": "Point", "coordinates": [ 6.1483932, 46.20409421 ] } },
{ "type": "Feature", "properties": { "stop_id": "8592862:0:Y", "stop_code": null, "stop_name": "Genève, Molard", "stop_desc": null, "stop_lat": 46.20301863, "stop_lon": 6.14740505, "zone_id": null, "stop_url": null, "location_type": 0, "parent_station": "Parent8592862", "active": true }, "geometry": { "type": "Point", "coordinates": [ 6.14740505, 46.20301863 ] } },
{ "type": "Feature", "properties": { "stop_id": "8592862:0:Z", "stop_code": "MLRD04", "stop_name": "Genève, Molard", "stop_desc": null, "stop_lat": 46.20320515, "stop_lon": 6.14692894, "zone_id": null, "stop_url": null, "location_type": 0, "parent_station": "Parent8592862", "active": true }, "geometry": { "type": "Point", "coordinates": [ 6.14692894, 46.20320515 ] } },
{ "type": "Feature", "properties": { "stop_id": "8592864", "stop_code": null, "stop_name": "Genève, Mont-Blanc", "stop_desc": null, "stop_lat": 46.20734569, "stop_lon": 6.14699183, "zone_id": null, "stop_url": null, "location_type": 0, "parent_station": "Parent8592864", "active": true }, "geometry": { "type": "Point", "coordinates": [ 6.14699183, 46.20734569 ] } },
{ "type": "Feature", "properties": { "stop_id": "8592864:0:G", "stop_code": "MTBL00", "stop_name": "Genève, Mont-Blanc", "stop_desc": null, "stop_lat": 46.20703485, "stop_lon": 6.14735115, "zone_id": null, "stop_url": null, "location_type": 0, "parent_station": "Parent8592864", "active": true }, "geometry": { "type": "Point", "coordinates": [ 6.14735115, 46.20703485 ] } },
{ "type": "Feature", "properties": { "stop_id": "8592864:0:H", "stop_code": "MTBL01", "stop_name": "Genève, Mont-Blanc", "stop_desc": null, "stop_lat": 46.20760679, "stop_lon": 6.14665047, "zone_id": null, "stop_url": null, "location_type": 0, "parent_station": "Parent8592864", "active": true }, "geometry": { "type": "Point", "coordinates": [ 6.14665047, 46.20760679 ] } },
{ "type": "Feature", "properties": { "stop_id": "8592866", "stop_code": null, "stop_name": "Genève, Monthoux", "stop_desc": null, "stop_lat": 46.21047887, "stop_lon": 6.148501, "zone_id": null, "stop_url": null, "location_type": 0, "parent_station": "Parent8592866", "active": true }, "geometry": { "type": "Point", "coordinates": [ 6.148501, 46.21047887 ] } },
{ "type": "Feature", "properties": { "stop_id": "8592866:0:U", "stop_code": null, "stop_name": "Genève, Monthoux", "stop_desc": null, "stop_lat": 46.21053481, "stop_lon": 6.14837523, "zone_id": null, "stop_url": null, "location_type": 0, "parent_station": "Parent8592866", "active": true }, "geometry": { "type": "Point", "coordinates": [ 6.14837523, 46.21053481 ] } },
{ "type": "Feature", "properties": { "stop_id": "8592866:0:V", "stop_code": null, "stop_name": "Genève, Monthoux", "stop_desc": null, "stop_lat": 46.21019291, "stop_lon": 6.14830337, "zone_id": null, "stop_url": null, "location_type": 0, "parent_station": "Parent8592866", "active": true }, "geometry": { "type": "Point", "coordinates": [ 6.14830337, 46.21019291 ] } },
{ "type": "Feature", "properties": { "stop_id": "8592870", "stop_code": null, "stop_name": "Genève, Muséum", "stop_desc": null, "stop_lat": 46.19852335, "stop_lon": 6.15730449, "zone_id": null, "stop_url": null, "location_type": 0, "parent_station": "Parent8592870", "active": true }, "geometry": { "type": "Point", "coordinates": [ 6.15730449, 46.19852335 ] } },
{ "type": "Feature", "properties": { "stop_id": "8592870:0:A", "stop_code": null, "stop_name": "Genève, Muséum", "stop_desc": null, "stop_lat": 46.19860418, "stop_lon": 6.15734042, "zone_id": null, "stop_url": null, "location_type": 0, "parent_station": "Parent8592870", "active": true }, "geometry": { "type": "Point", "coordinates": [ 6.15734042, 46.19860418 ] } },
{ "type": "Feature", "properties": { "stop_id": "8592870:0:B", "stop_code": null, "stop_name": "Genève, Muséum", "stop_desc": null, "stop_lat": 46.19846739, "stop_lon": 6.15725957, "zone_id": null, "stop_url": null, "location_type": 0, "parent_station": "Parent8592870", "active": true }, "geometry": { "type": "Point", "coordinates": [ 6.15725957, 46.19846739 ] } },
{ "type": "Feature", "properties": { "stop_id": "8592870:0:C", "stop_code": "MUSE02", "stop_name": "Genève, Muséum", "stop_desc": null, "stop_lat": 46.19838034, "stop_lon": 6.1583106, "zone_id": null, "stop_url": null, "location_type": 0, "parent_station": "Parent8592870", "active": true }, "geometry": { "type": "Point", "coordinates": [ 6.1583106, 46.19838034 ] } },
{ "type": "Feature", "properties": { "stop_id": "8592870:0:D", "stop_code": "MUSE03", "stop_name": "Genève, Muséum", "stop_desc": null, "stop_lat": 46.19816271, "stop_lon": 6.15864298, "zone_id": null, "stop_url": null, "location_type": 0, "parent_station": "Parent8592870", "active": true }, "geometry": { "type": "Point", "coordinates": [ 6.15864298, 46.19816271 ] } },
{ "type": "Feature", "properties": { "stop_id": "8592871", "stop_code": null, "stop_name": "Genève, Navigation", "stop_desc": null, "stop_lat": 46.21188998, "stop_lon": 6.14964186, "zone_id": null, "stop_url": null, "location_type": 0, "parent_station": "Parent8592871", "active": true }, "geometry": { "type": "Point", "coordinates": [ 6.14964186, 46.21188998 ] } },
{ "type": "Feature", "properties": { "stop_id": "8592871:0:M", "stop_code": null, "stop_name": "Genève, Navigation", "stop_desc": null, "stop_lat": 46.21195214, "stop_lon": 6.14965084, "zone_id": null, "stop_url": null, "location_type": 0, "parent_station": "Parent8592871", "active": true }, "geometry": { "type": "Point", "coordinates": [ 6.14965084, 46.21195214 ] } },
{ "type": "Feature", "properties": { "stop_id": "8592871:0:N", "stop_code": null, "stop_name": "Genève, Navigation", "stop_desc": null, "stop_lat": 46.21182782, "stop_lon": 6.14947118, "zone_id": null, "stop_url": null, "location_type": 0, "parent_station": "Parent8592871", "active": true }, "geometry": { "type": "Point", "coordinates": [ 6.14947118, 46.21182782 ] } },
{ "type": "Feature", "properties": { "stop_id": "8592878:0:C", "stop_code": "GCHP02", "stop_name": "Genève-Champel, gare/Peschier", "stop_desc": null, "stop_lat": 46.19408366, "stop_lon": 6.15433106, "zone_id": null, "stop_url": null, "location_type": 0, "parent_station": "Parent8592878", "active": true }, "geometry": { "type": "Point", "coordinates": [ 6.15433106, 46.19408366 ] } },
{ "type": "Feature", "properties": { "stop_id": "8592878:0:D", "stop_code": "GCHP01", "stop_name": "Genève-Champel, gare/Peschier", "stop_desc": null, "stop_lat": 46.19412097, "stop_lon": 6.15309139, "zone_id": null, "stop_url": null, "location_type": 0, "parent_station": "Parent8592878", "active": true }, "geometry": { "type": "Point", "coordinates": [ 6.15309139, 46.19412097 ] } },
{ "type": "Feature", "properties": { "stop_id": "8592879:0:G", "stop_code": "PEPA00", "stop_name": "Genève,Conservatoire populaire", "stop_desc": null, "stop_lat": 46.19765907, "stop_lon": 6.15171696, "zone_id": null, "stop_url": null, "location_type": 0, "parent_station": "Parent8592879", "active": true }, "geometry": { "type": "Point", "coordinates": [ 6.15171696, 46.19765907 ] } },
{ "type": "Feature", "properties": { "stop_id": "8592881", "stop_code": null, "stop_name": "Genève, Philosophes", "stop_desc": null, "stop_lat": 46.19672016, "stop_lon": 6.14619233, "zone_id": null, "stop_url": null, "location_type": 0, "parent_station": "Parent8592881", "active": true }, "geometry": { "type": "Point", "coordinates": [ 6.14619233, 46.19672016 ] } },
{ "type": "Feature", "properties": { "stop_id": "8592881:0:V", "stop_code": null, "stop_name": "Genève, Philosophes", "stop_desc": null, "stop_lat": 46.19669529, "stop_lon": 6.14615639, "zone_id": null, "stop_url": null, "location_type": 0, "parent_station": "Parent8592881", "active": true }, "geometry": { "type": "Point", "coordinates": [ 6.14615639, 46.19669529 ] } },
{ "type": "Feature", "properties": { "stop_id": "8592883", "stop_code": null, "stop_name": "Genève, Place des Eaux-Vives", "stop_desc": null, "stop_lat": 46.2022912, "stop_lon": 6.15601091, "zone_id": null, "stop_url": null, "location_type": 0, "parent_station": "Parent8592883", "active": true }, "geometry": { "type": "Point", "coordinates": [ 6.15601091, 46.2022912 ] } },
{ "type": "Feature", "properties": { "stop_id": "8592883:0:O", "stop_code": null, "stop_name": "Genève, Place des Eaux-Vives", "stop_desc": null, "stop_lat": 46.20255855, "stop_lon": 6.15541802, "zone_id": null, "stop_url": null, "location_type": 0, "parent_station": "Parent8592883", "active": true }, "geometry": { "type": "Point", "coordinates": [ 6.15541802, 46.20255855 ] } },
{ "type": "Feature", "properties": { "stop_id": "8592883:0:P", "stop_code": "PLEV01", "stop_name": "Genève, Place des Eaux-Vives", "stop_desc": null, "stop_lat": 46.20235959, "stop_lon": 6.15578633, "zone_id": null, "stop_url": null, "location_type": 0, "parent_station": "Parent8592883", "active": true }, "geometry": { "type": "Point", "coordinates": [ 6.15578633, 46.20235959 ] } },
{ "type": "Feature", "properties": { "stop_id": "8592883:0:Q", "stop_code": "PLEV02", "stop_name": "Genève, Place des Eaux-Vives", "stop_desc": null, "stop_lat": 46.20232229, "stop_lon": 6.15658583, "zone_id": null, "stop_url": null, "location_type": 0, "parent_station": "Parent8592883", "active": true }, "geometry": { "type": "Point", "coordinates": [ 6.15658583, 46.20232229 ] } },
{ "type": "Feature", "properties": { "stop_id": "8592883:0:R", "stop_code": "PLEV03", "stop_name": "Genève, Place des Eaux-Vives", "stop_desc": null, "stop_lat": 46.20179381, "stop_lon": 6.15578633, "zone_id": null, "stop_url": null, "location_type": 0, "parent_station": "Parent8592883", "active": true }, "geometry": { "type": "Point", "coordinates": [ 6.15578633, 46.20179381 ] } },
{ "type": "Feature", "properties": { "stop_id": "8592883:0:S", "stop_code": "PLEV04", "stop_name": "Genève, Place des Eaux-Vives", "stop_desc": null, "stop_lat": 46.20175029, "stop_lon": 6.15690923, "zone_id": null, "stop_url": null, "location_type": 0, "parent_station": "Parent8592883", "active": true }, "geometry": { "type": "Point", "coordinates": [ 6.15690923, 46.20175029 ] } },
{ "type": "Feature", "properties": { "stop_id": "8592883:0:Z", "stop_code": "PLEV00", "stop_name": "Genève, Place des Eaux-Vives", "stop_desc": null, "stop_lat": 46.20250259, "stop_lon": 6.15555277, "zone_id": null, "stop_url": null, "location_type": 0, "parent_station": "Parent8592883", "active": true }, "geometry": { "type": "Point", "coordinates": [ 6.15555277, 46.20250259 ] } },
{ "type": "Feature", "properties": { "stop_id": "8592885", "stop_code": null, "stop_name": "Genève, Place de Neuve", "stop_desc": null, "stop_lat": 46.20119693, "stop_lon": 6.1441801, "zone_id": null, "stop_url": null, "location_type": 0, "parent_station": "Parent8592885", "active": true }, "geometry": { "type": "Point", "coordinates": [ 6.1441801, 46.20119693 ] } },
{ "type": "Feature", "properties": { "stop_id": "8592885:0:I", "stop_code": "PNEV02", "stop_name": "Genève, Place de Neuve", "stop_desc": null, "stop_lat": 46.20099176, "stop_lon": 6.14385671, "zone_id": null, "stop_url": null, "location_type": 0, "parent_station": "Parent8592885", "active": true }, "geometry": { "type": "Point", "coordinates": [ 6.14385671, 46.20099176 ] } },
{ "type": "Feature", "properties": { "stop_id": "8592885:0:J", "stop_code": "PNEV03", "stop_name": "Genève, Place de Neuve", "stop_desc": null, "stop_lat": 46.2006871, "stop_lon": 6.14329975, "zone_id": null, "stop_url": null, "location_type": 0, "parent_station": "Parent8592885", "active": true }, "geometry": { "type": "Point", "coordinates": [ 6.14329975, 46.2006871 ] } },
{ "type": "Feature", "properties": { "stop_id": "8592885:0:L", "stop_code": "PNEV00", "stop_name": "Genève, Place de Neuve", "stop_desc": null, "stop_lat": 46.20096689, "stop_lon": 6.14464722, "zone_id": null, "stop_url": null, "location_type": 0, "parent_station": "Parent8592885", "active": true }, "geometry": { "type": "Point", "coordinates": [ 6.14464722, 46.20096689 ] } },
{ "type": "Feature", "properties": { "stop_id": "8592885:0:M", "stop_code": null, "stop_name": "Genève, Place de Neuve", "stop_desc": null, "stop_lat": 46.20126533, "stop_lon": 6.14424298, "zone_id": null, "stop_url": null, "location_type": 0, "parent_station": "Parent8592885", "active": true }, "geometry": { "type": "Point", "coordinates": [ 6.14424298, 46.20126533 ] } },
{ "type": "Feature", "properties": { "stop_id": "8592885:0:N", "stop_code": "PNEF00", "stop_name": "Genève, Place de Neuve", "stop_desc": null, "stop_lat": 46.20152646, "stop_lon": 6.14399145, "zone_id": null, "stop_url": null, "location_type": 0, "parent_station": "Parent8592885", "active": true }, "geometry": { "type": "Point", "coordinates": [ 6.14399145, 46.20152646 ] } },
{ "type": "Feature", "properties": { "stop_id": "8592887", "stop_code": null, "stop_name": "Genève, Pont-d'Arve", "stop_desc": null, "stop_lat": 46.19489825, "stop_lon": 6.14342551, "zone_id": null, "stop_url": null, "location_type": 0, "parent_station": "Parent8592887", "active": true }, "geometry": { "type": "Point", "coordinates": [ 6.14342551, 46.19489825 ] } },
{ "type": "Feature", "properties": { "stop_id": "8592887:0:R", "stop_code": null, "stop_name": "Genève, Pont-d'Arve", "stop_desc": null, "stop_lat": 46.19500396, "stop_lon": 6.14342551, "zone_id": null, "stop_url": null, "location_type": 0, "parent_station": "Parent8592887", "active": true }, "geometry": { "type": "Point", "coordinates": [ 6.14342551, 46.19500396 ] } },
{ "type": "Feature", "properties": { "stop_id": "8592887:0:T", "stop_code": "PTAR02", "stop_name": "Genève, Pont-d'Arve", "stop_desc": null, "stop_lat": 46.19502262, "stop_lon": 6.14301229, "zone_id": null, "stop_url": null, "location_type": 0, "parent_station": "Parent8592887", "active": true }, "geometry": { "type": "Point", "coordinates": [ 6.14301229, 46.19502262 ] } },
{ "type": "Feature", "properties": { "stop_id": "8592900", "stop_code": null, "stop_name": "Genève, Rue du Lac", "stop_desc": null, "stop_lat": 46.2038393, "stop_lon": 6.15801415, "zone_id": null, "stop_url": null, "location_type": 0, "parent_station": "Parent8592900", "active": true }, "geometry": { "type": "Point", "coordinates": [ 6.15801415, 46.2038393 ] } },
{ "type": "Feature", "properties": { "stop_id": "8592900:0:T", "stop_code": "RLAC00", "stop_name": "Genève, Rue du Lac", "stop_desc": null, "stop_lat": 46.20352223, "stop_lon": 6.15748415, "zone_id": null, "stop_url": null, "location_type": 0, "parent_station": "Parent8592900", "active": true }, "geometry": { "type": "Point", "coordinates": [ 6.15748415, 46.20352223 ] } },
{ "type": "Feature", "properties": { "stop_id": "8592900:0:U", "stop_code": "RLAC01", "stop_name": "Genève, Rue du Lac", "stop_desc": null, "stop_lat": 46.20410664, "stop_lon": 6.15854416, "zone_id": null, "stop_url": null, "location_type": 0, "parent_station": "Parent8592900", "active": true }, "geometry": { "type": "Point", "coordinates": [ 6.15854416, 46.20410664 ] } },
{ "type": "Feature", "properties": { "stop_id": "8592906", "stop_code": null, "stop_name": "Genève, Stand", "stop_desc": null, "stop_lat": 46.20369009, "stop_lon": 6.13988615, "zone_id": null, "stop_url": null, "location_type": 0, "parent_station": "Parent8592906", "active": true }, "geometry": { "type": "Point", "coordinates": [ 6.13988615, 46.20369009 ] } },
{ "type": "Feature", "properties": { "stop_id": "8592906:0:H", "stop_code": null, "stop_name": "Genève, Stand", "stop_desc": null, "stop_lat": 46.20364035, "stop_lon": 6.13985022, "zone_id": null, "stop_url": null, "location_type": 0, "parent_station": "Parent8592906", "active": true }, "geometry": { "type": "Point", "coordinates": [ 6.13985022, 46.20364035 ] } },
{ "type": "Feature", "properties": { "stop_id": "8592906:0:I", "stop_code": "STND02", "stop_name": "Genève, Stand", "stop_desc": null, "stop_lat": 46.20397608, "stop_lon": 6.13994903, "zone_id": null, "stop_url": null, "location_type": 0, "parent_station": "Parent8592906", "active": true }, "geometry": { "type": "Point", "coordinates": [ 6.13994903, 46.20397608 ] } },
{ "type": "Feature", "properties": { "stop_id": "8592906:0:J", "stop_code": "SNDT01", "stop_name": "Genève, Stand", "stop_desc": null, "stop_lat": 46.20359683, "stop_lon": 6.14105396, "zone_id": null, "stop_url": null, "location_type": 0, "parent_station": "Parent8592906", "active": true }, "geometry": { "type": "Point", "coordinates": [ 6.14105396, 46.20359683 ] } },
{ "type": "Feature", "properties": { "stop_id": "8592906:0:K", "stop_code": null, "stop_name": "Genève, Stand", "stop_desc": null, "stop_lat": 46.20410664, "stop_lon": 6.14022751, "zone_id": null, "stop_url": null, "location_type": 0, "parent_station": "Parent8592906", "active": true }, "geometry": { "type": "Point", "coordinates": [ 6.14022751, 46.20410664 ] } },
{ "type": "Feature", "properties": { "stop_id": "8592906:0:L", "stop_code": null, "stop_name": "Genève, Stand", "stop_desc": null, "stop_lat": 46.20417503, "stop_lon": 6.14033531, "zone_id": null, "stop_url": null, "location_type": 0, "parent_station": "Parent8592906", "active": true }, "geometry": { "type": "Point", "coordinates": [ 6.14033531, 46.20417503 ] } },
{ "type": "Feature", "properties": { "stop_id": "8592906:0:W", "stop_code": null, "stop_name": "Genève, Stand", "stop_desc": null, "stop_lat": 46.20369009, "stop_lon": 6.13988615, "zone_id": null, "stop_url": null, "location_type": 0, "parent_station": "Parent8592906", "active": true }, "geometry": { "type": "Point", "coordinates": [ 6.13988615, 46.20369009 ] } },
{ "type": "Feature", "properties": { "stop_id": "8592906:0:Y", "stop_code": "SNTD03", "stop_name": "Genève, Stand", "stop_desc": null, "stop_lat": 46.20416882, "stop_lon": 6.14028141, "zone_id": null, "stop_url": null, "location_type": 0, "parent_station": "Parent8592906", "active": true }, "geometry": { "type": "Point", "coordinates": [ 6.14028141, 46.20416882 ] } },
{ "type": "Feature", "properties": { "stop_id": "8592907:0:M", "stop_code": null, "stop_name": "Genève, Saint-Antoine", "stop_desc": null, "stop_lat": 46.19992855, "stop_lon": 6.15094441, "zone_id": null, "stop_url": null, "location_type": 0, "parent_station": "Parent8592907", "active": true }, "geometry": { "type": "Point", "coordinates": [ 6.15094441, 46.19992855 ] } },
{ "type": "Feature", "properties": { "stop_id": "8592909:0:P", "stop_code": "TACO00", "stop_name": "Genève, Taconnerie", "stop_desc": null, "stop_lat": 46.20083632, "stop_lon": 6.14819557, "zone_id": null, "stop_url": null, "location_type": 0, "parent_station": "Parent8592909", "active": true }, "geometry": { "type": "Point", "coordinates": [ 6.14819557, 46.20083632 ] } },
{ "type": "Feature", "properties": { "stop_id": "8592910", "stop_code": null, "stop_name": "Genève, Terrassière", "stop_desc": null, "stop_lat": 46.2010788, "stop_lon": 6.15641515, "zone_id": null, "stop_url": null, "location_type": 0, "parent_station": "Parent8592910", "active": true }, "geometry": { "type": "Point", "coordinates": [ 6.15641515, 46.2010788 ] } },
{ "type": "Feature", "properties": { "stop_id": "8592910:0:T", "stop_code": null, "stop_name": "Genève, Terrassière", "stop_desc": null, "stop_lat": 46.20098554, "stop_lon": 6.15647804, "zone_id": null, "stop_url": null, "location_type": 0, "parent_station": "Parent8592910", "active": true }, "geometry": { "type": "Point", "coordinates": [ 6.15647804, 46.20098554 ] } },
{ "type": "Feature", "properties": { "stop_id": "8592910:0:U", "stop_code": "TRSI01", "stop_name": "Genève, Terrassière", "stop_desc": null, "stop_lat": 46.20114719, "stop_lon": 6.15590311, "zone_id": null, "stop_url": null, "location_type": 0, "parent_station": "Parent8592910", "active": true }, "geometry": { "type": "Point", "coordinates": [ 6.15590311, 46.20114719 ] } },
{ "type": "Feature", "properties": { "stop_id": "8592910:0:V", "stop_code": "TRSI99", "stop_name": "Genève, Terrassière", "stop_desc": null, "stop_lat": 46.20073062, "stop_lon": 6.15520243, "zone_id": null, "stop_url": null, "location_type": 0, "parent_station": "Parent8592910", "active": true }, "geometry": { "type": "Point", "coordinates": [ 6.15520243, 46.20073062 ] } },
{ "type": "Feature", "properties": { "stop_id": "8592910:0:W", "stop_code": "TRSI98", "stop_name": "Genève, Terrassière", "stop_desc": null, "stop_lat": 46.20096689, "stop_lon": 6.15574142, "zone_id": null, "stop_url": null, "location_type": 0, "parent_station": "Parent8592910", "active": true }, "geometry": { "type": "Point", "coordinates": [ 6.15574142, 46.20096689 ] } },
{ "type": "Feature", "properties": { "stop_id": "8592912", "stop_code": null, "stop_name": "Genève, Tranchées", "stop_desc": null, "stop_lat": 46.19852957, "stop_lon": 6.15551684, "zone_id": null, "stop_url": null, "location_type": 0, "parent_station": "Parent8592912", "active": true }, "geometry": { "type": "Point", "coordinates": [ 6.15551684, 46.19852957 ] } },
{ "type": "Feature", "properties": { "stop_id": "8592912:0:F", "stop_code": null, "stop_name": "Genève, Tranchées", "stop_desc": null, "stop_lat": 46.19846117, "stop_lon": 6.15543599, "zone_id": null, "stop_url": null, "location_type": 0, "parent_station": "Parent8592912", "active": true }, "geometry": { "type": "Point", "coordinates": [ 6.15543599, 46.19846117 ] } },
{ "type": "Feature", "properties": { "stop_id": "8592924", "stop_code": null, "stop_name": "Genève, Villereuse", "stop_desc": null, "stop_lat": 46.2006187, "stop_lon": 6.15854416, "zone_id": null, "stop_url": null, "location_type": 0, "parent_station": "Parent8592924", "active": true }, "geometry": { "type": "Point", "coordinates": [ 6.15854416, 46.2006187 ] } },
{ "type": "Feature", "properties": { "stop_id": "8592924:0:X", "stop_code": null, "stop_name": "Genève, Villereuse", "stop_desc": null, "stop_lat": 46.20054409, "stop_lon": 6.15879569, "zone_id": null, "stop_url": null, "location_type": 0, "parent_station": "Parent8592924", "active": true }, "geometry": { "type": "Point", "coordinates": [ 6.15879569, 46.20054409 ] } },
{ "type": "Feature", "properties": { "stop_id": "8592924:0:Y", "stop_code": "VILL01", "stop_name": "Genève, Villereuse", "stop_desc": null, "stop_lat": 46.20069953, "stop_lon": 6.15822077, "zone_id": null, "stop_url": null, "location_type": 0, "parent_station": "Parent8592924", "active": true }, "geometry": { "type": "Point", "coordinates": [ 6.15822077, 46.20069953 ] } },
{ "type": "Feature", "properties": { "stop_id": "8592925", "stop_code": null, "stop_name": "Genève, Vollandes", "stop_desc": null, "stop_lat": 46.20523194, "stop_lon": 6.16028689, "zone_id": null, "stop_url": null, "location_type": 0, "parent_station": "Parent8592925", "active": true }, "geometry": { "type": "Point", "coordinates": [ 6.16028689, 46.20523194 ] } },
{ "type": "Feature", "properties": { "stop_id": "8592925:0:V", "stop_code": null, "stop_name": "Genève, Vollandes", "stop_desc": null, "stop_lat": 46.20533763, "stop_lon": 6.16034977, "zone_id": null, "stop_url": null, "location_type": 0, "parent_station": "Parent8592925", "active": true }, "geometry": { "type": "Point", "coordinates": [ 6.16034977, 46.20533763 ] } },
{ "type": "Feature", "properties": { "stop_id": "8592925:0:W", "stop_code": "VOLL01", "stop_name": "Genève, Vollandes", "stop_desc": null, "stop_lat": 46.20512625, "stop_lon": 6.16025096, "zone_id": null, "stop_url": null, "location_type": 0, "parent_station": "Parent8592925", "active": true }, "geometry": { "type": "Point", "coordinates": [ 6.16025096, 46.20512625 ] } },
{ "type": "Feature", "properties": { "stop_id": "8592925:0:X", "stop_code": "VOLL02", "stop_name": "Genève, Vollandes", "stop_desc": null, "stop_lat": 46.20612097, "stop_lon": 6.15909213, "zone_id": null, "stop_url": null, "location_type": 0, "parent_station": "Parent8592925", "active": true }, "geometry": { "type": "Point", "coordinates": [ 6.15909213, 46.20612097 ] } },
{ "type": "Feature", "properties": { "stop_id": "8595021", "stop_code": null, "stop_name": "Genève, Palais Eynard", "stop_desc": null, "stop_lat": 46.19988503, "stop_lon": 6.14712657, "zone_id": null, "stop_url": null, "location_type": 0, "parent_station": "Parent8595021", "active": true }, "geometry": { "type": "Point", "coordinates": [ 6.14712657, 46.19988503 ] } },
{ "type": "Feature", "properties": { "stop_id": "8595021:0:R", "stop_code": null, "stop_name": "Genève, Palais Eynard", "stop_desc": null, "stop_lat": 46.19989746, "stop_lon": 6.14688403, "zone_id": null, "stop_url": null, "location_type": 0, "parent_station": "Parent8595021", "active": true }, "geometry": { "type": "Point", "coordinates": [ 6.14688403, 46.19989746 ] } },
{ "type": "Feature", "properties": { "stop_id": "8595021:0:S", "stop_code": "PLEY00", "stop_name": "Genève, Palais Eynard", "stop_desc": null, "stop_lat": 46.20009021, "stop_lon": 6.1466864, "zone_id": null, "stop_url": null, "location_type": 0, "parent_station": "Parent8595021", "active": true }, "geometry": { "type": "Point", "coordinates": [ 6.1466864, 46.20009021 ] } },
{ "type": "Feature", "properties": { "stop_id": "8595022", "stop_code": null, "stop_name": "Genève, Théâtre", "stop_desc": null, "stop_lat": 46.20217307, "stop_lon": 6.14185346, "zone_id": null, "stop_url": null, "location_type": 0, "parent_station": "Parent8595022", "active": true }, "geometry": { "type": "Point", "coordinates": [ 6.14185346, 46.20217307 ] } },
{ "type": "Feature", "properties": { "stop_id": "8595022:0:N", "stop_code": null, "stop_name": "Genève, Théâtre", "stop_desc": null, "stop_lat": 46.20207359, "stop_lon": 6.14181753, "zone_id": null, "stop_url": null, "location_type": 0, "parent_station": "Parent8595022", "active": true }, "geometry": { "type": "Point", "coordinates": [ 6.14181753, 46.20207359 ] } },
{ "type": "Feature", "properties": { "stop_id": "8595022:0:O", "stop_code": null, "stop_name": "Genève, Théâtre", "stop_desc": null, "stop_lat": 46.20234716, "stop_lon": 6.14187143, "zone_id": null, "stop_url": null, "location_type": 0, "parent_station": "Parent8595022", "active": true }, "geometry": { "type": "Point", "coordinates": [ 6.14187143, 46.20234716 ] } },
{ "type": "Feature", "properties": { "stop_id": "8595022:0:Y", "stop_code": "THRE98", "stop_name": "Genève, Théâtre", "stop_desc": null, "stop_lat": 46.20188085, "stop_lon": 6.14166482, "zone_id": null, "stop_url": null, "location_type": 0, "parent_station": "Parent8595022", "active": true }, "geometry": { "type": "Point", "coordinates": [ 6.14166482, 46.20188085 ] } },
{ "type": "Feature", "properties": { "stop_id": "Parent8511617", "stop_code": null, "stop_name": "Genève, Chausse-Coq", "stop_desc": null, "stop_lat": 46.19958036, "stop_lon": 6.14835727, "zone_id": null, "stop_url": null, "location_type": 1, "parent_station": null, "active": true }, "geometry": { "type": "Point", "coordinates": [ 6.14835727, 46.19958036 ] } },
{ "type": "Feature", "properties": { "stop_id": "Parent8511618", "stop_code": "ATHE06", "stop_name": "Genève, Saint-Léger", "stop_desc": null, "stop_lat": 46.19842386, "stop_lon": 6.14749488, "zone_id": null, "stop_url": null, "location_type": 1, "parent_station": null, "active": true }, "geometry": { "type": "Point", "coordinates": [ 6.14749488, 46.19842386 ] } },
{ "type": "Feature", "properties": { "stop_id": "Parent8511621", "stop_code": null, "stop_name": "Genève, Bains des Pâquis", "stop_desc": null, "stop_lat": 46.2113243, "stop_lon": 6.1525524, "zone_id": null, "stop_url": null, "location_type": 1, "parent_station": null, "active": true }, "geometry": { "type": "Point", "coordinates": [ 6.1525524, 46.2113243 ] } },
{ "type": "Feature", "properties": { "stop_id": "Parent8587057", "stop_code": "CVIN97", "stop_name": "Genève, gare Cornavin", "stop_desc": null, "stop_lat": 46.20973289, "stop_lon": 6.14243737, "zone_id": null, "stop_url": null, "location_type": 1, "parent_station": null, "active": true }, "geometry": { "type": "Point", "coordinates": [ 6.14243737, 46.20973289 ] } },
{ "type": "Feature", "properties": { "stop_id": "Parent8587061", "stop_code": "RIVE00", "stop_name": "Genève, Rive", "stop_desc": null, "stop_lat": 46.2018622, "stop_lon": 6.15281291, "zone_id": null, "stop_url": null, "location_type": 1, "parent_station": null, "active": true }, "geometry": { "type": "Point", "coordinates": [ 6.15281291, 46.2018622 ] } },
{ "type": "Feature", "properties": { "stop_id": "Parent8587387", "stop_code": "BAPO99", "stop_name": "Genève, Bel-Air", "stop_desc": null, "stop_lat": 46.20472836, "stop_lon": 6.14304822, "zone_id": null, "stop_url": null, "location_type": 1, "parent_station": null, "active": true }, "geometry": { "type": "Point", "coordinates": [ 6.14304822, 46.20472836 ] } },
{ "type": "Feature", "properties": { "stop_id": "Parent8587907", "stop_code": null, "stop_name": "Genève, Plainpalais", "stop_desc": null, "stop_lat": 46.19803836, "stop_lon": 6.14281466, "zone_id": null, "stop_url": null, "location_type": 1, "parent_station": null, "active": true }, "geometry": { "type": "Point", "coordinates": [ 6.14281466, 46.19803836 ] } },
{ "type": "Feature", "properties": { "stop_id": "Parent8592773", "stop_code": "31DC01", "stop_name": "Genève, 31-Décembre", "stop_desc": null, "stop_lat": 46.20170055, "stop_lon": 6.16211946, "zone_id": null, "stop_url": null, "location_type": 1, "parent_station": null, "active": true }, "geometry": { "type": "Point", "coordinates": [ 6.16211946, 46.20170055 ] } },
{ "type": "Feature", "properties": { "stop_id": "Parent8592777", "stop_code": "ALPE00", "stop_name": "Genève, Alpes", "stop_desc": null, "stop_lat": 46.2090242, "stop_lon": 6.14718946, "zone_id": null, "stop_url": null, "location_type": 1, "parent_station": null, "active": true }, "geometry": { "type": "Point", "coordinates": [ 6.14718946, 46.2090242 ] } },
{ "type": "Feature", "properties": { "stop_id": "Parent8592779", "stop_code": "ATHE03", "stop_name": "Genève, Athénée", "stop_desc": null, "stop_lat": 46.1981565, "stop_lon": 6.1489232, "zone_id": null, "stop_url": null, "location_type": 1, "parent_station": null, "active": true }, "geometry": { "type": "Point", "coordinates": [ 6.1489232, 46.1981565 ] } },
{ "type": "Feature", "properties": { "stop_id": "Parent8592782", "stop_code": "BAC01", "stop_name": "Genève, Bains", "stop_desc": null, "stop_lat": 46.19974824, "stop_lon": 6.13754155, "zone_id": null, "stop_url": null, "location_type": 1, "parent_station": null, "active": true }, "geometry": { "type": "Point", "coordinates": [ 6.13754155, 46.19974824 ] } },
{ "type": "Feature", "properties": { "stop_id": "Parent8592792", "stop_code": "BFOU00", "stop_name": "Genève, Bourg-de-Four", "stop_desc": null, "stop_lat": 46.20015239, "stop_lon": 6.14860879, "zone_id": null, "stop_url": null, "location_type": 1, "parent_station": null, "active": true }, "geometry": { "type": "Point", "coordinates": [ 6.14860879, 46.20015239 ] } },
{ "type": "Feature", "properties": { "stop_id": "Parent8592794", "stop_code": "BVYL98", "stop_name": "Genève, Bovy-Lysberg", "stop_desc": null, "stop_lat": 46.20238446, "stop_lon": 6.14294042, "zone_id": null, "stop_url": null, "location_type": 1, "parent_station": null, "active": true }, "geometry": { "type": "Point", "coordinates": [ 6.14294042, 46.20238446 ] } },
{ "type": "Feature", "properties": { "stop_id": "Parent8592799", "stop_code": "CATH00", "stop_name": "Genève, Cathédrale", "stop_desc": null, "stop_lat": 46.20146429, "stop_lon": 6.14781828, "zone_id": null, "stop_url": null, "location_type": 1, "parent_station": null, "active": true }, "geometry": { "type": "Point", "coordinates": [ 6.14781828, 46.20146429 ] } },
{ "type": "Feature", "properties": { "stop_id": "Parent8592801", "stop_code": "CPLT00", "stop_name": "Genève, Chantepoulet", "stop_desc": null, "stop_lat": 46.20815387, "stop_lon": 6.14355128, "zone_id": null, "stop_url": null, "location_type": 1, "parent_station": null, "active": true }, "geometry": { "type": "Point", "coordinates": [ 6.14355128, 46.20815387 ] } },
{ "type": "Feature", "properties": { "stop_id": "Parent8592804", "stop_code": null, "stop_name": "Genève, Cirque", "stop_desc": null, "stop_lat": 46.20108502, "stop_lon": 6.14032633, "zone_id": null, "stop_url": null, "location_type": 1, "parent_station": null, "active": true }, "geometry": { "type": "Point", "coordinates": [ 6.14032633, 46.20108502 ] } },
{ "type": "Feature", "properties": { "stop_id": "Parent8592805", "stop_code": null, "stop_name": "Genève, Place Claparède", "stop_desc": null, "stop_lat": 46.19570661, "stop_lon": 6.15072882, "zone_id": null, "stop_url": null, "location_type": 1, "parent_station": null, "active": true }, "geometry": { "type": "Point", "coordinates": [ 6.15072882, 46.19570661 ] } },
{ "type": "Feature", "properties": { "stop_id": "Parent8592810", "stop_code": null, "stop_name": "Genève, Contamines", "stop_desc": null, "stop_lat": 46.19601752, "stop_lon": 6.15616363, "zone_id": null, "stop_url": null, "location_type": 1, "parent_station": null, "active": true }, "geometry": { "type": "Point", "coordinates": [ 6.15616363, 46.19601752 ] } },
{ "type": "Feature", "properties": { "stop_id": "Parent8592812", "stop_code": "COUST", "stop_name": "Genève, Coutance", "stop_desc": null, "stop_lat": 46.20744516, "stop_lon": 6.14219482, "zone_id": null, "stop_url": null, "location_type": 1, "parent_station": null, "active": true }, "geometry": { "type": "Point", "coordinates": [ 6.14219482, 46.20744516 ] } },
{ "type": "Feature", "properties": { "stop_id": "Parent8592819", "stop_code": "EMED00", "stop_name": "Genève, Ecole-de-Médecine", "stop_desc": null, "stop_lat": 46.19760932, "stop_lon": 6.13930225, "zone_id": null, "stop_url": null, "location_type": 1, "parent_station": null, "active": true }, "geometry": { "type": "Point", "coordinates": [ 6.13930225, 46.19760932 ] } },
{ "type": "Feature", "properties": { "stop_id": "Parent8592820", "stop_code": "EGRU00", "stop_name": "Genève, Eglise Russe", "stop_desc": null, "stop_lat": 46.19841764, "stop_lon": 6.15280393, "zone_id": null, "stop_url": null, "location_type": 1, "parent_station": null, "active": true }, "geometry": { "type": "Point", "coordinates": [ 6.15280393, 46.19841764 ] } },
{ "type": "Feature", "properties": { "stop_id": "Parent8592824", "stop_code": null, "stop_name": "Genève, Florissant", "stop_desc": null, "stop_lat": 46.19696266, "stop_lon": 6.15373817, "zone_id": null, "stop_url": null, "location_type": 1, "parent_station": null, "active": true }, "geometry": { "type": "Point", "coordinates": [ 6.15373817, 46.19696266 ] } },
{ "type": "Feature", "properties": { "stop_id": "Parent8592831", "stop_code": "GOUL00", "stop_name": "Genève, Goulart", "stop_desc": null, "stop_lat": 46.20753841, "stop_lon": 6.14144922, "zone_id": null, "stop_url": null, "location_type": 1, "parent_station": null, "active": true }, "geometry": { "type": "Point", "coordinates": [ 6.14144922, 46.20753841 ] } },
{ "type": "Feature", "properties": { "stop_id": "Parent8592837", "stop_code": "HOPI01", "stop_name": "Genève, Hôpital", "stop_desc": null, "stop_lat": 46.19459978, "stop_lon": 6.14901304, "zone_id": null, "stop_url": null, "location_type": 1, "parent_station": null, "active": true }, "geometry": { "type": "Point", "coordinates": [ 6.14901304, 46.19459978 ] } },
{ "type": "Feature", "properties": { "stop_id": "Parent8592838", "stop_code": null, "stop_name": "Genève, Hôtel-de-Ville", "stop_desc": null, "stop_lat": 46.20109124, "stop_lon": 6.14662352, "zone_id": null, "stop_url": null, "location_type": 1, "parent_station": null, "active": true }, "geometry": { "type": "Point", "coordinates": [ 6.14662352, 46.20109124 ] } },
{ "type": "Feature", "properties": { "stop_id": "Parent8592841", "stop_code": null, "stop_name": "Genève, Mercier", "stop_desc": null, "stop_lat": 46.20686699, "stop_lon": 6.13953581, "zone_id": null, "stop_url": null, "location_type": 1, "parent_station": null, "active": true }, "geometry": { "type": "Point", "coordinates": [ 6.13953581, 46.20686699 ] } },
{ "type": "Feature", "properties": { "stop_id": "Parent8592848", "stop_code": "LOHO00", "stop_name": "Genève, Lombard", "stop_desc": null, "stop_lat": 46.19552007, "stop_lon": 6.14720742, "zone_id": null, "stop_url": null, "location_type": 1, "parent_station": null, "active": true }, "geometry": { "type": "Point", "coordinates": [ 6.14720742, 46.19552007 ] } },
{ "type": "Feature", "properties": { "stop_id": "Parent8592851", "stop_code": null, "stop_name": "Genève, Musée art et histoire", "stop_desc": null, "stop_lat": 46.1996301, "stop_lon": 6.15114204, "zone_id": null, "stop_url": null, "location_type": 1, "parent_station": null, "active": true }, "geometry": { "type": "Point", "coordinates": [ 6.15114204, 46.1996301 ] } },
{ "type": "Feature", "properties": { "stop_id": "Parent8592854", "stop_code": "AUBI00", "stop_name": "Genève, Merle-d'Aubigné", "stop_desc": null, "stop_lat": 46.20668049, "stop_lon": 6.16189488, "zone_id": null, "stop_url": null, "location_type": 1, "parent_station": null, "active": true }, "geometry": { "type": "Point", "coordinates": [ 6.16189488, 46.20668049 ] } },
{ "type": "Feature", "properties": { "stop_id": "Parent8592856", "stop_code": "METR02", "stop_name": "Genève, Métropole", "stop_desc": null, "stop_lat": 46.20339788, "stop_lon": 6.15151934, "zone_id": null, "stop_url": null, "location_type": 1, "parent_station": null, "active": true }, "geometry": { "type": "Point", "coordinates": [ 6.15151934, 46.20339788 ] } },
{ "type": "Feature", "properties": { "stop_id": "Parent8592862", "stop_code": "MLRD03", "stop_name": "Genève, Molard", "stop_desc": null, "stop_lat": 46.20311189, "stop_lon": 6.14718047, "zone_id": null, "stop_url": null, "location_type": 1, "parent_station": null, "active": true }, "geometry": { "type": "Point", "coordinates": [ 6.14718047, 46.20311189 ] } },
{ "type": "Feature", "properties": { "stop_id": "Parent8592864", "stop_code": "BRIS00", "stop_name": "Genève, Mont-Blanc", "stop_desc": null, "stop_lat": 46.20734569, "stop_lon": 6.14699183, "zone_id": null, "stop_url": null, "location_type": 1, "parent_station": null, "active": true }, "geometry": { "type": "Point", "coordinates": [ 6.14699183, 46.20734569 ] } },
{ "type": "Feature", "properties": { "stop_id": "Parent8592866", "stop_code": "MOTU00", "stop_name": "Genève, Monthoux", "stop_desc": null, "stop_lat": 46.21047887, "stop_lon": 6.148501, "zone_id": null, "stop_url": null, "location_type": 1, "parent_station": null, "active": true }, "geometry": { "type": "Point", "coordinates": [ 6.148501, 46.21047887 ] } },
{ "type": "Feature", "properties": { "stop_id": "Parent8592870", "stop_code": "MUSE00", "stop_name": "Genève, Muséum", "stop_desc": null, "stop_lat": 46.19852335, "stop_lon": 6.15730449, "zone_id": null, "stop_url": null, "location_type": 1, "parent_station": null, "active": true }, "geometry": { "type": "Point", "coordinates": [ 6.15730449, 46.19852335 ] } },
{ "type": "Feature", "properties": { "stop_id": "Parent8592871", "stop_code": "EDWE01", "stop_name": "Genève, Navigation", "stop_desc": null, "stop_lat": 46.21188998, "stop_lon": 6.14964186, "zone_id": null, "stop_url": null, "location_type": 1, "parent_station": null, "active": true }, "geometry": { "type": "Point", "coordinates": [ 6.14964186, 46.21188998 ] } },
{ "type": "Feature", "properties": { "stop_id": "Parent8592879", "stop_code": null, "stop_name": "Genève,Conservatoire populaire", "stop_desc": null, "stop_lat": 46.1976342, "stop_lon": 6.15169002, "zone_id": null, "stop_url": null, "location_type": 1, "parent_station": null, "active": true }, "geometry": { "type": "Point", "coordinates": [ 6.15169002, 46.1976342 ] } },
{ "type": "Feature", "properties": { "stop_id": "Parent8592881", "stop_code": "PHIL00", "stop_name": "Genève, Philosophes", "stop_desc": null, "stop_lat": 46.19672016, "stop_lon": 6.14619233, "zone_id": null, "stop_url": null, "location_type": 1, "parent_station": null, "active": true }, "geometry": { "type": "Point", "coordinates": [ 6.14619233, 46.19672016 ] } },
{ "type": "Feature", "properties": { "stop_id": "Parent8592883", "stop_code": null, "stop_name": "Genève, Place des Eaux-Vives", "stop_desc": null, "stop_lat": 46.2022912, "stop_lon": 6.15601091, "zone_id": null, "stop_url": null, "location_type": 1, "parent_station": null, "active": true }, "geometry": { "type": "Point", "coordinates": [ 6.15601091, 46.2022912 ] } },
{ "type": "Feature", "properties": { "stop_id": "Parent8592885", "stop_code": "PNEV01", "stop_name": "Genève, Place de Neuve", "stop_desc": null, "stop_lat": 46.20119693, "stop_lon": 6.1441801, "zone_id": null, "stop_url": null, "location_type": 1, "parent_station": null, "active": true }, "geometry": { "type": "Point", "coordinates": [ 6.1441801, 46.20119693 ] } },
{ "type": "Feature", "properties": { "stop_id": "Parent8592887", "stop_code": "PTAR00", "stop_name": "Genève, Pont-d'Arve", "stop_desc": null, "stop_lat": 46.19489825, "stop_lon": 6.14342551, "zone_id": null, "stop_url": null, "location_type": 1, "parent_station": null, "active": true }, "geometry": { "type": "Point", "coordinates": [ 6.14342551, 46.19489825 ] } },
{ "type": "Feature", "properties": { "stop_id": "Parent8592900", "stop_code": null, "stop_name": "Genève, Rue du Lac", "stop_desc": null, "stop_lat": 46.2038393, "stop_lon": 6.15801415, "zone_id": null, "stop_url": null, "location_type": 1, "parent_station": null, "active": true }, "geometry": { "type": "Point", "coordinates": [ 6.15801415, 46.2038393 ] } },
{ "type": "Feature", "properties": { "stop_id": "Parent8592906", "stop_code": "SNDT00", "stop_name": "Genève, Stand", "stop_desc": null, "stop_lat": 46.20369009, "stop_lon": 6.13988615, "zone_id": null, "stop_url": null, "location_type": 1, "parent_station": null, "active": true }, "geometry": { "type": "Point", "coordinates": [ 6.13988615, 46.20369009 ] } },
{ "type": "Feature", "properties": { "stop_id": "Parent8592907", "stop_code": "SANT00", "stop_name": "Genève, Saint-Antoine", "stop_desc": null, "stop_lat": 46.1999099, "stop_lon": 6.15098035, "zone_id": null, "stop_url": null, "location_type": 1, "parent_station": null, "active": true }, "geometry": { "type": "Point", "coordinates": [ 6.15098035, 46.1999099 ] } },
{ "type": "Feature", "properties": { "stop_id": "Parent8592909", "stop_code": null, "stop_name": "Genève, Taconnerie", "stop_desc": null, "stop_lat": 46.2004757, "stop_lon": 6.14784523, "zone_id": null, "stop_url": null, "location_type": 1, "parent_station": null, "active": true }, "geometry": { "type": "Point", "coordinates": [ 6.14784523, 46.2004757 ] } },
{ "type": "Feature", "properties": { "stop_id": "Parent8592910", "stop_code": "TRSI00", "stop_name": "Genève, Terrassière", "stop_desc": null, "stop_lat": 46.2010788, "stop_lon": 6.15641515, "zone_id": null, "stop_url": null, "location_type": 1, "parent_station": null, "active": true }, "geometry": { "type": "Point", "coordinates": [ 6.15641515, 46.2010788 ] } },
{ "type": "Feature", "properties": { "stop_id": "Parent8592912", "stop_code": "TRAN00", "stop_name": "Genève, Tranchées", "stop_desc": null, "stop_lat": 46.19852957, "stop_lon": 6.15551684, "zone_id": null, "stop_url": null, "location_type": 1, "parent_station": null, "active": true }, "geometry": { "type": "Point", "coordinates": [ 6.15551684, 46.19852957 ] } },
{ "type": "Feature", "properties": { "stop_id": "Parent8592924", "stop_code": "VILL00", "stop_name": "Genève, Villereuse", "stop_desc": null, "stop_lat": 46.2006187, "stop_lon": 6.15854416, "zone_id": null, "stop_url": null, "location_type": 1, "parent_station": null, "active": true }, "geometry": { "type": "Point", "coordinates": [ 6.15854416, 46.2006187 ] } },
{ "type": "Feature", "properties": { "stop_id": "Parent8592925", "stop_code": "VOLL00", "stop_name": "Genève, Vollandes", "stop_desc": null, "stop_lat": 46.20523194, "stop_lon": 6.16028689, "zone_id": null, "stop_url": null, "location_type": 1, "parent_station": null, "active": true }, "geometry": { "type": "Point", "coordinates": [ 6.16028689, 46.20523194 ] } },
{ "type": "Feature", "properties": { "stop_id": "Parent8595021", "stop_code": "CRXR00", "stop_name": "Genève, Palais Eynard", "stop_desc": null, "stop_lat": 46.19988503, "stop_lon": 6.14712657, "zone_id": null, "stop_url": null, "location_type": 1, "parent_station": null, "active": true }, "geometry": { "type": "Point", "coordinates": [ 6.14712657, 46.19988503 ] } },
{ "type": "Feature", "properties": { "stop_id": "Parent8595022", "stop_code": "THRE01", "stop_name": "Genève, Théâtre", "stop_desc": null, "stop_lat": 46.20217307, "stop_lon": 6.14185346, "zone_id": null, "stop_url": null, "location_type": 1, "parent_station": null, "active": true }, "geometry": { "type": "Point", "coordinates": [ 6.14185346, 46.20217307 ] } },
{ "type": "Feature", "properties": { "stop_id": "unmatched_ANGL01", "stop_code": "ANGL01", "stop_name": "Anglettere", "stop_desc": null, "stop_lat": 46.209534, "stop_lon": 6.150679, "zone_id": null, "stop_url": null, "location_type": 1, "parent_station": null, "active": false }, "geometry": { "type": "Point", "coordinates": [ 6.150679, 46.209534 ] } },
{ "type": "Feature", "properties": { "stop_id": "unmatched_ANKE00", "stop_code": "ANKE00", "stop_name": "Angleterre-Kempinski", "stop_desc": null, "stop_lat": 46.210247, "stop_lon": 6.149634, "zone_id": null, "stop_url": null, "location_type": 1, "parent_station": null, "active": false }, "geometry": { "type": "Point", "coordinates": [ 6.149634, 46.210247 ] } },
{ "type": "Feature", "properties": { "stop_id": "unmatched_BAIR18", "stop_code": "BAIR18", "stop_name": "Bel-Air", "stop_desc": null, "stop_lat": 46.20396, "stop_lon": 6.143731, "zone_id": null, "stop_url": null, "location_type": 1, "parent_station": null, "active": true }, "geometry": { "type": "Point", "coordinates": [ 6.143731, 46.20396 ] } },
{ "type": "Feature", "properties": { "stop_id": "unmatched_BAIR99", "stop_code": "BAIR99", "stop_name": "Bel-Air", "stop_desc": null, "stop_lat": 46.204281, "stop_lon": 6.143211, "zone_id": null, "stop_url": null, "location_type": 1, "parent_station": null, "active": false }, "geometry": { "type": "Point", "coordinates": [ 6.143211, 46.204281 ] } },
{ "type": "Feature", "properties": { "stop_id": "unmatched_BANS00", "stop_code": "BANS00", "stop_name": "Bains", "stop_desc": null, "stop_lat": 46.199898, "stop_lon": 6.137472, "zone_id": null, "stop_url": null, "location_type": 1, "parent_station": null, "active": true }, "geometry": { "type": "Point", "coordinates": [ 6.137472, 46.199898 ] } },
{ "type": "Feature", "properties": { "stop_id": "unmatched_BANS99", "stop_code": "BANS99", "stop_name": "Bains", "stop_desc": null, "stop_lat": 46.199707, "stop_lon": 6.137555, "zone_id": null, "stop_url": null, "location_type": 1, "parent_station": null, "active": false }, "geometry": { "type": "Point", "coordinates": [ 6.137555, 46.199707 ] } },
{ "type": "Feature", "properties": { "stop_id": "unmatched_CEND00", "stop_code": "CEND00", "stop_name": "Cendrier", "stop_desc": null, "stop_lat": 46.207363, "stop_lon": 6.144948, "zone_id": null, "stop_url": null, "location_type": 1, "parent_station": null, "active": false }, "geometry": { "type": "Point", "coordinates": [ 6.144948, 46.207363 ] } },
{ "type": "Feature", "properties": { "stop_id": "unmatched_CLAP96", "stop_code": "CLAP96", "stop_name": "Place Claparède", "stop_desc": null, "stop_lat": 46.196495, "stop_lon": 6.151364, "zone_id": null, "stop_url": null, "location_type": 1, "parent_station": null, "active": false }, "geometry": { "type": "Point", "coordinates": [ 6.151364, 46.196495 ] } },
{ "type": "Feature", "properties": { "stop_id": "unmatched_CNDL98", "stop_code": "CNDL98", "stop_name": "Genève, De-Candolle", "stop_desc": null, "stop_lat": 46.197765, "stop_lon": 6.145571, "zone_id": null, "stop_url": null, "location_type": 1, "parent_station": null, "active": true }, "geometry": { "type": "Point", "coordinates": [ 6.145571, 46.197765 ] } },
{ "type": "Feature", "properties": { "stop_id": "unmatched_COUT01", "stop_code": "COUT01", "stop_name": "Coutance", "stop_desc": null, "stop_lat": 46.207619, "stop_lon": 6.142212, "zone_id": null, "stop_url": null, "location_type": 1, "parent_station": null, "active": true }, "geometry": { "type": "Point", "coordinates": [ 6.142212, 46.207619 ] } },
{ "type": "Feature", "properties": { "stop_id": "unmatched_COUT02", "stop_code": "COUT02", "stop_name": "Coutance", "stop_desc": null, "stop_lat": 46.207325, "stop_lon": 6.142012, "zone_id": null, "stop_url": null, "location_type": 1, "parent_station": null, "active": true }, "geometry": { "type": "Point", "coordinates": [ 6.142012, 46.207325 ] } },
{ "type": "Feature", "properties": { "stop_id": "unmatched_COUT99", "stop_code": "COUT99", "stop_name": "Coutance", "stop_desc": null, "stop_lat": 46.207291, "stop_lon": 6.141869, "zone_id": null, "stop_url": null, "location_type": 1, "parent_station": null, "active": false }, "geometry": { "type": "Point", "coordinates": [ 6.141869, 46.207291 ] } },
{ "type": "Feature", "properties": { "stop_id": "unmatched_CPLTST", "stop_code": "CPLTST", "stop_name": "Chantepoulet Stationnement", "stop_desc": null, "stop_lat": 46.208324, "stop_lon": 6.14362, "zone_id": null, "stop_url": null, "location_type": 1, "parent_station": null, "active": false }, "geometry": { "type": "Point", "coordinates": [ 6.14362, 46.208324 ] } },
{ "type": "Feature", "properties": { "stop_id": "unmatched_CRXR02", "stop_code": "CRXR02", "stop_name": "Croix-Rouge", "stop_desc": null, "stop_lat": 46.199665, "stop_lon": 6.1477, "zone_id": null, "stop_url": null, "location_type": 1, "parent_station": null, "active": false }, "geometry": { "type": "Point", "coordinates": [ 6.1477, 46.199665 ] } },
{ "type": "Feature", "properties": { "stop_id": "unmatched_CVIN07", "stop_code": "CVIN07", "stop_name": "Gare Cornavin", "stop_desc": null, "stop_lat": 46.209454, "stop_lon": 6.142349, "zone_id": null, "stop_url": null, "location_type": 1, "parent_station": null, "active": false }, "geometry": { "type": "Point", "coordinates": [ 6.142349, 46.209454 ] } },
{ "type": "Feature", "properties": { "stop_id": "unmatched_CVIN13", "stop_code": "CVIN13", "stop_name": "Gare Cornavin", "stop_desc": null, "stop_lat": 46.208729, "stop_lon": 6.14282, "zone_id": null, "stop_url": null, "location_type": 1, "parent_station": null, "active": false }, "geometry": { "type": "Point", "coordinates": [ 6.14282, 46.208729 ] } },
{ "type": "Feature", "properties": { "stop_id": "unmatched_CVIN16", "stop_code": "CVIN16", "stop_name": "Gare Cornavin", "stop_desc": null, "stop_lat": 46.20977, "stop_lon": 6.141668, "zone_id": null, "stop_url": null, "location_type": 1, "parent_station": null, "active": false }, "geometry": { "type": "Point", "coordinates": [ 6.141668, 46.20977 ] } },
{ "type": "Feature", "properties": { "stop_id": "unmatched_CVIN99", "stop_code": "CVIN99", "stop_name": "Gare Cornavin", "stop_desc": null, "stop_lat": 46.210583, "stop_lon": 6.144149, "zone_id": null, "stop_url": null, "location_type": 1, "parent_station": null, "active": false }, "geometry": { "type": "Point", "coordinates": [ 6.144149, 46.210583 ] } },
{ "type": "Feature", "properties": { "stop_id": "unmatched_ENHO00", "stop_code": "ENHO00", "stop_name": "Entrée-Hôpital", "stop_desc": null, "stop_lat": 46.193684, "stop_lon": 6.148684, "zone_id": null, "stop_url": null, "location_type": 1, "parent_station": null, "active": false }, "geometry": { "type": "Point", "coordinates": [ 6.148684, 46.193684 ] } },
{ "type": "Feature", "properties": { "stop_id": "unmatched_GOUL99", "stop_code": "GOUL99", "stop_name": "Goulart", "stop_desc": null, "stop_lat": 46.207882, "stop_lon": 6.141884, "zone_id": null, "stop_url": null, "location_type": 1, "parent_station": null, "active": false }, "geometry": { "type": "Point", "coordinates": [ 6.141884, 46.207882 ] } },
{ "type": "Feature", "properties": { "stop_id": "unmatched_HOPI98", "stop_code": "HOPI98", "stop_name": "Hôpital", "stop_desc": null, "stop_lat": 46.195263, "stop_lon": 6.148654, "zone_id": null, "stop_url": null, "location_type": 1, "parent_station": null, "active": false }, "geometry": { "type": "Point", "coordinates": [ 6.148654, 46.195263 ] } },
{ "type": "Feature", "properties": { "stop_id": "unmatched_HOPI99", "stop_code": "HOPI99", "stop_name": "Hôpital", "stop_desc": null, "stop_lat": 46.195389, "stop_lon": 6.148694, "zone_id": null, "stop_url": null, "location_type": 1, "parent_station": null, "active": false }, "geometry": { "type": "Point", "coordinates": [ 6.148694, 46.195389 ] } },
{ "type": "Feature", "properties": { "stop_id": "unmatched_HVIL99", "stop_code": "HVIL99", "stop_name": "Hôtel-de-Ville", "stop_desc": null, "stop_lat": 46.200542, "stop_lon": 6.147563, "zone_id": null, "stop_url": null, "location_type": 1, "parent_station": null, "active": false }, "geometry": { "type": "Point", "coordinates": [ 6.147563, 46.200542 ] } },
{ "type": "Feature", "properties": { "stop_id": "unmatched_IBCE00", "stop_code": "IBCE00", "stop_name": "Ibis Centre Gare", "stop_desc": null, "stop_lat": 46.20752, "stop_lon": 6.138489, "zone_id": null, "stop_url": null, "location_type": 1, "parent_station": null, "active": false }, "geometry": { "type": "Point", "coordinates": [ 6.138489, 46.20752 ] } },
{ "type": "Feature", "properties": { "stop_id": "unmatched_IZAC02", "stop_code": "IZAC02", "stop_name": "Mercier", "stop_desc": null, "stop_lat": 46.207275, "stop_lon": 6.139576, "zone_id": null, "stop_url": null, "location_type": 1, "parent_station": null, "active": true }, "geometry": { "type": "Point", "coordinates": [ 6.139576, 46.207275 ] } },
{ "type": "Feature", "properties": { "stop_id": "unmatched_KEMP01", "stop_code": "KEMP01", "stop_name": "Kempinski", "stop_desc": null, "stop_lat": 46.210026, "stop_lon": 6.151235, "zone_id": null, "stop_url": null, "location_type": 1, "parent_station": null, "active": false }, "geometry": { "type": "Point", "coordinates": [ 6.151235, 46.210026 ] } },
{ "type": "Feature", "properties": { "stop_id": "unmatched_L_CHPL", "stop_code": "L_CHPL", "stop_name": "LEX-Genève-Champel", "stop_desc": null, "stop_lat": 46.194778, "stop_lon": 6.148187, "zone_id": null, "stop_url": null, "location_type": 1, "parent_station": null, "active": false }, "geometry": { "type": "Point", "coordinates": [ 6.148187, 46.194778 ] } },
{ "type": "Feature", "properties": { "stop_id": "unmatched_MAOR01", "stop_code": "MAOR01", "stop_name": "Mandarin Oriental", "stop_desc": null, "stop_lat": 46.205776, "stop_lon": 6.141748, "zone_id": null, "stop_url": null, "location_type": 1, "parent_station": null, "active": false }, "geometry": { "type": "Point", "coordinates": [ 6.141748, 46.205776 ] } },
{ "type": "Feature", "properties": { "stop_id": "unmatched_METR99", "stop_code": "METR99", "stop_name": "Métropole", "stop_desc": null, "stop_lat": 46.203026, "stop_lon": 6.15311, "zone_id": null, "stop_url": null, "location_type": 1, "parent_station": null, "active": false }, "geometry": { "type": "Point", "coordinates": [ 6.15311, 46.203026 ] } },
{ "type": "Feature", "properties": { "stop_id": "unmatched_MTBL98", "stop_code": "MTBL98", "stop_name": "Mont-Blanc", "stop_desc": null, "stop_lat": 46.208015, "stop_lon": 6.149011, "zone_id": null, "stop_url": null, "location_type": 1, "parent_station": null, "active": false }, "geometry": { "type": "Point", "coordinates": [ 6.149011, 46.208015 ] } },
{ "type": "Feature", "properties": { "stop_id": "unmatched_NAVI00", "stop_code": "NAVI00", "stop_name": "Navigation", "stop_desc": null, "stop_lat": 46.211964, "stop_lon": 6.149625, "zone_id": null, "stop_url": null, "location_type": 1, "parent_station": null, "active": true }, "geometry": { "type": "Point", "coordinates": [ 6.149625, 46.211964 ] } },
{ "type": "Feature", "properties": { "stop_id": "unmatched_NDAM03", "stop_code": "NDAM03", "stop_name": "Gare Cornavin", "stop_desc": null, "stop_lat": 46.209328, "stop_lon": 6.142307, "zone_id": null, "stop_url": null, "location_type": 1, "parent_station": null, "active": false }, "geometry": { "type": "Point", "coordinates": [ 6.142307, 46.209328 ] } },
{ "type": "Feature", "properties": { "stop_id": "unmatched_NDAM84", "stop_code": "NDAM84", "stop_name": "Gare Cornavin Notre Dame", "stop_desc": null, "stop_lat": 46.209332, "stop_lon": 6.142284, "zone_id": null, "stop_url": null, "location_type": 1, "parent_station": null, "active": false }, "geometry": { "type": "Point", "coordinates": [ 6.142284, 46.209332 ] } },
{ "type": "Feature", "properties": { "stop_id": "unmatched_NDAM85", "stop_code": "NDAM85", "stop_name": "Gare Cornavin Notre Dame", "stop_desc": null, "stop_lat": 46.20929, "stop_lon": 6.142342, "zone_id": null, "stop_url": null, "location_type": 1, "parent_station": null, "active": false }, "geometry": { "type": "Point", "coordinates": [ 6.142342, 46.20929 ] } },
{ "type": "Feature", "properties": { "stop_id": "unmatched_PDLIST", "stop_code": "PDLIST", "stop_name": "Palladium Stationnement", "stop_desc": null, "stop_lat": 46.203377, "stop_lon": 6.138674, "zone_id": null, "stop_url": null, "location_type": 1, "parent_station": null, "active": false }, "geometry": { "type": "Point", "coordinates": [ 6.138674, 46.203377 ] } },
{ "type": "Feature", "properties": { "stop_id": "unmatched_PESC02", "stop_code": "PESC02", "stop_name": "Peschier", "stop_desc": null, "stop_lat": 46.194397, "stop_lon": 6.15473, "zone_id": null, "stop_url": null, "location_type": 1, "parent_station": null, "active": false }, "geometry": { "type": "Point", "coordinates": [ 6.15473, 46.194397 ] } },
{ "type": "Feature", "properties": { "stop_id": "unmatched_PLEV99", "stop_code": "PLEV99", "stop_name": "Place des Eaux-Vives", "stop_desc": null, "stop_lat": 46.204052, "stop_lon": 6.15611, "zone_id": null, "stop_url": null, "location_type": 1, "parent_station": null, "active": false }, "geometry": { "type": "Point", "coordinates": [ 6.15611, 46.204052 ] } },
{ "type": "Feature", "properties": { "stop_id": "unmatched_PLGR00", "stop_code": "PLGR00", "stop_name": "Place de -Grenus", "stop_desc": null, "stop_lat": 46.20702, "stop_lon": 6.142945, "zone_id": null, "stop_url": null, "location_type": 1, "parent_station": null, "active": false }, "geometry": { "type": "Point", "coordinates": [ 6.142945, 46.20702 ] } },
{ "type": "Feature", "properties": { "stop_id": "unmatched_PLPA05", "stop_code": "PLPA05", "stop_name": "Plainpalais", "stop_desc": null, "stop_lat": 46.198437, "stop_lon": 6.142754, "zone_id": null, "stop_url": null, "location_type": 1, "parent_station": null, "active": false }, "geometry": { "type": "Point", "coordinates": [ 6.142754, 46.198437 ] } },
{ "type": "Feature", "properties": { "stop_id": "unmatched_PLPA96", "stop_code": "PLPA96", "stop_name": "Plainpalais", "stop_desc": null, "stop_lat": 46.198524, "stop_lon": 6.143059, "zone_id": null, "stop_url": null, "location_type": 1, "parent_station": null, "active": true }, "geometry": { "type": "Point", "coordinates": [ 6.143059, 46.198524 ] } },
{ "type": "Feature", "properties": { "stop_id": "unmatched_PLPA99", "stop_code": "PLPA99", "stop_name": "Plainpalais", "stop_desc": null, "stop_lat": 46.198368, "stop_lon": 6.143676, "zone_id": null, "stop_url": null, "location_type": 1, "parent_station": null, "active": true }, "geometry": { "type": "Point", "coordinates": [ 6.143676, 46.198368 ] } },
{ "type": "Feature", "properties": { "stop_id": "unmatched_PNEV98", "stop_code": "PNEV98", "stop_name": "Place de Neuve", "stop_desc": null, "stop_lat": 46.199913, "stop_lon": 6.142996, "zone_id": null, "stop_url": null, "location_type": 1, "parent_station": null, "active": false }, "geometry": { "type": "Point", "coordinates": [ 6.142996, 46.199913 ] } },
{ "type": "Feature", "properties": { "stop_id": "unmatched_RIVE99", "stop_code": "RIVE99", "stop_name": "Rive", "stop_desc": null, "stop_lat": 46.20126, "stop_lon": 6.153389, "zone_id": null, "stop_url": null, "location_type": 1, "parent_station": null, "active": false }, "geometry": { "type": "Point", "coordinates": [ 6.153389, 46.20126 ] } },
{ "type": "Feature", "properties": { "stop_id": "unmatched_ROCH99", "stop_code": "ROCH99", "stop_name": "Roches", "stop_desc": null, "stop_lat": 46.199623, "stop_lon": 6.162303, "zone_id": null, "stop_url": null, "location_type": 1, "parent_station": null, "active": false }, "geometry": { "type": "Point", "coordinates": [ 6.162303, 46.199623 ] } },
{ "type": "Feature", "properties": { "stop_id": "unmatched_SAVS00", "stop_code": "SAVS00", "stop_name": "Savoises", "stop_desc": null, "stop_lat": 46.201351, "stop_lon": 6.138266, "zone_id": null, "stop_url": null, "location_type": 1, "parent_station": null, "active": false }, "geometry": { "type": "Point", "coordinates": [ 6.138266, 46.201351 ] } },
{ "type": "Feature", "properties": { "stop_id": "unmatched_SGVA00", "stop_code": "SGVA00", "stop_name": "Saint-Gervais", "stop_desc": null, "stop_lat": 46.205688, "stop_lon": 6.142167, "zone_id": null, "stop_url": null, "location_type": 1, "parent_station": null, "active": false }, "geometry": { "type": "Point", "coordinates": [ 6.142167, 46.205688 ] } },
{ "type": "Feature", "properties": { "stop_id": "unmatched_SGVA01", "stop_code": "SGVA01", "stop_name": "Saint-Gervais", "stop_desc": null, "stop_lat": 46.205723, "stop_lon": 6.141803, "zone_id": null, "stop_url": null, "location_type": 1, "parent_station": null, "active": false }, "geometry": { "type": "Point", "coordinates": [ 6.141803, 46.205723 ] } },
{ "type": "Feature", "properties": { "stop_id": "unmatched_SLEV00", "stop_code": "SLEV00", "stop_name": "Salle du Levant", "stop_desc": null, "stop_lat": 46.204964, "stop_lon": 6.150882, "zone_id": null, "stop_url": null, "location_type": 1, "parent_station": null, "active": false }, "geometry": { "type": "Point", "coordinates": [ 6.150882, 46.204964 ] } },
{ "type": "Feature", "properties": { "stop_id": "unmatched_STND01", "stop_code": "STND01", "stop_name": "Stand", "stop_desc": null, "stop_lat": 46.203709, "stop_lon": 6.140944, "zone_id": null, "stop_url": null, "location_type": 1, "parent_station": null, "active": true }, "geometry": { "type": "Point", "coordinates": [ 6.140944, 46.203709 ] } },
{ "type": "Feature", "properties": { "stop_id": "unmatched_STND04", "stop_code": "STND04", "stop_name": "Stand", "stop_desc": null, "stop_lat": 46.204193, "stop_lon": 6.140181, "zone_id": null, "stop_url": null, "location_type": 1, "parent_station": null, "active": true }, "geometry": { "type": "Point", "coordinates": [ 6.140181, 46.204193 ] } },
{ "type": "Feature", "properties": { "stop_id": "unmatched_XMLRD1", "stop_code": "XMLRD1", "stop_name": "Molard", "stop_desc": null, "stop_lat": 46.20467, "stop_lon": 6.150186, "zone_id": null, "stop_url": null, "location_type": 1, "parent_station": null, "active": false }, "geometry": { "type": "Point", "coordinates": [ 6.150186, 46.20467 ] } },
{ "type": "Feature", "properties": { "stop_id": "unmatched_XPAQU3", "stop_code": "XPAQU3", "stop_name": "Pâquis", "stop_desc": null, "stop_lat": 46.209511, "stop_lon": 6.1515, "zone_id": null, "stop_url": null, "location_type": 1, "parent_station": null, "active": false }, "geometry": { "type": "Point", "coordinates": [ 6.1515, 46.209511 ] } },
{ "type": "Feature", "properties": { "stop_id": "unmatched_22CT00", "stop_code": "22CT00", "stop_name": "22-Cantons (Gare Cornavin)", "stop_desc": null, "stop_lat": 46.208305, "stop_lon": 6.142027, "zone_id": null, "stop_url": null, "location_type": 1, "parent_station": null, "active": false }, "geometry": { "type": "Point", "coordinates": [ 6.142027, 46.208305 ] } },
{ "type": "Feature", "properties": { "stop_id": "unmatched_31DC00", "stop_code": "31DC00", "stop_name": "31 Décembre", "stop_desc": null, "stop_lat": 46.201679, "stop_lon": 6.161931, "zone_id": null, "stop_url": null, "location_type": 1, "parent_station": null, "active": true }, "geometry": { "type": "Point", "coordinates": [ 6.161931, 46.201679 ] } },
{ "type": "Feature", "properties": { "stop_id": "unmatched_ACAC98", "stop_code": "ACAC98", "stop_name": "Acacias", "stop_desc": null, "stop_lat": 46.19553, "stop_lon": 6.141932, "zone_id": null, "stop_url": null, "location_type": 1, "parent_station": null, "active": false }, "geometry": { "type": "Point", "coordinates": [ 6.141932, 46.19553 ] } },
{ "type": "Feature", "properties": { "stop_id": "unmatched_ALPE01", "stop_code": "ALPE01", "stop_name": "Alpes", "stop_desc": null, "stop_lat": 46.209145, "stop_lon": 6.146775, "zone_id": null, "stop_url": null, "location_type": 1, "parent_station": null, "active": false }, "geometry": { "type": "Point", "coordinates": [ 6.146775, 46.209145 ] } },
{ "type": "Feature", "properties": { "stop_id": "unmatched_ALPEST", "stop_code": "ALPEST", "stop_name": "Alpes (stationnement)", "stop_desc": null, "stop_lat": 46.209049, "stop_lon": 6.146923, "zone_id": null, "stop_url": null, "location_type": 1, "parent_station": null, "active": false }, "geometry": { "type": "Point", "coordinates": [ 6.146923, 46.209049 ] } },
{ "type": "Feature", "properties": { "stop_id": "unmatched_ATHE97", "stop_code": "ATHE97", "stop_name": "Athénée", "stop_desc": null, "stop_lat": 46.198479, "stop_lon": 6.148766, "zone_id": null, "stop_url": null, "location_type": 1, "parent_station": null, "active": false }, "geometry": { "type": "Point", "coordinates": [ 6.148766, 46.198479 ] } },
{ "type": "Feature", "properties": { "stop_id": "unmatched_ATHE98", "stop_code": "ATHE98", "stop_name": "Athénée", "stop_desc": null, "stop_lat": 46.196896, "stop_lon": 6.146846, "zone_id": null, "stop_url": null, "location_type": 1, "parent_station": null, "active": false }, "geometry": { "type": "Point", "coordinates": [ 6.146846, 46.196896 ] } },
{ "type": "Feature", "properties": { "stop_id": "unmatched_BRIS01", "stop_code": "BRIS01", "stop_name": "Bristol - Four-Seasons", "stop_desc": null, "stop_lat": 46.207912, "stop_lon": 6.146542, "zone_id": null, "stop_url": null, "location_type": 1, "parent_station": null, "active": false }, "geometry": { "type": "Point", "coordinates": [ 6.146542, 46.207912 ] } },
{ "type": "Feature", "properties": { "stop_id": "unmatched_BVYL99", "stop_code": "BVYL99", "stop_name": "Bovy-Lysberg", "stop_desc": null, "stop_lat": 46.202274, "stop_lon": 6.142733, "zone_id": null, "stop_url": null, "location_type": 1, "parent_station": null, "active": false }, "geometry": { "type": "Point", "coordinates": [ 6.142733, 46.202274 ] } },
{ "type": "Feature", "properties": { "stop_id": "unmatched_CIRQ98", "stop_code": "CIRQ98", "stop_name": "Cirque", "stop_desc": null, "stop_lat": 46.200207, "stop_lon": 6.141396, "zone_id": null, "stop_url": null, "location_type": 1, "parent_station": null, "active": false }, "geometry": { "type": "Point", "coordinates": [ 6.141396, 46.200207 ] } },
{ "type": "Feature", "properties": { "stop_id": "unmatched_CIRQ99", "stop_code": "CIRQ99", "stop_name": "Cirque", "stop_desc": null, "stop_lat": 46.201614, "stop_lon": 6.14124, "zone_id": null, "stop_url": null, "location_type": 1, "parent_station": null, "active": false }, "geometry": { "type": "Point", "coordinates": [ 6.14124, 46.201614 ] } },
{ "type": "Feature", "properties": { "stop_id": "unmatched_COTU02", "stop_code": "COTU02", "stop_name": "Coutance", "stop_desc": null, "stop_lat": 46.207447, "stop_lon": 6.142287, "zone_id": null, "stop_url": null, "location_type": 1, "parent_station": null, "active": false }, "geometry": { "type": "Point", "coordinates": [ 6.142287, 46.207447 ] } },
{ "type": "Feature", "properties": { "stop_id": "unmatched_COUT00", "stop_code": "COUT00", "stop_name": "Coutance", "stop_desc": null, "stop_lat": 46.207294, "stop_lon": 6.141909, "zone_id": null, "stop_url": null, "location_type": 1, "parent_station": null, "active": true }, "geometry": { "type": "Point", "coordinates": [ 6.141909, 46.207294 ] } },
{ "type": "Feature", "properties": { "stop_id": "unmatched_COUT03", "stop_code": "COUT03", "stop_name": "Coutance", "stop_desc": null, "stop_lat": 46.207607, "stop_lon": 6.142186, "zone_id": null, "stop_url": null, "location_type": 1, "parent_station": null, "active": true }, "geometry": { "type": "Point", "coordinates": [ 6.142186, 46.207607 ] } },
{ "type": "Feature", "properties": { "stop_id": "unmatched_CPLT98", "stop_code": "CPLT98", "stop_name": "Chantepoulet", "stop_desc": null, "stop_lat": 46.20821, "stop_lon": 6.143484, "zone_id": null, "stop_url": null, "location_type": 1, "parent_station": null, "active": false }, "geometry": { "type": "Point", "coordinates": [ 6.143484, 46.20821 ] } },
{ "type": "Feature", "properties": { "stop_id": "unmatched_CPLT99", "stop_code": "CPLT99", "stop_name": "Chantepoulet", "stop_desc": null, "stop_lat": 46.208656, "stop_lon": 6.140244, "zone_id": null, "stop_url": null, "location_type": 1, "parent_station": null, "active": false }, "geometry": { "type": "Point", "coordinates": [ 6.140244, 46.208656 ] } },
{ "type": "Feature", "properties": { "stop_id": "unmatched_CTMI02", "stop_code": "CTMI02", "stop_name": "Contamines", "stop_desc": null, "stop_lat": 46.196194, "stop_lon": 6.15566, "zone_id": null, "stop_url": null, "location_type": 1, "parent_station": null, "active": true }, "geometry": { "type": "Point", "coordinates": [ 6.15566, 46.196194 ] } },
{ "type": "Feature", "properties": { "stop_id": "unmatched_CVIN06", "stop_code": "CVIN06", "stop_name": "Gare Cornavin", "stop_desc": null, "stop_lat": 46.2094, "stop_lon": 6.142338, "zone_id": null, "stop_url": null, "location_type": 1, "parent_station": null, "active": true }, "geometry": { "type": "Point", "coordinates": [ 6.142338, 46.2094 ] } },
{ "type": "Feature", "properties": { "stop_id": "unmatched_CVIN08", "stop_code": "CVIN08", "stop_name": "Gare Cornavin", "stop_desc": null, "stop_lat": 46.209179, "stop_lon": 6.141825, "zone_id": null, "stop_url": null, "location_type": 1, "parent_station": null, "active": false }, "geometry": { "type": "Point", "coordinates": [ 6.141825, 46.209179 ] } },
{ "type": "Feature", "properties": { "stop_id": "unmatched_CVIN10", "stop_code": "CVIN10", "stop_name": "Gare Cornavin", "stop_desc": null, "stop_lat": 46.209656, "stop_lon": 6.141788, "zone_id": null, "stop_url": null, "location_type": 1, "parent_station": null, "active": true }, "geometry": { "type": "Point", "coordinates": [ 6.141788, 46.209656 ] } },
{ "type": "Feature", "properties": { "stop_id": "unmatched_CVIN78", "stop_code": "CVIN78", "stop_name": "Gare Cornavin", "stop_desc": null, "stop_lat": 46.209263, "stop_lon": 6.142298, "zone_id": null, "stop_url": null, "location_type": 1, "parent_station": null, "active": false }, "geometry": { "type": "Point", "coordinates": [ 6.142298, 46.209263 ] } },
{ "type": "Feature", "properties": { "stop_id": "unmatched_CVIN85", "stop_code": "CVIN85", "stop_name": "Gare Cornavin", "stop_desc": null, "stop_lat": 46.209717, "stop_lon": 6.14155, "zone_id": null, "stop_url": null, "location_type": 1, "parent_station": null, "active": false }, "geometry": { "type": "Point", "coordinates": [ 6.14155, 46.209717 ] } },
{ "type": "Feature", "properties": { "stop_id": "unmatched_EDWE00", "stop_code": "EDWE00", "stop_name": "Edelweiss", "stop_desc": null, "stop_lat": 46.211941, "stop_lon": 6.149514, "zone_id": null, "stop_url": null, "location_type": 1, "parent_station": null, "active": false }, "geometry": { "type": "Point", "coordinates": [ 6.149514, 46.211941 ] } },
{ "type": "Feature", "properties": { "stop_id": "unmatched_EMED01", "stop_code": "EMED01", "stop_name": "Ecole-de-Médecine", "stop_desc": null, "stop_lat": 46.198627, "stop_lon": 6.139186, "zone_id": null, "stop_url": null, "location_type": 1, "parent_station": null, "active": false }, "geometry": { "type": "Point", "coordinates": [ 6.139186, 46.198627 ] } },
{ "type": "Feature", "properties": { "stop_id": "unmatched_FLIZ00", "stop_code": "FLIZ00", "stop_name": "Liszt", "stop_desc": null, "stop_lat": 46.198833, "stop_lon": 6.149223, "zone_id": null, "stop_url": null, "location_type": 1, "parent_station": null, "active": false }, "geometry": { "type": "Point", "coordinates": [ 6.149223, 46.198833 ] } },
{ "type": "Feature", "properties": { "stop_id": "unmatched_GOUL98", "stop_code": "GOUL98", "stop_name": "Goulart", "stop_desc": null, "stop_lat": 46.207924, "stop_lon": 6.141834, "zone_id": null, "stop_url": null, "location_type": 1, "parent_station": null, "active": false }, "geometry": { "type": "Point", "coordinates": [ 6.141834, 46.207924 ] } },
{ "type": "Feature", "properties": { "stop_id": "unmatched_HOFL01", "stop_code": "HOFL01", "stop_name": "Horloge Fleurie", "stop_desc": null, "stop_lat": 46.204784, "stop_lon": 6.150015, "zone_id": null, "stop_url": null, "location_type": 1, "parent_station": null, "active": false }, "geometry": { "type": "Point", "coordinates": [ 6.150015, 46.204784 ] } },
{ "type": "Feature", "properties": { "stop_id": "unmatched_LOMB00", "stop_code": "LOMB00", "stop_name": "Lombard", "stop_desc": null, "stop_lat": 46.195595, "stop_lon": 6.147214, "zone_id": null, "stop_url": null, "location_type": 1, "parent_station": null, "active": true }, "geometry": { "type": "Point", "coordinates": [ 6.147214, 46.195595 ] } },
{ "type": "Feature", "properties": { "stop_id": "unmatched_MAOR00", "stop_code": "MAOR00", "stop_name": "Mandarin Oriental", "stop_desc": null, "stop_lat": 46.205795, "stop_lon": 6.141773, "zone_id": null, "stop_url": null, "location_type": 1, "parent_station": null, "active": false }, "geometry": { "type": "Point", "coordinates": [ 6.141773, 46.205795 ] } },
{ "type": "Feature", "properties": { "stop_id": "unmatched_METR00", "stop_code": "METR00", "stop_name": "Métropole", "stop_desc": null, "stop_lat": 46.203381, "stop_lon": 6.151448, "zone_id": null, "stop_url": null, "location_type": 1, "parent_station": null, "active": true }, "geometry": { "type": "Point", "coordinates": [ 6.151448, 46.203381 ] } },
{ "type": "Feature", "properties": { "stop_id": "unmatched_MLRD00", "stop_code": "MLRD00", "stop_name": "Molard", "stop_desc": null, "stop_lat": 46.203964, "stop_lon": 6.148441, "zone_id": null, "stop_url": null, "location_type": 1, "parent_station": null, "active": true }, "geometry": { "type": "Point", "coordinates": [ 6.148441, 46.203964 ] } },
{ "type": "Feature", "properties": { "stop_id": "unmatched_MLRD99", "stop_code": "MLRD99", "stop_name": "Molard", "stop_desc": null, "stop_lat": 46.20414, "stop_lon": 6.148322, "zone_id": null, "stop_url": null, "location_type": 1, "parent_station": null, "active": false }, "geometry": { "type": "Point", "coordinates": [ 6.148322, 46.20414 ] } },
{ "type": "Feature", "properties": { "stop_id": "unmatched_MOTU01", "stop_code": "MOTU01", "stop_name": "Monthoux", "stop_desc": null, "stop_lat": 46.210117, "stop_lon": 6.148554, "zone_id": null, "stop_url": null, "location_type": 1, "parent_station": null, "active": true }, "geometry": { "type": "Point", "coordinates": [ 6.148554, 46.210117 ] } },
{ "type": "Feature", "properties": { "stop_id": "unmatched_MUSE01", "stop_code": "MUSE01", "stop_name": "Muséum", "stop_desc": null, "stop_lat": 46.198498, "stop_lon": 6.157225, "zone_id": null, "stop_url": null, "location_type": 1, "parent_station": null, "active": true }, "geometry": { "type": "Point", "coordinates": [ 6.157225, 46.198498 ] } },
{ "type": "Feature", "properties": { "stop_id": "unmatched_MUSE99", "stop_code": "MUSE99", "stop_name": "Muséum", "stop_desc": null, "stop_lat": 46.198811, "stop_lon": 6.156351, "zone_id": null, "stop_url": null, "location_type": 1, "parent_station": null, "active": false }, "geometry": { "type": "Point", "coordinates": [ 6.156351, 46.198811 ] } },
{ "type": "Feature", "properties": { "stop_id": "unmatched_MUTR00", "stop_code": "MUTR00", "stop_name": "Muséum-Tranchées", "stop_desc": null, "stop_lat": 46.198158, "stop_lon": 6.155174, "zone_id": null, "stop_url": null, "location_type": 1, "parent_station": null, "active": false }, "geometry": { "type": "Point", "coordinates": [ 6.155174, 46.198158 ] } },
{ "type": "Feature", "properties": { "stop_id": "unmatched_NAVI99", "stop_code": "NAVI99", "stop_name": "Navigation", "stop_desc": null, "stop_lat": 46.211922, "stop_lon": 6.149602, "zone_id": null, "stop_url": null, "location_type": 1, "parent_station": null, "active": false }, "geometry": { "type": "Point", "coordinates": [ 6.149602, 46.211922 ] } },
{ "type": "Feature", "properties": { "stop_id": "unmatched_NDAM00", "stop_code": "NDAM00", "stop_name": "Gare Cornavin Notre Dame", "stop_desc": null, "stop_lat": 46.209332, "stop_lon": 6.142284, "zone_id": null, "stop_url": null, "location_type": 1, "parent_station": null, "active": false }, "geometry": { "type": "Point", "coordinates": [ 6.142284, 46.209332 ] } },
{ "type": "Feature", "properties": { "stop_id": "unmatched_NDAM88", "stop_code": "NDAM88", "stop_name": "Gare Cornavin Notre Dame", "stop_desc": null, "stop_lat": 46.209335, "stop_lon": 6.142507, "zone_id": null, "stop_url": null, "location_type": 1, "parent_station": null, "active": false }, "geometry": { "type": "Point", "coordinates": [ 6.142507, 46.209335 ] } },
{ "type": "Feature", "properties": { "stop_id": "unmatched_PAIX00", "stop_code": "PAIX00", "stop_name": "Beau-Rivage - Paix", "stop_desc": null, "stop_lat": 46.208286, "stop_lon": 6.149116, "zone_id": null, "stop_url": null, "location_type": 1, "parent_station": null, "active": false }, "geometry": { "type": "Point", "coordinates": [ 6.149116, 46.208286 ] } },
{ "type": "Feature", "properties": { "stop_id": "unmatched_PAIX01", "stop_code": "PAIX01", "stop_name": "Beau-Rivage - Paix", "stop_desc": null, "stop_lat": 46.208805, "stop_lon": 6.147541, "zone_id": null, "stop_url": null, "location_type": 1, "parent_station": null, "active": false }, "geometry": { "type": "Point", "coordinates": [ 6.147541, 46.208805 ] } },
{ "type": "Feature", "properties": { "stop_id": "unmatched_PESC01", "stop_code": "PESC01", "stop_name": "Peschier", "stop_desc": null, "stop_lat": 46.194122, "stop_lon": 6.153208, "zone_id": null, "stop_url": null, "location_type": 1, "parent_station": null, "active": false }, "geometry": { "type": "Point", "coordinates": [ 6.153208, 46.194122 ] } },
{ "type": "Feature", "properties": { "stop_id": "unmatched_PLEV05", "stop_code": "PLEV05", "stop_name": "Place des Eaux-Vives", "stop_desc": null, "stop_lat": 46.201778, "stop_lon": 6.15749, "zone_id": null, "stop_url": null, "location_type": 1, "parent_station": null, "active": false }, "geometry": { "type": "Point", "coordinates": [ 6.15749, 46.201778 ] } },
{ "type": "Feature", "properties": { "stop_id": "unmatched_PLEVST", "stop_code": "PLEVST", "stop_name": "Place des Eaux-Vives Stationnement", "stop_desc": null, "stop_lat": 46.202663, "stop_lon": 6.15402, "zone_id": null, "stop_url": null, "location_type": 1, "parent_station": null, "active": false }, "geometry": { "type": "Point", "coordinates": [ 6.15402, 46.202663 ] } },
{ "type": "Feature", "properties": { "stop_id": "unmatched_PLEY01", "stop_code": "PLEY01", "stop_name": "Palais Eynard", "stop_desc": null, "stop_lat": 46.200092, "stop_lon": 6.146719, "zone_id": null, "stop_url": null, "location_type": 1, "parent_station": null, "active": true }, "geometry": { "type": "Point", "coordinates": [ 6.146719, 46.200092 ] } },
{ "type": "Feature", "properties": { "stop_id": "unmatched_PLPA02", "stop_code": "PLPA02", "stop_name": "Plainpalais", "stop_desc": null, "stop_lat": 46.197704, "stop_lon": 6.142965, "zone_id": null, "stop_url": null, "location_type": 1, "parent_station": null, "active": true }, "geometry": { "type": "Point", "coordinates": [ 6.142965, 46.197704 ] } },
{ "type": "Feature", "properties": { "stop_id": "unmatched_PLPA06", "stop_code": "PLPA06", "stop_name": "Plainpalais", "stop_desc": null, "stop_lat": 46.198837, "stop_lon": 6.143872, "zone_id": null, "stop_url": null, "location_type": 1, "parent_station": null, "active": false }, "geometry": { "type": "Point", "coordinates": [ 6.143872, 46.198837 ] } },
{ "type": "Feature", "properties": { "stop_id": "unmatched_PLPA97", "stop_code": "PLPA97", "stop_name": "Plainpalais", "stop_desc": null, "stop_lat": 46.198475, "stop_lon": 6.143776, "zone_id": null, "stop_url": null, "location_type": 1, "parent_station": null, "active": false }, "geometry": { "type": "Point", "coordinates": [ 6.143776, 46.198475 ] } },
{ "type": "Feature", "properties": { "stop_id": "unmatched_PLPA98", "stop_code": "PLPA98", "stop_name": "Plainpalais", "stop_desc": null, "stop_lat": 46.198738, "stop_lon": 6.142229, "zone_id": null, "stop_url": null, "location_type": 1, "parent_station": null, "active": false }, "geometry": { "type": "Point", "coordinates": [ 6.142229, 46.198738 ] } },
{ "type": "Feature", "properties": { "stop_id": "unmatched_PNEF99", "stop_code": "PNEF99", "stop_name": "Place de Neuve (fictif)", "stop_desc": null, "stop_lat": 46.201393, "stop_lon": 6.144065, "zone_id": null, "stop_url": null, "location_type": 1, "parent_station": null, "active": false }, "geometry": { "type": "Point", "coordinates": [ 6.144065, 46.201393 ] } },
{ "type": "Feature", "properties": { "stop_id": "unmatched_PNEV94", "stop_code": "PNEV94", "stop_name": "Place de Neuve", "stop_desc": null, "stop_lat": 46.201412, "stop_lon": 6.144033, "zone_id": null, "stop_url": null, "location_type": 1, "parent_station": null, "active": false }, "geometry": { "type": "Point", "coordinates": [ 6.144033, 46.201412 ] } },
{ "type": "Feature", "properties": { "stop_id": "unmatched_PNEV97", "stop_code": "PNEV97", "stop_name": "Place de Neuve", "stop_desc": null, "stop_lat": 46.201492, "stop_lon": 6.143541, "zone_id": null, "stop_url": null, "location_type": 1, "parent_station": null, "active": false }, "geometry": { "type": "Point", "coordinates": [ 6.143541, 46.201492 ] } },
{ "type": "Feature", "properties": { "stop_id": "unmatched_PORT00", "stop_code": "PORT00", "stop_name": "Place du Port", "stop_desc": null, "stop_lat": 46.203453, "stop_lon": 6.150798, "zone_id": null, "stop_url": null, "location_type": 1, "parent_station": null, "active": false }, "geometry": { "type": "Point", "coordinates": [ 6.150798, 46.203453 ] } },
{ "type": "Feature", "properties": { "stop_id": "unmatched_RIVE11", "stop_code": "RIVE11", "stop_name": "Rive", "stop_desc": null, "stop_lat": 46.202789, "stop_lon": 6.153457, "zone_id": null, "stop_url": null, "location_type": 1, "parent_station": null, "active": true }, "geometry": { "type": "Point", "coordinates": [ 6.153457, 46.202789 ] } },
{ "type": "Feature", "properties": { "stop_id": "unmatched_RIVE95", "stop_code": "RIVE95", "stop_name": "Rive", "stop_desc": null, "stop_lat": 46.201313, "stop_lon": 6.153372, "zone_id": null, "stop_url": null, "location_type": 1, "parent_station": null, "active": false }, "geometry": { "type": "Point", "coordinates": [ 6.153372, 46.201313 ] } },
{ "type": "Feature", "properties": { "stop_id": "unmatched_RIVE96", "stop_code": "RIVE96", "stop_name": "Rive", "stop_desc": null, "stop_lat": 46.202869, "stop_lon": 6.15352, "zone_id": null, "stop_url": null, "location_type": 1, "parent_station": null, "active": true }, "geometry": { "type": "Point", "coordinates": [ 6.15352, 46.202869 ] } },
{ "type": "Feature", "properties": { "stop_id": "unmatched_RIVE97", "stop_code": "RIVE97", "stop_name": "Rive", "stop_desc": null, "stop_lat": 46.203773, "stop_lon": 6.154483, "zone_id": null, "stop_url": null, "location_type": 1, "parent_station": null, "active": false }, "geometry": { "type": "Point", "coordinates": [ 6.154483, 46.203773 ] } },
{ "type": "Feature", "properties": { "stop_id": "unmatched_RIVEST", "stop_code": "RIVEST", "stop_name": "Rive (Stationnement)", "stop_desc": null, "stop_lat": 46.202553, "stop_lon": 6.153717, "zone_id": null, "stop_url": null, "location_type": 1, "parent_station": null, "active": false }, "geometry": { "type": "Point", "coordinates": [ 6.153717, 46.202553 ] } },
{ "type": "Feature", "properties": { "stop_id": "unmatched_ROCH00", "stop_code": "ROCH00", "stop_name": "Roches", "stop_desc": null, "stop_lat": 46.200039, "stop_lon": 6.162488, "zone_id": null, "stop_url": null, "location_type": 1, "parent_station": null, "active": false }, "geometry": { "type": "Point", "coordinates": [ 6.162488, 46.200039 ] } },
{ "type": "Feature", "properties": { "stop_id": "unmatched_ROCH01", "stop_code": "ROCH01", "stop_name": "Roches", "stop_desc": null, "stop_lat": 46.200058, "stop_lon": 6.161956, "zone_id": null, "stop_url": null, "location_type": 1, "parent_station": null, "active": false }, "geometry": { "type": "Point", "coordinates": [ 6.161956, 46.200058 ] } },
{ "type": "Feature", "properties": { "stop_id": "unmatched_ROCH98", "stop_code": "ROCH98", "stop_name": "Roches", "stop_desc": null, "stop_lat": 46.20023, "stop_lon": 6.160994, "zone_id": null, "stop_url": null, "location_type": 1, "parent_station": null, "active": false }, "geometry": { "type": "Point", "coordinates": [ 6.160994, 46.20023 ] } },
{ "type": "Feature", "properties": { "stop_id": "unmatched_THRE00", "stop_code": "THRE00", "stop_name": "Théâtre", "stop_desc": null, "stop_lat": 46.202175, "stop_lon": 6.141693, "zone_id": null, "stop_url": null, "location_type": 1, "parent_station": null, "active": true }, "geometry": { "type": "Point", "coordinates": [ 6.141693, 46.202175 ] } },
{ "type": "Feature", "properties": { "stop_id": "unmatched_THRE99", "stop_code": "THRE99", "stop_name": "Théâtre", "stop_desc": null, "stop_lat": 46.202328, "stop_lon": 6.142825, "zone_id": null, "stop_url": null, "location_type": 1, "parent_station": null, "active": false }, "geometry": { "type": "Point", "coordinates": [ 6.142825, 46.202328 ] } },
{ "type": "Feature", "properties": { "stop_id": "unmatched_VSUI03", "stop_code": "VSUI03", "stop_name": "Village Suisse", "stop_desc": null, "stop_lat": 46.200825, "stop_lon": 6.137527, "zone_id": null, "stop_url": null, "location_type": 1, "parent_station": null, "active": false }, "geometry": { "type": "Point", "coordinates": [ 6.137527, 46.200825 ] } },
{ "type": "Feature", "properties": { "stop_id": "unmatched_WARW02", "stop_code": "WARW02", "stop_name": "Warwick - Cristal", "stop_desc": null, "stop_lat": 46.210552, "stop_lon": 6.144199, "zone_id": null, "stop_url": null, "location_type": 1, "parent_station": null, "active": false }, "geometry": { "type": "Point", "coordinates": [ 6.144199, 46.210552 ] } },
{ "type": "Feature", "properties": { "stop_id": "unmatched_XPAQU2", "stop_code": "XPAQU2", "stop_name": "Pâquis", "stop_desc": null, "stop_lat": 46.209339, "stop_lon": 6.151391, "zone_id": null, "stop_url": null, "location_type": 1, "parent_station": null, "active": false }, "geometry": { "type": "Point", "coordinates": [ 6.151391, 46.209339 ] } },
{ "type": "Feature", "properties": { "stop_id": "unmatched_XPLEV2", "stop_code": "XPLEV2", "stop_name": "Place des Eaux-Vives", "stop_desc": null, "stop_lat": 46.205276, "stop_lon": 6.155128, "zone_id": null, "stop_url": null, "location_type": 1, "parent_station": null, "active": false }, "geometry": { "type": "Point", "coordinates": [ 6.155128, 46.205276 ] } },
{ "type": "Feature", "properties": { "stop_id": "unmatched_22CT01", "stop_code": "22CT01", "stop_name": "22-Cantons (Gare Cornavin)", "stop_desc": null, "stop_lat": 46.208889, "stop_lon": 6.140173, "zone_id": null, "stop_url": null, "location_type": 1, "parent_station": null, "active": false }, "geometry": { "type": "Point", "coordinates": [ 6.140173, 46.208889 ] } },
{ "type": "Feature", "properties": { "stop_id": "unmatched_ALPE98", "stop_code": "ALPE98", "stop_name": "Alpes", "stop_desc": null, "stop_lat": 46.209, "stop_lon": 6.14702, "zone_id": null, "stop_url": null, "location_type": 1, "parent_station": null, "active": false }, "geometry": { "type": "Point", "coordinates": [ 6.14702, 46.209 ] } },
{ "type": "Feature", "properties": { "stop_id": "unmatched_ANGL00", "stop_code": "ANGL00", "stop_name": "Angleterre", "stop_desc": null, "stop_lat": 46.209602, "stop_lon": 6.15059, "zone_id": null, "stop_url": null, "location_type": 1, "parent_station": null, "active": false }, "geometry": { "type": "Point", "coordinates": [ 6.15059, 46.209602 ] } },
{ "type": "Feature", "properties": { "stop_id": "unmatched_ATHE01", "stop_code": "ATHE01", "stop_name": "Athénée", "stop_desc": null, "stop_lat": 46.198406, "stop_lon": 6.148546, "zone_id": null, "stop_url": null, "location_type": 1, "parent_station": null, "active": true }, "geometry": { "type": "Point", "coordinates": [ 6.148546, 46.198406 ] } },
{ "type": "Feature", "properties": { "stop_id": "unmatched_ATHE05", "stop_code": "ATHE05", "stop_name": "Athénée", "stop_desc": null, "stop_lat": 46.198502, "stop_lon": 6.147391, "zone_id": null, "stop_url": null, "location_type": 1, "parent_station": null, "active": false }, "geometry": { "type": "Point", "coordinates": [ 6.147391, 46.198502 ] } },
{ "type": "Feature", "properties": { "stop_id": "unmatched_ATHE99", "stop_code": "ATHE99", "stop_name": "Athénée", "stop_desc": null, "stop_lat": 46.197697, "stop_lon": 6.148572, "zone_id": null, "stop_url": null, "location_type": 1, "parent_station": null, "active": false }, "geometry": { "type": "Point", "coordinates": [ 6.148572, 46.197697 ] } },
{ "type": "Feature", "properties": { "stop_id": "unmatched_AUBI98", "stop_code": "AUBI98", "stop_name": "Merle-d'Aubigné", "stop_desc": null, "stop_lat": 46.206142, "stop_lon": 6.161289, "zone_id": null, "stop_url": null, "location_type": 1, "parent_station": null, "active": false }, "geometry": { "type": "Point", "coordinates": [ 6.161289, 46.206142 ] } },
{ "type": "Feature", "properties": { "stop_id": "unmatched_BAIR01", "stop_code": "BAIR01", "stop_name": "Bel-Air", "stop_desc": null, "stop_lat": 46.204826, "stop_lon": 6.143483, "zone_id": null, "stop_url": null, "location_type": 1, "parent_station": null, "active": true }, "geometry": { "type": "Point", "coordinates": [ 6.143483, 46.204826 ] } },
{ "type": "Feature", "properties": { "stop_id": "unmatched_BAIR02", "stop_code": "BAIR02", "stop_name": "Bel-Air", "stop_desc": null, "stop_lat": 46.204601, "stop_lon": 6.143449, "zone_id": null, "stop_url": null, "location_type": 1, "parent_station": null, "active": true }, "geometry": { "type": "Point", "coordinates": [ 6.143449, 46.204601 ] } },
{ "type": "Feature", "properties": { "stop_id": "unmatched_BAIR03", "stop_code": "BAIR03", "stop_name": "Bel-Air", "stop_desc": null, "stop_lat": 46.204456, "stop_lon": 6.143751, "zone_id": null, "stop_url": null, "location_type": 1, "parent_station": null, "active": false }, "geometry": { "type": "Point", "coordinates": [ 6.143751, 46.204456 ] } },
{ "type": "Feature", "properties": { "stop_id": "unmatched_BAIR05", "stop_code": "BAIR05", "stop_name": "Bel-Air", "stop_desc": null, "stop_lat": 46.203716, "stop_lon": 6.144637, "zone_id": null, "stop_url": null, "location_type": 1, "parent_station": null, "active": true }, "geometry": { "type": "Point", "coordinates": [ 6.144637, 46.203716 ] } },
{ "type": "Feature", "properties": { "stop_id": "unmatched_BAIR06", "stop_code": "BAIR06", "stop_name": "Bel-Air", "stop_desc": null, "stop_lat": 46.203976, "stop_lon": 6.143879, "zone_id": null, "stop_url": null, "location_type": 1, "parent_station": null, "active": true }, "geometry": { "type": "Point", "coordinates": [ 6.143879, 46.203976 ] } },
{ "type": "Feature", "properties": { "stop_id": "unmatched_BAIR98", "stop_code": "BAIR98", "stop_name": "Bel-Air", "stop_desc": null, "stop_lat": 46.202877, "stop_lon": 6.142744, "zone_id": null, "stop_url": null, "location_type": 1, "parent_station": null, "active": false }, "geometry": { "type": "Point", "coordinates": [ 6.142744, 46.202877 ] } },
{ "type": "Feature", "properties": { "stop_id": "unmatched_BAPO00", "stop_code": "BAPO00", "stop_name": "Bel-Air (Pont)", "stop_desc": null, "stop_lat": 46.204651, "stop_lon": 6.143086, "zone_id": null, "stop_url": null, "location_type": 1, "parent_station": null, "active": false }, "geometry": { "type": "Point", "coordinates": [ 6.143086, 46.204651 ] } },
{ "type": "Feature", "properties": { "stop_id": "unmatched_BAPO01", "stop_code": "BAPO01", "stop_name": "Bel-Air (Pont)", "stop_desc": null, "stop_lat": 46.205036, "stop_lon": 6.14305, "zone_id": null, "stop_url": null, "location_type": 1, "parent_station": null, "active": false }, "geometry": { "type": "Point", "coordinates": [ 6.14305, 46.205036 ] } },
{ "type": "Feature", "properties": { "stop_id": "unmatched_BART00", "stop_code": "BART00", "stop_name": "Bartholoni", "stop_desc": null, "stop_lat": 46.200184, "stop_lon": 6.142493, "zone_id": null, "stop_url": null, "location_type": 1, "parent_station": null, "active": false }, "geometry": { "type": "Point", "coordinates": [ 6.142493, 46.200184 ] } },
{ "type": "Feature", "properties": { "stop_id": "unmatched_BVYL00", "stop_code": "BVYL00", "stop_name": "Bovy-Lysberg", "stop_desc": null, "stop_lat": 46.202396, "stop_lon": 6.142854, "zone_id": null, "stop_url": null, "location_type": 1, "parent_station": null, "active": true }, "geometry": { "type": "Point", "coordinates": [ 6.142854, 46.202396 ] } },
{ "type": "Feature", "properties": { "stop_id": "unmatched_BVYLST", "stop_code": "BVYLST", "stop_name": "Bovy-Lysberg (ST)", "stop_desc": null, "stop_lat": 46.202934, "stop_lon": 6.142707, "zone_id": null, "stop_url": null, "location_type": 1, "parent_station": null, "active": false }, "geometry": { "type": "Point", "coordinates": [ 6.142707, 46.202934 ] } },
{ "type": "Feature", "properties": { "stop_id": "unmatched_CIGO00", "stop_code": "CIGO00", "stop_name": "Cigogne", "stop_desc": null, "stop_lat": 46.202534, "stop_lon": 6.149666, "zone_id": null, "stop_url": null, "location_type": 1, "parent_station": null, "active": false }, "geometry": { "type": "Point", "coordinates": [ 6.149666, 46.202534 ] } },
{ "type": "Feature", "properties": { "stop_id": "unmatched_CLAP95", "stop_code": "CLAP95", "stop_name": "Place Claparède", "stop_desc": null, "stop_lat": 46.196655, "stop_lon": 6.149695, "zone_id": null, "stop_url": null, "location_type": 1, "parent_station": null, "active": false }, "geometry": { "type": "Point", "coordinates": [ 6.149695, 46.196655 ] } },
{ "type": "Feature", "properties": { "stop_id": "unmatched_CLAP97", "stop_code": "CLAP97", "stop_name": "Place Claparède", "stop_desc": null, "stop_lat": 46.195354, "stop_lon": 6.150733, "zone_id": null, "stop_url": null, "location_type": 1, "parent_station": null, "active": false }, "geometry": { "type": "Point", "coordinates": [ 6.150733, 46.195354 ] } },
{ "type": "Feature", "properties": { "stop_id": "unmatched_CLAP98", "stop_code": "CLAP98", "stop_name": "Place Claparède", "stop_desc": null, "stop_lat": 46.195374, "stop_lon": 6.150712, "zone_id": null, "stop_url": null, "location_type": 1, "parent_station": null, "active": false }, "geometry": { "type": "Point", "coordinates": [ 6.150712, 46.195374 ] } },
{ "type": "Feature", "properties": { "stop_id": "unmatched_CLAP99", "stop_code": "CLAP99", "stop_name": "Place Claparède", "stop_desc": null, "stop_lat": 46.195789, "stop_lon": 6.14978, "zone_id": null, "stop_url": null, "location_type": 1, "parent_station": null, "active": false }, "geometry": { "type": "Point", "coordinates": [ 6.14978, 46.195789 ] } },
{ "type": "Feature", "properties": { "stop_id": "unmatched_CNDL99", "stop_code": "CNDL99", "stop_name": "Genève, De-Candolle", "stop_desc": null, "stop_lat": 46.198269, "stop_lon": 6.144725, "zone_id": null, "stop_url": null, "location_type": 1, "parent_station": null, "active": false }, "geometry": { "type": "Point", "coordinates": [ 6.144725, 46.198269 ] } },
{ "type": "Feature", "properties": { "stop_id": "unmatched_CNDLST", "stop_code": "CNDLST", "stop_name": "Genève, De-Candolle (st)", "stop_desc": null, "stop_lat": 46.197586, "stop_lon": 6.145861, "zone_id": null, "stop_url": null, "location_type": 1, "parent_station": null, "active": false }, "geometry": { "type": "Point", "coordinates": [ 6.145861, 46.197586 ] } },
{ "type": "Feature", "properties": { "stop_id": "unmatched_CRXR01", "stop_code": "CRXR01", "stop_name": "Croix-Rouge", "stop_desc": null, "stop_lat": 46.200077, "stop_lon": 6.146706, "zone_id": null, "stop_url": null, "location_type": 1, "parent_station": null, "active": false }, "geometry": { "type": "Point", "coordinates": [ 6.146706, 46.200077 ] } },
{ "type": "Feature", "properties": { "stop_id": "unmatched_CVIN00", "stop_code": "CVIN00", "stop_name": "Gare Cornavin", "stop_desc": null, "stop_lat": 46.209896, "stop_lon": 6.142624, "zone_id": null, "stop_url": null, "location_type": 1, "parent_station": null, "active": false }, "geometry": { "type": "Point", "coordinates": [ 6.142624, 46.209896 ] } },
{ "type": "Feature", "properties": { "stop_id": "unmatched_CVIN11", "stop_code": "CVIN11", "stop_name": "Gare Cornavin", "stop_desc": null, "stop_lat": 46.210583, "stop_lon": 6.144149, "zone_id": null, "stop_url": null, "location_type": 1, "parent_station": null, "active": false }, "geometry": { "type": "Point", "coordinates": [ 6.144149, 46.210583 ] } },
{ "type": "Feature", "properties": { "stop_id": "unmatched_CVIN75", "stop_code": "CVIN75", "stop_name": "Gare Cornavin", "stop_desc": null, "stop_lat": 46.209248, "stop_lon": 6.142323, "zone_id": null, "stop_url": null, "location_type": 1, "parent_station": null, "active": true }, "geometry": { "type": "Point", "coordinates": [ 6.142323, 46.209248 ] } },
{ "type": "Feature", "properties": { "stop_id": "unmatched_CVIN88", "stop_code": "CVIN88", "stop_name": "Gare Cornavin", "stop_desc": null, "stop_lat": 46.209705, "stop_lon": 6.141572, "zone_id": null, "stop_url": null, "location_type": 1, "parent_station": null, "active": false }, "geometry": { "type": "Point", "coordinates": [ 6.141572, 46.209705 ] } },
{ "type": "Feature", "properties": { "stop_id": "unmatched_CVIN95", "stop_code": "CVIN95", "stop_name": "Gare Cornavin", "stop_desc": null, "stop_lat": 46.209454, "stop_lon": 6.142349, "zone_id": null, "stop_url": null, "location_type": 1, "parent_station": null, "active": false }, "geometry": { "type": "Point", "coordinates": [ 6.142349, 46.209454 ] } },
{ "type": "Feature", "properties": { "stop_id": "unmatched_CVIN96", "stop_code": "CVIN96", "stop_name": "Gare Cornavin", "stop_desc": null, "stop_lat": 46.209759, "stop_lon": 6.142456, "zone_id": null, "stop_url": null, "location_type": 1, "parent_station": null, "active": false }, "geometry": { "type": "Point", "coordinates": [ 6.142456, 46.209759 ] } },
{ "type": "Feature", "properties": { "stop_id": "unmatched_CVIN98", "stop_code": "CVIN98", "stop_name": "Gare Cornavin", "stop_desc": null, "stop_lat": 46.209171, "stop_lon": 6.140374, "zone_id": null, "stop_url": null, "location_type": 1, "parent_station": null, "active": false }, "geometry": { "type": "Point", "coordinates": [ 6.140374, 46.209171 ] } },
{ "type": "Feature", "properties": { "stop_id": "unmatched_DBAIR", "stop_code": "DBAIR", "stop_name": "Dépôt Bel-Air", "stop_desc": null, "stop_lat": 46.204845, "stop_lon": 6.143477, "zone_id": null, "stop_url": null, "location_type": 1, "parent_station": null, "active": false }, "geometry": { "type": "Point", "coordinates": [ 6.143477, 46.204845 ] } },
{ "type": "Feature", "properties": { "stop_id": "unmatched_FOBA00", "stop_code": "FOBA00", "stop_name": "Fondation Baur", "stop_desc": null, "stop_lat": 46.19788, "stop_lon": 6.153919, "zone_id": null, "stop_url": null, "location_type": 1, "parent_station": null, "active": false }, "geometry": { "type": "Point", "coordinates": [ 6.153919, 46.19788 ] } },
{ "type": "Feature", "properties": { "stop_id": "unmatched_FOBA01", "stop_code": "FOBA01", "stop_name": "Fondation Baur", "stop_desc": null, "stop_lat": 46.197998, "stop_lon": 6.154004, "zone_id": null, "stop_url": null, "location_type": 1, "parent_station": null, "active": false }, "geometry": { "type": "Point", "coordinates": [ 6.154004, 46.197998 ] } },
{ "type": "Feature", "properties": { "stop_id": "unmatched_GENT00", "stop_code": "GENT00", "stop_name": "Bois-Gentil", "stop_desc": null, "stop_lat": 46.197834, "stop_lon": 6.160869, "zone_id": null, "stop_url": null, "location_type": 1, "parent_station": null, "active": false }, "geometry": { "type": "Point", "coordinates": [ 6.160869, 46.197834 ] } },
{ "type": "Feature", "properties": { "stop_id": "unmatched_ISAM02", "stop_code": "ISAM02", "stop_name": "Mercier", "stop_desc": null, "stop_lat": 46.20723, "stop_lon": 6.139525, "zone_id": null, "stop_url": null, "location_type": 1, "parent_station": null, "active": true }, "geometry": { "type": "Point", "coordinates": [ 6.139525, 46.20723 ] } },
{ "type": "Feature", "properties": { "stop_id": "unmatched_KEMP00", "stop_code": "KEMP00", "stop_name": "Kempinski", "stop_desc": null, "stop_lat": 46.210091, "stop_lon": 6.151139, "zone_id": null, "stop_url": null, "location_type": 1, "parent_station": null, "active": false }, "geometry": { "type": "Point", "coordinates": [ 6.151139, 46.210091 ] } },
{ "type": "Feature", "properties": { "stop_id": "unmatched_LONG00", "stop_code": "LONG00", "stop_name": "Longemalle", "stop_desc": null, "stop_lat": 46.202541, "stop_lon": 6.149612, "zone_id": null, "stop_url": null, "location_type": 1, "parent_station": null, "active": false }, "geometry": { "type": "Point", "coordinates": [ 6.149612, 46.202541 ] } },
{ "type": "Feature", "properties": { "stop_id": "unmatched_MTBL99", "stop_code": "MTBL99", "stop_name": "Mont-Blanc", "stop_desc": null, "stop_lat": 46.208107, "stop_lon": 6.148756, "zone_id": null, "stop_url": null, "location_type": 1, "parent_station": null, "active": false }, "geometry": { "type": "Point", "coordinates": [ 6.148756, 46.208107 ] } },
{ "type": "Feature", "properties": { "stop_id": "unmatched_MUSE98", "stop_code": "MUSE98", "stop_name": "Muséum", "stop_desc": null, "stop_lat": 46.199039, "stop_lon": 6.156489, "zone_id": null, "stop_url": null, "location_type": 1, "parent_station": null, "active": false }, "geometry": { "type": "Point", "coordinates": [ 6.156489, 46.199039 ] } },
{ "type": "Feature", "properties": { "stop_id": "unmatched_NAVI01", "stop_code": "NAVI01", "stop_name": "Navigation", "stop_desc": null, "stop_lat": 46.211781, "stop_lon": 6.149591, "zone_id": null, "stop_url": null, "location_type": 1, "parent_station": null, "active": true }, "geometry": { "type": "Point", "coordinates": [ 6.149591, 46.211781 ] } },
{ "type": "Feature", "properties": { "stop_id": "unmatched_PLDIST", "stop_code": "PLDIST", "stop_name": "Palladium Stationnement", "stop_desc": null, "stop_lat": 46.203377, "stop_lon": 6.138674, "zone_id": null, "stop_url": null, "location_type": 1, "parent_station": null, "active": false }, "geometry": { "type": "Point", "coordinates": [ 6.138674, 46.203377 ] } },
{ "type": "Feature", "properties": { "stop_id": "unmatched_PLEV98", "stop_code": "PLEV98", "stop_name": "Place des Eaux-Vives", "stop_desc": null, "stop_lat": 46.201733, "stop_lon": 6.157694, "zone_id": null, "stop_url": null, "location_type": 1, "parent_station": null, "active": false }, "geometry": { "type": "Point", "coordinates": [ 6.157694, 46.201733 ] } },
{ "type": "Feature", "properties": { "stop_id": "unmatched_PLEY02", "stop_code": "PLEY02", "stop_name": "Palais Eynard", "stop_desc": null, "stop_lat": 46.19968, "stop_lon": 6.147648, "zone_id": null, "stop_url": null, "location_type": 1, "parent_station": null, "active": false }, "geometry": { "type": "Point", "coordinates": [ 6.147648, 46.19968 ] } },
{ "type": "Feature", "properties": { "stop_id": "unmatched_PLEY99", "stop_code": "PLEY99", "stop_name": "Palais Eynard", "stop_desc": null, "stop_lat": 46.198769, "stop_lon": 6.147545, "zone_id": null, "stop_url": null, "location_type": 1, "parent_station": null, "active": false }, "geometry": { "type": "Point", "coordinates": [ 6.147545, 46.198769 ] } },
{ "type": "Feature", "properties": { "stop_id": "unmatched_PLPA08", "stop_code": "PLPA08", "stop_name": "Plainpalais", "stop_desc": null, "stop_lat": 46.198124, "stop_lon": 6.142787, "zone_id": null, "stop_url": null, "location_type": 1, "parent_station": null, "active": true }, "geometry": { "type": "Point", "coordinates": [ 6.142787, 46.198124 ] } },
{ "type": "Feature", "properties": { "stop_id": "unmatched_PLPA09", "stop_code": "PLPA09", "stop_name": "Plainpalais", "stop_desc": null, "stop_lat": 46.197586, "stop_lon": 6.142088, "zone_id": null, "stop_url": null, "location_type": 1, "parent_station": null, "active": false }, "geometry": { "type": "Point", "coordinates": [ 6.142088, 46.197586 ] } },
{ "type": "Feature", "properties": { "stop_id": "unmatched_PNEV04", "stop_code": "PNEV04", "stop_name": "Place de Neuve", "stop_desc": null, "stop_lat": 46.201, "stop_lon": 6.1436, "zone_id": null, "stop_url": null, "location_type": 1, "parent_station": null, "active": true }, "geometry": { "type": "Point", "coordinates": [ 6.1436, 46.201 ] } },
{ "type": "Feature", "properties": { "stop_id": "unmatched_PNEV05", "stop_code": "PNEV05", "stop_name": "Place de Neuve", "stop_desc": null, "stop_lat": 46.201504, "stop_lon": 6.144029, "zone_id": null, "stop_url": null, "location_type": 1, "parent_station": null, "active": true }, "geometry": { "type": "Point", "coordinates": [ 6.144029, 46.201504 ] } },
{ "type": "Feature", "properties": { "stop_id": "unmatched_PNEV95", "stop_code": "PNEV95", "stop_name": "Place de Neuve", "stop_desc": null, "stop_lat": 46.202244, "stop_lon": 6.143519, "zone_id": null, "stop_url": null, "location_type": 1, "parent_station": null, "active": false }, "geometry": { "type": "Point", "coordinates": [ 6.143519, 46.202244 ] } },
{ "type": "Feature", "properties": { "stop_id": "unmatched_PNEV99", "stop_code": "PNEV99", "stop_name": "Place de Neuve", "stop_desc": null, "stop_lat": 46.201061, "stop_lon": 6.143638, "zone_id": null, "stop_url": null, "location_type": 1, "parent_station": null, "active": false }, "geometry": { "type": "Point", "coordinates": [ 6.143638, 46.201061 ] } },
{ "type": "Feature", "properties": { "stop_id": "unmatched_PNEVST", "stop_code": "PNEVST", "stop_name": "Place de Neuve (ST)", "stop_desc": null, "stop_lat": 46.200901, "stop_lon": 6.143353, "zone_id": null, "stop_url": null, "location_type": 1, "parent_station": null, "active": false }, "geometry": { "type": "Point", "coordinates": [ 6.143353, 46.200901 ] } },
{ "type": "Feature", "properties": { "stop_id": "unmatched_RIVE01", "stop_code": "RIVE01", "stop_name": "Rive", "stop_desc": null, "stop_lat": 46.20155, "stop_lon": 6.153603, "zone_id": null, "stop_url": null, "location_type": 1, "parent_station": null, "active": true }, "geometry": { "type": "Point", "coordinates": [ 6.153603, 46.20155 ] } },
{ "type": "Feature", "properties": { "stop_id": "unmatched_RIVE06", "stop_code": "RIVE06", "stop_name": "Rive", "stop_desc": null, "stop_lat": 46.20171, "stop_lon": 6.152692, "zone_id": null, "stop_url": null, "location_type": 1, "parent_station": null, "active": true }, "geometry": { "type": "Point", "coordinates": [ 6.152692, 46.20171 ] } },
{ "type": "Feature", "properties": { "stop_id": "unmatched_RIVE07", "stop_code": "RIVE07", "stop_name": "Rive", "stop_desc": null, "stop_lat": 46.202446, "stop_lon": 6.15364, "zone_id": null, "stop_url": null, "location_type": 1, "parent_station": null, "active": false }, "geometry": { "type": "Point", "coordinates": [ 6.15364, 46.202446 ] } },
{ "type": "Feature", "properties": { "stop_id": "unmatched_RIVE08", "stop_code": "RIVE08", "stop_name": "Rive", "stop_desc": null, "stop_lat": 46.201912, "stop_lon": 6.152286, "zone_id": null, "stop_url": null, "location_type": 1, "parent_station": null, "active": true }, "geometry": { "type": "Point", "coordinates": [ 6.152286, 46.201912 ] } },
{ "type": "Feature", "properties": { "stop_id": "unmatched_RIVE09", "stop_code": "RIVE09", "stop_name": "Rive", "stop_desc": null, "stop_lat": 46.201645, "stop_lon": 6.151813, "zone_id": null, "stop_url": null, "location_type": 1, "parent_station": null, "active": true }, "geometry": { "type": "Point", "coordinates": [ 6.151813, 46.201645 ] } },
{ "type": "Feature", "properties": { "stop_id": "unmatched_RIVE12", "stop_code": "RIVE12", "stop_name": "Rive", "stop_desc": null, "stop_lat": 46.202091, "stop_lon": 6.15359, "zone_id": null, "stop_url": null, "location_type": 1, "parent_station": null, "active": false }, "geometry": { "type": "Point", "coordinates": [ 6.15359, 46.202091 ] } },
{ "type": "Feature", "properties": { "stop_id": "unmatched_RIVE14", "stop_code": "RIVE14", "stop_name": "Rive", "stop_desc": null, "stop_lat": 46.202648, "stop_lon": 6.15366, "zone_id": null, "stop_url": null, "location_type": 1, "parent_station": null, "active": false }, "geometry": { "type": "Point", "coordinates": [ 6.15366, 46.202648 ] } },
{ "type": "Feature", "properties": { "stop_id": "unmatched_RIVE98", "stop_code": "RIVE98", "stop_name": "Rive", "stop_desc": null, "stop_lat": 46.201443, "stop_lon": 6.153061, "zone_id": null, "stop_url": null, "location_type": 1, "parent_station": null, "active": false }, "geometry": { "type": "Point", "coordinates": [ 6.153061, 46.201443 ] } },
{ "type": "Feature", "properties": { "stop_id": "unmatched_ROIS00", "stop_code": "ROIS00", "stop_name": "Rois", "stop_desc": null, "stop_lat": 46.202801, "stop_lon": 6.137817, "zone_id": null, "stop_url": null, "location_type": 1, "parent_station": null, "active": false }, "geometry": { "type": "Point", "coordinates": [ 6.137817, 46.202801 ] } },
{ "type": "Feature", "properties": { "stop_id": "unmatched_SAUT03", "stop_code": "SAUT03", "stop_name": "Hôpital", "stop_desc": null, "stop_lat": 46.194775, "stop_lon": 6.149534, "zone_id": null, "stop_url": null, "location_type": 1, "parent_station": null, "active": false }, "geometry": { "type": "Point", "coordinates": [ 6.149534, 46.194775 ] } },
{ "type": "Feature", "properties": { "stop_id": "unmatched_SAVS01", "stop_code": "SAVS01", "stop_name": "Savoises", "stop_desc": null, "stop_lat": 46.20097, "stop_lon": 6.137809, "zone_id": null, "stop_url": null, "location_type": 1, "parent_station": null, "active": false }, "geometry": { "type": "Point", "coordinates": [ 6.137809, 46.20097 ] } },
{ "type": "Feature", "properties": { "stop_id": "unmatched_STND00", "stop_code": "STND00", "stop_name": "Stand", "stop_desc": null, "stop_lat": 46.203667, "stop_lon": 6.139831, "zone_id": null, "stop_url": null, "location_type": 1, "parent_station": null, "active": true }, "geometry": { "type": "Point", "coordinates": [ 6.139831, 46.203667 ] } },
{ "type": "Feature", "properties": { "stop_id": "unmatched_STND03", "stop_code": "STND03", "stop_name": "Stand", "stop_desc": null, "stop_lat": 46.20414, "stop_lon": 6.140182, "zone_id": null, "stop_url": null, "location_type": 1, "parent_station": null, "active": true }, "geometry": { "type": "Point", "coordinates": [ 6.140182, 46.20414 ] } },
{ "type": "Feature", "properties": { "stop_id": "unmatched_STND05", "stop_code": "STND05", "stop_name": "Stand", "stop_desc": null, "stop_lat": 46.203651, "stop_lon": 6.141438, "zone_id": null, "stop_url": null, "location_type": 1, "parent_station": null, "active": false }, "geometry": { "type": "Point", "coordinates": [ 6.141438, 46.203651 ] } },
{ "type": "Feature", "properties": { "stop_id": "unmatched_STND97", "stop_code": "STND97", "stop_name": "Stand", "stop_desc": null, "stop_lat": 46.204212, "stop_lon": 6.14026, "zone_id": null, "stop_url": null, "location_type": 1, "parent_station": null, "active": true }, "geometry": { "type": "Point", "coordinates": [ 6.14026, 46.204212 ] } },
{ "type": "Feature", "properties": { "stop_id": "unmatched_STND99", "stop_code": "STND99", "stop_name": "Stand", "stop_desc": null, "stop_lat": 46.203583, "stop_lon": 6.141012, "zone_id": null, "stop_url": null, "location_type": 1, "parent_station": null, "active": false }, "geometry": { "type": "Point", "coordinates": [ 6.141012, 46.203583 ] } },
{ "type": "Feature", "properties": { "stop_id": "unmatched_SWIS00", "stop_code": "SWIS00", "stop_name": "Swissôtel", "stop_desc": null, "stop_lat": 46.203289, "stop_lon": 6.151844, "zone_id": null, "stop_url": null, "location_type": 1, "parent_station": null, "active": false }, "geometry": { "type": "Point", "coordinates": [ 6.151844, 46.203289 ] } },
{ "type": "Feature", "properties": { "stop_id": "unmatched_TIFF00", "stop_code": "TIFF00", "stop_name": "Tiffany", "stop_desc": null, "stop_lat": 46.203526, "stop_lon": 6.139727, "zone_id": null, "stop_url": null, "location_type": 1, "parent_station": null, "active": false }, "geometry": { "type": "Point", "coordinates": [ 6.139727, 46.203526 ] } },
{ "type": "Feature", "properties": { "stop_id": "unmatched_TRSI02", "stop_code": "TRSI02", "stop_name": "Terrassière", "stop_desc": null, "stop_lat": 46.200729, "stop_lon": 6.155241, "zone_id": null, "stop_url": null, "location_type": 1, "parent_station": null, "active": true }, "geometry": { "type": "Point", "coordinates": [ 6.155241, 46.200729 ] } },
{ "type": "Feature", "properties": { "stop_id": "unmatched_TRSI03", "stop_code": "TRSI03", "stop_name": "Terrassière", "stop_desc": null, "stop_lat": 46.201035, "stop_lon": 6.155883, "zone_id": null, "stop_url": null, "location_type": 1, "parent_station": null, "active": true }, "geometry": { "type": "Point", "coordinates": [ 6.155883, 46.201035 ] } },
{ "type": "Feature", "properties": { "stop_id": "unmatched_TRSI97", "stop_code": "TRSI97", "stop_name": "Terrassière", "stop_desc": null, "stop_lat": 46.201054, "stop_lon": 6.156063, "zone_id": null, "stop_url": null, "location_type": 1, "parent_station": null, "active": false }, "geometry": { "type": "Point", "coordinates": [ 6.156063, 46.201054 ] } },
{ "type": "Feature", "properties": { "stop_id": "unmatched_UNIM99", "stop_code": "UNIM99", "stop_name": "Uni-Mail", "stop_desc": null, "stop_lat": 46.195499, "stop_lon": 6.141982, "zone_id": null, "stop_url": null, "location_type": 1, "parent_station": null, "active": true }, "geometry": { "type": "Point", "coordinates": [ 6.141982, 46.195499 ] } },
{ "type": "Feature", "properties": { "stop_id": "unmatched_VILL99", "stop_code": "VILL99", "stop_name": "Villereuse", "stop_desc": null, "stop_lat": 46.200764, "stop_lon": 6.157975, "zone_id": null, "stop_url": null, "location_type": 1, "parent_station": null, "active": false }, "geometry": { "type": "Point", "coordinates": [ 6.157975, 46.200764 ] } },
{ "type": "Feature", "properties": { "stop_id": "unmatched_WARW00", "stop_code": "WARW00", "stop_name": "Warwick / Cristal", "stop_desc": null, "stop_lat": 46.210865, "stop_lon": 6.14419, "zone_id": null, "stop_url": null, "location_type": 1, "parent_station": null, "active": false }, "geometry": { "type": "Point", "coordinates": [ 6.14419, 46.210865 ] } },
{ "type": "Feature", "properties": { "stop_id": "unmatched_WARW01", "stop_code": "WARW01", "stop_name": "Warwick / Cristal", "stop_desc": null, "stop_lat": 46.210957, "stop_lon": 6.143984, "zone_id": null, "stop_url": null, "location_type": 1, "parent_station": null, "active": false }, "geometry": { "type": "Point", "coordinates": [ 6.143984, 46.210957 ] } },
{ "type": "Feature", "properties": { "stop_id": "unmatched_XPAQU1", "stop_code": "XPAQU1", "stop_name": "Pâquis", "stop_desc": null, "stop_lat": 46.209145, "stop_lon": 6.151313, "zone_id": null, "stop_url": null, "location_type": 1, "parent_station": null, "active": false }, "geometry": { "type": "Point", "coordinates": [ 6.151313, 46.209145 ] } }
]
}
