{"type":"FeatureCollection","name":"geneva_study_area_basemap","attribution":"© OpenStreetMap contributors (ODbL)","generated_by":"demo/frontend/scripts/fetch-basemap.mjs (manual, not part of the build)","generated_at":"2026-09-06","bbox_s_w_n_e":[46.1865,6.1245,46.22,6.1765],"features":[{"type":"Feature","properties":{"kind":"street","rank":"minor"},"geometry":{"type":"LineString","coordinates":[[6.13768,46.20064],[6.13776,46.20063],[6.13848,46.20045],[6.13859,46.20042],[6.13924,46.20027],[6.13928,46.20026]]}},{"type":"Feature","properties":{"kind":"street","rank":"minor"},"geometry":{"type":"LineString","coordinates":[[6.15667,46.20503],[6.15692,46.20477],[6.15712,46.20456],[6.15733,46.20434],[6.15737,46.20432]]}},{"type":"Feature","properties":{"kind":"street","rank":"major"},"geometry":{"type":"LineString","coordinates":[[6.14747,46.19583],[6.14756,46.19577],[6.14772,46.19564],[6.14822,46.19524],[6.14831,46.19518],[6.14841,46.19511]]}},{"type":"Feature","properties":{"kind":"street","rank":"minor"},"geometry":{"type":"LineString","coordinates":[[6.15599,46.1914],[6.15511,46.19182],[6.15425,46.19223]]}},{"type":"Feature","properties":{"kind":"street","rank":"major"},"geometry":{"type":"LineString","coordinates":[[6.14258,46.18606],[6.14246,46.18636],[6.14227,46.18685],[6.14223,46.18693]]}},{"type":"Feature","properties":{"kind":"street","rank":"major"},"geometry":{"type":"LineString","coordinates":[[6.15786,46.20217],[6.15798,46.20212],[6.15865,46.20185]]}},{"type":"Feature","properties":{"kind":"street","rank":"major"},"geometry":{"type":"LineString","coordinates":[[6.15305,46.20343],[6.1534,46.20335],[6.15367,46.20329]]}},{"type":"Feature","properties":{"kind":"street","rank":"major"},"geometry":{"type":"LineString","coordinates":[[6.1441,46.18737],[6.14438,46.1873],[6.14466,46.18725],[6.14504,46.1872],[6.14533,46.18717],[6.14541,46.18717],[6.14556,46.18716],[6.14599,46.18717],[6.14627,46.18719],[6.1465,46.18721],[6.14659,46.18722],[6.14666,46.18722]]}},{"type":"Feature","properties":{"kind":"street","rank":"major"},"geometry":{"type":"LineString","coordinates":[[6.13435,46.19356],[6.13457,46.19376],[6.13482,46.19399],[6.13498,46.19413],[6.13515,46.19428],[6.1354,46.19451],[6.13569,46.19478],[6.13576,46.19484]]}},{"type":"Feature","properties":{"kind":"street","rank":"minor"},"geometry":{"type":"LineString","coordinates":[[6.14319,46.1891],[6.14322,46.1892],[6.14325,46.18938],[6.14332,46.18961],[6.14355,46.1903],[6.1436,46.19042],[6.14364,46.1906],[6.14373,46.19086],[6.14377,46.19094]]}},{"type":"Feature","properties":{"kind":"street","rank":"major"},"geometry":{"type":"LineString","coordinates":[[6.14486,46.1893],[6.14481,46.18921],[6.14469,46.18887]]}},{"type":"Feature","properties":{"kind":"street","rank":"major"},"geometry":{"type":"LineString","coordinates":[[6.16046,46.20112],[6.16057,46.20117],[6.16072,46.20124],[6.1608,46.2013],[6.16097,46.20138]]}},{"type":"Feature","properties":{"kind":"street","rank":"minor"},"geometry":{"type":"LineString","coordinates":[[6.14542,46.2035],[6.14552,46.20348],[6.1456,46.20346],[6.14593,46.20341],[6.14604,46.20339],[6.14613,46.20337],[6.14623,46.20335],[6.14635,46.20332],[6.14664,46.20325],[6.14681,46.2032],[6.14707,46.20314],[6.14742,46.20305]]}},{"type":"Feature","properties":{"kind":"street","rank":"minor"},"geometry":{"type":"LineString","coordinates":[[6.14797,46.20291],[6.14866,46.20276],[6.14913,46.20266],[6.14943,46.2026],[6.14984,46.20251]]}},{"type":"Feature","properties":{"kind":"street","rank":"minor"},"geometry":{"type":"LineString","coordinates":[[6.14362,46.20389],[6.14381,46.20346],[6.14395,46.2032],[6.14406,46.20305],[6.14413,46.20293],[6.14431,46.20271],[6.14447,46.20253]]}},{"type":"Feature","properties":{"kind":"street","rank":"minor"},"geometry":{"type":"LineString","coordinates":[[6.14468,46.20244],[6.14503,46.20226],[6.14517,46.20219],[6.14542,46.20203],[6.14551,46.20198],[6.14567,46.20191],[6.14578,46.20187]]}},{"type":"Feature","properties":{"kind":"street","rank":"major"},"geometry":{"type":"LineString","coordinates":[[6.15629,46.19864],[6.15607,46.19854],[6.15588,46.19846],[6.15566,46.19837],[6.15549,46.19829],[6.15538,46.19824]]}},{"type":"Feature","properties":{"kind":"street","rank":"major"},"geometry":{"type":"LineString","coordinates":[[6.1539,46.19368],[6.15449,46.19435]]}},{"type":"Feature","properties":{"kind":"street","rank":"minor"},"geometry":{"type":"LineString","coordinates":[[6.14589,46.19757],[6.14577,46.19753],[6.14556,46.19738],[6.14513,46.19707],[6.14504,46.19698]]}},{"type":"Feature","properties":{"kind":"street","rank":"minor"},"geometry":{"type":"LineString","coordinates":[[6.13478,46.19648],[6.13487,46.19656],[6.13508,46.19674],[6.13552,46.19713],[6.13593,46.19748],[6.13613,46.19764],[6.13627,46.19776]]}},{"type":"Feature","properties":{"kind":"street","rank":"minor"},"geometry":{"type":"LineString","coordinates":[[6.13851,46.19733],[6.13842,46.19738],[6.13765,46.19783],[6.13694,46.19822],[6.13684,46.19828]]}},{"type":"Feature","properties":{"kind":"street","rank":"minor"},"geometry":{"type":"LineString","coordinates":[[6.13217,46.19904],[6.13237,46.19893],[6.13246,46.19887],[6.13262,46.19878],[6.13279,46.19869],[6.13364,46.19821],[6.13375,46.19815],[6.134,46.19801],[6.13409,46.19797],[6.13421,46.1979],[6.13436,46.19781],[6.13454,46.19767],[6.13466,46.19761],[6.13547,46.19716],[6.13552,46.19713]]}},{"type":"Feature","properties":{"kind":"street","rank":"minor"},"geometry":{"type":"LineString","coordinates":[[6.13824,46.19792],[6.13777,46.19789],[6.13765,46.19783]]}},{"type":"Feature","properties":{"kind":"street","rank":"minor"},"geometry":{"type":"LineString","coordinates":[[6.13824,46.19792],[6.1383,46.19809],[6.13843,46.19841],[6.13847,46.19851],[6.13876,46.19923],[6.13879,46.19928]]}},{"type":"Feature","properties":{"kind":"street","rank":"minor"},"geometry":{"type":"LineString","coordinates":[[6.13911,46.20093],[6.13832,46.20113],[6.13801,46.20121],[6.13792,46.20125],[6.1378,46.20135]]}},{"type":"Feature","properties":{"kind":"street","rank":"minor"},"geometry":{"type":"LineString","coordinates":[[6.14252,46.20806],[6.14315,46.20757],[6.14322,46.20752]]}},{"type":"Feature","properties":{"kind":"street","rank":"minor"},"geometry":{"type":"LineString","coordinates":[[6.14547,46.20767],[6.14496,46.20729],[6.14464,46.20705],[6.14431,46.20681],[6.1442,46.20673]]}},{"type":"Feature","properties":{"kind":"street","rank":"minor"},"geometry":{"type":"LineString","coordinates":[[6.14365,46.20634],[6.14419,46.20667],[6.14425,46.2067]]}},{"type":"Feature","properties":{"kind":"street","rank":"minor"},"geometry":{"type":"LineString","coordinates":[[6.14625,46.20074],[6.14572,46.20087],[6.14521,46.201],[6.145,46.20106],[6.14458,46.20123],[6.14408,46.20144]]}},{"type":"Feature","properties":{"kind":"street","rank":"minor"},"geometry":{"type":"LineString","coordinates":[[6.1483,46.20239],[6.14807,46.20211],[6.14791,46.20215],[6.1477,46.20186],[6.14762,46.20174],[6.14762,46.20171]]}},{"type":"Feature","properties":{"kind":"street","rank":"minor"},"geometry":{"type":"LineString","coordinates":[[6.14713,46.20131],[6.14734,46.20118],[6.14749,46.2011],[6.14761,46.20105],[6.14792,46.20094],[6.14801,46.20089],[6.14815,46.20081]]}},{"type":"Feature","properties":{"kind":"street","rank":"minor"},"geometry":{"type":"LineString","coordinates":[[6.14823,46.20088],[6.14831,46.20092],[6.14863,46.20083],[6.14873,46.20082],[6.14882,46.20088],[6.14895,46.20091],[6.14902,46.201],[6.14902,46.20103]]}},{"type":"Feature","properties":{"kind":"street","rank":"minor"},"geometry":{"type":"LineString","coordinates":[[6.14392,46.20161],[6.14395,46.20175],[6.14399,46.20195],[6.144,46.20203],[6.14402,46.2022],[6.14405,46.20229],[6.14417,46.2024],[6.14441,46.20252],[6.14447,46.20253]]}},{"type":"Feature","properties":{"kind":"street","rank":"minor"},"geometry":{"type":"LineString","coordinates":[[6.14451,46.20182],[6.14533,46.2015],[6.14556,46.20144],[6.14572,46.20137],[6.14615,46.2012],[6.14657,46.20101]]}},{"type":"Feature","properties":{"kind":"street","rank":"major"},"geometry":{"type":"LineString","coordinates":[[6.13081,46.21597],[6.13077,46.21585],[6.13063,46.21561],[6.13035,46.21516]]}},{"type":"Feature","properties":{"kind":"street","rank":"major"},"geometry":{"type":"LineString","coordinates":[[6.13831,46.21214],[6.13818,46.21224],[6.138,46.2124],[6.13773,46.21267],[6.13754,46.21285],[6.1374,46.21297]]}},{"type":"Feature","properties":{"kind":"street","rank":"major"},"geometry":{"type":"LineString","coordinates":[[6.12641,46.21828],[6.12653,46.21838],[6.12686,46.21864],[6.12702,46.21878],[6.12714,46.21887],[6.12724,46.21895],[6.12755,46.21919],[6.12776,46.21934],[6.12788,46.21942],[6.12817,46.21961],[6.12832,46.2197],[6.12841,46.21975],[6.1286,46.21987]]}},{"type":"Feature","properties":{"kind":"street","rank":"minor"},"geometry":{"type":"LineString","coordinates":[[6.14468,46.20244],[6.14459,46.20235],[6.14454,46.2021],[6.14452,46.20194],[6.1445,46.20185],[6.14451,46.20182]]}},{"type":"Feature","properties":{"kind":"street","rank":"minor"},"geometry":{"type":"LineString","coordinates":[[6.14138,46.20272],[6.14162,46.20241],[6.14168,46.20233],[6.14178,46.20219],[6.14188,46.20206],[6.14196,46.20195]]}},{"type":"Feature","properties":{"kind":"street","rank":"minor"},"geometry":{"type":"LineString","coordinates":[[6.13946,46.20189],[6.13979,46.20192],[6.14009,46.20194],[6.14019,46.20194]]}},{"type":"Feature","properties":{"kind":"street","rank":"minor"},"geometry":{"type":"LineString","coordinates":[[6.14125,46.20363],[6.14126,46.20354],[6.14128,46.20339],[6.14132,46.20316]]}},{"type":"Feature","properties":{"kind":"street","rank":"minor"},"geometry":{"type":"LineString","coordinates":[[6.14012,46.20308],[6.14021,46.20309],[6.14114,46.20316],[6.14124,46.20317],[6.14132,46.20316]]}},{"type":"Feature","properties":{"kind":"street","rank":"minor"},"geometry":{"type":"LineString","coordinates":[[6.14919,46.20225],[6.14966,46.20211],[6.14974,46.20207],[6.14998,46.20194]]}},{"type":"Feature","properties":{"kind":"street","rank":"minor"},"geometry":{"type":"LineString","coordinates":[[6.14823,46.20088],[6.14809,46.20094],[6.14794,46.20099],[6.14784,46.20105],[6.14781,46.20113],[6.14787,46.20124],[6.14789,46.2013]]}},{"type":"Feature","properties":{"kind":"street","rank":"minor"},"geometry":{"type":"LineString","coordinates":[[6.14784,46.20145],[6.14814,46.20138],[6.14848,46.20128],[6.14864,46.20154],[6.14866,46.20157]]}},{"type":"Feature","properties":{"kind":"street","rank":"minor"},"geometry":{"type":"LineString","coordinates":[[6.14928,46.19977],[6.14902,46.19971],[6.14875,46.19962],[6.14858,46.19957],[6.1485,46.19955],[6.14841,46.19955],[6.14833,46.19956]]}},{"type":"Feature","properties":{"kind":"street","rank":"minor"},"geometry":{"type":"LineString","coordinates":[[6.1494,46.19892],[6.14879,46.19897],[6.1487,46.19897],[6.14861,46.19896],[6.14852,46.19893],[6.14822,46.19877],[6.14818,46.19875]]}},{"type":"Feature","properties":{"kind":"street","rank":"minor"},"geometry":{"type":"LineString","coordinates":[[6.1476,46.19928],[6.14788,46.19957],[6.14791,46.19963]]}},{"type":"Feature","properties":{"kind":"street","rank":"minor"},"geometry":{"type":"LineString","coordinates":[[6.14545,46.20091],[6.14615,46.20072],[6.14626,46.20069],[6.14639,46.20079],[6.1465,46.20075],[6.14649,46.20067],[6.14673,46.20051],[6.14704,46.20028],[6.14714,46.20021],[6.14703,46.20013],[6.14728,46.19995],[6.14749,46.19979],[6.14724,46.19989],[6.14692,46.20011],[6.14639,46.20037],[6.1456,46.20073],[6.14495,46.20095],[6.14429,46.20127],[6.1442,46.20129],[6.14412,46.20133],[6.14402,46.2014],[6.14425,46.20134],[6.14498,46.20103],[6.14514,46.20099],[6.14545,46.20091]]}},{"type":"Feature","properties":{"kind":"street","rank":"major"},"geometry":{"type":"LineString","coordinates":[[6.15682,46.20182],[6.15694,46.2018],[6.15731,46.20175],[6.15739,46.20174],[6.1577,46.2017],[6.15781,46.20169]]}},{"type":"Feature","properties":{"kind":"street","rank":"minor"},"geometry":{"type":"LineString","coordinates":[[6.14332,46.18961],[6.14324,46.18962],[6.14196,46.18982],[6.14184,46.18981],[6.14179,46.1898]]}},{"type":"Feature","properties":{"kind":"street","rank":"minor"},"geometry":{"type":"LineString","coordinates":[[6.14117,46.19347],[6.14083,46.19418],[6.14076,46.19428]]}},{"type":"Feature","properties":{"kind":"street","rank":"minor"},"geometry":{"type":"LineString","coordinates":[[6.14352,46.18817],[6.14379,46.18897],[6.14381,46.18905],[6.14402,46.18971],[6.14408,46.18992],[6.14411,46.19003]]}},{"type":"Feature","properties":{"kind":"street","rank":"minor"},"geometry":{"type":"LineString","coordinates":[[6.14668,46.18733],[6.14658,46.18737],[6.1454,46.18769],[6.14531,46.18771]]}},{"type":"Feature","properties":{"kind":"street","rank":"minor"},"geometry":{"type":"LineString","coordinates":[[6.14319,46.1891],[6.14372,46.18902],[6.14385,46.189],[6.14427,46.18894],[6.14457,46.18889],[6.14469,46.18887]]}},{"type":"Feature","properties":{"kind":"street","rank":"minor"},"geometry":{"type":"LineString","coordinates":[[6.14488,46.18782],[6.14525,46.1888],[6.14529,46.18889]]}},{"type":"Feature","properties":{"kind":"street","rank":"minor"},"geometry":{"type":"LineString","coordinates":[[6.14871,46.18949],[6.14729,46.18991],[6.14658,46.19012],[6.14613,46.19025]]}},{"type":"Feature","properties":{"kind":"street","rank":"minor"},"geometry":{"type":"LineString","coordinates":[[6.14553,46.19043],[6.14544,46.19045],[6.14488,46.19062],[6.14443,46.19075],[6.14432,46.19078]]}},{"type":"Feature","properties":{"kind":"street","rank":"minor"},"geometry":{"type":"LineString","coordinates":[[6.14488,46.19062],[6.14447,46.18994],[6.14432,46.18983]]}},{"type":"Feature","properties":{"kind":"street","rank":"minor"},"geometry":{"type":"LineString","coordinates":[[6.15045,46.19006],[6.15055,46.18996],[6.15066,46.1899],[6.15127,46.18977]]}},{"type":"Feature","properties":{"kind":"street","rank":"minor"},"geometry":{"type":"LineString","coordinates":[[6.14643,46.19189],[6.14634,46.19191],[6.14613,46.19196],[6.14553,46.19211]]}},{"type":"Feature","properties":{"kind":"street","rank":"minor"},"geometry":{"type":"LineString","coordinates":[[6.14934,46.19463],[6.14945,46.19469],[6.1496,46.19477],[6.15053,46.19526],[6.15066,46.19533]]}},{"type":"Feature","properties":{"kind":"street","rank":"minor"},"geometry":{"type":"LineString","coordinates":[[6.14577,46.1963],[6.14589,46.19619],[6.14615,46.19595],[6.14621,46.1959]]}},{"type":"Feature","properties":{"kind":"street","rank":"minor"},"geometry":{"type":"LineString","coordinates":[[6.14617,46.19383],[6.14604,46.1936],[6.14595,46.1934],[6.14579,46.19291],[6.14577,46.19285]]}},{"type":"Feature","properties":{"kind":"street","rank":"minor"},"geometry":{"type":"LineString","coordinates":[[6.14445,46.19121],[6.14456,46.19119],[6.1449,46.19115],[6.14525,46.1911],[6.14577,46.19103],[6.14589,46.19101]]}},{"type":"Feature","properties":{"kind":"street","rank":"minor"},"geometry":{"type":"LineString","coordinates":[[6.14439,46.19599],[6.14363,46.19604]]}},{"type":"Feature","properties":{"kind":"street","rank":"minor"},"geometry":{"type":"LineString","coordinates":[[6.14402,46.19743],[6.14469,46.19792],[6.14473,46.19796]]}},{"type":"Feature","properties":{"kind":"street","rank":"minor"},"geometry":{"type":"LineString","coordinates":[[6.14443,46.19663],[6.14439,46.19599],[6.1444,46.19573],[6.14444,46.19544],[6.14447,46.19529],[6.14448,46.19521]]}},{"type":"Feature","properties":{"kind":"street","rank":"minor"},"geometry":{"type":"LineString","coordinates":[[6.14665,46.19813],[6.14689,46.19797],[6.147,46.19789],[6.14779,46.19736],[6.1479,46.19729],[6.14799,46.19722],[6.14864,46.19677],[6.1487,46.19674]]}},{"type":"Feature","properties":{"kind":"street","rank":"minor"},"geometry":{"type":"LineString","coordinates":[[6.14542,46.19682],[6.1459,46.19718],[6.14608,46.1973],[6.14617,46.19737],[6.14626,46.19743],[6.14648,46.19758],[6.1466,46.19767],[6.14691,46.19789],[6.14707,46.19801],[6.14742,46.19825]]}},{"type":"Feature","properties":{"kind":"street","rank":"minor"},"geometry":{"type":"LineString","coordinates":[[6.15143,46.19964],[6.15205,46.19922]]}},{"type":"Feature","properties":{"kind":"street","rank":"minor"},"geometry":{"type":"LineString","coordinates":[[6.15387,46.19914],[6.15337,46.19878],[6.15304,46.19856]]}},{"type":"Feature","properties":{"kind":"street","rank":"minor"},"geometry":{"type":"LineString","coordinates":[[6.15494,46.19844],[6.15447,46.19811],[6.15441,46.19807]]}},{"type":"Feature","properties":{"kind":"street","rank":"minor"},"geometry":{"type":"LineString","coordinates":[[6.15272,46.19877],[6.15203,46.19829],[6.15192,46.19821],[6.15167,46.19802],[6.15154,46.19794],[6.15132,46.19778],[6.15125,46.19773]]}},{"type":"Feature","properties":{"kind":"street","rank":"minor"},"geometry":{"type":"LineString","coordinates":[[6.15698,46.19715],[6.15688,46.19719],[6.15662,46.19729],[6.15617,46.19746],[6.15584,46.1976],[6.15548,46.19775],[6.15517,46.19789],[6.15508,46.19792],[6.15507,46.19793]]}},{"type":"Feature","properties":{"kind":"street","rank":"minor"},"geometry":{"type":"LineString","coordinates":[[6.15225,46.19584],[6.15235,46.19593],[6.15256,46.19613],[6.15275,46.19632]]}},{"type":"Feature","properties":{"kind":"street","rank":"minor"},"geometry":{"type":"LineString","coordinates":[[6.15176,46.19535],[6.15187,46.19531],[6.15236,46.1951],[6.15267,46.19497],[6.15298,46.19485],[6.15343,46.19467],[6.15348,46.19465]]}},{"type":"Feature","properties":{"kind":"street","rank":"major"},"geometry":{"type":"LineString","coordinates":[[6.15427,46.20387],[6.15422,46.20376],[6.15408,46.2034],[6.154,46.20322]]}},{"type":"Feature","properties":{"kind":"street","rank":"minor"},"geometry":{"type":"LineString","coordinates":[[6.1537,46.20256],[6.1532,46.20266],[6.1526,46.20279],[6.15252,46.2028]]}},{"type":"Feature","properties":{"kind":"street","rank":"major"},"geometry":{"type":"LineString","coordinates":[[6.15252,46.2031],[6.15248,46.20301],[6.15238,46.20279],[6.15227,46.20251],[6.15205,46.202],[6.15202,46.20193]]}},{"type":"Feature","properties":{"kind":"street","rank":"major"},"geometry":{"type":"LineString","coordinates":[[6.15184,46.20131],[6.15193,46.20143],[6.15199,46.20157],[6.15204,46.20168],[6.15208,46.20178],[6.15211,46.20183]]}},{"type":"Feature","properties":{"kind":"street","rank":"minor"},"geometry":{"type":"LineString","coordinates":[[6.15238,46.20279],[6.15189,46.20289],[6.15175,46.20293],[6.15137,46.20305],[6.15121,46.2031],[6.15103,46.20316],[6.15098,46.20318]]}},{"type":"Feature","properties":{"kind":"street","rank":"minor"},"geometry":{"type":"LineString","coordinates":[[6.14782,46.20249],[6.14784,46.20258],[6.14795,46.20286],[6.14797,46.20291]]}},{"type":"Feature","properties":{"kind":"street","rank":"minor"},"geometry":{"type":"LineString","coordinates":[[6.14529,46.20456],[6.14481,46.20372]]}},{"type":"Feature","properties":{"kind":"street","rank":"minor"},"geometry":{"type":"LineString","coordinates":[[6.14137,46.20655],[6.14116,46.20625],[6.14109,46.20617]]}},{"type":"Feature","properties":{"kind":"street","rank":"minor"},"geometry":{"type":"LineString","coordinates":[[6.14124,46.20793],[6.14066,46.20742],[6.14058,46.20733],[6.14004,46.20684],[6.13997,46.20679]]}},{"type":"Feature","properties":{"kind":"street","rank":"minor"},"geometry":{"type":"LineString","coordinates":[[6.14474,46.2066],[6.14481,46.20672],[6.14499,46.20685],[6.14517,46.20688],[6.14578,46.2073],[6.14583,46.20734]]}},{"type":"Feature","properties":{"kind":"street","rank":"minor"},"geometry":{"type":"LineString","coordinates":[[6.14322,46.20752],[6.14358,46.20788]]}},{"type":"Feature","properties":{"kind":"street","rank":"major"},"geometry":{"type":"LineString","coordinates":[[6.14631,46.20769],[6.14641,46.20777],[6.1469,46.20822],[6.14693,46.20824]]}},{"type":"Feature","properties":{"kind":"street","rank":"major"},"geometry":{"type":"LineString","coordinates":[[6.14707,46.20892],[6.14658,46.20852]]}},{"type":"Feature","properties":{"kind":"street","rank":"minor"},"geometry":{"type":"LineString","coordinates":[[6.15866,46.20239],[6.15944,46.20282],[6.15999,46.20312],[6.1601,46.20317],[6.16019,46.20322],[6.16065,46.20346],[6.16164,46.20401],[6.16236,46.20442],[6.16248,46.20449],[6.16324,46.20491],[6.16333,46.20496],[6.16351,46.20509],[6.1638,46.20528],[6.16421,46.20556],[6.1643,46.20563]]}},{"type":"Feature","properties":{"kind":"street","rank":"major"},"geometry":{"type":"LineString","coordinates":[[6.16234,46.20691],[6.16244,46.20684],[6.16301,46.20647],[6.16368,46.20602],[6.16421,46.20569],[6.1643,46.20563],[6.16439,46.20557],[6.16464,46.20541],[6.16539,46.20492],[6.1657,46.20472],[6.16676,46.20405],[6.16715,46.2038]]}},{"type":"Feature","properties":{"kind":"street","rank":"minor"},"geometry":{"type":"LineString","coordinates":[[6.16103,46.20712],[6.16111,46.20705],[6.16125,46.20693],[6.16143,46.2068],[6.16175,46.20659],[6.16184,46.20654]]}},{"type":"Feature","properties":{"kind":"street","rank":"minor"},"geometry":{"type":"LineString","coordinates":[[6.1614,46.20617],[6.16105,46.20652],[6.16094,46.20663],[6.16072,46.20685],[6.16063,46.20693]]}},{"type":"Feature","properties":{"kind":"street","rank":"minor"},"geometry":{"type":"LineString","coordinates":[[6.16137,46.20614],[6.16164,46.20599],[6.16175,46.20593],[6.16194,46.20582],[6.16257,46.20547]]}},{"type":"Feature","properties":{"kind":"street","rank":"minor"},"geometry":{"type":"LineString","coordinates":[[6.15992,46.20659],[6.16001,46.20651],[6.16019,46.20632],[6.16077,46.20574],[6.16083,46.20567]]}},{"type":"Feature","properties":{"kind":"street","rank":"minor"},"geometry":{"type":"LineString","coordinates":[[6.16185,46.20484],[6.16163,46.20497],[6.16073,46.20549],[6.16067,46.20553]]}},{"type":"Feature","properties":{"kind":"street","rank":"minor"},"geometry":{"type":"LineString","coordinates":[[6.15844,46.20588],[6.1587,46.20562],[6.15913,46.20519]]}},{"type":"Feature","properties":{"kind":"street","rank":"minor"},"geometry":{"type":"LineString","coordinates":[[6.1617,46.20243],[6.16191,46.20223],[6.16226,46.20189],[6.16237,46.20177]]}},{"type":"Feature","properties":{"kind":"street","rank":"minor"},"geometry":{"type":"LineString","coordinates":[[6.15756,46.20351],[6.15784,46.20322],[6.15814,46.20292]]}},{"type":"Feature","properties":{"kind":"street","rank":"minor"},"geometry":{"type":"LineString","coordinates":[[6.15586,46.20464],[6.15615,46.20441],[6.15628,46.20425],[6.15664,46.20396],[6.15706,46.20364],[6.15723,46.20355]]}},{"type":"Feature","properties":{"kind":"street","rank":"minor"},"geometry":{"type":"LineString","coordinates":[[6.15737,46.20432],[6.15747,46.20431],[6.15833,46.20477],[6.1584,46.20481]]}},{"type":"Feature","properties":{"kind":"street","rank":"minor"},"geometry":{"type":"LineString","coordinates":[[6.15961,46.20363],[6.159,46.20333],[6.1582,46.20295],[6.15814,46.20292]]}},{"type":"Feature","properties":{"kind":"street","rank":"minor"},"geometry":{"type":"LineString","coordinates":[[6.15898,46.20206],[6.15907,46.2021],[6.15978,46.20244],[6.1604,46.20274],[6.16048,46.20278]]}},{"type":"Feature","properties":{"kind":"street","rank":"minor"},"geometry":{"type":"LineString","coordinates":[[6.1617,46.20243],[6.16179,46.20248],[6.16267,46.2029],[6.16281,46.20297],[6.16357,46.20334],[6.16365,46.20338]]}},{"type":"Feature","properties":{"kind":"street","rank":"minor"},"geometry":{"type":"LineString","coordinates":[[6.16252,46.2061],[6.16295,46.20642],[6.16301,46.20647]]}},{"type":"Feature","properties":{"kind":"street","rank":"minor"},"geometry":{"type":"LineString","coordinates":[[6.16321,46.20566],[6.16362,46.20597],[6.16368,46.20602]]}},{"type":"Feature","properties":{"kind":"street","rank":"minor"},"geometry":{"type":"LineString","coordinates":[[6.15651,46.20095],[6.15654,46.20103],[6.15657,46.20112],[6.156,46.20167],[6.15594,46.20172]]}},{"type":"Feature","properties":{"kind":"street","rank":"minor"},"geometry":{"type":"LineString","coordinates":[[6.15498,46.20195],[6.15571,46.2018],[6.15582,46.20177]]}},{"type":"Feature","properties":{"kind":"street","rank":"minor"},"geometry":{"type":"LineString","coordinates":[[6.13967,46.19966],[6.13955,46.19968],[6.13907,46.19974],[6.13894,46.19975],[6.13826,46.19983],[6.13821,46.19985]]}},{"type":"Feature","properties":{"kind":"street","rank":"minor"},"geometry":{"type":"LineString","coordinates":[[6.14559,46.20194],[6.1455,46.20183],[6.14542,46.20171],[6.14533,46.2015]]}},{"type":"Feature","properties":{"kind":"street","rank":"minor"},"geometry":{"type":"LineString","coordinates":[[6.14578,46.20187],[6.14572,46.20175],[6.14569,46.20166],[6.14561,46.20142]]}},{"type":"Feature","properties":{"kind":"street","rank":"minor"},"geometry":{"type":"LineString","coordinates":[[6.14572,46.20137],[6.14579,46.20146],[6.1459,46.20153],[6.14617,46.20143],[6.14625,46.20135],[6.14615,46.2012]]}},{"type":"Feature","properties":{"kind":"street","rank":"minor"},"geometry":{"type":"LineString","coordinates":[[6.14943,46.19884],[6.1493,46.19881],[6.14832,46.19872],[6.14823,46.19873],[6.14792,46.19885],[6.14789,46.19886]]}},{"type":"Feature","properties":{"kind":"street","rank":"minor"},"geometry":{"type":"LineString","coordinates":[[6.15192,46.20014],[6.15182,46.20021],[6.15174,46.20032],[6.15182,46.2005],[6.1517,46.20065],[6.15158,46.20071],[6.15149,46.2007],[6.15134,46.20059],[6.15121,46.20048],[6.15106,46.20036],[6.15085,46.20016],[6.15078,46.20011]]}},{"type":"Feature","properties":{"kind":"street","rank":"minor"},"geometry":{"type":"LineString","coordinates":[[6.13929,46.20155],[6.13882,46.20202],[6.13874,46.2021],[6.13866,46.20257],[6.13865,46.20264]]}},{"type":"Feature","properties":{"kind":"street","rank":"minor"},"geometry":{"type":"LineString","coordinates":[[6.1344,46.2009],[6.13357,46.20106],[6.13347,46.20109]]}},{"type":"Feature","properties":{"kind":"street","rank":"minor"},"geometry":{"type":"LineString","coordinates":[[6.13828,46.21194],[6.13849,46.21143],[6.13856,46.21135],[6.13866,46.21113],[6.1387,46.21104]]}},{"type":"Feature","properties":{"kind":"street","rank":"minor"},"geometry":{"type":"LineString","coordinates":[[6.14349,46.20451],[6.14365,46.20453],[6.14373,46.20455],[6.14394,46.20459],[6.14429,46.2047],[6.14465,46.20478],[6.14491,46.20481],[6.14514,46.20482],[6.14515,46.20482]]}},{"type":"Feature","properties":{"kind":"street","rank":"major"},"geometry":{"type":"LineString","coordinates":[[6.16324,46.1988],[6.16297,46.199],[6.16263,46.19924],[6.16237,46.19942],[6.16231,46.19947]]}},{"type":"Feature","properties":{"kind":"street","rank":"major"},"geometry":{"type":"LineString","coordinates":[[6.16175,46.19995],[6.16176,46.20004],[6.16179,46.20042],[6.16179,46.20058]]}},{"type":"Feature","properties":{"kind":"street","rank":"minor"},"geometry":{"type":"LineString","coordinates":[[6.16333,46.19873],[6.16321,46.19863],[6.16299,46.19835],[6.16275,46.19804]]}},{"type":"Feature","properties":{"kind":"street","rank":"minor"},"geometry":{"type":"LineString","coordinates":[[6.16345,46.19777],[6.16418,46.19749],[6.16432,46.19744]]}},{"type":"Feature","properties":{"kind":"street","rank":"minor"},"geometry":{"type":"LineString","coordinates":[[6.16345,46.19777],[6.16352,46.19785],[6.16381,46.1982],[6.16391,46.19832]]}},{"type":"Feature","properties":{"kind":"street","rank":"minor"},"geometry":{"type":"LineString","coordinates":[[6.16333,46.20496],[6.16355,46.20478],[6.16366,46.20475],[6.16439,46.20426],[6.16439,46.20416],[6.16457,46.20403],[6.16465,46.20401]]}},{"type":"Feature","properties":{"kind":"street","rank":"major"},"geometry":{"type":"LineString","coordinates":[[6.15745,46.20338],[6.15722,46.20311],[6.15686,46.20273],[6.15671,46.20263]]}},{"type":"Feature","properties":{"kind":"street","rank":"major"},"geometry":{"type":"LineString","coordinates":[[6.15888,46.20436],[6.15878,46.20431],[6.15849,46.20414],[6.15833,46.20406],[6.15826,46.20401]]}},{"type":"Feature","properties":{"kind":"street","rank":"major"},"geometry":{"type":"LineString","coordinates":[[6.15956,46.20475],[6.15931,46.2046],[6.15899,46.20443],[6.15888,46.20436]]}},{"type":"Feature","properties":{"kind":"street","rank":"major"},"geometry":{"type":"LineString","coordinates":[[6.16083,46.20567],[6.16067,46.20553],[6.16045,46.20535],[6.16034,46.20526],[6.16007,46.20506],[6.15992,46.20496],[6.15963,46.20478],[6.15956,46.20475]]}},{"type":"Feature","properties":{"kind":"street","rank":"minor"},"geometry":{"type":"LineString","coordinates":[[6.14782,46.20249],[6.14768,46.20251],[6.14713,46.20264],[6.14697,46.20268]]}},{"type":"Feature","properties":{"kind":"street","rank":"minor"},"geometry":{"type":"LineString","coordinates":[[6.13364,46.20007],[6.13374,46.20001],[6.13409,46.19982],[6.1343,46.1997],[6.13456,46.19955],[6.13487,46.19938],[6.135,46.19931],[6.1355,46.19903],[6.13563,46.19896],[6.13581,46.19886],[6.13594,46.19878],[6.13639,46.19853],[6.13672,46.19834],[6.13684,46.19828]]}},{"type":"Feature","properties":{"kind":"street","rank":"minor"},"geometry":{"type":"LineString","coordinates":[[6.13544,46.20003],[6.13536,46.20004],[6.13527,46.20006],[6.13503,46.20011],[6.13414,46.20031],[6.13401,46.20034]]}},{"type":"Feature","properties":{"kind":"street","rank":"minor"},"geometry":{"type":"LineString","coordinates":[[6.14281,46.2028],[6.1427,46.20277],[6.14233,46.20264],[6.14221,46.20261],[6.14182,46.20247],[6.14176,46.20245]]}},{"type":"Feature","properties":{"kind":"street","rank":"minor"},"geometry":{"type":"LineString","coordinates":[[6.1492,46.2001],[6.14912,46.20012],[6.14891,46.20011],[6.14881,46.20012],[6.1487,46.20012],[6.14848,46.20012],[6.14835,46.20011]]}},{"type":"Feature","properties":{"kind":"street","rank":"minor"},"geometry":{"type":"LineString","coordinates":[[6.14575,46.19669],[6.14563,46.19659],[6.14562,46.19646],[6.14561,46.19634],[6.14561,46.19619]]}},{"type":"Feature","properties":{"kind":"street","rank":"minor"},"geometry":{"type":"LineString","coordinates":[[6.14658,46.19012],[6.14611,46.18935],[6.14605,46.18926],[6.14569,46.18865],[6.14562,46.18853]]}},{"type":"Feature","properties":{"kind":"street","rank":"minor"},"geometry":{"type":"LineString","coordinates":[[6.15201,46.19328],[6.15183,46.19274],[6.15175,46.19253]]}},{"type":"Feature","properties":{"kind":"street","rank":"minor"},"geometry":{"type":"LineString","coordinates":[[6.14794,46.19439],[6.14783,46.19448],[6.14767,46.19462],[6.14747,46.1948],[6.147,46.19523]]}},{"type":"Feature","properties":{"kind":"street","rank":"minor"},"geometry":{"type":"LineString","coordinates":[[6.15494,46.19844],[6.15483,46.19851],[6.15417,46.19894],[6.15404,46.19904],[6.15387,46.19914]]}},{"type":"Feature","properties":{"kind":"street","rank":"minor"},"geometry":{"type":"LineString","coordinates":[[6.16176,46.20745],[6.16183,46.20736],[6.16219,46.20704]]}},{"type":"Feature","properties":{"kind":"street","rank":"minor"},"geometry":{"type":"LineString","coordinates":[[6.16257,46.20547],[6.16327,46.20506],[6.16337,46.20499]]}},{"type":"Feature","properties":{"kind":"street","rank":"minor"},"geometry":{"type":"LineString","coordinates":[[6.16089,46.20572],[6.16204,46.20508],[6.16209,46.20505]]}},{"type":"Feature","properties":{"kind":"street","rank":"minor"},"geometry":{"type":"LineString","coordinates":[[6.16185,46.20484],[6.16239,46.20454],[6.16248,46.20449]]}},{"type":"Feature","properties":{"kind":"street","rank":"minor"},"geometry":{"type":"LineString","coordinates":[[6.16354,46.20214],[6.16346,46.20222],[6.16296,46.20271],[6.16277,46.2029],[6.16271,46.20299],[6.1625,46.2032],[6.16237,46.20328],[6.16197,46.20368],[6.16169,46.20395],[6.16164,46.20401]]}},{"type":"Feature","properties":{"kind":"street","rank":"minor"},"geometry":{"type":"LineString","coordinates":[[6.16065,46.20346],[6.16056,46.20354],[6.15937,46.20455],[6.15931,46.2046]]}},{"type":"Feature","properties":{"kind":"street","rank":"minor"},"geometry":{"type":"LineString","coordinates":[[6.15826,46.20401],[6.15857,46.2037],[6.1586,46.20362]]}},{"type":"Feature","properties":{"kind":"street","rank":"minor"},"geometry":{"type":"LineString","coordinates":[[6.16257,46.20547],[6.16209,46.20505]]}},{"type":"Feature","properties":{"kind":"street","rank":"major"},"geometry":{"type":"LineString","coordinates":[[6.13764,46.20337],[6.13766,46.20326],[6.13772,46.20292],[6.13777,46.20263],[6.13778,46.20257]]}},{"type":"Feature","properties":{"kind":"street","rank":"minor"},"geometry":{"type":"LineString","coordinates":[[6.16345,46.19777],[6.16285,46.198],[6.16275,46.19804]]}},{"type":"Feature","properties":{"kind":"street","rank":"minor"},"geometry":{"type":"LineString","coordinates":[[6.14013,46.19321],[6.14024,46.19324],[6.14046,46.19328],[6.14112,46.19345],[6.14117,46.19347]]}},{"type":"Feature","properties":{"kind":"street","rank":"minor"},"geometry":{"type":"LineString","coordinates":[[6.14032,46.19608],[6.14021,46.19598],[6.14,46.19579],[6.1399,46.19573]]}},{"type":"Feature","properties":{"kind":"street","rank":"minor"},"geometry":{"type":"LineString","coordinates":[[6.13921,46.1983],[6.1391,46.19832],[6.13844,46.19845],[6.13755,46.19862],[6.13728,46.19867],[6.13715,46.1987]]}},{"type":"Feature","properties":{"kind":"street","rank":"minor"},"geometry":{"type":"LineString","coordinates":[[6.14201,46.20368],[6.14205,46.20344],[6.14208,46.20327]]}},{"type":"Feature","properties":{"kind":"street","rank":"minor"},"geometry":{"type":"LineString","coordinates":[[6.13863,46.2014],[6.13855,46.20153],[6.13829,46.2017],[6.13818,46.20177],[6.13796,46.20175],[6.13789,46.20175]]}},{"type":"Feature","properties":{"kind":"street","rank":"minor"},"geometry":{"type":"LineString","coordinates":[[6.14286,46.19959],[6.1427,46.19953],[6.14248,46.19946],[6.14201,46.1993]]}},{"type":"Feature","properties":{"kind":"street","rank":"major"},"geometry":{"type":"LineString","coordinates":[[6.14118,46.20014],[6.14128,46.20017],[6.14228,46.20052]]}},{"type":"Feature","properties":{"kind":"street","rank":"major"},"geometry":{"type":"LineString","coordinates":[[6.14277,46.20123],[6.14303,46.20086],[6.14311,46.20078]]}},{"type":"Feature","properties":{"kind":"street","rank":"minor"},"geometry":{"type":"LineString","coordinates":[[6.13802,46.19945],[6.13821,46.19985],[6.13847,46.20041],[6.13848,46.20045]]}},{"type":"Feature","properties":{"kind":"street","rank":"minor"},"geometry":{"type":"LineString","coordinates":[[6.14984,46.20251],[6.15012,46.20245],[6.15043,46.20238],[6.15071,46.20231],[6.1509,46.20225],[6.15107,46.20221],[6.15126,46.20214],[6.15175,46.202],[6.15188,46.20196],[6.15202,46.20193]]}},{"type":"Feature","properties":{"kind":"street","rank":"minor"},"geometry":{"type":"LineString","coordinates":[[6.16354,46.20214],[6.16361,46.20206],[6.16442,46.20126],[6.16485,46.20145],[6.16502,46.20151]]}},{"type":"Feature","properties":{"kind":"street","rank":"minor"},"geometry":{"type":"LineString","coordinates":[[6.16781,46.20166],[6.1679,46.20159],[6.16833,46.20128],[6.16837,46.20117],[6.16846,46.20084],[6.16853,46.20057],[6.16856,46.20046],[6.16862,46.2002],[6.16863,46.20011]]}},{"type":"Feature","properties":{"kind":"street","rank":"minor"},"geometry":{"type":"LineString","coordinates":[[6.1467,46.1966],[6.14665,46.19649],[6.14662,46.19626],[6.14658,46.19612],[6.14655,46.19607]]}},{"type":"Feature","properties":{"kind":"street","rank":"minor"},"geometry":{"type":"LineString","coordinates":[[6.1274,46.20464],[6.12736,46.20493],[6.12733,46.20516],[6.1273,46.20535],[6.12729,46.20539]]}},{"type":"Feature","properties":{"kind":"street","rank":"minor"},"geometry":{"type":"LineString","coordinates":[[6.12729,46.20539],[6.12724,46.20575],[6.12727,46.20584]]}},{"type":"Feature","properties":{"kind":"street","rank":"minor"},"geometry":{"type":"LineString","coordinates":[[6.12435,46.20548],[6.12446,46.2055],[6.12471,46.20554],[6.12496,46.20557]]}},{"type":"Feature","properties":{"kind":"street","rank":"minor"},"geometry":{"type":"LineString","coordinates":[[6.12496,46.20557],[6.12519,46.20559],[6.12545,46.20561],[6.12557,46.20559]]}},{"type":"Feature","properties":{"kind":"street","rank":"minor"},"geometry":{"type":"LineString","coordinates":[[6.12579,46.20474],[6.12569,46.20508],[6.12559,46.20552],[6.12557,46.20559]]}},{"type":"Feature","properties":{"kind":"street","rank":"minor"},"geometry":{"type":"LineString","coordinates":[[6.12557,46.20559],[6.12569,46.20557],[6.12589,46.20556],[6.12598,46.20556],[6.1261,46.20555],[6.12642,46.20552],[6.12659,46.2055],[6.12715,46.20542],[6.12725,46.2054],[6.12729,46.20539]]}},{"type":"Feature","properties":{"kind":"street","rank":"minor"},"geometry":{"type":"LineString","coordinates":[[6.12862,46.2057],[6.12851,46.20576],[6.12842,46.20586],[6.12838,46.20597],[6.12841,46.20608],[6.12848,46.2062]]}},{"type":"Feature","properties":{"kind":"street","rank":"minor"},"geometry":{"type":"LineString","coordinates":[[6.13023,46.20596],[6.13037,46.20608],[6.13043,46.20616],[6.13058,46.20634],[6.13062,46.20639]]}},{"type":"Feature","properties":{"kind":"street","rank":"minor"},"geometry":{"type":"LineString","coordinates":[[6.12828,46.20728],[6.1277,46.20654],[6.12766,46.20648]]}},{"type":"Feature","properties":{"kind":"street","rank":"minor"},"geometry":{"type":"LineString","coordinates":[[6.12766,46.20648],[6.12747,46.20622],[6.1273,46.2059],[6.12727,46.20584]]}},{"type":"Feature","properties":{"kind":"street","rank":"minor"},"geometry":{"type":"LineString","coordinates":[[6.13542,46.20727],[6.13445,46.20758],[6.13435,46.20761]]}},{"type":"Feature","properties":{"kind":"street","rank":"minor"},"geometry":{"type":"LineString","coordinates":[[6.13326,46.20666],[6.13313,46.2067],[6.13265,46.20686],[6.13244,46.20694],[6.13231,46.20697]]}},{"type":"Feature","properties":{"kind":"street","rank":"minor"},"geometry":{"type":"LineString","coordinates":[[6.13231,46.20697],[6.13222,46.20701],[6.1317,46.20719],[6.13159,46.20722],[6.13135,46.20731],[6.13126,46.20734]]}},{"type":"Feature","properties":{"kind":"street","rank":"minor"},"geometry":{"type":"LineString","coordinates":[[6.13126,46.20734],[6.13114,46.20738],[6.13044,46.2076],[6.1304,46.20761]]}},{"type":"Feature","properties":{"kind":"street","rank":"minor"},"geometry":{"type":"LineString","coordinates":[[6.12549,46.20578],[6.12422,46.20617],[6.12409,46.20617]]}},{"type":"Feature","properties":{"kind":"street","rank":"minor"},"geometry":{"type":"LineString","coordinates":[[6.13702,46.20793],[6.13736,46.20862]]}},{"type":"Feature","properties":{"kind":"street","rank":"minor"},"geometry":{"type":"LineString","coordinates":[[6.13681,46.20956],[6.13687,46.20948],[6.13713,46.20894],[6.13717,46.20885]]}},{"type":"Feature","properties":{"kind":"street","rank":"minor"},"geometry":{"type":"LineString","coordinates":[[6.1395,46.20918],[6.13942,46.2091],[6.13893,46.2086],[6.1389,46.20857]]}},{"type":"Feature","properties":{"kind":"street","rank":"minor"},"geometry":{"type":"LineString","coordinates":[[6.13004,46.21533],[6.12985,46.21548],[6.12971,46.21558],[6.12963,46.21564],[6.12952,46.21573],[6.12941,46.21582],[6.12915,46.21597],[6.1288,46.21619],[6.12845,46.21641],[6.12834,46.21648],[6.12811,46.21664],[6.12784,46.21681],[6.12775,46.21689],[6.12774,46.21695]]}},{"type":"Feature","properties":{"kind":"street","rank":"minor"},"geometry":{"type":"LineString","coordinates":[[6.13507,46.21785],[6.13562,46.21757],[6.13579,46.2175],[6.13603,46.21738],[6.13613,46.21734]]}},{"type":"Feature","properties":{"kind":"street","rank":"major"},"geometry":{"type":"LineString","coordinates":[[6.13286,46.18696],[6.13295,46.18687],[6.13304,46.18687],[6.13313,46.18694],[6.13308,46.18703],[6.13297,46.18705],[6.13287,46.18699],[6.13286,46.18696]]}},{"type":"Feature","properties":{"kind":"street","rank":"minor"},"geometry":{"type":"LineString","coordinates":[[6.14069,46.18686],[6.14091,46.1859],[6.14095,46.18575],[6.14105,46.18532],[6.14107,46.18525]]}},{"type":"Feature","properties":{"kind":"street","rank":"minor"},"geometry":{"type":"LineString","coordinates":[[6.13837,46.18876],[6.13847,46.18997],[6.13848,46.1901],[6.13854,46.19091],[6.13855,46.1911],[6.1386,46.19116]]}},{"type":"Feature","properties":{"kind":"street","rank":"minor"},"geometry":{"type":"LineString","coordinates":[[6.13988,46.19079],[6.13982,46.1907],[6.1398,46.19049],[6.13975,46.18999],[6.13974,46.18989],[6.13973,46.1897],[6.13969,46.18933],[6.13963,46.18869],[6.1396,46.1883],[6.1396,46.18811],[6.1396,46.18796],[6.1396,46.18787],[6.13962,46.18777],[6.13964,46.18765]]}},{"type":"Feature","properties":{"kind":"street","rank":"major"},"geometry":{"type":"LineString","coordinates":[[6.13857,46.18715],[6.13872,46.18719],[6.13943,46.18734],[6.13959,46.18737],[6.1397,46.18738]]}},{"type":"Feature","properties":{"kind":"street","rank":"major"},"geometry":{"type":"LineString","coordinates":[[6.13964,46.18765],[6.13949,46.18765],[6.13931,46.18764],[6.13873,46.18757],[6.13861,46.18756],[6.13845,46.18757]]}},{"type":"Feature","properties":{"kind":"street","rank":"minor"},"geometry":{"type":"LineString","coordinates":[[6.14009,46.2033],[6.14018,46.20331],[6.1412,46.20338],[6.14128,46.20339]]}},{"type":"Feature","properties":{"kind":"street","rank":"minor"},"geometry":{"type":"LineString","coordinates":[[6.14191,46.20418],[6.14193,46.20409],[6.14204,46.20395],[6.14219,46.20382],[6.14234,46.20374],[6.14241,46.20371]]}},{"type":"Feature","properties":{"kind":"street","rank":"minor"},"geometry":{"type":"LineString","coordinates":[[6.14437,46.20527],[6.14438,46.20518],[6.14359,46.20493],[6.14347,46.20489],[6.14342,46.20488]]}},{"type":"Feature","properties":{"kind":"street","rank":"major"},"geometry":{"type":"LineString","coordinates":[[6.13106,46.18691],[6.13154,46.18692],[6.13262,46.18694]]}},{"type":"Feature","properties":{"kind":"street","rank":"minor"},"geometry":{"type":"LineString","coordinates":[[6.13611,46.18685],[6.13623,46.18685],[6.13635,46.18684],[6.13649,46.18684],[6.1367,46.18686],[6.13692,46.18687],[6.13726,46.18689],[6.1374,46.18689]]}},{"type":"Feature","properties":{"kind":"street","rank":"minor"},"geometry":{"type":"LineString","coordinates":[[6.13728,46.19009],[6.13837,46.19005],[6.13848,46.19005],[6.13862,46.19004],[6.13921,46.19002],[6.13964,46.19],[6.13975,46.18999]]}},{"type":"Feature","properties":{"kind":"street","rank":"minor"},"geometry":{"type":"LineString","coordinates":[[6.13711,46.19008],[6.13699,46.19003],[6.13634,46.18972],[6.13625,46.18968]]}},{"type":"Feature","properties":{"kind":"street","rank":"minor"},"geometry":{"type":"LineString","coordinates":[[6.14124,46.21296],[6.14134,46.21292],[6.14145,46.21287],[6.14197,46.21269]]}},{"type":"Feature","properties":{"kind":"street","rank":"major"},"geometry":{"type":"LineString","coordinates":[[6.13819,46.212],[6.13804,46.21182],[6.13792,46.21169],[6.13783,46.2116],[6.13741,46.21113]]}},{"type":"Feature","properties":{"kind":"street","rank":"major"},"geometry":{"type":"LineString","coordinates":[[6.17122,46.19442],[6.17133,46.19453],[6.17144,46.19465],[6.17211,46.19536],[6.17254,46.19583],[6.17271,46.19601],[6.17306,46.19641],[6.17313,46.19649],[6.17323,46.1966],[6.17368,46.19726],[6.17391,46.19758],[6.17399,46.1977],[6.17438,46.19825],[6.17449,46.19849],[6.17457,46.1987],[6.17461,46.19884],[6.17472,46.19913],[6.17476,46.19924],[6.17481,46.19938],[6.17485,46.19946],[6.17487,46.19949]]}},{"type":"Feature","properties":{"kind":"street","rank":"minor"},"geometry":{"type":"LineString","coordinates":[[6.15686,46.19532],[6.15633,46.19481],[6.1558,46.19438],[6.15573,46.19431]]}},{"type":"Feature","properties":{"kind":"street","rank":"minor"},"geometry":{"type":"LineString","coordinates":[[6.15649,46.19577],[6.15598,46.19521],[6.15539,46.19454],[6.15533,46.19449]]}},{"type":"Feature","properties":{"kind":"street","rank":"minor"},"geometry":{"type":"LineString","coordinates":[[6.16028,46.19286],[6.16032,46.19272],[6.16037,46.1926],[6.16044,46.19251],[6.16061,46.1924],[6.16079,46.19231],[6.16111,46.19215],[6.16129,46.19206],[6.1615,46.19196],[6.16209,46.19168],[6.16232,46.19155]]}},{"type":"Feature","properties":{"kind":"street","rank":"minor"},"geometry":{"type":"LineString","coordinates":[[6.1539,46.19368],[6.15401,46.19362],[6.15429,46.19349],[6.15442,46.19342],[6.15476,46.19324],[6.15487,46.19318]]}},{"type":"Feature","properties":{"kind":"street","rank":"minor"},"geometry":{"type":"LineString","coordinates":[[6.16118,46.1921],[6.16109,46.19199],[6.16093,46.19175],[6.16041,46.19093],[6.16021,46.19065],[6.16015,46.19055],[6.16008,46.19043],[6.15996,46.19025],[6.15968,46.18983],[6.15958,46.1897],[6.15952,46.18964]]}},{"type":"Feature","properties":{"kind":"street","rank":"minor"},"geometry":{"type":"LineString","coordinates":[[6.16711,46.18989],[6.16727,46.18991],[6.1676,46.19011],[6.16774,46.19019],[6.16801,46.19038],[6.16843,46.19068],[6.16866,46.19084],[6.16887,46.191],[6.16902,46.19112],[6.16916,46.19118]]}},{"type":"Feature","properties":{"kind":"street","rank":"minor"},"geometry":{"type":"LineString","coordinates":[[6.16753,46.18922],[6.16741,46.18923],[6.16729,46.18923],[6.16685,46.1894],[6.1662,46.18964],[6.16583,46.18978],[6.16526,46.18999],[6.16516,46.19002],[6.16427,46.19036],[6.16415,46.19043],[6.16366,46.19072],[6.16356,46.19077],[6.16343,46.19086],[6.16336,46.19091]]}},{"type":"Feature","properties":{"kind":"street","rank":"minor"},"geometry":{"type":"LineString","coordinates":[[6.15783,46.19535],[6.15823,46.19577],[6.15839,46.19594],[6.15847,46.19597],[6.15855,46.19595],[6.15896,46.19578],[6.15907,46.19573],[6.15969,46.19545],[6.16051,46.19508]]}},{"type":"Feature","properties":{"kind":"street","rank":"minor"},"geometry":{"type":"LineString","coordinates":[[6.18135,46.18627],[6.18094,46.1865],[6.18075,46.18662],[6.18022,46.18691],[6.17873,46.18773],[6.17822,46.18852],[6.17815,46.18863],[6.17805,46.18877],[6.17788,46.18904],[6.17744,46.18971],[6.17718,46.19009],[6.17703,46.19031],[6.17682,46.19061],[6.17652,46.19108],[6.17585,46.19211],[6.17582,46.19217]]}},{"type":"Feature","properties":{"kind":"street","rank":"minor"},"geometry":{"type":"LineString","coordinates":[[6.15952,46.18964],[6.15942,46.18954],[6.15914,46.18926],[6.15886,46.18898],[6.15842,46.18854],[6.15828,46.1884],[6.15808,46.18821],[6.15799,46.18813]]}},{"type":"Feature","properties":{"kind":"street","rank":"minor"},"geometry":{"type":"LineString","coordinates":[[6.16365,46.20338],[6.16426,46.20282],[6.16434,46.20273]]}},{"type":"Feature","properties":{"kind":"street","rank":"minor"},"geometry":{"type":"LineString","coordinates":[[6.14956,46.21383],[6.1492,46.21324]]}},{"type":"Feature","properties":{"kind":"street","rank":"minor"},"geometry":{"type":"LineString","coordinates":[[6.14657,46.21113],[6.14693,46.21164],[6.14701,46.21175],[6.14734,46.21225]]}},{"type":"Feature","properties":{"kind":"street","rank":"minor"},"geometry":{"type":"LineString","coordinates":[[6.14573,46.21354],[6.14628,46.21335]]}},{"type":"Feature","properties":{"kind":"street","rank":"minor"},"geometry":{"type":"LineString","coordinates":[[6.14497,46.21231],[6.1454,46.21219],[6.1462,46.21193],[6.14641,46.21186],[6.14647,46.21185]]}},{"type":"Feature","properties":{"kind":"street","rank":"minor"},"geometry":{"type":"LineString","coordinates":[[6.13752,46.19079],[6.13744,46.19069],[6.13732,46.19042],[6.13724,46.19024],[6.1372,46.19016]]}},{"type":"Feature","properties":{"kind":"street","rank":"major"},"geometry":{"type":"LineString","coordinates":[[6.13599,46.1914],[6.13613,46.19128],[6.13621,46.1912],[6.13658,46.1908],[6.13709,46.1903],[6.13713,46.19018],[6.13713,46.19014]]}},{"type":"Feature","properties":{"kind":"street","rank":"major"},"geometry":{"type":"LineString","coordinates":[[6.13605,46.18699],[6.13607,46.18709],[6.1361,46.18726],[6.13613,46.18745],[6.13615,46.1876],[6.13617,46.18768],[6.1362,46.18779],[6.13627,46.18791],[6.13636,46.18802],[6.13646,46.1881],[6.13668,46.18826],[6.1368,46.18835],[6.13682,46.18836]]}},{"type":"Feature","properties":{"kind":"street","rank":"major"},"geometry":{"type":"LineString","coordinates":[[6.13574,46.18546],[6.13576,46.18555],[6.13578,46.18567],[6.13581,46.18583],[6.13584,46.18598],[6.13597,46.18657],[6.13601,46.18678],[6.13603,46.18684]]}},{"type":"Feature","properties":{"kind":"street","rank":"minor"},"geometry":{"type":"LineString","coordinates":[[6.14769,46.20929],[6.14777,46.20923],[6.1481,46.20903],[6.14819,46.20897]]}},{"type":"Feature","properties":{"kind":"street","rank":"minor"},"geometry":{"type":"LineString","coordinates":[[6.13821,46.2089],[6.13832,46.20885],[6.13857,46.20873],[6.13883,46.2086],[6.1389,46.20857]]}},{"type":"Feature","properties":{"kind":"street","rank":"major"},"geometry":{"type":"LineString","coordinates":[[6.12812,46.18781],[6.12811,46.188],[6.1281,46.18819],[6.12809,46.18838],[6.12808,46.18851]]}},{"type":"Feature","properties":{"kind":"street","rank":"major"},"geometry":{"type":"LineString","coordinates":[[6.13033,46.18689],[6.13011,46.18688],[6.12943,46.18686],[6.12916,46.18686]]}},{"type":"Feature","properties":{"kind":"street","rank":"minor"},"geometry":{"type":"LineString","coordinates":[[6.13782,46.19125],[6.13772,46.19124],[6.1376,46.19121],[6.13739,46.19111],[6.1371,46.19098],[6.137,46.19093],[6.13671,46.19079],[6.13663,46.19075]]}},{"type":"Feature","properties":{"kind":"street","rank":"minor"},"geometry":{"type":"LineString","coordinates":[[6.13862,46.18699],[6.13845,46.18697],[6.13769,46.18686],[6.13753,46.18687],[6.1374,46.18689]]}},{"type":"Feature","properties":{"kind":"street","rank":"minor"},"geometry":{"type":"LineString","coordinates":[[6.13739,46.187],[6.13725,46.18699],[6.13669,46.18696],[6.13625,46.18695]]}},{"type":"Feature","properties":{"kind":"street","rank":"major"},"geometry":{"type":"LineString","coordinates":[[6.128,46.18781],[6.12805,46.18744],[6.12825,46.18628]]}},{"type":"Feature","properties":{"kind":"street","rank":"major"},"geometry":{"type":"LineString","coordinates":[[6.12837,46.1863],[6.12817,46.18745],[6.12812,46.18781]]}},{"type":"Feature","properties":{"kind":"street","rank":"minor"},"geometry":{"type":"LineString","coordinates":[[6.15472,46.18785],[6.15496,46.18808],[6.15512,46.18824],[6.15546,46.18857],[6.1556,46.18871],[6.15568,46.18879],[6.15577,46.18888],[6.15607,46.18917],[6.15626,46.18935],[6.15635,46.18944]]}},{"type":"Feature","properties":{"kind":"street","rank":"minor"},"geometry":{"type":"LineString","coordinates":[[6.15045,46.19006],[6.15037,46.18999],[6.15026,46.18985],[6.1502,46.18977],[6.1501,46.18961],[6.1499,46.1893],[6.14981,46.18915],[6.14977,46.1891]]}},{"type":"Feature","properties":{"kind":"street","rank":"minor"},"geometry":{"type":"LineString","coordinates":[[6.1608,46.18835],[6.16054,46.18805],[6.16035,46.1878],[6.1602,46.18768],[6.1601,46.18756],[6.15979,46.18729],[6.15962,46.18714]]}},{"type":"Feature","properties":{"kind":"street","rank":"minor"},"geometry":{"type":"LineString","coordinates":[[6.15753,46.19061],[6.15952,46.18964]]}},{"type":"Feature","properties":{"kind":"street","rank":"minor"},"geometry":{"type":"LineString","coordinates":[[6.1522,46.18904],[6.1523,46.18893],[6.1525,46.18884],[6.1526,46.1888],[6.15269,46.18877],[6.15285,46.1887],[6.15295,46.18866],[6.15312,46.18859],[6.15333,46.1885],[6.15353,46.18842],[6.15394,46.18824],[6.15419,46.18812],[6.15438,46.18803],[6.15459,46.18792],[6.15472,46.18785]]}},{"type":"Feature","properties":{"kind":"street","rank":"minor"},"geometry":{"type":"LineString","coordinates":[[6.15242,46.18986],[6.1525,46.18984],[6.15259,46.18982],[6.15304,46.18968]]}},{"type":"Feature","properties":{"kind":"street","rank":"minor"},"geometry":{"type":"LineString","coordinates":[[6.15567,46.19007],[6.15558,46.19002],[6.15511,46.1896],[6.155,46.1895],[6.15487,46.18936],[6.15478,46.18926],[6.15472,46.18918]]}},{"type":"Feature","properties":{"kind":"street","rank":"minor"},"geometry":{"type":"LineString","coordinates":[[6.16542,46.19501],[6.16533,46.19502],[6.16515,46.19505],[6.165,46.19507],[6.16487,46.19508],[6.16476,46.19509]]}},{"type":"Feature","properties":{"kind":"street","rank":"minor"},"geometry":{"type":"LineString","coordinates":[[6.16725,46.19769],[6.16657,46.198],[6.16536,46.19854],[6.16522,46.19859],[6.16458,46.19889],[6.16422,46.19906],[6.16367,46.19928],[6.1634,46.19939]]}},{"type":"Feature","properties":{"kind":"street","rank":"minor"},"geometry":{"type":"LineString","coordinates":[[6.16949,46.20262],[6.16934,46.20253],[6.1692,46.20245],[6.16865,46.20214],[6.16794,46.20173],[6.16781,46.20166]]}},{"type":"Feature","properties":{"kind":"street","rank":"minor"},"geometry":{"type":"LineString","coordinates":[[6.16453,46.19349],[6.16402,46.1937],[6.16348,46.19393],[6.16333,46.194],[6.16325,46.194],[6.16311,46.19391],[6.16254,46.1933],[6.16244,46.19322],[6.16233,46.19312]]}},{"type":"Feature","properties":{"kind":"street","rank":"minor"},"geometry":{"type":"LineString","coordinates":[[6.12455,46.21119],[6.12434,46.21062],[6.12403,46.20988],[6.124,46.20981]]}},{"type":"Feature","properties":{"kind":"street","rank":"major"},"geometry":{"type":"LineString","coordinates":[[6.12483,46.19427],[6.12464,46.19424],[6.1245,46.19422],[6.12441,46.19422],[6.1243,46.19423],[6.12417,46.19425],[6.12401,46.19431],[6.12386,46.19439],[6.12377,46.19445],[6.12369,46.19452]]}},{"type":"Feature","properties":{"kind":"street","rank":"minor"},"geometry":{"type":"LineString","coordinates":[[6.14343,46.20925],[6.14357,46.20914],[6.14417,46.20883]]}},{"type":"Feature","properties":{"kind":"street","rank":"major"},"geometry":{"type":"LineString","coordinates":[[6.14888,46.20797],[6.14877,46.20803],[6.14859,46.20813],[6.14816,46.20835],[6.14799,46.20844]]}},{"type":"Feature","properties":{"kind":"street","rank":"minor"},"geometry":{"type":"LineString","coordinates":[[6.13889,46.21974],[6.13832,46.22015],[6.13816,46.22026],[6.1381,46.22034]]}},{"type":"Feature","properties":{"kind":"street","rank":"minor"},"geometry":{"type":"LineString","coordinates":[[6.13394,46.21882],[6.13381,46.21889],[6.1335,46.21907],[6.13334,46.21916],[6.13301,46.21934],[6.1329,46.21939]]}},{"type":"Feature","properties":{"kind":"street","rank":"minor"},"geometry":{"type":"LineString","coordinates":[[6.12968,46.22067],[6.12977,46.22062],[6.12986,46.22058],[6.13011,46.22043],[6.13035,46.22029],[6.13093,46.21994]]}},{"type":"Feature","properties":{"kind":"street","rank":"minor"},"geometry":{"type":"LineString","coordinates":[[6.13319,46.20874],[6.13327,46.20885],[6.13338,46.20903],[6.13368,46.20953],[6.13375,46.20961]]}},{"type":"Feature","properties":{"kind":"street","rank":"minor"},"geometry":{"type":"LineString","coordinates":[[6.13733,46.21013],[6.13685,46.2096],[6.13681,46.20956]]}},{"type":"Feature","properties":{"kind":"street","rank":"minor"},"geometry":{"type":"LineString","coordinates":[[6.13624,46.20981],[6.1364,46.20998],[6.13656,46.21017],[6.13669,46.21032],[6.13673,46.21038]]}},{"type":"Feature","properties":{"kind":"street","rank":"minor"},"geometry":{"type":"LineString","coordinates":[[6.12728,46.21151],[6.12717,46.21156],[6.12668,46.21176],[6.12664,46.21178]]}},{"type":"Feature","properties":{"kind":"street","rank":"minor"},"geometry":{"type":"LineString","coordinates":[[6.12335,46.21418],[6.12348,46.21412],[6.12372,46.21402],[6.12455,46.21366],[6.12479,46.21356],[6.12491,46.21351],[6.12505,46.21345],[6.12521,46.21338],[6.12625,46.21294],[6.12673,46.21274],[6.12715,46.21256],[6.12732,46.21249],[6.12781,46.21228],[6.12791,46.21223]]}},{"type":"Feature","properties":{"kind":"street","rank":"minor"},"geometry":{"type":"LineString","coordinates":[[6.1237,46.2146],[6.12378,46.21456],[6.12461,46.21415],[6.12528,46.21382],[6.12552,46.21371],[6.1266,46.2132],[6.12739,46.21282],[6.12722,46.21257],[6.1272,46.21254]]}},{"type":"Feature","properties":{"kind":"street","rank":"minor"},"geometry":{"type":"LineString","coordinates":[[6.12864,46.21122],[6.12793,46.21123]]}},{"type":"Feature","properties":{"kind":"street","rank":"minor"},"geometry":{"type":"LineString","coordinates":[[6.12728,46.21151],[6.12738,46.21147],[6.12783,46.21126],[6.12793,46.21123]]}},{"type":"Feature","properties":{"kind":"street","rank":"minor"},"geometry":{"type":"LineString","coordinates":[[6.1329,46.21939],[6.13279,46.21943],[6.13245,46.21963],[6.13208,46.21984],[6.13174,46.22002],[6.13132,46.22027],[6.13097,46.22046],[6.13055,46.22067],[6.13017,46.2209],[6.13007,46.22096],[6.12999,46.22101],[6.1299,46.22104]]}},{"type":"Feature","properties":{"kind":"street","rank":"minor"},"geometry":{"type":"LineString","coordinates":[[6.13988,46.19707],[6.13979,46.19703],[6.13963,46.19696],[6.13929,46.19667],[6.13897,46.19637],[6.13889,46.19631]]}},{"type":"Feature","properties":{"kind":"street","rank":"minor"},"geometry":{"type":"LineString","coordinates":[[6.13639,46.19853],[6.13589,46.1981],[6.13581,46.19802]]}},{"type":"Feature","properties":{"kind":"street","rank":"minor"},"geometry":{"type":"LineString","coordinates":[[6.14477,46.21017],[6.1457,46.21135],[6.14574,46.21139]]}},{"type":"Feature","properties":{"kind":"street","rank":"minor"},"geometry":{"type":"LineString","coordinates":[[6.14647,46.21185],[6.14684,46.2124]]}},{"type":"Feature","properties":{"kind":"street","rank":"minor"},"geometry":{"type":"LineString","coordinates":[[6.14983,46.2095],[6.14973,46.20955],[6.14922,46.20982],[6.14918,46.20984]]}},{"type":"Feature","properties":{"kind":"street","rank":"minor"},"geometry":{"type":"LineString","coordinates":[[6.14982,46.21228],[6.14991,46.21228],[6.1506,46.21225],[6.15075,46.21225],[6.15089,46.21225],[6.15173,46.21228],[6.15192,46.21229]]}},{"type":"Feature","properties":{"kind":"street","rank":"minor"},"geometry":{"type":"LineString","coordinates":[[6.14809,46.21134],[6.14841,46.21188],[6.14843,46.21191]]}},{"type":"Feature","properties":{"kind":"street","rank":"minor"},"geometry":{"type":"LineString","coordinates":[[6.14809,46.21202],[6.14778,46.2115],[6.14774,46.21144]]}},{"type":"Feature","properties":{"kind":"street","rank":"minor"},"geometry":{"type":"LineString","coordinates":[[6.14933,46.2196],[6.14918,46.21965],[6.14861,46.21983],[6.1481,46.22],[6.14801,46.22003],[6.14782,46.22009],[6.14772,46.22011],[6.14768,46.22012]]}},{"type":"Feature","properties":{"kind":"street","rank":"minor"},"geometry":{"type":"LineString","coordinates":[[6.14243,46.19226],[6.14232,46.19223],[6.14216,46.1922],[6.1417,46.19209],[6.1414,46.19203],[6.14121,46.19198],[6.14108,46.19196],[6.14105,46.19195]]}},{"type":"Feature","properties":{"kind":"street","rank":"minor"},"geometry":{"type":"LineString","coordinates":[[6.14728,46.1957],[6.14719,46.19577],[6.14694,46.19588],[6.14655,46.19607],[6.14643,46.19612],[6.14602,46.1963],[6.14593,46.19632],[6.14577,46.1963]]}},{"type":"Feature","properties":{"kind":"street","rank":"minor"},"geometry":{"type":"LineString","coordinates":[[6.13011,46.18688],[6.1301,46.18698],[6.13001,46.18711],[6.1299,46.18748],[6.12981,46.18751],[6.12963,46.1875],[6.1291,46.18746]]}},{"type":"Feature","properties":{"kind":"street","rank":"minor"},"geometry":{"type":"LineString","coordinates":[[6.15017,46.18894],[6.15049,46.18879],[6.1506,46.18875],[6.1507,46.18872]]}},{"type":"Feature","properties":{"kind":"street","rank":"minor"},"geometry":{"type":"LineString","coordinates":[[6.1522,46.18904],[6.15209,46.18899],[6.15201,46.18892],[6.15138,46.18793]]}},{"type":"Feature","properties":{"kind":"street","rank":"minor"},"geometry":{"type":"LineString","coordinates":[[6.15026,46.18985],[6.14989,46.18998],[6.14979,46.19],[6.14969,46.19],[6.14957,46.18996],[6.14887,46.18892],[6.14878,46.18887],[6.14861,46.18888],[6.14855,46.18889]]}},{"type":"Feature","properties":{"kind":"street","rank":"minor"},"geometry":{"type":"LineString","coordinates":[[6.13961,46.21386],[6.14015,46.21358],[6.14063,46.21333],[6.14108,46.21308]]}},{"type":"Feature","properties":{"kind":"street","rank":"minor"},"geometry":{"type":"LineString","coordinates":[[6.13944,46.2104],[6.1389,46.21078],[6.13877,46.21086],[6.13872,46.21094]]}},{"type":"Feature","properties":{"kind":"street","rank":"minor"},"geometry":{"type":"LineString","coordinates":[[6.13895,46.21104],[6.13914,46.21091],[6.13958,46.2106],[6.1397,46.21052]]}},{"type":"Feature","properties":{"kind":"street","rank":"minor"},"geometry":{"type":"LineString","coordinates":[[6.13895,46.21104],[6.13942,46.21167],[6.13946,46.21172]]}},{"type":"Feature","properties":{"kind":"street","rank":"minor"},"geometry":{"type":"LineString","coordinates":[[6.13978,46.21165],[6.13973,46.21086],[6.13971,46.21063],[6.1397,46.21052]]}},{"type":"Feature","properties":{"kind":"street","rank":"minor"},"geometry":{"type":"LineString","coordinates":[[6.13953,46.2101],[6.13965,46.21019],[6.13973,46.21023],[6.13988,46.21014],[6.13993,46.21004],[6.13974,46.20988],[6.13956,46.21008],[6.13953,46.2101]]}},{"type":"Feature","properties":{"kind":"street","rank":"minor"},"geometry":{"type":"LineString","coordinates":[[6.13813,46.21021],[6.1389,46.20988]]}},{"type":"Feature","properties":{"kind":"street","rank":"minor"},"geometry":{"type":"LineString","coordinates":[[6.14448,46.20868],[6.14457,46.20873],[6.14491,46.20902],[6.14508,46.20917],[6.1454,46.20947],[6.14554,46.20963],[6.1456,46.20972]]}},{"type":"Feature","properties":{"kind":"street","rank":"major"},"geometry":{"type":"LineString","coordinates":[[6.13796,46.20904],[6.13756,46.20894],[6.13717,46.20885],[6.13709,46.20883],[6.13659,46.20871],[6.13639,46.20866],[6.1359,46.20854]]}},{"type":"Feature","properties":{"kind":"street","rank":"minor"},"geometry":{"type":"LineString","coordinates":[[6.14252,46.20345],[6.14261,46.20325],[6.14273,46.20297],[6.14279,46.20285],[6.14285,46.20269],[6.14292,46.20254],[6.143,46.20234],[6.14301,46.20233]]}},{"type":"Feature","properties":{"kind":"street","rank":"minor"},"geometry":{"type":"LineString","coordinates":[[6.13925,46.20348],[6.13923,46.20339],[6.13928,46.20303],[6.13932,46.20276],[6.13933,46.20269]]}},{"type":"Feature","properties":{"kind":"street","rank":"minor"},"geometry":{"type":"LineString","coordinates":[[6.14249,46.20125],[6.14211,46.20173]]}},{"type":"Feature","properties":{"kind":"street","rank":"minor"},"geometry":{"type":"LineString","coordinates":[[6.14571,46.19533],[6.14572,46.19523],[6.1457,46.19498],[6.14566,46.19484],[6.14563,46.19476],[6.1455,46.19434],[6.14546,46.19421],[6.14542,46.19412],[6.14518,46.19347],[6.14512,46.19331],[6.14505,46.19312],[6.14503,46.19304],[6.145,46.19295],[6.14495,46.19279],[6.1446,46.19168]]}},{"type":"Feature","properties":{"kind":"street","rank":"minor"},"geometry":{"type":"LineString","coordinates":[[6.15234,46.18955],[6.1524,46.18979],[6.15244,46.18994],[6.15251,46.19015],[6.15258,46.19038],[6.15268,46.19063],[6.15275,46.19082],[6.15281,46.19098],[6.15295,46.19136],[6.15298,46.19144]]}},{"type":"Feature","properties":{"kind":"street","rank":"major"},"geometry":{"type":"LineString","coordinates":[[6.14114,46.1883],[6.14098,46.18862],[6.14033,46.18989],[6.13998,46.19063],[6.13993,46.19073],[6.13988,46.19079]]}},{"type":"Feature","properties":{"kind":"street","rank":"major"},"geometry":{"type":"LineString","coordinates":[[6.13722,46.19004],[6.13725,46.18975],[6.13727,46.18958],[6.13728,46.1894],[6.13729,46.18912]]}},{"type":"Feature","properties":{"kind":"street","rank":"minor"},"geometry":{"type":"LineString","coordinates":[[6.13831,46.18822],[6.13836,46.18868],[6.13837,46.18876]]}},{"type":"Feature","properties":{"kind":"street","rank":"major"},"geometry":{"type":"LineString","coordinates":[[6.12476,46.21516],[6.12457,46.21518],[6.12443,46.2152],[6.12425,46.21523],[6.12406,46.21527],[6.12398,46.21528],[6.12389,46.2153]]}},{"type":"Feature","properties":{"kind":"street","rank":"minor"},"geometry":{"type":"LineString","coordinates":[[6.15058,46.19818],[6.15032,46.19836],[6.15001,46.19857],[6.14996,46.1986]]}},{"type":"Feature","properties":{"kind":"street","rank":"minor"},"geometry":{"type":"LineString","coordinates":[[6.15078,46.20011],[6.15085,46.2],[6.15099,46.19992],[6.15121,46.19979]]}},{"type":"Feature","properties":{"kind":"street","rank":"minor"},"geometry":{"type":"LineString","coordinates":[[6.15243,46.19898],[6.15272,46.19877],[6.15304,46.19856]]}},{"type":"Feature","properties":{"kind":"street","rank":"minor"},"geometry":{"type":"LineString","coordinates":[[6.175,46.18549],[6.17507,46.18557],[6.17537,46.18585],[6.17576,46.18623],[6.17622,46.18668],[6.17666,46.1871],[6.17718,46.18762],[6.17734,46.18777],[6.17805,46.18857],[6.17815,46.18863]]}},{"type":"Feature","properties":{"kind":"street","rank":"minor"},"geometry":{"type":"LineString","coordinates":[[6.1827,46.18933],[6.18173,46.18951],[6.18164,46.18953],[6.18068,46.18969],[6.18029,46.18976],[6.18002,46.18981],[6.17955,46.1899],[6.17892,46.19],[6.17769,46.19022],[6.1774,46.19027],[6.17701,46.19034],[6.17661,46.19042],[6.17482,46.19074],[6.17255,46.19114],[6.17178,46.19052],[6.1716,46.19043],[6.1707,46.19072],[6.17017,46.19089],[6.16973,46.19099],[6.16925,46.19113],[6.16916,46.19118]]}},{"type":"Feature","properties":{"kind":"street","rank":"minor"},"geometry":{"type":"LineString","coordinates":[[6.17582,46.19217],[6.17588,46.19226],[6.17612,46.19261],[6.17623,46.19276],[6.17646,46.19309]]}},{"type":"Feature","properties":{"kind":"street","rank":"minor"},"geometry":{"type":"LineString","coordinates":[[6.17779,46.19917],[6.17776,46.19908],[6.17757,46.19879],[6.17752,46.1987],[6.17741,46.19855],[6.17731,46.19844],[6.17718,46.19825],[6.17709,46.19812],[6.17703,46.19799],[6.17687,46.19781],[6.17668,46.1976],[6.17665,46.1975],[6.1761,46.19681],[6.17583,46.19646]]}},{"type":"Feature","properties":{"kind":"street","rank":"minor"},"geometry":{"type":"LineString","coordinates":[[6.17514,46.19686],[6.17482,46.19656],[6.17448,46.19625],[6.17416,46.19594],[6.174,46.1959],[6.17388,46.19588],[6.17358,46.19584],[6.17321,46.19592],[6.17278,46.19609]]}},{"type":"Feature","properties":{"kind":"street","rank":"minor"},"geometry":{"type":"LineString","coordinates":[[6.16739,46.19937],[6.16748,46.19937],[6.168,46.1994],[6.16814,46.19939],[6.16828,46.19937],[6.16838,46.19935],[6.16857,46.1993],[6.16869,46.19928],[6.16917,46.19915],[6.16948,46.19905],[6.17018,46.19879],[6.1704,46.19869],[6.17053,46.19852],[6.17065,46.19832],[6.17103,46.19744],[6.17106,46.19741]]}},{"type":"Feature","properties":{"kind":"street","rank":"minor"},"geometry":{"type":"LineString","coordinates":[[6.16923,46.19538],[6.1699,46.19617],[6.17007,46.19631],[6.17045,46.19674],[6.17052,46.19683],[6.17067,46.19698],[6.17078,46.1971],[6.17097,46.19736],[6.17106,46.19741]]}},{"type":"Feature","properties":{"kind":"street","rank":"minor"},"geometry":{"type":"LineString","coordinates":[[6.16948,46.19905],[6.16928,46.19881],[6.16908,46.19857],[6.16905,46.19853]]}},{"type":"Feature","properties":{"kind":"street","rank":"major"},"geometry":{"type":"LineString","coordinates":[[6.16364,46.19999],[6.16347,46.2],[6.16332,46.20002],[6.16323,46.20004],[6.16293,46.20015]]}},{"type":"Feature","properties":{"kind":"street","rank":"minor"},"geometry":{"type":"LineString","coordinates":[[6.13238,46.20696],[6.13276,46.20747],[6.13264,46.20752],[6.1323,46.20704],[6.13227,46.207]]}},{"type":"Feature","properties":{"kind":"street","rank":"minor"},"geometry":{"type":"LineString","coordinates":[[6.13056,46.20444],[6.13041,46.20497],[6.1304,46.20502]]}},{"type":"Feature","properties":{"kind":"street","rank":"minor"},"geometry":{"type":"LineString","coordinates":[[6.13147,46.20443],[6.13129,46.20509],[6.13128,46.20514]]}},{"type":"Feature","properties":{"kind":"street","rank":"minor"},"geometry":{"type":"LineString","coordinates":[[6.12848,46.2062],[6.12863,46.20639],[6.12872,46.20649],[6.1289,46.20671],[6.12905,46.20691],[6.1291,46.20696]]}},{"type":"Feature","properties":{"kind":"street","rank":"major"},"geometry":{"type":"LineString","coordinates":[[6.13099,46.21584],[6.13108,46.21579],[6.13126,46.21573],[6.13143,46.21568],[6.13277,46.21524]]}},{"type":"Feature","properties":{"kind":"street","rank":"minor"},"geometry":{"type":"LineString","coordinates":[[6.14301,46.20233],[6.14292,46.2023],[6.14277,46.20225],[6.14266,46.20221],[6.14214,46.20202],[6.14208,46.202]]}},{"type":"Feature","properties":{"kind":"street","rank":"minor"},"geometry":{"type":"LineString","coordinates":[[6.1403,46.20196],[6.14038,46.20198],[6.14097,46.20218],[6.14105,46.20221]]}},{"type":"Feature","properties":{"kind":"street","rank":"minor"},"geometry":{"type":"LineString","coordinates":[[6.1417,46.20771],[6.14161,46.20775],[6.14132,46.2079],[6.14124,46.20793],[6.14089,46.20811],[6.14076,46.2082]]}},{"type":"Feature","properties":{"kind":"street","rank":"minor"},"geometry":{"type":"LineString","coordinates":[[6.16362,46.20769],[6.16383,46.20775],[6.16406,46.20784],[6.16467,46.2081],[6.16475,46.20814],[6.165,46.20825],[6.16509,46.20829]]}},{"type":"Feature","properties":{"kind":"street","rank":"minor"},"geometry":{"type":"LineString","coordinates":[[6.13991,46.18657],[6.13923,46.18626],[6.13896,46.18615],[6.13887,46.18612]]}},{"type":"Feature","properties":{"kind":"street","rank":"minor"},"geometry":{"type":"LineString","coordinates":[[6.14159,46.21059],[6.14116,46.21069],[6.14086,46.21077],[6.14092,46.21101]]}},{"type":"Feature","properties":{"kind":"street","rank":"minor"},"geometry":{"type":"LineString","coordinates":[[6.13535,46.21205],[6.13525,46.21211],[6.13408,46.21275],[6.13396,46.21282]]}},{"type":"Feature","properties":{"kind":"street","rank":"minor"},"geometry":{"type":"LineString","coordinates":[[6.13076,46.21375],[6.13047,46.21347],[6.13041,46.21342]]}},{"type":"Feature","properties":{"kind":"street","rank":"minor"},"geometry":{"type":"LineString","coordinates":[[6.13076,46.21375],[6.13102,46.21361],[6.13126,46.21349],[6.13155,46.21335],[6.13161,46.21332]]}},{"type":"Feature","properties":{"kind":"street","rank":"minor"},"geometry":{"type":"LineString","coordinates":[[6.12706,46.2174],[6.12674,46.21723],[6.12662,46.21716],[6.12641,46.21705],[6.12637,46.21705]]}},{"type":"Feature","properties":{"kind":"street","rank":"minor"},"geometry":{"type":"LineString","coordinates":[[6.12522,46.2187],[6.12495,46.2185],[6.12463,46.21827],[6.12453,46.2182],[6.12434,46.21806]]}},{"type":"Feature","properties":{"kind":"street","rank":"minor"},"geometry":{"type":"LineString","coordinates":[[6.12987,46.21208],[6.13061,46.21257],[6.131,46.21282],[6.13109,46.21288],[6.13113,46.21291]]}},{"type":"Feature","properties":{"kind":"street","rank":"minor"},"geometry":{"type":"LineString","coordinates":[[6.13093,46.21994],[6.13043,46.21956],[6.13046,46.21943],[6.13155,46.21878],[6.13199,46.21851]]}},{"type":"Feature","properties":{"kind":"street","rank":"minor"},"geometry":{"type":"LineString","coordinates":[[6.15567,46.19561],[6.15558,46.19564],[6.15501,46.19585],[6.15478,46.19593],[6.15462,46.19596]]}},{"type":"Feature","properties":{"kind":"street","rank":"minor"},"geometry":{"type":"LineString","coordinates":[[6.15343,46.19459],[6.15382,46.19504],[6.15393,46.19515],[6.15416,46.1954],[6.15434,46.1956],[6.15442,46.1957],[6.15458,46.1959],[6.15462,46.19596]]}},{"type":"Feature","properties":{"kind":"street","rank":"major"},"geometry":{"type":"LineString","coordinates":[[6.12386,46.21521],[6.12394,46.21519],[6.12425,46.21513],[6.12435,46.21511],[6.12447,46.21509],[6.12457,46.21506],[6.12468,46.21503]]}},{"type":"Feature","properties":{"kind":"street","rank":"minor"},"geometry":{"type":"LineString","coordinates":[[6.13794,46.20421],[6.13805,46.20421],[6.1383,46.20418],[6.13869,46.20416],[6.13899,46.20414],[6.13913,46.20412],[6.13921,46.20408]]}},{"type":"Feature","properties":{"kind":"street","rank":"minor"},"geometry":{"type":"LineString","coordinates":[[6.14205,46.20924],[6.14162,46.20888]]}},{"type":"Feature","properties":{"kind":"street","rank":"minor"},"geometry":{"type":"LineString","coordinates":[[6.1454,46.19406],[6.14573,46.19396],[6.14608,46.19385],[6.14617,46.19383],[6.14682,46.19364],[6.14736,46.19349],[6.14747,46.19344]]}},{"type":"Feature","properties":{"kind":"street","rank":"minor"},"geometry":{"type":"LineString","coordinates":[[6.13742,46.20673],[6.1375,46.20677],[6.13772,46.20688],[6.13805,46.20707],[6.13834,46.20729],[6.13852,46.20744],[6.13858,46.2075]]}},{"type":"Feature","properties":{"kind":"street","rank":"minor"},"geometry":{"type":"LineString","coordinates":[[6.13796,46.20904],[6.13785,46.20911],[6.13749,46.20927],[6.13681,46.20956]]}},{"type":"Feature","properties":{"kind":"street","rank":"minor"},"geometry":{"type":"LineString","coordinates":[[6.13681,46.20956],[6.13624,46.20981],[6.13516,46.21027],[6.1351,46.2103]]}},{"type":"Feature","properties":{"kind":"street","rank":"minor"},"geometry":{"type":"LineString","coordinates":[[6.13815,46.20829],[6.138,46.20835],[6.13736,46.20862]]}},{"type":"Feature","properties":{"kind":"street","rank":"minor"},"geometry":{"type":"LineString","coordinates":[[6.13925,46.20812],[6.13898,46.20826],[6.13878,46.20837],[6.13872,46.2084]]}},{"type":"Feature","properties":{"kind":"street","rank":"major"},"geometry":{"type":"LineString","coordinates":[[6.14039,46.20546],[6.1407,46.20547],[6.14087,46.20548],[6.14131,46.20551],[6.14152,46.20554]]}},{"type":"Feature","properties":{"kind":"street","rank":"minor"},"geometry":{"type":"LineString","coordinates":[[6.1428,46.19376],[6.14271,46.19421],[6.14261,46.19473],[6.14258,46.19492],[6.14257,46.19497]]}},{"type":"Feature","properties":{"kind":"street","rank":"minor"},"geometry":{"type":"LineString","coordinates":[[6.14767,46.19393],[6.1469,46.19459],[6.14678,46.19469],[6.14669,46.19478],[6.14652,46.19493],[6.1465,46.19499]]}},{"type":"Feature","properties":{"kind":"street","rank":"minor"},"geometry":{"type":"LineString","coordinates":[[6.14589,46.19757],[6.14597,46.19763],[6.14659,46.19808],[6.14677,46.19821],[6.14713,46.19846],[6.14724,46.19854],[6.1475,46.19873]]}},{"type":"Feature","properties":{"kind":"street","rank":"minor"},"geometry":{"type":"LineString","coordinates":[[6.1446,46.19168],[6.14445,46.19121]]}},{"type":"Feature","properties":{"kind":"street","rank":"major"},"geometry":{"type":"LineString","coordinates":[[6.14589,46.19101],[6.14562,46.19056],[6.14553,46.19043]]}},{"type":"Feature","properties":{"kind":"street","rank":"minor"},"geometry":{"type":"LineString","coordinates":[[6.14432,46.18796],[6.14441,46.18794],[6.14488,46.18782]]}},{"type":"Feature","properties":{"kind":"street","rank":"minor"},"geometry":{"type":"LineString","coordinates":[[6.14432,46.18796],[6.14395,46.18806],[6.14352,46.18817]]}},{"type":"Feature","properties":{"kind":"street","rank":"minor"},"geometry":{"type":"LineString","coordinates":[[6.14432,46.19078],[6.14414,46.19012],[6.14411,46.19003]]}},{"type":"Feature","properties":{"kind":"street","rank":"minor"},"geometry":{"type":"LineString","coordinates":[[6.12975,46.19148],[6.12987,46.19143],[6.12995,46.19142],[6.13059,46.19142],[6.13117,46.19142],[6.13125,46.19142],[6.13139,46.19147],[6.13173,46.19172],[6.13196,46.1919],[6.13204,46.19197]]}},{"type":"Feature","properties":{"kind":"street","rank":"minor"},"geometry":{"type":"LineString","coordinates":[[6.13204,46.19197],[6.13236,46.19225],[6.1325,46.19237],[6.13264,46.19249],[6.13276,46.19259],[6.13287,46.19262]]}},{"type":"Feature","properties":{"kind":"street","rank":"minor"},"geometry":{"type":"LineString","coordinates":[[6.12835,46.19261],[6.12847,46.1927],[6.12864,46.19271],[6.12851,46.1928],[6.12844,46.19289],[6.12836,46.19301]]}},{"type":"Feature","properties":{"kind":"street","rank":"minor"},"geometry":{"type":"LineString","coordinates":[[6.12864,46.19271],[6.12886,46.19259],[6.12903,46.19249],[6.12912,46.19244],[6.12929,46.19234],[6.12942,46.19227],[6.12951,46.19223],[6.12964,46.1922],[6.1297,46.19219]]}},{"type":"Feature","properties":{"kind":"street","rank":"minor"},"geometry":{"type":"LineString","coordinates":[[6.12868,46.19502],[6.12878,46.19496],[6.12958,46.19451],[6.12981,46.19439],[6.13028,46.19413],[6.13039,46.19406],[6.1305,46.194],[6.13067,46.1939],[6.13076,46.19386],[6.13085,46.1938],[6.13109,46.19367],[6.13112,46.19365]]}},{"type":"Feature","properties":{"kind":"street","rank":"minor"},"geometry":{"type":"LineString","coordinates":[[6.14529,46.18889],[6.14535,46.18898],[6.14611,46.19021],[6.14613,46.19025]]}},{"type":"Feature","properties":{"kind":"street","rank":"minor"},"geometry":{"type":"LineString","coordinates":[[6.13892,46.20733],[6.13938,46.20775],[6.13954,46.20789],[6.13958,46.20793]]}},{"type":"Feature","properties":{"kind":"street","rank":"minor"},"geometry":{"type":"LineString","coordinates":[[6.15078,46.20173],[6.15122,46.20211],[6.15126,46.20214]]}},{"type":"Feature","properties":{"kind":"street","rank":"major"},"geometry":{"type":"LineString","coordinates":[[6.12469,46.19411],[6.12482,46.19412],[6.12505,46.19416],[6.12624,46.19447],[6.12672,46.1946],[6.12691,46.19463]]}},{"type":"Feature","properties":{"kind":"street","rank":"minor"},"geometry":{"type":"LineString","coordinates":[[6.13407,46.18585],[6.13409,46.18597],[6.13415,46.18644],[6.13417,46.18658],[6.13421,46.18687]]}},{"type":"Feature","properties":{"kind":"street","rank":"minor"},"geometry":{"type":"LineString","coordinates":[[6.14794,46.19439],[6.14767,46.19393],[6.14753,46.19368],[6.14752,46.19359],[6.14759,46.19352]]}},{"type":"Feature","properties":{"kind":"street","rank":"minor"},"geometry":{"type":"LineString","coordinates":[[6.13844,46.20642],[6.13844,46.20633],[6.13826,46.20606],[6.13815,46.20592],[6.13811,46.20589]]}},{"type":"Feature","properties":{"kind":"street","rank":"minor"},"geometry":{"type":"LineString","coordinates":[[6.13748,46.19219],[6.1381,46.19158],[6.13818,46.1915]]}},{"type":"Feature","properties":{"kind":"street","rank":"minor"},"geometry":{"type":"LineString","coordinates":[[6.15737,46.20432],[6.15782,46.20386],[6.15787,46.2038]]}},{"type":"Feature","properties":{"kind":"street","rank":"minor"},"geometry":{"type":"LineString","coordinates":[[6.15478,46.19962],[6.15425,46.2],[6.15438,46.20017],[6.15443,46.20021]]}},{"type":"Feature","properties":{"kind":"street","rank":"minor"},"geometry":{"type":"LineString","coordinates":[[6.15078,46.20011],[6.15068,46.20011],[6.15022,46.20023],[6.15011,46.20024],[6.14968,46.20024],[6.1493,46.20025],[6.14921,46.20025]]}},{"type":"Feature","properties":{"kind":"street","rank":"minor"},"geometry":{"type":"LineString","coordinates":[[6.16107,46.19911],[6.16195,46.19884],[6.16206,46.1988]]}},{"type":"Feature","properties":{"kind":"street","rank":"minor"},"geometry":{"type":"LineString","coordinates":[[6.17106,46.19741],[6.17174,46.19667],[6.17203,46.19636],[6.17245,46.19591],[6.17254,46.19583]]}},{"type":"Feature","properties":{"kind":"street","rank":"minor"},"geometry":{"type":"LineString","coordinates":[[6.16858,46.19482],[6.16842,46.19465],[6.16824,46.19446],[6.16799,46.1942],[6.16775,46.19399],[6.16764,46.19388],[6.16751,46.19378],[6.16725,46.19357],[6.16673,46.19316],[6.16629,46.19282],[6.16616,46.19274],[6.16593,46.19257],[6.16565,46.19236],[6.16553,46.19231],[6.16544,46.19224]]}},{"type":"Feature","properties":{"kind":"street","rank":"minor"},"geometry":{"type":"LineString","coordinates":[[6.16498,46.19334],[6.16507,46.19334],[6.16518,46.19331],[6.16535,46.19322],[6.16602,46.19282],[6.16616,46.19274]]}},{"type":"Feature","properties":{"kind":"street","rank":"minor"},"geometry":{"type":"LineString","coordinates":[[6.16756,46.19382],[6.16704,46.19402],[6.16663,46.19417],[6.16644,46.19424],[6.16632,46.19429]]}},{"type":"Feature","properties":{"kind":"street","rank":"minor"},"geometry":{"type":"LineString","coordinates":[[6.1475,46.19873],[6.14811,46.19832],[6.14864,46.19796]]}},{"type":"Feature","properties":{"kind":"street","rank":"minor"},"geometry":{"type":"LineString","coordinates":[[6.1475,46.19873],[6.14764,46.19884],[6.14785,46.19901],[6.1479,46.19906]]}},{"type":"Feature","properties":{"kind":"street","rank":"minor"},"geometry":{"type":"LineString","coordinates":[[6.16916,46.19118],[6.16971,46.19161],[6.16994,46.19179],[6.17,46.19184]]}},{"type":"Feature","properties":{"kind":"street","rank":"minor"},"geometry":{"type":"LineString","coordinates":[[6.1767,46.18714],[6.17562,46.18768],[6.17527,46.18795],[6.17744,46.18971]]}},{"type":"Feature","properties":{"kind":"street","rank":"minor"},"geometry":{"type":"LineString","coordinates":[[6.16928,46.188],[6.16971,46.18872],[6.17004,46.18908],[6.17012,46.18917]]}},{"type":"Feature","properties":{"kind":"street","rank":"minor"},"geometry":{"type":"LineString","coordinates":[[6.16994,46.19179],[6.17004,46.19174],[6.17128,46.19142],[6.17181,46.19128]]}},{"type":"Feature","properties":{"kind":"street","rank":"minor"},"geometry":{"type":"LineString","coordinates":[[6.17585,46.19211],[6.17576,46.19206],[6.1755,46.19172],[6.17482,46.19074],[6.17455,46.19033],[6.17434,46.19004]]}},{"type":"Feature","properties":{"kind":"street","rank":"minor"},"geometry":{"type":"LineString","coordinates":[[6.15047,46.18819],[6.15065,46.18866],[6.1507,46.18872]]}},{"type":"Feature","properties":{"kind":"street","rank":"minor"},"geometry":{"type":"LineString","coordinates":[[6.17255,46.19114],[6.17367,46.19205],[6.17436,46.19193],[6.1755,46.19172]]}},{"type":"Feature","properties":{"kind":"street","rank":"minor"},"geometry":{"type":"LineString","coordinates":[[6.1688,46.19822],[6.16848,46.19786],[6.16817,46.19748],[6.16789,46.19714],[6.16754,46.1967],[6.16744,46.19657],[6.16704,46.1961],[6.16699,46.19602]]}},{"type":"Feature","properties":{"kind":"street","rank":"minor"},"geometry":{"type":"LineString","coordinates":[[6.1634,46.19939],[6.16349,46.19945],[6.16367,46.1995],[6.16385,46.19952],[6.16416,46.19953],[6.16426,46.19953],[6.16476,46.19952],[6.16594,46.19952],[6.16647,46.19952],[6.16642,46.19997],[6.16641,46.20001]]}},{"type":"Feature","properties":{"kind":"street","rank":"minor"},"geometry":{"type":"LineString","coordinates":[[6.1608,46.18835],[6.161,46.18858],[6.16121,46.18881],[6.16166,46.18927],[6.16174,46.1893]]}},{"type":"Feature","properties":{"kind":"street","rank":"minor"},"geometry":{"type":"LineString","coordinates":[[6.15472,46.18918],[6.15457,46.18923],[6.15421,46.18936],[6.15374,46.1895],[6.15349,46.18955],[6.15304,46.18968]]}},{"type":"Feature","properties":{"kind":"street","rank":"minor"},"geometry":{"type":"LineString","coordinates":[[6.16458,46.19889],[6.16397,46.19837],[6.16391,46.19832]]}},{"type":"Feature","properties":{"kind":"street","rank":"minor"},"geometry":{"type":"LineString","coordinates":[[6.1761,46.20575],[6.17603,46.20565],[6.17617,46.20549],[6.17636,46.20527],[6.17658,46.20502]]}},{"type":"Feature","properties":{"kind":"street","rank":"major"},"geometry":{"type":"LineString","coordinates":[[6.15041,46.1959],[6.15027,46.19587],[6.14973,46.19564],[6.14926,46.19544]]}},{"type":"Feature","properties":{"kind":"street","rank":"minor"},"geometry":{"type":"LineString","coordinates":[[6.16951,46.21029],[6.16999,46.20993],[6.17034,46.20968],[6.17044,46.20965],[6.17055,46.20965],[6.17078,46.20974],[6.17192,46.20897],[6.17213,46.20882]]}},{"type":"Feature","properties":{"kind":"street","rank":"major"},"geometry":{"type":"LineString","coordinates":[[6.16825,46.20368],[6.16854,46.20343],[6.16869,46.20331],[6.16911,46.20296],[6.16937,46.20271],[6.16949,46.20262]]}},{"type":"Feature","properties":{"kind":"street","rank":"major"},"geometry":{"type":"LineString","coordinates":[[6.16949,46.20262],[6.16968,46.20273],[6.16989,46.20285],[6.17007,46.20296]]}},{"type":"Feature","properties":{"kind":"street","rank":"minor"},"geometry":{"type":"LineString","coordinates":[[6.16729,46.20067],[6.16728,46.20076],[6.16714,46.20089],[6.16699,46.20101]]}},{"type":"Feature","properties":{"kind":"street","rank":"minor"},"geometry":{"type":"LineString","coordinates":[[6.16856,46.20046],[6.16869,46.20051],[6.1689,46.20072],[6.16909,46.20083],[6.16923,46.20094]]}},{"type":"Feature","properties":{"kind":"street","rank":"minor"},"geometry":{"type":"LineString","coordinates":[[6.17331,46.20157],[6.17299,46.20181],[6.17278,46.20196],[6.17265,46.20206],[6.17254,46.20213],[6.17216,46.20241],[6.172,46.20253],[6.17172,46.20274],[6.1716,46.20283],[6.17142,46.20296],[6.17105,46.20323],[6.17098,46.20329]]}},{"type":"Feature","properties":{"kind":"street","rank":"minor"},"geometry":{"type":"LineString","coordinates":[[6.17561,46.20107],[6.17546,46.20114],[6.17497,46.20137]]}},{"type":"Feature","properties":{"kind":"street","rank":"minor"},"geometry":{"type":"LineString","coordinates":[[6.17497,46.20137],[6.17439,46.20164],[6.1743,46.20168],[6.1737,46.20197]]}},{"type":"Feature","properties":{"kind":"street","rank":"major"},"geometry":{"type":"LineString","coordinates":[[6.14197,46.20095],[6.14191,46.20103],[6.14185,46.20112],[6.14163,46.20142]]}},{"type":"Feature","properties":{"kind":"street","rank":"minor"},"geometry":{"type":"LineString","coordinates":[[6.14289,46.19172],[6.14283,46.19191],[6.14275,46.19213],[6.1427,46.19223],[6.14258,46.19257],[6.14254,46.1927],[6.14241,46.19311],[6.14237,46.19324],[6.14227,46.19357],[6.14223,46.1937]]}},{"type":"Feature","properties":{"kind":"street","rank":"major"},"geometry":{"type":"LineString","coordinates":[[6.14918,46.19458],[6.14904,46.19452],[6.14863,46.19422],[6.14848,46.19411],[6.1484,46.19406]]}},{"type":"Feature","properties":{"kind":"street","rank":"minor"},"geometry":{"type":"LineString","coordinates":[[6.14118,46.2041],[6.14123,46.20377],[6.14125,46.20363]]}},{"type":"Feature","properties":{"kind":"street","rank":"minor"},"geometry":{"type":"LineString","coordinates":[[6.14525,46.20289],[6.14532,46.2028],[6.14596,46.20251],[6.14609,46.20243],[6.14617,46.20241],[6.1463,46.20239],[6.14645,46.2024],[6.14653,46.20244],[6.14651,46.20252],[6.14642,46.20254],[6.14634,46.20254],[6.14624,46.20254],[6.14617,46.20258]]}},{"type":"Feature","properties":{"kind":"street","rank":"minor"},"geometry":{"type":"LineString","coordinates":[[6.14774,46.20048],[6.14804,46.20075],[6.14815,46.20081],[6.14823,46.20088]]}},{"type":"Feature","properties":{"kind":"street","rank":"minor"},"geometry":{"type":"LineString","coordinates":[[6.14457,46.21027],[6.14435,46.21007],[6.14369,46.20947]]}},{"type":"Feature","properties":{"kind":"street","rank":"minor"},"geometry":{"type":"LineString","coordinates":[[6.14435,46.21007],[6.14459,46.20994],[6.14478,46.20984],[6.14503,46.2097],[6.14507,46.20967]]}},{"type":"Feature","properties":{"kind":"street","rank":"minor"},"geometry":{"type":"LineString","coordinates":[[6.14369,46.20947],[6.14393,46.20934],[6.14411,46.20924],[6.14435,46.20911],[6.14441,46.20908]]}},{"type":"Feature","properties":{"kind":"street","rank":"minor"},"geometry":{"type":"LineString","coordinates":[[6.14578,46.20187],[6.14588,46.20184],[6.14611,46.20172],[6.1465,46.20148],[6.14664,46.20139],[6.14684,46.20121],[6.14684,46.20111]]}},{"type":"Feature","properties":{"kind":"street","rank":"minor"},"geometry":{"type":"LineString","coordinates":[[6.14902,46.20103],[6.14898,46.20117],[6.14898,46.20126],[6.149,46.20139],[6.14866,46.20157],[6.14829,46.20166],[6.14822,46.20166]]}},{"type":"Feature","properties":{"kind":"street","rank":"minor"},"geometry":{"type":"LineString","coordinates":[[6.14545,46.20318],[6.14529,46.20311],[6.14511,46.20305],[6.14484,46.20306],[6.14465,46.20306],[6.14455,46.20306],[6.14441,46.20304]]}},{"type":"Feature","properties":{"kind":"street","rank":"minor"},"geometry":{"type":"LineString","coordinates":[[6.14697,46.20268],[6.14639,46.20284],[6.14608,46.20295],[6.14581,46.20304],[6.14563,46.2031],[6.14551,46.20312]]}},{"type":"Feature","properties":{"kind":"street","rank":"minor"},"geometry":{"type":"LineString","coordinates":[[6.14679,46.20468],[6.14687,46.20466],[6.14737,46.20456],[6.14815,46.2044],[6.1485,46.20433],[6.1486,46.20431]]}},{"type":"Feature","properties":{"kind":"street","rank":"minor"},"geometry":{"type":"LineString","coordinates":[[6.12594,46.21033],[6.12587,46.20956],[6.12586,46.20948]]}},{"type":"Feature","properties":{"kind":"street","rank":"minor"},"geometry":{"type":"LineString","coordinates":[[6.12586,46.20948],[6.12581,46.20891],[6.12571,46.20885],[6.12561,46.20886],[6.12553,46.20892],[6.12566,46.20945],[6.12567,46.2095]]}},{"type":"Feature","properties":{"kind":"street","rank":"minor"},"geometry":{"type":"LineString","coordinates":[[6.12527,46.20954],[6.12514,46.209],[6.12502,46.20898],[6.12492,46.209],[6.12508,46.20953],[6.1251,46.20957]]}},{"type":"Feature","properties":{"kind":"street","rank":"minor"},"geometry":{"type":"LineString","coordinates":[[6.15184,46.20131],[6.15174,46.20136],[6.15164,46.20141],[6.15147,46.2015],[6.15078,46.20173],[6.14998,46.20194]]}},{"type":"Feature","properties":{"kind":"street","rank":"minor"},"geometry":{"type":"LineString","coordinates":[[6.14782,46.20249],[6.14792,46.20248],[6.14802,46.20247],[6.14813,46.20245],[6.1483,46.20239],[6.14856,46.20231],[6.14878,46.20226],[6.14887,46.20225]]}},{"type":"Feature","properties":{"kind":"street","rank":"minor"},"geometry":{"type":"LineString","coordinates":[[6.14958,46.19889],[6.14967,46.19887],[6.14976,46.19882],[6.14988,46.19892],[6.15013,46.19913],[6.15045,46.19938],[6.15096,46.19975],[6.15104,46.19981],[6.15094,46.19993],[6.15079,46.20001],[6.15067,46.20005],[6.15055,46.20009],[6.15044,46.20013],[6.15048,46.20005],[6.15049,46.19996],[6.15026,46.19973],[6.15018,46.19975],[6.15013,46.19963],[6.15004,46.19952],[6.15,46.19941],[6.14992,46.19927],[6.14986,46.19916],[6.14977,46.19908],[6.14966,46.19898],[6.14958,46.1989],[6.14958,46.19889]]}},{"type":"Feature","properties":{"kind":"street","rank":"minor"},"geometry":{"type":"LineString","coordinates":[[6.14985,46.20318],[6.14956,46.20323],[6.14928,46.20327],[6.14892,46.20332]]}},{"type":"Feature","properties":{"kind":"street","rank":"minor"},"geometry":{"type":"LineString","coordinates":[[6.15227,46.20251],[6.1517,46.20263],[6.15163,46.20264]]}},{"type":"Feature","properties":{"kind":"street","rank":"minor"},"geometry":{"type":"LineString","coordinates":[[6.14343,46.20485],[6.14339,46.20493],[6.14321,46.20532],[6.1432,46.20534]]}},{"type":"Feature","properties":{"kind":"street","rank":"minor"},"geometry":{"type":"LineString","coordinates":[[6.1402,46.20263],[6.14031,46.20264],[6.14062,46.20266],[6.1408,46.20267],[6.14116,46.2027],[6.14132,46.20271],[6.14138,46.20272]]}},{"type":"Feature","properties":{"kind":"street","rank":"minor"},"geometry":{"type":"LineString","coordinates":[[6.14135,46.20296],[6.14112,46.20294],[6.14075,46.20291],[6.14027,46.20288],[6.14016,46.20287]]}},{"type":"Feature","properties":{"kind":"street","rank":"minor"},"geometry":{"type":"LineString","coordinates":[[6.14266,46.20221],[6.14226,46.20256],[6.14221,46.20261]]}},{"type":"Feature","properties":{"kind":"street","rank":"minor"},"geometry":{"type":"LineString","coordinates":[[6.14208,46.202],[6.14201,46.2021],[6.14192,46.20223],[6.14182,46.20237],[6.14156,46.20273]]}},{"type":"Feature","properties":{"kind":"street","rank":"minor"},"geometry":{"type":"LineString","coordinates":[[6.14162,46.20241],[6.14117,46.20225],[6.14105,46.20221]]}},{"type":"Feature","properties":{"kind":"street","rank":"minor"},"geometry":{"type":"LineString","coordinates":[[6.1414,46.20174],[6.1415,46.20177],[6.14165,46.20183],[6.14189,46.20192],[6.14196,46.20195]]}},{"type":"Feature","properties":{"kind":"street","rank":"major"},"geometry":{"type":"LineString","coordinates":[[6.14262,46.20118],[6.14197,46.20095]]}},{"type":"Feature","properties":{"kind":"street","rank":"minor"},"geometry":{"type":"LineString","coordinates":[[6.13644,46.2039],[6.13638,46.20407],[6.13636,46.20424],[6.13646,46.20423],[6.13668,46.20417],[6.1368,46.20424],[6.13682,46.20404],[6.13679,46.20393],[6.13644,46.2039]]}},{"type":"Feature","properties":{"kind":"street","rank":"minor"},"geometry":{"type":"LineString","coordinates":[[6.13514,46.20424],[6.13535,46.20431],[6.13554,46.20438],[6.1357,46.20414],[6.13551,46.20408],[6.13533,46.20402],[6.13514,46.20424]]}},{"type":"Feature","properties":{"kind":"street","rank":"minor"},"geometry":{"type":"LineString","coordinates":[[6.13794,46.20421],[6.1368,46.2042],[6.13669,46.20413],[6.13642,46.20413],[6.1358,46.20411],[6.13566,46.20411],[6.13551,46.20408]]}},{"type":"Feature","properties":{"kind":"street","rank":"minor"},"geometry":{"type":"LineString","coordinates":[[6.13911,46.20093],[6.13973,46.20076],[6.13987,46.20072],[6.14001,46.20068]]}},{"type":"Feature","properties":{"kind":"street","rank":"minor"},"geometry":{"type":"LineString","coordinates":[[6.1363,46.20382],[6.13635,46.20338],[6.13636,46.20328],[6.13636,46.20326]]}},{"type":"Feature","properties":{"kind":"street","rank":"minor"},"geometry":{"type":"LineString","coordinates":[[6.13764,46.20337],[6.13763,46.20345],[6.13757,46.20386],[6.13756,46.20391]]}},{"type":"Feature","properties":{"kind":"street","rank":"minor"},"geometry":{"type":"LineString","coordinates":[[6.13737,46.20136],[6.13731,46.20118],[6.13716,46.20089],[6.13711,46.20078]]}},{"type":"Feature","properties":{"kind":"street","rank":"minor"},"geometry":{"type":"LineString","coordinates":[[6.13768,46.20064],[6.13758,46.20067],[6.13749,46.20069],[6.13711,46.20078],[6.13604,46.20105],[6.13596,46.20107],[6.13595,46.20107]]}},{"type":"Feature","properties":{"kind":"street","rank":"minor"},"geometry":{"type":"LineString","coordinates":[[6.13753,46.19956],[6.13766,46.19953],[6.13791,46.19947],[6.13802,46.19945],[6.13879,46.19928],[6.13936,46.19915],[6.13949,46.19912]]}},{"type":"Feature","properties":{"kind":"street","rank":"minor"},"geometry":{"type":"LineString","coordinates":[[6.13544,46.20003],[6.13572,46.19999],[6.13593,46.19995],[6.13613,46.19991],[6.13646,46.19983],[6.13662,46.19976],[6.13733,46.1996],[6.13743,46.19958],[6.13753,46.19956]]}},{"type":"Feature","properties":{"kind":"street","rank":"minor"},"geometry":{"type":"LineString","coordinates":[[6.12713,46.19875],[6.12723,46.1987],[6.12727,46.19881],[6.12723,46.19901],[6.1272,46.19912],[6.12718,46.1992],[6.1271,46.19922],[6.12713,46.19905],[6.12705,46.19901],[6.12713,46.19875]]}},{"type":"Feature","properties":{"kind":"street","rank":"minor"},"geometry":{"type":"LineString","coordinates":[[6.14724,46.19854],[6.1471,46.19864],[6.14701,46.19869],[6.14687,46.19878],[6.14583,46.19944],[6.14544,46.19969],[6.14502,46.19996],[6.14449,46.20029],[6.14402,46.20059],[6.14386,46.20069],[6.1438,46.20073]]}},{"type":"Feature","properties":{"kind":"street","rank":"minor"},"geometry":{"type":"LineString","coordinates":[[6.14713,46.19846],[6.14699,46.19856],[6.14678,46.19872],[6.14574,46.19937],[6.14536,46.19962],[6.14493,46.19989],[6.14393,46.20052],[6.14377,46.20062],[6.1437,46.20065]]}},{"type":"Feature","properties":{"kind":"street","rank":"minor"},"geometry":{"type":"LineString","coordinates":[[6.13034,46.20143],[6.13024,46.20146],[6.13015,46.20149],[6.13007,46.20155],[6.13005,46.20234],[6.13003,46.20266]]}},{"type":"Feature","properties":{"kind":"street","rank":"minor"},"geometry":{"type":"LineString","coordinates":[[6.12824,46.20261],[6.12814,46.2026],[6.1276,46.20255],[6.12699,46.20244],[6.12645,46.20235],[6.12635,46.20234],[6.12618,46.20233],[6.12603,46.20232]]}},{"type":"Feature","properties":{"kind":"street","rank":"minor"},"geometry":{"type":"LineString","coordinates":[[6.1246,46.1918],[6.12483,46.19216],[6.12489,46.19231],[6.12492,46.19248],[6.12493,46.19261],[6.12492,46.19272],[6.12489,46.19286],[6.12484,46.19302],[6.12479,46.19313],[6.1247,46.1933],[6.12464,46.19342]]}},{"type":"Feature","properties":{"kind":"street","rank":"major"},"geometry":{"type":"LineString","coordinates":[[6.14342,46.20141],[6.14327,46.20139],[6.14291,46.20128],[6.14277,46.20123]]}},{"type":"Feature","properties":{"kind":"street","rank":"major"},"geometry":{"type":"LineString","coordinates":[[6.14013,46.19321],[6.14052,46.1924],[6.14056,46.19231],[6.14077,46.19189],[6.14106,46.19128],[6.14154,46.1903],[6.14167,46.19002],[6.14179,46.1898],[6.142,46.18936],[6.14223,46.18888]]}},{"type":"Feature","properties":{"kind":"street","rank":"minor"},"geometry":{"type":"LineString","coordinates":[[6.13496,46.20464],[6.13536,46.20492],[6.13548,46.205],[6.13558,46.20506],[6.13568,46.20512],[6.1358,46.20518],[6.13594,46.20524],[6.13607,46.20529],[6.13622,46.20532],[6.13637,46.20535],[6.13651,46.20538],[6.13671,46.2054],[6.13689,46.2054],[6.13709,46.2054],[6.13731,46.20539],[6.13757,46.20538],[6.13844,46.20534],[6.13875,46.20533],[6.13929,46.2053],[6.13943,46.2053]]}},{"type":"Feature","properties":{"kind":"street","rank":"major"},"geometry":{"type":"LineString","coordinates":[[6.13484,46.20472],[6.13536,46.20509],[6.13562,46.20524],[6.13574,46.2053],[6.13585,46.20534],[6.13596,46.20538],[6.13607,46.20542],[6.13621,46.20545],[6.13633,46.20547],[6.13651,46.2055],[6.13668,46.20552],[6.13685,46.20552],[6.13705,46.20552],[6.13732,46.20551]]}},{"type":"Feature","properties":{"kind":"street","rank":"minor"},"geometry":{"type":"LineString","coordinates":[[6.14618,46.20447],[6.14596,46.20451],[6.14581,46.20453],[6.14565,46.20455],[6.14547,46.20456],[6.14529,46.20456],[6.14518,46.20457],[6.14505,46.20457],[6.14485,46.20456],[6.14472,46.20455],[6.14455,46.20453],[6.1441,46.20442],[6.14378,46.20435],[6.14364,46.20434]]}},{"type":"Feature","properties":{"kind":"street","rank":"minor"},"geometry":{"type":"LineString","coordinates":[[6.14809,46.20981],[6.14706,46.21012],[6.14647,46.2103],[6.14638,46.21033],[6.14622,46.21038],[6.14608,46.21043]]}},{"type":"Feature","properties":{"kind":"street","rank":"minor"},"geometry":{"type":"LineString","coordinates":[[6.14755,46.21082],[6.14731,46.21048],[6.14709,46.21016],[6.14706,46.21012]]}},{"type":"Feature","properties":{"kind":"street","rank":"minor"},"geometry":{"type":"LineString","coordinates":[[6.14304,46.20859],[6.1438,46.2085],[6.14395,46.20861],[6.14315,46.20904],[6.14304,46.20859]]}},{"type":"Feature","properties":{"kind":"street","rank":"minor"},"geometry":{"type":"LineString","coordinates":[[6.14495,46.21164],[6.14537,46.21151],[6.14574,46.21139],[6.14596,46.21132],[6.14606,46.21129],[6.14657,46.21113]]}},{"type":"Feature","properties":{"kind":"street","rank":"minor"},"geometry":{"type":"LineString","coordinates":[[6.14647,46.21185],[6.14609,46.21133],[6.14606,46.21129]]}},{"type":"Feature","properties":{"kind":"street","rank":"minor"},"geometry":{"type":"LineString","coordinates":[[6.14684,46.2124],[6.14639,46.21254],[6.14628,46.21258],[6.14578,46.21274],[6.14535,46.21287],[6.1453,46.21288]]}},{"type":"Feature","properties":{"kind":"street","rank":"minor"},"geometry":{"type":"LineString","coordinates":[[6.14809,46.21202],[6.14797,46.21205],[6.14741,46.21223],[6.14728,46.21227],[6.14726,46.21227]]}},{"type":"Feature","properties":{"kind":"street","rank":"minor"},"geometry":{"type":"LineString","coordinates":[[6.12727,46.20584],[6.12672,46.20597],[6.12649,46.20602],[6.12632,46.20605],[6.12619,46.20608],[6.12546,46.20627],[6.12526,46.20632]]}},{"type":"Feature","properties":{"kind":"street","rank":"minor"},"geometry":{"type":"LineString","coordinates":[[6.13077,46.2057],[6.13026,46.20568],[6.12973,46.20565],[6.12945,46.20565],[6.12928,46.20566],[6.12924,46.20574],[6.12908,46.2057],[6.12899,46.20568],[6.12889,46.20567],[6.12871,46.20568],[6.12862,46.2057]]}},{"type":"Feature","properties":{"kind":"street","rank":"minor"},"geometry":{"type":"LineString","coordinates":[[6.12862,46.2057],[6.1285,46.2057],[6.12813,46.20573],[6.12758,46.20579],[6.12738,46.20583],[6.12727,46.20584]]}},{"type":"Feature","properties":{"kind":"street","rank":"major"},"geometry":{"type":"LineString","coordinates":[[6.13364,46.20695],[6.13372,46.20701],[6.13384,46.20709],[6.13399,46.20721],[6.13407,46.20729],[6.13419,46.20743],[6.13428,46.20753],[6.13444,46.2077]]}},{"type":"Feature","properties":{"kind":"street","rank":"minor"},"geometry":{"type":"LineString","coordinates":[[6.13384,46.20709],[6.13371,46.20718],[6.13303,46.2074],[6.13281,46.20748],[6.13276,46.20747]]}},{"type":"Feature","properties":{"kind":"street","rank":"minor"},"geometry":{"type":"LineString","coordinates":[[6.13232,46.20271],[6.13236,46.20254],[6.13238,46.20243],[6.13264,46.20137],[6.13264,46.20129]]}},{"type":"Feature","properties":{"kind":"street","rank":"minor"},"geometry":{"type":"LineString","coordinates":[[6.1282,46.20123],[6.12813,46.20252]]}},{"type":"Feature","properties":{"kind":"street","rank":"minor"},"geometry":{"type":"LineString","coordinates":[[6.12944,46.20124],[6.12942,46.20165],[6.12939,46.2026]]}},{"type":"Feature","properties":{"kind":"street","rank":"minor"},"geometry":{"type":"LineString","coordinates":[[6.12939,46.2144],[6.12877,46.21479],[6.12854,46.21493],[6.12836,46.21504],[6.12819,46.21515],[6.12804,46.21524],[6.12733,46.2157],[6.12729,46.21572]]}},{"type":"Feature","properties":{"kind":"street","rank":"minor"},"geometry":{"type":"LineString","coordinates":[[6.1351,46.21179],[6.13527,46.21197],[6.13535,46.21205],[6.13553,46.21224],[6.13569,46.21241]]}},{"type":"Feature","properties":{"kind":"street","rank":"minor"},"geometry":{"type":"LineString","coordinates":[[6.13601,46.21279],[6.13567,46.21298],[6.13507,46.21332],[6.13487,46.21343],[6.13476,46.2135]]}},{"type":"Feature","properties":{"kind":"street","rank":"minor"},"geometry":{"type":"LineString","coordinates":[[6.13248,46.2132],[6.13217,46.21293],[6.13193,46.21273],[6.13188,46.21267]]}},{"type":"Feature","properties":{"kind":"street","rank":"minor"},"geometry":{"type":"LineString","coordinates":[[6.13316,46.21411],[6.13296,46.21423],[6.13287,46.21428],[6.13257,46.21448],[6.13217,46.21471],[6.13213,46.21474]]}},{"type":"Feature","properties":{"kind":"street","rank":"minor"},"geometry":{"type":"LineString","coordinates":[[6.13396,46.21282],[6.13386,46.21287],[6.13321,46.21324],[6.13311,46.21329],[6.13281,46.21346],[6.13218,46.21381],[6.13201,46.2139],[6.13147,46.21419],[6.13141,46.21422]]}},{"type":"Feature","properties":{"kind":"street","rank":"minor"},"geometry":{"type":"LineString","coordinates":[[6.13194,46.21394],[6.13217,46.21415],[6.13257,46.21448]]}},{"type":"Feature","properties":{"kind":"street","rank":"minor"},"geometry":{"type":"LineString","coordinates":[[6.1424,46.20657],[6.14284,46.2069]]}},{"type":"Feature","properties":{"kind":"street","rank":"minor"},"geometry":{"type":"LineString","coordinates":[[6.14358,46.20788],[6.14369,46.20782],[6.14419,46.2076],[6.14379,46.20721],[6.1437,46.20714]]}},{"type":"Feature","properties":{"kind":"street","rank":"minor"},"geometry":{"type":"LineString","coordinates":[[6.14326,46.20661],[6.14317,46.20659],[6.14293,46.20684],[6.14284,46.2069]]}},{"type":"Feature","properties":{"kind":"street","rank":"minor"},"geometry":{"type":"LineString","coordinates":[[6.14365,46.20634],[6.1433,46.20614],[6.14303,46.20592],[6.14291,46.20585],[6.14289,46.20584]]}},{"type":"Feature","properties":{"kind":"street","rank":"minor"},"geometry":{"type":"LineString","coordinates":[[6.14425,46.2067],[6.1437,46.20714],[6.14346,46.20733]]}},{"type":"Feature","properties":{"kind":"street","rank":"minor"},"geometry":{"type":"LineString","coordinates":[[6.1449,46.20649],[6.14551,46.20666],[6.14587,46.20676]]}},{"type":"Feature","properties":{"kind":"street","rank":"minor"},"geometry":{"type":"LineString","coordinates":[[6.13296,46.2109],[6.13264,46.21114],[6.13251,46.21123],[6.13221,46.21145]]}},{"type":"Feature","properties":{"kind":"street","rank":"minor"},"geometry":{"type":"LineString","coordinates":[[6.13296,46.2109],[6.13326,46.21068],[6.13358,46.21045],[6.13363,46.21041]]}},{"type":"Feature","properties":{"kind":"street","rank":"minor"},"geometry":{"type":"LineString","coordinates":[[6.13041,46.2117],[6.13037,46.2108]]}},{"type":"Feature","properties":{"kind":"street","rank":"minor"},"geometry":{"type":"LineString","coordinates":[[6.13053,46.21085],[6.13056,46.21146],[6.13065,46.21153]]}},{"type":"Feature","properties":{"kind":"street","rank":"minor"},"geometry":{"type":"LineString","coordinates":[[6.13221,46.21041],[6.1326,46.21066],[6.1327,46.21073],[6.13292,46.21088],[6.13296,46.2109]]}},{"type":"Feature","properties":{"kind":"street","rank":"minor"},"geometry":{"type":"LineString","coordinates":[[6.13142,46.21202],[6.13165,46.21186],[6.13214,46.2115],[6.13221,46.21145]]}},{"type":"Feature","properties":{"kind":"street","rank":"minor"},"geometry":{"type":"LineString","coordinates":[[6.13209,46.21249],[6.13201,46.21244],[6.13142,46.21202]]}},{"type":"Feature","properties":{"kind":"street","rank":"minor"},"geometry":{"type":"LineString","coordinates":[[6.1349,46.21031],[6.135,46.21027],[6.13508,46.21029],[6.13511,46.21038],[6.13502,46.21042],[6.13494,46.21041],[6.1349,46.21033],[6.1349,46.21031]]}},{"type":"Feature","properties":{"kind":"street","rank":"minor"},"geometry":{"type":"LineString","coordinates":[[6.1349,46.21031],[6.13481,46.21026],[6.13449,46.21006],[6.13383,46.20966],[6.13375,46.20961]]}},{"type":"Feature","properties":{"kind":"street","rank":"minor"},"geometry":{"type":"LineString","coordinates":[[6.1351,46.21039],[6.13519,46.21042],[6.13555,46.21057],[6.13587,46.21069],[6.13595,46.21072]]}},{"type":"Feature","properties":{"kind":"street","rank":"minor"},"geometry":{"type":"LineString","coordinates":[[6.135,46.21042],[6.13497,46.21077],[6.13494,46.21102],[6.13493,46.2111]]}},{"type":"Feature","properties":{"kind":"street","rank":"minor"},"geometry":{"type":"LineString","coordinates":[[6.1419,46.20803],[6.14161,46.20818],[6.14158,46.20827],[6.14123,46.20838],[6.14209,46.20827],[6.1419,46.20803]]}},{"type":"Feature","properties":{"kind":"street","rank":"minor"},"geometry":{"type":"LineString","coordinates":[[6.14056,46.2074],[6.14067,46.20732],[6.14093,46.20718],[6.14102,46.20713]]}},{"type":"Feature","properties":{"kind":"street","rank":"minor"},"geometry":{"type":"LineString","coordinates":[[6.1424,46.20657],[6.14202,46.20626],[6.14162,46.20597],[6.14154,46.2059]]}},{"type":"Feature","properties":{"kind":"street","rank":"minor"},"geometry":{"type":"LineString","coordinates":[[6.1304,46.20761],[6.1305,46.20789],[6.13067,46.20823],[6.13079,46.20847]]}},{"type":"Feature","properties":{"kind":"street","rank":"minor"},"geometry":{"type":"LineString","coordinates":[[6.1375,46.20636],[6.13756,46.20628],[6.13769,46.20611],[6.13785,46.20589]]}},{"type":"Feature","properties":{"kind":"street","rank":"minor"},"geometry":{"type":"LineString","coordinates":[[6.12774,46.20917],[6.12773,46.20903],[6.12773,46.20885],[6.12773,46.20874],[6.12773,46.20849],[6.12774,46.20839]]}},{"type":"Feature","properties":{"kind":"street","rank":"minor"},"geometry":{"type":"LineString","coordinates":[[6.12791,46.20744],[6.12766,46.20712],[6.12729,46.20665],[6.12726,46.20662]]}},{"type":"Feature","properties":{"kind":"street","rank":"minor"},"geometry":{"type":"LineString","coordinates":[[6.12472,46.20435],[6.12465,46.20458],[6.12438,46.20539],[6.12435,46.20548],[6.12432,46.20557],[6.12431,46.2056]]}},{"type":"Feature","properties":{"kind":"street","rank":"major"},"geometry":{"type":"LineString","coordinates":[[6.13199,46.20128],[6.13219,46.20129],[6.13264,46.20129],[6.13307,46.2013]]}},{"type":"Feature","properties":{"kind":"street","rank":"minor"},"geometry":{"type":"LineString","coordinates":[[6.14753,46.19703],[6.14743,46.1971],[6.1466,46.19767]]}},{"type":"Feature","properties":{"kind":"street","rank":"minor"},"geometry":{"type":"LineString","coordinates":[[6.14473,46.19796],[6.14448,46.19813],[6.14415,46.19835],[6.14394,46.19848],[6.14386,46.19854]]}},{"type":"Feature","properties":{"kind":"street","rank":"minor"},"geometry":{"type":"LineString","coordinates":[[6.14648,46.19758],[6.14732,46.19702],[6.14742,46.19695]]}},{"type":"Feature","properties":{"kind":"street","rank":"minor"},"geometry":{"type":"LineString","coordinates":[[6.14491,46.19685],[6.14499,46.19681],[6.14551,46.19659]]}},{"type":"Feature","properties":{"kind":"street","rank":"minor"},"geometry":{"type":"LineString","coordinates":[[6.14256,46.19561],[6.14255,46.19574],[6.14254,46.19588],[6.14254,46.1962],[6.14254,46.19633],[6.14254,46.19654]]}},{"type":"Feature","properties":{"kind":"street","rank":"minor"},"geometry":{"type":"LineString","coordinates":[[6.14119,46.20069],[6.14134,46.20074],[6.14149,46.20079],[6.14186,46.20092],[6.14197,46.20095]]}},{"type":"Feature","properties":{"kind":"street","rank":"minor"},"geometry":{"type":"LineString","coordinates":[[6.1318,46.18759],[6.13111,46.18828],[6.13074,46.18866],[6.13073,46.18867]]}},{"type":"Feature","properties":{"kind":"street","rank":"major"},"geometry":{"type":"LineString","coordinates":[[6.13269,46.18979],[6.13258,46.18983],[6.13248,46.18981],[6.13244,46.18971],[6.13256,46.18963],[6.13267,46.18966],[6.13272,46.18974],[6.13269,46.18979]]}},{"type":"Feature","properties":{"kind":"street","rank":"minor"},"geometry":{"type":"LineString","coordinates":[[6.14197,46.21269],[6.14265,46.21244],[6.14271,46.21236]]}},{"type":"Feature","properties":{"kind":"street","rank":"minor"},"geometry":{"type":"LineString","coordinates":[[6.14261,46.21196],[6.14257,46.2118],[6.14248,46.21147]]}},{"type":"Feature","properties":{"kind":"street","rank":"major"},"geometry":{"type":"LineString","coordinates":[[6.14174,46.21075],[6.14166,46.21104],[6.14162,46.21117],[6.1416,46.21123]]}},{"type":"Feature","properties":{"kind":"street","rank":"major"},"geometry":{"type":"LineString","coordinates":[[6.14311,46.20078],[6.14308,46.20057],[6.14307,46.20015]]}},{"type":"Feature","properties":{"kind":"street","rank":"minor"},"geometry":{"type":"LineString","coordinates":[[6.12521,46.21338],[6.12509,46.21324],[6.12479,46.2129],[6.12464,46.21272],[6.12462,46.21269]]}},{"type":"Feature","properties":{"kind":"street","rank":"minor"},"geometry":{"type":"LineString","coordinates":[[6.12416,46.21281],[6.12462,46.21333],[6.12471,46.21347],[6.12479,46.21356]]}},{"type":"Feature","properties":{"kind":"street","rank":"minor"},"geometry":{"type":"LineString","coordinates":[[6.12641,46.21118],[6.12641,46.21141],[6.12641,46.21152],[6.12659,46.21172],[6.12664,46.21178]]}},{"type":"Feature","properties":{"kind":"street","rank":"minor"},"geometry":{"type":"LineString","coordinates":[[6.12828,46.21287],[6.1281,46.21295],[6.12791,46.21304],[6.12766,46.21315],[6.12708,46.21343],[6.12609,46.21388],[6.12576,46.21402],[6.12559,46.21411],[6.12542,46.21418],[6.12513,46.21434],[6.12404,46.21483],[6.12397,46.21487]]}},{"type":"Feature","properties":{"kind":"street","rank":"minor"},"geometry":{"type":"LineString","coordinates":[[6.12987,46.21208],[6.12976,46.21213],[6.12947,46.21228],[6.12932,46.21237],[6.12913,46.21246],[6.12892,46.21256]]}},{"type":"Feature","properties":{"kind":"street","rank":"minor"},"geometry":{"type":"LineString","coordinates":[[6.13199,46.21851],[6.13231,46.21832],[6.13246,46.21823],[6.13264,46.21812],[6.13277,46.21804],[6.13286,46.21798]]}},{"type":"Feature","properties":{"kind":"street","rank":"minor"},"geometry":{"type":"LineString","coordinates":[[6.1332,46.22053],[6.13379,46.22016],[6.13397,46.22006],[6.13434,46.21991],[6.13442,46.21987]]}},{"type":"Feature","properties":{"kind":"street","rank":"minor"},"geometry":{"type":"LineString","coordinates":[[6.13804,46.21911],[6.13794,46.21917],[6.13783,46.21925],[6.13763,46.21939],[6.1375,46.2195],[6.13706,46.21984]]}},{"type":"Feature","properties":{"kind":"street","rank":"minor"},"geometry":{"type":"LineString","coordinates":[[6.12673,46.21274],[6.12657,46.21256],[6.12645,46.21242],[6.12634,46.21229]]}},{"type":"Feature","properties":{"kind":"street","rank":"minor"},"geometry":{"type":"LineString","coordinates":[[6.17181,46.19324],[6.17378,46.19274]]}},{"type":"Feature","properties":{"kind":"street","rank":"minor"},"geometry":{"type":"LineString","coordinates":[[6.17057,46.18839],[6.17134,46.18807]]}},{"type":"Feature","properties":{"kind":"street","rank":"minor"},"geometry":{"type":"LineString","coordinates":[[6.16968,46.18768],[6.1698,46.18776],[6.17014,46.18801],[6.17039,46.18819],[6.17048,46.18828],[6.17057,46.18839],[6.17086,46.18874],[6.17036,46.18895]]}},{"type":"Feature","properties":{"kind":"street","rank":"minor"},"geometry":{"type":"LineString","coordinates":[[6.17086,46.18874],[6.1714,46.18851]]}},{"type":"Feature","properties":{"kind":"street","rank":"minor"},"geometry":{"type":"LineString","coordinates":[[6.17297,46.18505],[6.17324,46.18526],[6.17375,46.18566],[6.17375,46.1858],[6.17338,46.18603],[6.17412,46.18663],[6.17426,46.18663],[6.17475,46.18644],[6.17537,46.18585]]}},{"type":"Feature","properties":{"kind":"street","rank":"minor"},"geometry":{"type":"LineString","coordinates":[[6.13789,46.21725],[6.13763,46.21683],[6.13757,46.21674],[6.13739,46.21646],[6.13696,46.21574],[6.13769,46.21552],[6.13802,46.21622],[6.1381,46.21629],[6.13821,46.21658],[6.13824,46.21663]]}},{"type":"Feature","properties":{"kind":"street","rank":"minor"},"geometry":{"type":"LineString","coordinates":[[6.13474,46.21585],[6.13465,46.21588],[6.13426,46.21605],[6.13389,46.21623],[6.1336,46.21638],[6.13357,46.21639]]}},{"type":"Feature","properties":{"kind":"street","rank":"minor"},"geometry":{"type":"LineString","coordinates":[[6.14113,46.21893],[6.14132,46.21898],[6.14142,46.21899],[6.142,46.21902],[6.14262,46.21904],[6.14274,46.21904]]}},{"type":"Feature","properties":{"kind":"street","rank":"major"},"geometry":{"type":"LineString","coordinates":[[6.1291,46.18488],[6.12967,46.18524],[6.13027,46.18562],[6.13037,46.18569],[6.13051,46.18583],[6.13057,46.18593],[6.13063,46.18608],[6.13064,46.18617],[6.13064,46.18631],[6.13062,46.1867],[6.13062,46.18679]]}},{"type":"Feature","properties":{"kind":"street","rank":"minor"},"geometry":{"type":"LineString","coordinates":[[6.14858,46.2105],[6.14867,46.21047],[6.14949,46.21023],[6.1496,46.2102]]}},{"type":"Feature","properties":{"kind":"street","rank":"minor"},"geometry":{"type":"LineString","coordinates":[[6.14858,46.2105],[6.14841,46.21026],[6.14831,46.21012],[6.14809,46.20981],[6.14803,46.20972],[6.14789,46.20953],[6.1478,46.2094],[6.14769,46.20929]]}},{"type":"Feature","properties":{"kind":"street","rank":"major"},"geometry":{"type":"LineString","coordinates":[[6.13627,46.19776],[6.13617,46.19782],[6.13601,46.19791],[6.13581,46.19802],[6.13542,46.19825],[6.13533,46.1983],[6.13524,46.19835],[6.13449,46.19878],[6.13437,46.19885],[6.13429,46.1989],[6.13379,46.19917]]}},{"type":"Feature","properties":{"kind":"street","rank":"minor"},"geometry":{"type":"LineString","coordinates":[[6.14794,46.19439],[6.1482,46.19478],[6.14837,46.19506],[6.14841,46.19511]]}},{"type":"Feature","properties":{"kind":"street","rank":"major"},"geometry":{"type":"LineString","coordinates":[[6.15363,46.19699],[6.15331,46.19686],[6.15307,46.19677]]}},{"type":"Feature","properties":{"kind":"street","rank":"minor"},"geometry":{"type":"LineString","coordinates":[[6.15234,46.18955],[6.15221,46.18915],[6.1522,46.18904]]}},{"type":"Feature","properties":{"kind":"street","rank":"major"},"geometry":{"type":"LineString","coordinates":[[6.1476,46.19592],[6.1479,46.19615],[6.14803,46.19624]]}},{"type":"Feature","properties":{"kind":"street","rank":"major"},"geometry":{"type":"LineString","coordinates":[[6.14895,46.19125],[6.14899,46.19146],[6.14902,46.19161],[6.14907,46.19177],[6.14912,46.19185],[6.14918,46.19193],[6.14927,46.192],[6.14936,46.19206],[6.14969,46.19225],[6.14987,46.19235],[6.15001,46.19244],[6.15013,46.19254],[6.15024,46.19264],[6.15033,46.19275],[6.15039,46.19282]]}},{"type":"Feature","properties":{"kind":"street","rank":"minor"},"geometry":{"type":"LineString","coordinates":[[6.13627,46.19776],[6.13635,46.19784],[6.1365,46.19797],[6.13677,46.19821],[6.1369,46.19836],[6.13711,46.19863],[6.13718,46.19877],[6.1375,46.19949],[6.13754,46.19963],[6.13756,46.19976],[6.13758,46.19991],[6.13768,46.20047],[6.13769,46.20057],[6.13768,46.20064]]}},{"type":"Feature","properties":{"kind":"street","rank":"major"},"geometry":{"type":"LineString","coordinates":[[6.14451,46.21031],[6.14421,46.21048],[6.14413,46.21052],[6.14401,46.21061]]}},{"type":"Feature","properties":{"kind":"street","rank":"major"},"geometry":{"type":"LineString","coordinates":[[6.15214,46.21391],[6.15211,46.21403],[6.15196,46.21457],[6.15182,46.2151]]}},{"type":"Feature","properties":{"kind":"street","rank":"major"},"geometry":{"type":"LineString","coordinates":[[6.16542,46.19501],[6.16551,46.19512],[6.16555,46.19521],[6.16563,46.19538],[6.16567,46.19544]]}},{"type":"Feature","properties":{"kind":"street","rank":"minor"},"geometry":{"type":"LineString","coordinates":[[6.15486,46.19981],[6.15494,46.1998],[6.1552,46.19976],[6.15606,46.19968],[6.15618,46.19968]]}},{"type":"Feature","properties":{"kind":"street","rank":"minor"},"geometry":{"type":"LineString","coordinates":[[6.14204,46.20487],[6.14214,46.20491],[6.14284,46.2051]]}},{"type":"Feature","properties":{"kind":"street","rank":"major"},"geometry":{"type":"LineString","coordinates":[[6.15382,46.20283],[6.15371,46.20285],[6.15359,46.20288],[6.1535,46.2029],[6.15272,46.20306],[6.15265,46.20307]]}},{"type":"Feature","properties":{"kind":"street","rank":"minor"},"geometry":{"type":"LineString","coordinates":[[6.15472,46.18785],[6.15492,46.18776],[6.15514,46.18764],[6.15524,46.18759],[6.15536,46.18754],[6.15592,46.18726],[6.15641,46.18703]]}},{"type":"Feature","properties":{"kind":"street","rank":"major"},"geometry":{"type":"LineString","coordinates":[[6.15635,46.18944],[6.1565,46.18932],[6.15667,46.18916],[6.15684,46.18901],[6.15705,46.18882],[6.15719,46.18871],[6.15747,46.1885],[6.1577,46.18833],[6.1579,46.18819],[6.15799,46.18813]]}},{"type":"Feature","properties":{"kind":"street","rank":"minor"},"geometry":{"type":"LineString","coordinates":[[6.15899,46.18746],[6.15909,46.1874],[6.15948,46.18721]]}},{"type":"Feature","properties":{"kind":"street","rank":"minor"},"geometry":{"type":"LineString","coordinates":[[6.15326,46.20187],[6.15314,46.20185],[6.15304,46.20181],[6.15293,46.2018],[6.15266,46.20186],[6.15238,46.20192],[6.15227,46.20196],[6.1522,46.20203]]}},{"type":"Feature","properties":{"kind":"street","rank":"minor"},"geometry":{"type":"LineString","coordinates":[[6.15436,46.19099],[6.15386,46.19047]]}},{"type":"Feature","properties":{"kind":"street","rank":"minor"},"geometry":{"type":"LineString","coordinates":[[6.14822,46.20166],[6.14801,46.20163],[6.14792,46.20157],[6.14786,46.20148],[6.14779,46.20141]]}},{"type":"Feature","properties":{"kind":"street","rank":"minor"},"geometry":{"type":"LineString","coordinates":[[6.14739,46.20153],[6.14713,46.20131],[6.14692,46.20115],[6.14684,46.20111]]}},{"type":"Feature","properties":{"kind":"street","rank":"minor"},"geometry":{"type":"LineString","coordinates":[[6.15304,46.19856],[6.15288,46.19844],[6.1523,46.19803],[6.15182,46.19768],[6.15165,46.19755],[6.15158,46.1975]]}},{"type":"Feature","properties":{"kind":"street","rank":"minor"},"geometry":{"type":"LineString","coordinates":[[6.15158,46.1975],[6.1518,46.19735],[6.15195,46.19725],[6.15212,46.19713]]}},{"type":"Feature","properties":{"kind":"street","rank":"minor"},"geometry":{"type":"LineString","coordinates":[[6.14774,46.20048],[6.14755,46.20058],[6.1474,46.20068],[6.14711,46.2009],[6.14691,46.20105],[6.14684,46.20111]]}},{"type":"Feature","properties":{"kind":"street","rank":"minor"},"geometry":{"type":"LineString","coordinates":[[6.15304,46.19856],[6.15334,46.19836],[6.15343,46.1983],[6.15363,46.19816],[6.15379,46.19805],[6.154,46.1979],[6.15409,46.19784],[6.1542,46.19776]]}},{"type":"Feature","properties":{"kind":"street","rank":"minor"},"geometry":{"type":"LineString","coordinates":[[6.15366,46.19858],[6.15337,46.19878],[6.15314,46.19894],[6.15292,46.19908],[6.15284,46.19914],[6.15275,46.1992],[6.15243,46.19898]]}},{"type":"Feature","properties":{"kind":"street","rank":"minor"},"geometry":{"type":"LineString","coordinates":[[6.15441,46.19807],[6.15416,46.19824],[6.15392,46.1984],[6.15366,46.19858]]}},{"type":"Feature","properties":{"kind":"street","rank":"minor"},"geometry":{"type":"LineString","coordinates":[[6.15416,46.19824],[6.1544,46.19841],[6.15415,46.19856],[6.15392,46.1984]]}},{"type":"Feature","properties":{"kind":"street","rank":"minor"},"geometry":{"type":"LineString","coordinates":[[6.15302,46.20044],[6.15318,46.20086],[6.15327,46.20093]]}},{"type":"Feature","properties":{"kind":"street","rank":"minor"},"geometry":{"type":"LineString","coordinates":[[6.15366,46.19858],[6.15417,46.19894]]}},{"type":"Feature","properties":{"kind":"street","rank":"minor"},"geometry":{"type":"LineString","coordinates":[[6.15152,46.19708],[6.15177,46.19724],[6.15186,46.19731],[6.15224,46.19757],[6.1526,46.19782],[6.15296,46.19809],[6.15317,46.19823],[6.15327,46.19831],[6.15366,46.19858]]}},{"type":"Feature","properties":{"kind":"street","rank":"minor"},"geometry":{"type":"LineString","coordinates":[[6.15314,46.19894],[6.15335,46.19909],[6.15313,46.19924],[6.15292,46.19908]]}},{"type":"Feature","properties":{"kind":"street","rank":"major"},"geometry":{"type":"LineString","coordinates":[[6.12815,46.19074],[6.12816,46.19352]]}},{"type":"Feature","properties":{"kind":"street","rank":"major"},"geometry":{"type":"LineString","coordinates":[[6.12834,46.18999],[6.12834,46.19091],[6.12835,46.19131],[6.12835,46.19158],[6.12835,46.19261],[6.12836,46.19301],[6.12836,46.1934],[6.12836,46.19381]]}},{"type":"Feature","properties":{"kind":"street","rank":"major"},"geometry":{"type":"LineString","coordinates":[[6.12801,46.18988],[6.128,46.18947],[6.12797,46.18889],[6.12796,46.18858],[6.12797,46.18824],[6.12798,46.18815],[6.12798,46.18803],[6.128,46.18781]]}},{"type":"Feature","properties":{"kind":"street","rank":"minor"},"geometry":{"type":"LineString","coordinates":[[6.13941,46.21646],[6.13929,46.21701],[6.13927,46.21709],[6.13929,46.21736],[6.1393,46.21747],[6.13931,46.21759],[6.13932,46.21761]]}},{"type":"Feature","properties":{"kind":"street","rank":"minor"},"geometry":{"type":"LineString","coordinates":[[6.13804,46.21911],[6.13794,46.21904],[6.13774,46.21889],[6.13749,46.21871],[6.13725,46.21853],[6.13709,46.21837],[6.13641,46.21764],[6.1362,46.21741],[6.13613,46.21734]]}},{"type":"Feature","properties":{"kind":"street","rank":"major"},"geometry":{"type":"LineString","coordinates":[[6.15202,46.20193],[6.15197,46.20182],[6.15191,46.20169],[6.15185,46.20154],[6.15182,46.20146],[6.15184,46.20131]]}},{"type":"Feature","properties":{"kind":"street","rank":"major"},"geometry":{"type":"LineString","coordinates":[[6.14673,46.18711],[6.14661,46.18635]]}},{"type":"Feature","properties":{"kind":"street","rank":"minor"},"geometry":{"type":"LineString","coordinates":[[6.15313,46.19924],[6.15335,46.19909],[6.15314,46.19894],[6.15292,46.19908],[6.15313,46.19924]]}},{"type":"Feature","properties":{"kind":"street","rank":"minor"},"geometry":{"type":"LineString","coordinates":[[6.15056,46.1992],[6.15066,46.19913],[6.15089,46.19898],[6.15111,46.19882],[6.1513,46.1987],[6.15139,46.19864]]}},{"type":"Feature","properties":{"kind":"street","rank":"major"},"geometry":{"type":"LineString","coordinates":[[6.13362,46.21505],[6.13283,46.21531],[6.13274,46.21534],[6.13236,46.21546],[6.13179,46.21565]]}},{"type":"Feature","properties":{"kind":"street","rank":"major"},"geometry":{"type":"LineString","coordinates":[[6.13368,46.21863],[6.13353,46.21851],[6.13328,46.21832],[6.13286,46.21798],[6.13258,46.21776]]}},{"type":"Feature","properties":{"kind":"street","rank":"major"},"geometry":{"type":"LineString","coordinates":[[6.15538,46.19824],[6.15526,46.19816],[6.15504,46.19799],[6.15497,46.19794]]}},{"type":"Feature","properties":{"kind":"street","rank":"minor"},"geometry":{"type":"LineString","coordinates":[[6.15371,46.19757],[6.15336,46.19781],[6.15325,46.19789],[6.15301,46.19805],[6.15296,46.19809]]}},{"type":"Feature","properties":{"kind":"street","rank":"minor"},"geometry":{"type":"LineString","coordinates":[[6.153,46.19706],[6.15249,46.19741],[6.15229,46.19754],[6.15224,46.19757]]}},{"type":"Feature","properties":{"kind":"street","rank":"major"},"geometry":{"type":"LineString","coordinates":[[6.16093,46.20093],[6.16167,46.20063],[6.16179,46.20058]]}},{"type":"Feature","properties":{"kind":"street","rank":"major"},"geometry":{"type":"LineString","coordinates":[[6.17493,46.20689],[6.17504,46.20687],[6.17513,46.2068],[6.17525,46.20667],[6.17537,46.20652],[6.17552,46.20633],[6.17564,46.20618],[6.17572,46.20607]]}},{"type":"Feature","properties":{"kind":"street","rank":"major"},"geometry":{"type":"LineString","coordinates":[[6.13937,46.20135],[6.13954,46.20131],[6.13997,46.20124],[6.14004,46.20122]]}},{"type":"Feature","properties":{"kind":"street","rank":"minor"},"geometry":{"type":"LineString","coordinates":[[6.15594,46.20204],[6.15582,46.20207],[6.15517,46.2022],[6.15509,46.20222]]}},{"type":"Feature","properties":{"kind":"street","rank":"minor"},"geometry":{"type":"LineString","coordinates":[[6.15827,46.20164],[6.15812,46.20103]]}},{"type":"Feature","properties":{"kind":"street","rank":"minor"},"geometry":{"type":"LineString","coordinates":[[6.15781,46.20169],[6.15766,46.20109],[6.15763,46.201]]}},{"type":"Feature","properties":{"kind":"street","rank":"major"},"geometry":{"type":"LineString","coordinates":[[6.12689,46.20841],[6.12653,46.20844],[6.12642,46.20844],[6.12613,46.20846],[6.12603,46.20847]]}},{"type":"Feature","properties":{"kind":"street","rank":"minor"},"geometry":{"type":"LineString","coordinates":[[6.1255,46.20438],[6.12537,46.20438],[6.12524,46.20436],[6.12493,46.20432],[6.1248,46.20432]]}},{"type":"Feature","properties":{"kind":"street","rank":"minor"},"geometry":{"type":"LineString","coordinates":[[6.12564,46.20799],[6.12555,46.20788],[6.12545,46.20781],[6.12518,46.20775],[6.12469,46.20764],[6.12403,46.20749],[6.12367,46.20741]]}},{"type":"Feature","properties":{"kind":"street","rank":"minor"},"geometry":{"type":"LineString","coordinates":[[6.15871,46.20159],[6.15863,46.2012],[6.15856,46.20089]]}},{"type":"Feature","properties":{"kind":"street","rank":"minor"},"geometry":{"type":"LineString","coordinates":[[6.15866,46.20239],[6.15857,46.20236],[6.15843,46.20232],[6.1582,46.20232],[6.15806,46.20231],[6.15802,46.20229]]}},{"type":"Feature","properties":{"kind":"street","rank":"minor"},"geometry":{"type":"LineString","coordinates":[[6.15784,46.2021],[6.15747,46.20183],[6.15772,46.20176],[6.15873,46.20164],[6.15793,46.20206],[6.15784,46.2021]]}},{"type":"Feature","properties":{"kind":"street","rank":"minor"},"geometry":{"type":"LineString","coordinates":[[6.15695,46.20038],[6.15695,46.2006],[6.15703,46.20082],[6.15705,46.20085]]}},{"type":"Feature","properties":{"kind":"street","rank":"minor"},"geometry":{"type":"LineString","coordinates":[[6.15651,46.20095],[6.15639,46.20047]]}},{"type":"Feature","properties":{"kind":"street","rank":"minor"},"geometry":{"type":"LineString","coordinates":[[6.15592,46.20034],[6.15608,46.20037],[6.15616,46.20036],[6.15672,46.20024]]}},{"type":"Feature","properties":{"kind":"street","rank":"minor"},"geometry":{"type":"LineString","coordinates":[[6.15743,46.20038],[6.15708,46.20038],[6.15695,46.20038],[6.15678,46.20037],[6.15667,46.20037],[6.15639,46.20047]]}},{"type":"Feature","properties":{"kind":"street","rank":"minor"},"geometry":{"type":"LineString","coordinates":[[6.15756,46.19967],[6.15745,46.19972],[6.15739,46.20013],[6.1574,46.2003],[6.15755,46.20071],[6.15756,46.20075]]}},{"type":"Feature","properties":{"kind":"street","rank":"minor"},"geometry":{"type":"LineString","coordinates":[[6.15733,46.19947],[6.15722,46.19951],[6.15713,46.19953],[6.15701,46.19958],[6.15682,46.19965],[6.15675,46.19995],[6.15661,46.19996],[6.15616,46.19995],[6.15607,46.19995]]}},{"type":"Feature","properties":{"kind":"street","rank":"minor"},"geometry":{"type":"LineString","coordinates":[[6.16333,46.194],[6.16345,46.19409],[6.16353,46.19417],[6.16375,46.19445],[6.16394,46.19481],[6.16406,46.19511],[6.1641,46.19521]]}},{"type":"Feature","properties":{"kind":"street","rank":"minor"},"geometry":{"type":"LineString","coordinates":[[6.15126,46.1965],[6.15176,46.19684],[6.1518,46.19688]]}},{"type":"Feature","properties":{"kind":"street","rank":"minor"},"geometry":{"type":"LineString","coordinates":[[6.14273,46.2191],[6.14261,46.2191],[6.142,46.21907],[6.14147,46.21905],[6.14141,46.21905]]}},{"type":"Feature","properties":{"kind":"street","rank":"minor"},"geometry":{"type":"LineString","coordinates":[[6.16133,46.19946],[6.16058,46.1997],[6.16029,46.19939]]}},{"type":"Feature","properties":{"kind":"street","rank":"minor"},"geometry":{"type":"LineString","coordinates":[[6.1609,46.1988],[6.15941,46.19927]]}},{"type":"Feature","properties":{"kind":"street","rank":"minor"},"geometry":{"type":"LineString","coordinates":[[6.14882,46.19682],[6.14811,46.1973],[6.14801,46.19737],[6.14791,46.19744],[6.14712,46.19798],[6.14701,46.19805],[6.14683,46.19816],[6.14677,46.19821]]}},{"type":"Feature","properties":{"kind":"street","rank":"minor"},"geometry":{"type":"LineString","coordinates":[[6.14299,46.19959],[6.14301,46.19944],[6.143,46.19934],[6.14296,46.19834],[6.14293,46.19826]]}},{"type":"Feature","properties":{"kind":"street","rank":"minor"},"geometry":{"type":"LineString","coordinates":[[6.14197,46.20095],[6.14208,46.2008],[6.14224,46.20057],[6.14228,46.20052]]}},{"type":"Feature","properties":{"kind":"street","rank":"major"},"geometry":{"type":"LineString","coordinates":[[6.13795,46.20139],[6.13863,46.2014],[6.13904,46.20141]]}},{"type":"Feature","properties":{"kind":"street","rank":"minor"},"geometry":{"type":"LineString","coordinates":[[6.14928,46.19977],[6.14944,46.19938],[6.14945,46.19925],[6.1494,46.19892]]}},{"type":"Feature","properties":{"kind":"street","rank":"minor"},"geometry":{"type":"LineString","coordinates":[[6.14352,46.18817],[6.1432,46.18825],[6.14299,46.18831],[6.14289,46.18837]]}},{"type":"Feature","properties":{"kind":"street","rank":"major"},"geometry":{"type":"LineString","coordinates":[[6.14292,46.20948],[6.14308,46.20964],[6.14382,46.21031]]}},{"type":"Feature","properties":{"kind":"street","rank":"major"},"geometry":{"type":"LineString","coordinates":[[6.14504,46.19698],[6.14402,46.19743],[6.14373,46.19755]]}},{"type":"Feature","properties":{"kind":"street","rank":"minor"},"geometry":{"type":"LineString","coordinates":[[6.14841,46.19984],[6.14849,46.19988],[6.14859,46.1999],[6.14882,46.19994],[6.14894,46.19996],[6.14911,46.19998],[6.14923,46.2]]}},{"type":"Feature","properties":{"kind":"street","rank":"minor"},"geometry":{"type":"LineString","coordinates":[[6.14607,46.19096],[6.14684,46.19072],[6.14734,46.19057],[6.14745,46.19063],[6.14755,46.19074]]}},{"type":"Feature","properties":{"kind":"street","rank":"minor"},"geometry":{"type":"LineString","coordinates":[[6.14729,46.18991],[6.14708,46.18956],[6.14707,46.18944],[6.14713,46.18936],[6.1485,46.18891],[6.14855,46.18889]]}},{"type":"Feature","properties":{"kind":"street","rank":"minor"},"geometry":{"type":"LineString","coordinates":[[6.1427,46.19153],[6.14273,46.19144],[6.14261,46.19106],[6.14255,46.19087],[6.14247,46.19062]]}},{"type":"Feature","properties":{"kind":"street","rank":"minor"},"geometry":{"type":"LineString","coordinates":[[6.14155,46.1913],[6.14168,46.19103],[6.1419,46.19058],[6.14196,46.19045]]}},{"type":"Feature","properties":{"kind":"street","rank":"major"},"geometry":{"type":"LineString","coordinates":[[6.13035,46.21516],[6.13012,46.21478],[6.13003,46.21462],[6.12997,46.21453]]}},{"type":"Feature","properties":{"kind":"street","rank":"minor"},"geometry":{"type":"LineString","coordinates":[[6.13798,46.21907],[6.13817,46.21896],[6.13847,46.21879],[6.13864,46.21879]]}},{"type":"Feature","properties":{"kind":"street","rank":"minor"},"geometry":{"type":"LineString","coordinates":[[6.14014,46.22057],[6.13996,46.22045],[6.1397,46.22029],[6.13926,46.22001],[6.13889,46.21974],[6.13875,46.21963],[6.13866,46.21957],[6.13835,46.21934],[6.13804,46.21911]]}},{"type":"Feature","properties":{"kind":"street","rank":"minor"},"geometry":{"type":"LineString","coordinates":[[6.14583,46.1959],[6.14593,46.19572],[6.14602,46.19554],[6.14607,46.19536]]}},{"type":"Feature","properties":{"kind":"street","rank":"major"},"geometry":{"type":"LineString","coordinates":[[6.15252,46.2031],[6.15197,46.20322],[6.15171,46.20327]]}},{"type":"Feature","properties":{"kind":"street","rank":"major"},"geometry":{"type":"LineString","coordinates":[[6.15682,46.20182],[6.15667,46.2019],[6.15651,46.202],[6.15636,46.20209]]}},{"type":"Feature","properties":{"kind":"street","rank":"minor"},"geometry":{"type":"LineString","coordinates":[[6.14445,46.19121],[6.14432,46.19082],[6.14432,46.19078]]}},{"type":"Feature","properties":{"kind":"street","rank":"major"},"geometry":{"type":"LineString","coordinates":[[6.14759,46.19352],[6.14751,46.19347],[6.1474,46.19339],[6.14727,46.19324],[6.1472,46.19315],[6.14682,46.19253]]}},{"type":"Feature","properties":{"kind":"street","rank":"major"},"geometry":{"type":"LineString","coordinates":[[6.14589,46.19101],[6.14598,46.19115],[6.14606,46.19128],[6.14643,46.19189]]}},{"type":"Feature","properties":{"kind":"street","rank":"minor"},"geometry":{"type":"LineString","coordinates":[[6.15516,46.2039],[6.15524,46.20392],[6.15564,46.2041],[6.15569,46.20413]]}},{"type":"Feature","properties":{"kind":"street","rank":"minor"},"geometry":{"type":"LineString","coordinates":[[6.13508,46.20678],[6.13492,46.20683],[6.13477,46.20688],[6.13401,46.20712],[6.13392,46.20715]]}},{"type":"Feature","properties":{"kind":"street","rank":"minor"},"geometry":{"type":"LineString","coordinates":[[6.13601,46.20814],[6.13542,46.20727],[6.13508,46.20678]]}},{"type":"Feature","properties":{"kind":"street","rank":"minor"},"geometry":{"type":"LineString","coordinates":[[6.16194,46.20582],[6.16232,46.20615],[6.16236,46.2062]]}},{"type":"Feature","properties":{"kind":"street","rank":"minor"},"geometry":{"type":"LineString","coordinates":[[6.15944,46.20282],[6.159,46.20326],[6.15896,46.20331]]}},{"type":"Feature","properties":{"kind":"street","rank":"minor"},"geometry":{"type":"LineString","coordinates":[[6.1509,46.20009],[6.15122,46.20042],[6.1513,46.20051],[6.15149,46.20064],[6.15166,46.20059],[6.15176,46.20053],[6.15164,46.20031],[6.15169,46.20019],[6.15126,46.19987],[6.1509,46.20009]]}},{"type":"Feature","properties":{"kind":"street","rank":"minor"},"geometry":{"type":"LineString","coordinates":[[6.1657,46.20472],[6.16561,46.20466],[6.16489,46.2042],[6.16483,46.20412]]}},{"type":"Feature","properties":{"kind":"street","rank":"minor"},"geometry":{"type":"LineString","coordinates":[[6.16483,46.20412],[6.16458,46.20431],[6.16447,46.20431],[6.16377,46.20482]]}},{"type":"Feature","properties":{"kind":"street","rank":"minor"},"geometry":{"type":"LineString","coordinates":[[6.16465,46.20401],[6.16483,46.20412],[6.16496,46.20416],[6.16566,46.20462],[6.16576,46.20468]]}},{"type":"Feature","properties":{"kind":"street","rank":"minor"},"geometry":{"type":"LineString","coordinates":[[6.16477,46.19179],[6.16451,46.19158],[6.16424,46.19137],[6.16411,46.19128],[6.1636,46.19094]]}},{"type":"Feature","properties":{"kind":"street","rank":"major"},"geometry":{"type":"LineString","coordinates":[[6.15899,46.18746],[6.15909,46.18757],[6.15923,46.18772],[6.15932,46.18782],[6.15996,46.18854],[6.15999,46.18857]]}},{"type":"Feature","properties":{"kind":"street","rank":"major"},"geometry":{"type":"LineString","coordinates":[[6.16586,46.19611],[6.16581,46.19603],[6.16576,46.19595],[6.16563,46.19567],[6.16557,46.19552],[6.16552,46.19541],[6.16542,46.19515]]}},{"type":"Feature","properties":{"kind":"street","rank":"major"},"geometry":{"type":"LineString","coordinates":[[6.15785,46.18633],[6.15803,46.18642],[6.15848,46.18691]]}},{"type":"Feature","properties":{"kind":"street","rank":"minor"},"geometry":{"type":"LineString","coordinates":[[6.16022,46.18858],[6.1608,46.18835]]}},{"type":"Feature","properties":{"kind":"street","rank":"minor"},"geometry":{"type":"LineString","coordinates":[[6.14304,46.20483],[6.14212,46.20464]]}},{"type":"Feature","properties":{"kind":"street","rank":"minor"},"geometry":{"type":"LineString","coordinates":[[6.14321,46.20441],[6.14303,46.2044],[6.14276,46.20434],[6.14262,46.20432]]}},{"type":"Feature","properties":{"kind":"street","rank":"minor"},"geometry":{"type":"LineString","coordinates":[[6.13023,46.20596],[6.13012,46.20595],[6.12999,46.20594],[6.12982,46.20594],[6.12948,46.20598],[6.12937,46.20599],[6.12927,46.20601],[6.12892,46.20609],[6.12857,46.20617],[6.12848,46.2062],[6.12775,46.20645],[6.12766,46.20648],[6.12757,46.20651],[6.12726,46.20662],[6.12661,46.20684]]}},{"type":"Feature","properties":{"kind":"street","rank":"minor"},"geometry":{"type":"LineString","coordinates":[[6.12459,46.20853],[6.12484,46.20848],[6.12478,46.20834],[6.12473,46.20824],[6.12497,46.20819],[6.12547,46.20804],[6.12538,46.20799],[6.12521,46.20795],[6.12473,46.20784],[6.12463,46.20781],[6.12458,46.2079],[6.12467,46.2081],[6.12452,46.20813],[6.12438,46.20779],[6.12427,46.20777],[6.12443,46.20813],[6.12459,46.20853]]}},{"type":"Feature","properties":{"kind":"street","rank":"minor"},"geometry":{"type":"LineString","coordinates":[[6.13956,46.20675],[6.13958,46.20658],[6.13967,46.20656],[6.13996,46.20659],[6.14015,46.2066],[6.13994,46.20674],[6.13984,46.20678],[6.1396,46.20677],[6.13956,46.20675]]}},{"type":"Feature","properties":{"kind":"street","rank":"minor"},"geometry":{"type":"LineString","coordinates":[[6.13428,46.20753],[6.1341,46.2076],[6.13397,46.20764],[6.13321,46.20791],[6.13303,46.20797],[6.13274,46.20806],[6.13225,46.2082]]}},{"type":"Feature","properties":{"kind":"street","rank":"minor"},"geometry":{"type":"LineString","coordinates":[[6.13264,46.20752],[6.13214,46.20773],[6.13197,46.20778]]}},{"type":"Feature","properties":{"kind":"street","rank":"minor"},"geometry":{"type":"LineString","coordinates":[[6.13016,46.20425],[6.13013,46.20435],[6.12997,46.20491],[6.12995,46.20497]]}},{"type":"Feature","properties":{"kind":"street","rank":"minor"},"geometry":{"type":"LineString","coordinates":[[6.13199,46.19593],[6.13216,46.196],[6.13228,46.19602],[6.13238,46.19608],[6.13245,46.19618],[6.13249,46.19626],[6.13262,46.19637]]}},{"type":"Feature","properties":{"kind":"street","rank":"minor"},"geometry":{"type":"LineString","coordinates":[[6.12915,46.19979],[6.12936,46.19999],[6.12976,46.20038],[6.1298,46.20043]]}},{"type":"Feature","properties":{"kind":"street","rank":"minor"},"geometry":{"type":"LineString","coordinates":[[6.13845,46.19171],[6.13853,46.19166],[6.13864,46.19168],[6.13866,46.19176],[6.13857,46.19181],[6.13847,46.19178],[6.13845,46.19171]]}},{"type":"Feature","properties":{"kind":"street","rank":"minor"},"geometry":{"type":"LineString","coordinates":[[6.14111,46.18737],[6.14131,46.18775],[6.1416,46.1875],[6.14169,46.18742],[6.14187,46.18723],[6.14177,46.18718],[6.14169,46.18719],[6.1414,46.18728],[6.14126,46.18733],[6.14118,46.18735],[6.14111,46.18737]]}},{"type":"Feature","properties":{"kind":"street","rank":"minor"},"geometry":{"type":"LineString","coordinates":[[6.14713,46.19846],[6.14742,46.19825],[6.14822,46.19771],[6.14836,46.19762]]}},{"type":"Feature","properties":{"kind":"street","rank":"minor"},"geometry":{"type":"LineString","coordinates":[[6.14848,46.19771],[6.14838,46.19779],[6.14754,46.19834],[6.1473,46.1985],[6.14724,46.19854]]}},{"type":"Feature","properties":{"kind":"street","rank":"minor"},"geometry":{"type":"LineString","coordinates":[[6.15084,46.19679],[6.15132,46.19712]]}},{"type":"Feature","properties":{"kind":"street","rank":"minor"},"geometry":{"type":"LineString","coordinates":[[6.14325,46.1965],[6.14377,46.19655],[6.14443,46.19663]]}},{"type":"Feature","properties":{"kind":"street","rank":"minor"},"geometry":{"type":"LineString","coordinates":[[6.14821,46.20087],[6.1481,46.20091],[6.14794,46.20097],[6.14784,46.20084],[6.14797,46.20079],[6.14812,46.20072],[6.14822,46.2008],[6.14821,46.20087]]}},{"type":"Feature","properties":{"kind":"street","rank":"minor"},"geometry":{"type":"LineString","coordinates":[[6.14794,46.20097],[6.14766,46.20107],[6.14777,46.20118],[6.14763,46.20124],[6.1477,46.20132],[6.14777,46.20142],[6.14784,46.20156],[6.14788,46.20164],[6.14805,46.20166],[6.14818,46.20168],[6.14811,46.20141],[6.14807,46.20125],[6.14801,46.20115],[6.14801,46.20106],[6.14826,46.20095],[6.14821,46.20087],[6.1481,46.20091],[6.14794,46.20097]]}},{"type":"Feature","properties":{"kind":"street","rank":"minor"},"geometry":{"type":"LineString","coordinates":[[6.14589,46.20739],[6.14603,46.20749],[6.14619,46.20761],[6.14631,46.20769]]}},{"type":"Feature","properties":{"kind":"street","rank":"minor"},"geometry":{"type":"LineString","coordinates":[[6.14151,46.19966],[6.14159,46.19969],[6.142,46.19984],[6.14252,46.20002],[6.14262,46.20006]]}},{"type":"Feature","properties":{"kind":"street","rank":"minor"},"geometry":{"type":"LineString","coordinates":[[6.14542,46.20899],[6.14595,46.20946],[6.146,46.2095]]}},{"type":"Feature","properties":{"kind":"street","rank":"minor"},"geometry":{"type":"LineString","coordinates":[[6.14628,46.20935],[6.14575,46.20888],[6.1457,46.20884]]}},{"type":"Feature","properties":{"kind":"street","rank":"minor"},"geometry":{"type":"LineString","coordinates":[[6.14604,46.20865],[6.14594,46.2087],[6.1457,46.20884],[6.14542,46.20899],[6.14516,46.20913],[6.14508,46.20917]]}},{"type":"Feature","properties":{"kind":"street","rank":"minor"},"geometry":{"type":"LineString","coordinates":[[6.14937,46.21162],[6.14861,46.21185],[6.14843,46.21191],[6.14809,46.21202]]}},{"type":"Feature","properties":{"kind":"street","rank":"minor"},"geometry":{"type":"LineString","coordinates":[[6.15201,46.21096],[6.1518,46.21108],[6.15146,46.21114],[6.15133,46.21102],[6.15102,46.21074],[6.15096,46.21069]]}},{"type":"Feature","properties":{"kind":"street","rank":"minor"},"geometry":{"type":"LineString","coordinates":[[6.15236,46.21264],[6.15207,46.21236],[6.15242,46.21235],[6.15242,46.2125],[6.15239,46.21261],[6.15236,46.21264]]}},{"type":"Feature","properties":{"kind":"street","rank":"minor"},"geometry":{"type":"LineString","coordinates":[[6.15117,46.21169],[6.15078,46.21133],[6.15076,46.21162],[6.15076,46.21176],[6.15086,46.21176],[6.15119,46.21175],[6.15117,46.21169]]}},{"type":"Feature","properties":{"kind":"street","rank":"minor"},"geometry":{"type":"LineString","coordinates":[[6.15087,46.2118],[6.15088,46.2122],[6.15089,46.21225]]}},{"type":"Feature","properties":{"kind":"street","rank":"minor"},"geometry":{"type":"LineString","coordinates":[[6.14196,46.20902],[6.14206,46.20902],[6.14214,46.209],[6.14213,46.20892],[6.14195,46.2089],[6.14196,46.20899],[6.14196,46.20902]]}},{"type":"Feature","properties":{"kind":"street","rank":"major"},"geometry":{"type":"LineString","coordinates":[[6.16508,46.20001],[6.16529,46.19999],[6.16553,46.19999],[6.1658,46.19999]]}},{"type":"Feature","properties":{"kind":"street","rank":"minor"},"geometry":{"type":"LineString","coordinates":[[6.16175,46.19995],[6.16191,46.19994],[6.16228,46.19994],[6.16242,46.19995]]}},{"type":"Feature","properties":{"kind":"street","rank":"major"},"geometry":{"type":"LineString","coordinates":[[6.17105,46.20014],[6.17083,46.20014],[6.1706,46.20013],[6.1691,46.20011],[6.16881,46.20011],[6.16871,46.20011],[6.16863,46.20011]]}},{"type":"Feature","properties":{"kind":"street","rank":"major"},"geometry":{"type":"LineString","coordinates":[[6.17422,46.19974],[6.17405,46.19976],[6.17374,46.19981],[6.17315,46.19989],[6.17303,46.19991],[6.17282,46.19994],[6.17205,46.20005],[6.17188,46.20007],[6.17168,46.20009],[6.17151,46.20011],[6.17137,46.20012],[6.17122,46.20013],[6.17105,46.20014]]}},{"type":"Feature","properties":{"kind":"street","rank":"minor"},"geometry":{"type":"LineString","coordinates":[[6.16175,46.19995],[6.16162,46.19982],[6.16133,46.19946],[6.16107,46.19911],[6.16102,46.19901],[6.1609,46.1988],[6.16089,46.19869],[6.16081,46.19855],[6.16075,46.19844],[6.16041,46.19788],[6.16034,46.19776]]}},{"type":"Feature","properties":{"kind":"street","rank":"minor"},"geometry":{"type":"LineString","coordinates":[[6.14924,46.20175],[6.14915,46.20177],[6.14913,46.20165],[6.14923,46.20159],[6.14937,46.20156],[6.14938,46.20134],[6.14948,46.20133],[6.14951,46.20144],[6.14961,46.20165],[6.14924,46.20175]]}},{"type":"Feature","properties":{"kind":"street","rank":"minor"},"geometry":{"type":"LineString","coordinates":[[6.15756,46.20075],[6.158,46.20067],[6.15819,46.20061],[6.15865,46.20053],[6.15877,46.20051],[6.15893,46.20049],[6.15901,46.20047]]}},{"type":"Feature","properties":{"kind":"street","rank":"minor"},"geometry":{"type":"LineString","coordinates":[[6.15651,46.20095],[6.15674,46.20091],[6.15705,46.20085],[6.15732,46.2008],[6.15756,46.20075]]}},{"type":"Feature","properties":{"kind":"street","rank":"minor"},"geometry":{"type":"LineString","coordinates":[[6.15901,46.20047],[6.15927,46.20044],[6.15986,46.20032],[6.16081,46.20013]]}},{"type":"Feature","properties":{"kind":"street","rank":"minor"},"geometry":{"type":"LineString","coordinates":[[6.16065,46.20346],[6.16086,46.20326],[6.16134,46.20279],[6.16146,46.20267],[6.1617,46.20243]]}},{"type":"Feature","properties":{"kind":"street","rank":"minor"},"geometry":{"type":"LineString","coordinates":[[6.15563,46.20111],[6.15582,46.20108],[6.15651,46.20095]]}},{"type":"Feature","properties":{"kind":"street","rank":"major"},"geometry":{"type":"LineString","coordinates":[[6.14046,46.20864],[6.14056,46.20849],[6.14067,46.20835],[6.14073,46.20825],[6.14076,46.2082]]}},{"type":"Feature","properties":{"kind":"street","rank":"minor"},"geometry":{"type":"LineString","coordinates":[[6.15844,46.20261],[6.15808,46.20234],[6.15802,46.20229]]}},{"type":"Feature","properties":{"kind":"street","rank":"minor"},"geometry":{"type":"LineString","coordinates":[[6.153,46.1941],[6.15343,46.19459]]}},{"type":"Feature","properties":{"kind":"street","rank":"minor"},"geometry":{"type":"LineString","coordinates":[[6.12509,46.1934],[6.12515,46.19373],[6.12517,46.19386],[6.12593,46.19385],[6.12605,46.19384],[6.12623,46.19382],[6.12643,46.19375],[6.12665,46.19367]]}},{"type":"Feature","properties":{"kind":"street","rank":"minor"},"geometry":{"type":"LineString","coordinates":[[6.12464,46.19342],[6.12439,46.19325],[6.122,46.19151],[6.1219,46.19146],[6.12169,46.19143],[6.12154,46.19141],[6.12147,46.1914]]}},{"type":"Feature","properties":{"kind":"street","rank":"minor"},"geometry":{"type":"LineString","coordinates":[[6.12975,46.19148],[6.12972,46.1913],[6.12972,46.1912],[6.12972,46.19102],[6.12958,46.19095]]}},{"type":"Feature","properties":{"kind":"street","rank":"minor"},"geometry":{"type":"LineString","coordinates":[[6.13303,46.18818],[6.13273,46.18803],[6.13241,46.18788]]}},{"type":"Feature","properties":{"kind":"street","rank":"major"},"geometry":{"type":"LineString","coordinates":[[6.13046,46.18689],[6.13054,46.1868],[6.13062,46.18679],[6.13072,46.18684],[6.13072,46.18694],[6.13062,46.18699],[6.13053,46.18698],[6.13046,46.18689]]}},{"type":"Feature","properties":{"kind":"street","rank":"minor"},"geometry":{"type":"LineString","coordinates":[[6.15263,46.20045],[6.15298,46.20032],[6.15326,46.20013],[6.15317,46.20007],[6.15292,46.20024],[6.15262,46.20044],[6.15263,46.20045]]}},{"type":"Feature","properties":{"kind":"street","rank":"minor"},"geometry":{"type":"LineString","coordinates":[[6.15073,46.20131],[6.15096,46.20121],[6.15121,46.20108],[6.15158,46.20092]]}},{"type":"Feature","properties":{"kind":"street","rank":"minor"},"geometry":{"type":"LineString","coordinates":[[6.13218,46.21381],[6.13161,46.21332],[6.13129,46.21304],[6.13123,46.21299]]}},{"type":"Feature","properties":{"kind":"street","rank":"major"},"geometry":{"type":"LineString","coordinates":[[6.15093,46.21695],[6.15081,46.2171],[6.15072,46.21721],[6.15054,46.21741],[6.15041,46.21756],[6.15029,46.21768],[6.15016,46.21781],[6.15001,46.21795]]}},{"type":"Feature","properties":{"kind":"street","rank":"minor"},"geometry":{"type":"LineString","coordinates":[[6.13734,46.18764],[6.13747,46.18763],[6.13806,46.18761],[6.1381,46.1876]]}},{"type":"Feature","properties":{"kind":"street","rank":"minor"},"geometry":{"type":"LineString","coordinates":[[6.14534,46.18637],[6.1451,46.1864],[6.14498,46.18642],[6.14467,46.18645],[6.1443,46.1865],[6.14419,46.18654],[6.14392,46.18659],[6.14357,46.18665],[6.14331,46.18671],[6.14325,46.18673]]}},{"type":"Feature","properties":{"kind":"street","rank":"minor"},"geometry":{"type":"LineString","coordinates":[[6.14912,46.20012],[6.14921,46.20025],[6.14923,46.20048],[6.14927,46.20056],[6.14945,46.20083],[6.14945,46.20091],[6.14946,46.20104]]}},{"type":"Feature","properties":{"kind":"street","rank":"minor"},"geometry":{"type":"LineString","coordinates":[[6.15067,46.1904],[6.15089,46.19068],[6.15127,46.19118],[6.15136,46.19132]]}},{"type":"Feature","properties":{"kind":"street","rank":"minor"},"geometry":{"type":"LineString","coordinates":[[6.16923,46.20094],[6.16935,46.20102],[6.16935,46.2011],[6.16926,46.20113],[6.16917,46.20109],[6.16923,46.201],[6.16923,46.20094]]}},{"type":"Feature","properties":{"kind":"street","rank":"minor"},"geometry":{"type":"LineString","coordinates":[[6.16578,46.19139],[6.16598,46.19152],[6.16621,46.19168],[6.16648,46.19194],[6.16658,46.19204],[6.16699,46.19238],[6.16707,46.19244]]}},{"type":"Feature","properties":{"kind":"street","rank":"minor"},"geometry":{"type":"LineString","coordinates":[[6.16142,46.19621],[6.16156,46.19634],[6.16209,46.19703],[6.16218,46.19714]]}},{"type":"Feature","properties":{"kind":"street","rank":"minor"},"geometry":{"type":"LineString","coordinates":[[6.17525,46.19954],[6.1757,46.20013]]}},{"type":"Feature","properties":{"kind":"street","rank":"minor"},"geometry":{"type":"LineString","coordinates":[[6.17631,46.20172],[6.17575,46.20203],[6.17557,46.20213],[6.17491,46.20249]]}},{"type":"Feature","properties":{"kind":"street","rank":"minor"},"geometry":{"type":"LineString","coordinates":[[6.14597,46.20219],[6.14622,46.2022],[6.14632,46.20219],[6.14641,46.20217],[6.1467,46.20209],[6.14679,46.20205],[6.14688,46.202],[6.14717,46.20183],[6.14742,46.2017],[6.14744,46.20169]]}},{"type":"Feature","properties":{"kind":"street","rank":"major"},"geometry":{"type":"LineString","coordinates":[[6.1751,46.19337],[6.17536,46.19336],[6.17558,46.19335],[6.17583,46.19334],[6.17592,46.19334]]}},{"type":"Feature","properties":{"kind":"street","rank":"major"},"geometry":{"type":"LineString","coordinates":[[6.17309,46.21164],[6.17323,46.2116],[6.17339,46.21155],[6.17358,46.21149],[6.17385,46.21139],[6.17397,46.21136],[6.17406,46.21133],[6.1742,46.21131],[6.17431,46.21131],[6.17442,46.21134],[6.17453,46.21138],[6.17468,46.21144],[6.17482,46.21151],[6.175,46.21162],[6.17531,46.21181],[6.17544,46.21191],[6.17559,46.21202],[6.17605,46.21234],[6.17642,46.21259],[6.17686,46.21286],[6.17758,46.21332],[6.17788,46.21352],[6.17832,46.21384],[6.17848,46.21395],[6.17863,46.21407]]}},{"type":"Feature","properties":{"kind":"street","rank":"major"},"geometry":{"type":"LineString","coordinates":[[6.14139,46.21188],[6.1413,46.21217],[6.14123,46.21237],[6.14121,46.21251],[6.14121,46.21259],[6.14121,46.21269],[6.14122,46.21277]]}},{"type":"Feature","properties":{"kind":"street","rank":"major"},"geometry":{"type":"LineString","coordinates":[[6.14131,46.21356],[6.14133,46.21381],[6.14136,46.21413],[6.14137,46.21421],[6.14138,46.21438],[6.14141,46.21471]]}},{"type":"Feature","properties":{"kind":"street","rank":"minor"},"geometry":{"type":"LineString","coordinates":[[6.14208,46.2071],[6.14213,46.20719],[6.14217,46.20727],[6.1423,46.20751],[6.14234,46.2076],[6.14241,46.20775],[6.1425,46.208],[6.14252,46.20806]]}},{"type":"Feature","properties":{"kind":"street","rank":"major"},"geometry":{"type":"LineString","coordinates":[[6.1614,46.18997],[6.16152,46.19006],[6.16163,46.19015],[6.16172,46.19022],[6.16272,46.19111],[6.16275,46.19114]]}},{"type":"Feature","properties":{"kind":"street","rank":"major"},"geometry":{"type":"LineString","coordinates":[[6.16714,46.18983],[6.16714,46.18973],[6.16727,46.18952],[6.16739,46.18933],[6.16753,46.18922]]}},{"type":"Feature","properties":{"kind":"street","rank":"minor"},"geometry":{"type":"LineString","coordinates":[[6.17493,46.20689],[6.17496,46.207],[6.17492,46.20708],[6.17446,46.20746],[6.17427,46.20763],[6.17398,46.2079],[6.1738,46.20806],[6.17374,46.20811]]}},{"type":"Feature","properties":{"kind":"street","rank":"minor"},"geometry":{"type":"LineString","coordinates":[[6.17246,46.20948],[6.17269,46.20974],[6.17291,46.20989],[6.17256,46.21021],[6.17246,46.21029],[6.17192,46.21067],[6.17148,46.21099]]}},{"type":"Feature","properties":{"kind":"street","rank":"major"},"geometry":{"type":"LineString","coordinates":[[6.17279,46.21187],[6.17299,46.21194],[6.17317,46.21203],[6.17328,46.21209],[6.17337,46.21215],[6.17343,46.21219]]}},{"type":"Feature","properties":{"kind":"street","rank":"minor"},"geometry":{"type":"LineString","coordinates":[[6.13508,46.20678],[6.13492,46.20656],[6.13455,46.20604],[6.13448,46.20599]]}},{"type":"Feature","properties":{"kind":"street","rank":"minor"},"geometry":{"type":"LineString","coordinates":[[6.12526,46.20632],[6.1251,46.20672],[6.12511,46.2068]]}},{"type":"Feature","properties":{"kind":"street","rank":"minor"},"geometry":{"type":"LineString","coordinates":[[6.13448,46.20599],[6.13461,46.20599],[6.13471,46.20608],[6.13514,46.20669],[6.13525,46.20684]]}},{"type":"Feature","properties":{"kind":"street","rank":"minor"},"geometry":{"type":"LineString","coordinates":[[6.13525,46.20684],[6.13545,46.20713],[6.13553,46.20723],[6.13603,46.20797],[6.13613,46.20812]]}},{"type":"Feature","properties":{"kind":"street","rank":"minor"},"geometry":{"type":"LineString","coordinates":[[6.13195,46.20584],[6.13182,46.20577],[6.13105,46.20571],[6.13089,46.20572]]}},{"type":"Feature","properties":{"kind":"street","rank":"minor"},"geometry":{"type":"LineString","coordinates":[[6.13686,46.20646],[6.13665,46.2065],[6.1356,46.20676],[6.13527,46.20684],[6.13525,46.20684]]}},{"type":"Feature","properties":{"kind":"street","rank":"minor"},"geometry":{"type":"LineString","coordinates":[[6.14515,46.20482],[6.14549,46.20483],[6.14568,46.20483],[6.14586,46.20482],[6.14601,46.20481],[6.1462,46.20478],[6.1463,46.20477]]}},{"type":"Feature","properties":{"kind":"street","rank":"major"},"geometry":{"type":"LineString","coordinates":[[6.1657,46.20008],[6.16548,46.20007],[6.16539,46.20005],[6.16508,46.20001]]}},{"type":"Feature","properties":{"kind":"street","rank":"minor"},"geometry":{"type":"LineString","coordinates":[[6.16165,46.19971],[6.16162,46.1998],[6.16171,46.19984],[6.1618,46.19979],[6.16189,46.19968],[6.16165,46.19971]]}},{"type":"Feature","properties":{"kind":"street","rank":"major"},"geometry":{"type":"LineString","coordinates":[[6.156,46.19598],[6.15621,46.19623],[6.15658,46.19667],[6.15666,46.19676],[6.15677,46.1969],[6.1568,46.19693]]}},{"type":"Feature","properties":{"kind":"street","rank":"major"},"geometry":{"type":"LineString","coordinates":[[6.15363,46.19699],[6.15367,46.19689],[6.15376,46.19681],[6.1539,46.19676],[6.15409,46.1967]]}},{"type":"Feature","properties":{"kind":"street","rank":"minor"},"geometry":{"type":"LineString","coordinates":[[6.1652,46.19001],[6.1647,46.18938]]}},{"type":"Feature","properties":{"kind":"street","rank":"minor"},"geometry":{"type":"LineString","coordinates":[[6.16634,46.19088],[6.16625,46.19082],[6.16612,46.19073],[6.16522,46.19011],[6.16513,46.19004]]}},{"type":"Feature","properties":{"kind":"street","rank":"minor"},"geometry":{"type":"LineString","coordinates":[[6.16548,46.1916],[6.16537,46.19152],[6.16527,46.19145],[6.16496,46.19124],[6.16449,46.19091]]}},{"type":"Feature","properties":{"kind":"street","rank":"minor"},"geometry":{"type":"LineString","coordinates":[[6.16336,46.19091],[6.16332,46.19083],[6.16273,46.19033],[6.16258,46.1903],[6.1625,46.19025],[6.16239,46.19015],[6.16189,46.18972],[6.1618,46.18964],[6.16168,46.18952]]}},{"type":"Feature","properties":{"kind":"street","rank":"major"},"geometry":{"type":"LineString","coordinates":[[6.14553,46.19043],[6.14493,46.18942],[6.14486,46.1893]]}},{"type":"Feature","properties":{"kind":"street","rank":"major"},"geometry":{"type":"LineString","coordinates":[[6.14687,46.18731],[6.14678,46.18735],[6.14668,46.18733],[6.14664,46.18725],[6.14674,46.18718],[6.14682,46.18719],[6.14688,46.1873],[6.14687,46.18731]]}},{"type":"Feature","properties":{"kind":"street","rank":"minor"},"geometry":{"type":"LineString","coordinates":[[6.15064,46.21374],[6.15057,46.21366],[6.1505,46.21352],[6.15045,46.21343],[6.15018,46.21293],[6.15008,46.21274],[6.14995,46.21252],[6.14989,46.21241],[6.14982,46.21228],[6.14975,46.21217],[6.14961,46.21197]]}},{"type":"Feature","properties":{"kind":"street","rank":"major"},"geometry":{"type":"LineString","coordinates":[[6.14037,46.20152],[6.1403,46.20196],[6.1402,46.20258],[6.14019,46.20267]]}},{"type":"Feature","properties":{"kind":"street","rank":"major"},"geometry":{"type":"LineString","coordinates":[[6.14181,46.19923],[6.14165,46.19947],[6.14155,46.19961],[6.1414,46.19982]]}},{"type":"Feature","properties":{"kind":"street","rank":"major"},"geometry":{"type":"LineString","coordinates":[[6.13516,46.20317],[6.13537,46.20318],[6.13617,46.20325],[6.1363,46.20326],[6.13636,46.20326]]}},{"type":"Feature","properties":{"kind":"street","rank":"minor"},"geometry":{"type":"LineString","coordinates":[[6.139,46.20364],[6.13861,46.20374],[6.13826,46.20381],[6.13806,46.20386],[6.13797,46.20388],[6.13786,46.20389],[6.13766,46.2039],[6.13756,46.20391]]}},{"type":"Feature","properties":{"kind":"street","rank":"major"},"geometry":{"type":"LineString","coordinates":[[6.14144,46.1949],[6.14135,46.19481],[6.14124,46.1947],[6.14108,46.19455]]}},{"type":"Feature","properties":{"kind":"street","rank":"minor"},"geometry":{"type":"LineString","coordinates":[[6.14168,46.19459],[6.14197,46.19368],[6.142,46.19359],[6.14229,46.1927],[6.14233,46.19259],[6.1424,46.19235],[6.14243,46.19226],[6.1426,46.19174],[6.14265,46.19165]]}},{"type":"Feature","properties":{"kind":"street","rank":"major"},"geometry":{"type":"LineString","coordinates":[[6.14205,46.19485],[6.14215,46.19487],[6.14231,46.1949],[6.14257,46.19497],[6.14271,46.195],[6.14279,46.19502]]}},{"type":"Feature","properties":{"kind":"street","rank":"minor"},"geometry":{"type":"LineString","coordinates":[[6.13991,46.18657],[6.14001,46.18661],[6.14037,46.18675],[6.14061,46.18686],[6.14069,46.18686]]}},{"type":"Feature","properties":{"kind":"street","rank":"major"},"geometry":{"type":"LineString","coordinates":[[6.1279,46.1877],[6.12774,46.18769],[6.1276,46.18767],[6.12747,46.18766],[6.12719,46.18764]]}},{"type":"Feature","properties":{"kind":"street","rank":"major"},"geometry":{"type":"LineString","coordinates":[[6.12829,46.18772],[6.12828,46.18788],[6.12826,46.18829],[6.12825,46.18861],[6.12824,46.18873],[6.12824,46.18882],[6.12826,46.18896],[6.12827,46.18906],[6.12826,46.18925]]}},{"type":"Feature","properties":{"kind":"street","rank":"major"},"geometry":{"type":"LineString","coordinates":[[6.13293,46.18984],[6.13335,46.19006],[6.13357,46.19015],[6.13376,46.19025],[6.13417,46.19046],[6.13426,46.1905],[6.13435,46.19057],[6.13455,46.19068]]}},{"type":"Feature","properties":{"kind":"street","rank":"minor"},"geometry":{"type":"LineString","coordinates":[[6.13298,46.18987],[6.13386,46.18929],[6.13447,46.18891],[6.13453,46.18887]]}},{"type":"Feature","properties":{"kind":"street","rank":"major"},"geometry":{"type":"LineString","coordinates":[[6.13223,46.18964],[6.13214,46.18957],[6.13192,46.18945],[6.13173,46.18935],[6.13158,46.18928],[6.13135,46.18919],[6.13122,46.18913],[6.13067,46.18885],[6.1305,46.18875],[6.1304,46.18869],[6.1303,46.18863],[6.1299,46.18842],[6.12926,46.18807],[6.12904,46.18796],[6.12889,46.18788],[6.12876,46.18783]]}},{"type":"Feature","properties":{"kind":"street","rank":"minor"},"geometry":{"type":"LineString","coordinates":[[6.13421,46.19064],[6.13372,46.19094],[6.13321,46.19126],[6.13262,46.19162],[6.1325,46.19169],[6.13216,46.1919],[6.13204,46.19197],[6.13143,46.19231],[6.13094,46.19258],[6.13049,46.19284],[6.13035,46.19292],[6.13026,46.19297],[6.12876,46.1938],[6.12866,46.19386]]}},{"type":"Feature","properties":{"kind":"street","rank":"minor"},"geometry":{"type":"LineString","coordinates":[[6.13843,46.19264],[6.13854,46.19265],[6.13863,46.19256],[6.13869,46.19234]]}},{"type":"Feature","properties":{"kind":"street","rank":"major"},"geometry":{"type":"LineString","coordinates":[[6.1291,46.18788],[6.12926,46.18796],[6.12935,46.18801],[6.12955,46.18812],[6.12993,46.18832],[6.13027,46.1885],[6.1305,46.18861],[6.13071,46.18869],[6.13079,46.18873],[6.13121,46.18895],[6.13134,46.18901],[6.13147,46.18909],[6.13167,46.18922],[6.13179,46.18928]]}},{"type":"Feature","properties":{"kind":"street","rank":"major"},"geometry":{"type":"LineString","coordinates":[[6.13717,46.19518],[6.13748,46.19501],[6.13838,46.19453],[6.13851,46.19446]]}},{"type":"Feature","properties":{"kind":"street","rank":"major"},"geometry":{"type":"LineString","coordinates":[[6.13596,46.19577],[6.13625,46.19561],[6.13637,46.19555],[6.1365,46.19552]]}},{"type":"Feature","properties":{"kind":"street","rank":"minor"},"geometry":{"type":"LineString","coordinates":[[6.14469,46.2027],[6.14481,46.20272],[6.14491,46.20274],[6.14491,46.20283],[6.14481,46.20288],[6.14472,46.2029],[6.14466,46.20276],[6.14469,46.2027]]}},{"type":"Feature","properties":{"kind":"street","rank":"minor"},"geometry":{"type":"LineString","coordinates":[[6.14287,46.20413],[6.14298,46.20422],[6.14311,46.20426],[6.1432,46.20428],[6.14325,46.20437],[6.14321,46.20441]]}},{"type":"Feature","properties":{"kind":"street","rank":"minor"},"geometry":{"type":"LineString","coordinates":[[6.14429,46.20377],[6.1445,46.20372],[6.14478,46.20365],[6.14532,46.20352],[6.14542,46.2035]]}},{"type":"Feature","properties":{"kind":"street","rank":"major"},"geometry":{"type":"LineString","coordinates":[[6.13625,46.18968],[6.1357,46.19024],[6.1354,46.19056],[6.13538,46.19057]]}},{"type":"Feature","properties":{"kind":"street","rank":"major"},"geometry":{"type":"LineString","coordinates":[[6.14951,46.19443],[6.14964,46.19437],[6.15001,46.1942],[6.15011,46.19414],[6.15018,46.19409]]}},{"type":"Feature","properties":{"kind":"street","rank":"minor"},"geometry":{"type":"LineString","coordinates":[[6.14625,46.20484],[6.1462,46.20472],[6.14613,46.20454],[6.14634,46.20447],[6.14659,46.20442],[6.14671,46.20467],[6.14675,46.20479],[6.14663,46.20484],[6.14653,46.20486],[6.14638,46.20482],[6.14626,46.20483],[6.14625,46.20484]]}},{"type":"Feature","properties":{"kind":"street","rank":"major"},"geometry":{"type":"LineString","coordinates":[[6.14836,46.19762],[6.14825,46.19754],[6.14801,46.19737],[6.1479,46.19729],[6.1476,46.19708]]}},{"type":"Feature","properties":{"kind":"street","rank":"minor"},"geometry":{"type":"LineString","coordinates":[[6.1378,46.20135],[6.13777,46.20124],[6.13769,46.20076],[6.13768,46.20064]]}},{"type":"Feature","properties":{"kind":"street","rank":"major"},"geometry":{"type":"LineString","coordinates":[[6.14127,46.19497],[6.14099,46.19513],[6.14089,46.19518],[6.14005,46.19566],[6.1399,46.19573]]}},{"type":"Feature","properties":{"kind":"street","rank":"major"},"geometry":{"type":"LineString","coordinates":[[6.16998,46.18734],[6.16988,46.18746],[6.16978,46.18757],[6.16968,46.18768],[6.16959,46.18776],[6.1695,46.18784],[6.16941,46.18791],[6.16932,46.18797],[6.16919,46.18806],[6.16909,46.18812],[6.16899,46.18818],[6.16859,46.18839],[6.16845,46.18847],[6.16834,46.18853],[6.16822,46.1886],[6.16804,46.18873],[6.168,46.18875]]}},{"type":"Feature","properties":{"kind":"street","rank":"major"},"geometry":{"type":"LineString","coordinates":[[6.17033,46.18687],[6.17028,46.18701],[6.17018,46.18714],[6.17011,46.18723],[6.16998,46.18734]]}},{"type":"Feature","properties":{"kind":"street","rank":"major"},"geometry":{"type":"LineString","coordinates":[[6.16998,46.18734],[6.17002,46.18725],[6.17011,46.18712],[6.17021,46.18699],[6.17033,46.18687]]}},{"type":"Feature","properties":{"kind":"street","rank":"major"},"geometry":{"type":"LineString","coordinates":[[6.13403,46.20418],[6.13418,46.20427],[6.13484,46.20472]]}},{"type":"Feature","properties":{"kind":"street","rank":"minor"},"geometry":{"type":"LineString","coordinates":[[6.14105,46.20364],[6.14099,46.20404],[6.14098,46.20408]]}},{"type":"Feature","properties":{"kind":"street","rank":"major"},"geometry":{"type":"LineString","coordinates":[[6.14693,46.20824],[6.14734,46.20861],[6.14745,46.20872]]}},{"type":"Feature","properties":{"kind":"street","rank":"minor"},"geometry":{"type":"LineString","coordinates":[[6.15174,46.20357],[6.15166,46.20337],[6.15139,46.20342],[6.1514,46.20354],[6.15144,46.20363],[6.15175,46.20361],[6.15174,46.20357]]}},{"type":"Feature","properties":{"kind":"street","rank":"minor"},"geometry":{"type":"LineString","coordinates":[[6.15277,46.20314],[6.15281,46.20324],[6.15285,46.20334],[6.15257,46.20344],[6.15247,46.2032],[6.15274,46.20311],[6.15277,46.20314]]}},{"type":"Feature","properties":{"kind":"street","rank":"minor"},"geometry":{"type":"LineString","coordinates":[[6.13416,46.18853],[6.13418,46.18812],[6.13421,46.18745],[6.13422,46.18734],[6.13422,46.18713]]}},{"type":"Feature","properties":{"kind":"street","rank":"minor"},"geometry":{"type":"LineString","coordinates":[[6.13407,46.18874],[6.13406,46.18865],[6.13417,46.18862],[6.13425,46.18865],[6.13424,46.18874],[6.13414,46.18877],[6.13407,46.18874]]}},{"type":"Feature","properties":{"kind":"street","rank":"minor"},"geometry":{"type":"LineString","coordinates":[[6.13435,46.1886],[6.13474,46.1884],[6.13482,46.18836],[6.13502,46.18825],[6.13528,46.18812],[6.13553,46.18798],[6.13588,46.1878],[6.13606,46.18772],[6.13617,46.18768]]}},{"type":"Feature","properties":{"kind":"street","rank":"minor"},"geometry":{"type":"LineString","coordinates":[[6.13303,46.18818],[6.13314,46.18823],[6.13396,46.1886]]}},{"type":"Feature","properties":{"kind":"street","rank":"minor"},"geometry":{"type":"LineString","coordinates":[[6.14203,46.20413],[6.14208,46.20401],[6.14237,46.20407],[6.1425,46.20378],[6.14238,46.20378],[6.14229,46.20382],[6.1421,46.20397],[6.142,46.20406],[6.14203,46.20413]]}},{"type":"Feature","properties":{"kind":"street","rank":"minor"},"geometry":{"type":"LineString","coordinates":[[6.1409,46.20403],[6.14098,46.20406],[6.14111,46.20406],[6.14118,46.2037],[6.14105,46.20365],[6.14094,46.20364],[6.14092,46.20379],[6.1409,46.20403]]}},{"type":"Feature","properties":{"kind":"street","rank":"minor"},"geometry":{"type":"LineString","coordinates":[[6.14787,46.20299],[6.14793,46.20314],[6.14798,46.20327],[6.14804,46.20343],[6.1481,46.20355],[6.14819,46.20371],[6.14825,46.20381],[6.14829,46.20392],[6.14821,46.20394],[6.14812,46.20388],[6.14803,46.20391],[6.14796,46.20379],[6.1478,46.20354],[6.1477,46.20338],[6.14763,46.20327],[6.1475,46.2031],[6.14786,46.20298],[6.14787,46.20299]]}},{"type":"Feature","properties":{"kind":"street","rank":"minor"},"geometry":{"type":"LineString","coordinates":[[6.14162,46.20466],[6.14165,46.20477],[6.14177,46.20481],[6.14202,46.2049],[6.14215,46.20468],[6.14197,46.20459],[6.1418,46.20457],[6.14161,46.20455],[6.14162,46.20464],[6.14162,46.20466]]}},{"type":"Feature","properties":{"kind":"street","rank":"minor"},"geometry":{"type":"LineString","coordinates":[[6.13933,46.20269],[6.13941,46.20215],[6.13946,46.20189]]}},{"type":"Feature","properties":{"kind":"street","rank":"minor"},"geometry":{"type":"LineString","coordinates":[[6.13933,46.20269],[6.13925,46.20268],[6.13895,46.20266],[6.13865,46.20264],[6.13798,46.20259],[6.13778,46.20257]]}},{"type":"Feature","properties":{"kind":"street","rank":"major"},"geometry":{"type":"LineString","coordinates":[[6.12803,46.19886],[6.12791,46.19835],[6.12779,46.19794],[6.12776,46.1978],[6.12775,46.19775]]}},{"type":"Feature","properties":{"kind":"street","rank":"minor"},"geometry":{"type":"LineString","coordinates":[[6.14484,46.20306],[6.14465,46.20308],[6.14465,46.20319],[6.14456,46.20316],[6.14457,46.20327],[6.14448,46.20319],[6.14452,46.2031],[6.14438,46.20309],[6.1443,46.20309],[6.14436,46.203],[6.14444,46.20286],[6.14454,46.20293],[6.14459,46.20302],[6.14484,46.20304],[6.14484,46.20306]]}},{"type":"Feature","properties":{"kind":"street","rank":"minor"},"geometry":{"type":"LineString","coordinates":[[6.16168,46.18952],[6.1615,46.18935],[6.16139,46.18924],[6.16129,46.18915],[6.16097,46.18882]]}},{"type":"Feature","properties":{"kind":"street","rank":"minor"},"geometry":{"type":"LineString","coordinates":[[6.1408,46.20258],[6.14089,46.20245],[6.14102,46.20226],[6.14109,46.20216],[6.1413,46.20186],[6.1414,46.20174]]}},{"type":"Feature","properties":{"kind":"street","rank":"minor"},"geometry":{"type":"LineString","coordinates":[[6.14196,46.20116],[6.14196,46.20105],[6.14245,46.20117],[6.14238,46.20126],[6.14214,46.20122],[6.14196,46.20116]]}},{"type":"Feature","properties":{"kind":"street","rank":"minor"},"geometry":{"type":"LineString","coordinates":[[6.14093,46.20114],[6.14115,46.20123],[6.14126,46.20109],[6.14138,46.20093],[6.14143,46.20084],[6.14155,46.20074],[6.14138,46.20068],[6.14128,46.20065],[6.14121,46.20076],[6.14095,46.20112],[6.14093,46.20114]]}},{"type":"Feature","properties":{"kind":"street","rank":"minor"},"geometry":{"type":"LineString","coordinates":[[6.14363,46.20059],[6.14384,46.20046],[6.14409,46.2003],[6.14445,46.20007],[6.14464,46.19995],[6.14478,46.19987],[6.14494,46.19976],[6.14527,46.19955],[6.14558,46.19936],[6.14588,46.19916],[6.14609,46.19904],[6.1467,46.19865],[6.14685,46.1986],[6.14701,46.19869]]}},{"type":"Feature","properties":{"kind":"street","rank":"minor"},"geometry":{"type":"LineString","coordinates":[[6.14223,46.19872],[6.14234,46.19864],[6.14244,46.1985],[6.14253,46.19839],[6.14259,46.19829],[6.14272,46.19831],[6.14286,46.19833],[6.14287,46.19824],[6.14277,46.19821],[6.1423,46.19821],[6.14222,46.19826],[6.14224,46.19863],[6.14223,46.19872]]}},{"type":"Feature","properties":{"kind":"street","rank":"minor"},"geometry":{"type":"LineString","coordinates":[[6.1433,46.19826],[6.14321,46.19829],[6.14309,46.19832],[6.14306,46.19819],[6.14315,46.19817],[6.14324,46.19814],[6.14336,46.19821],[6.1433,46.19826]]}},{"type":"Feature","properties":{"kind":"street","rank":"minor"},"geometry":{"type":"LineString","coordinates":[[6.14353,46.19771],[6.14346,46.1978],[6.1435,46.19792],[6.14344,46.19802],[6.1434,46.1981],[6.14348,46.19814],[6.14357,46.19801],[6.1436,46.19788],[6.14356,46.19774],[6.14353,46.19771]]}},{"type":"Feature","properties":{"kind":"street","rank":"minor"},"geometry":{"type":"LineString","coordinates":[[6.14407,46.19833],[6.14393,46.19824],[6.1438,46.19815],[6.14381,46.19803],[6.14357,46.19801],[6.1436,46.19788],[6.14383,46.19791],[6.14385,46.1978],[6.14393,46.19776],[6.14402,46.19772],[6.14447,46.19806],[6.14414,46.19831],[6.14407,46.19833]]}},{"type":"Feature","properties":{"kind":"street","rank":"minor"},"geometry":{"type":"LineString","coordinates":[[6.12159,46.20252],[6.12222,46.20287],[6.12255,46.20305],[6.12268,46.2031],[6.12305,46.20332],[6.12374,46.2037],[6.12458,46.20417],[6.12466,46.20423]]}},{"type":"Feature","properties":{"kind":"street","rank":"major"},"geometry":{"type":"LineString","coordinates":[[6.13199,46.20128],[6.13185,46.20128],[6.13176,46.20128],[6.13138,46.20127]]}},{"type":"Feature","properties":{"kind":"street","rank":"major"},"geometry":{"type":"LineString","coordinates":[[6.12814,46.19669],[6.12809,46.19682],[6.128,46.19711],[6.12794,46.19732],[6.12793,46.19734]]}},{"type":"Feature","properties":{"kind":"street","rank":"major"},"geometry":{"type":"LineString","coordinates":[[6.13166,46.20038],[6.13169,46.20047],[6.13173,46.20058],[6.13186,46.20094]]}},{"type":"Feature","properties":{"kind":"street","rank":"minor"},"geometry":{"type":"LineString","coordinates":[[6.13314,46.20022],[6.13334,46.20074],[6.13339,46.20089],[6.13345,46.20104],[6.13345,46.20124],[6.13344,46.2013]]}},{"type":"Feature","properties":{"kind":"street","rank":"minor"},"geometry":{"type":"LineString","coordinates":[[6.12268,46.2031],[6.12285,46.20296],[6.12315,46.20293],[6.1248,46.20387],[6.12486,46.20389]]}},{"type":"Feature","properties":{"kind":"street","rank":"minor"},"geometry":{"type":"LineString","coordinates":[[6.13138,46.20127],[6.13131,46.20158],[6.13122,46.20197]]}},{"type":"Feature","properties":{"kind":"street","rank":"minor"},"geometry":{"type":"LineString","coordinates":[[6.13335,46.20162],[6.13319,46.20203],[6.13308,46.20249],[6.13306,46.20276],[6.13305,46.20281]]}},{"type":"Feature","properties":{"kind":"street","rank":"minor"},"geometry":{"type":"LineString","coordinates":[[6.12882,46.20123],[6.12879,46.20211],[6.12877,46.20257]]}},{"type":"Feature","properties":{"kind":"street","rank":"major"},"geometry":{"type":"LineString","coordinates":[[6.13399,46.20308],[6.13387,46.20306],[6.13368,46.20303],[6.13306,46.20291],[6.13278,46.20286],[6.13231,46.20276]]}},{"type":"Feature","properties":{"kind":"street","rank":"minor"},"geometry":{"type":"LineString","coordinates":[[6.1298,46.20043],[6.1299,46.20041],[6.13006,46.20038],[6.13057,46.20029]]}},{"type":"Feature","properties":{"kind":"street","rank":"minor"},"geometry":{"type":"LineString","coordinates":[[6.13858,46.2075],[6.13893,46.20782],[6.13925,46.20812]]}},{"type":"Feature","properties":{"kind":"street","rank":"minor"},"geometry":{"type":"LineString","coordinates":[[6.15317,46.19651],[6.15425,46.19611],[6.15462,46.19596]]}},{"type":"Feature","properties":{"kind":"street","rank":"minor"},"geometry":{"type":"LineString","coordinates":[[6.15225,46.19584],[6.15176,46.19535],[6.15164,46.19523],[6.15153,46.19512],[6.15141,46.19503],[6.15133,46.19499]]}},{"type":"Feature","properties":{"kind":"street","rank":"minor"},"geometry":{"type":"LineString","coordinates":[[6.15236,46.19649],[6.1518,46.19688],[6.15152,46.19708]]}},{"type":"Feature","properties":{"kind":"street","rank":"minor"},"geometry":{"type":"LineString","coordinates":[[6.1526,46.19782],[6.1523,46.19803],[6.15204,46.19821],[6.15192,46.19828],[6.15175,46.1984],[6.15165,46.19847]]}},{"type":"Feature","properties":{"kind":"street","rank":"minor"},"geometry":{"type":"LineString","coordinates":[[6.15066,46.19608],[6.15079,46.19616],[6.15121,46.19646],[6.15126,46.1965]]}},{"type":"Feature","properties":{"kind":"street","rank":"minor"},"geometry":{"type":"LineString","coordinates":[[6.15212,46.19713],[6.15256,46.19682],[6.1526,46.19681]]}},{"type":"Feature","properties":{"kind":"street","rank":"minor"},"geometry":{"type":"LineString","coordinates":[[6.153,46.19706],[6.1533,46.19728],[6.15343,46.19737],[6.15371,46.19757],[6.154,46.19778],[6.15409,46.19784],[6.15417,46.1979],[6.15435,46.19803],[6.15441,46.19807]]}},{"type":"Feature","properties":{"kind":"street","rank":"minor"},"geometry":{"type":"LineString","coordinates":[[6.15487,46.19318],[6.15498,46.19312],[6.15614,46.19256],[6.15648,46.19239],[6.15662,46.19232],[6.15789,46.1917],[6.15826,46.19152],[6.15839,46.19146],[6.15884,46.19125],[6.15933,46.19102],[6.15977,46.1908],[6.1601,46.19064],[6.16029,46.19056],[6.16084,46.19028],[6.16122,46.19008],[6.16131,46.19004]]}},{"type":"Feature","properties":{"kind":"street","rank":"minor"},"geometry":{"type":"LineString","coordinates":[[6.15068,46.19767],[6.15125,46.19726]]}},{"type":"Feature","properties":{"kind":"street","rank":"minor"},"geometry":{"type":"LineString","coordinates":[[6.1716,46.19043],[6.17227,46.1901],[6.17294,46.18977],[6.17323,46.19],[6.17333,46.19007]]}},{"type":"Feature","properties":{"kind":"street","rank":"minor"},"geometry":{"type":"LineString","coordinates":[[6.13861,46.19605],[6.13755,46.19508],[6.13748,46.19501]]}},{"type":"Feature","properties":{"kind":"street","rank":"minor"},"geometry":{"type":"LineString","coordinates":[[6.14085,46.19506],[6.1411,46.19493],[6.14082,46.19456],[6.14062,46.19431],[6.14043,46.19441],[6.14023,46.19423],[6.14009,46.1943],[6.14038,46.19457],[6.1403,46.19468],[6.14041,46.19477],[6.14085,46.19506]]}},{"type":"Feature","properties":{"kind":"street","rank":"minor"},"geometry":{"type":"LineString","coordinates":[[6.13844,46.1945],[6.13902,46.19499],[6.1396,46.19548],[6.13982,46.19567],[6.1399,46.19573]]}},{"type":"Feature","properties":{"kind":"street","rank":"minor"},"geometry":{"type":"LineString","coordinates":[[6.13518,46.18918],[6.13476,46.1895],[6.1343,46.18984],[6.13409,46.18999],[6.13401,46.19006],[6.13397,46.19008]]}},{"type":"Feature","properties":{"kind":"street","rank":"minor"},"geometry":{"type":"LineString","coordinates":[[6.12988,46.18948],[6.12988,46.18932],[6.12993,46.18921],[6.13001,46.18911],[6.13009,46.18901],[6.13028,46.18881],[6.1304,46.18869]]}},{"type":"Feature","properties":{"kind":"street","rank":"minor"},"geometry":{"type":"LineString","coordinates":[[6.13771,46.18879],[6.13781,46.18879],[6.1379,46.18878],[6.13826,46.18876],[6.13837,46.18876],[6.13849,46.18875],[6.13912,46.18872],[6.13921,46.18872],[6.13952,46.1887],[6.13963,46.18869]]}},{"type":"Feature","properties":{"kind":"street","rank":"major"},"geometry":{"type":"LineString","coordinates":[[6.13711,46.1888],[6.13699,46.18892],[6.13676,46.18916],[6.13632,46.18962],[6.13625,46.18968]]}},{"type":"Feature","properties":{"kind":"street","rank":"minor"},"geometry":{"type":"LineString","coordinates":[[6.1357,46.18856],[6.13578,46.18865],[6.13625,46.18888],[6.13628,46.18898]]}},{"type":"Feature","properties":{"kind":"street","rank":"minor"},"geometry":{"type":"LineString","coordinates":[[6.13649,46.18684],[6.13638,46.18633],[6.1363,46.18592],[6.13627,46.1858]]}},{"type":"Feature","properties":{"kind":"street","rank":"minor"},"geometry":{"type":"LineString","coordinates":[[6.13386,46.19047],[6.13296,46.19106]]}},{"type":"Feature","properties":{"kind":"street","rank":"minor"},"geometry":{"type":"LineString","coordinates":[[6.13241,46.18788],[6.13229,46.18783],[6.13221,46.18779],[6.1318,46.18759],[6.13165,46.18752],[6.13152,46.18745],[6.13141,46.18741],[6.13126,46.18741],[6.13113,46.18738],[6.13105,46.18727],[6.13106,46.18705]]}},{"type":"Feature","properties":{"kind":"street","rank":"minor"},"geometry":{"type":"LineString","coordinates":[[6.13506,46.18935],[6.13488,46.1895],[6.13481,46.18959],[6.13467,46.18966],[6.13478,46.18975],[6.13466,46.18995],[6.13454,46.18996],[6.13463,46.19002],[6.13474,46.18996],[6.13487,46.18993],[6.13506,46.18985],[6.13516,46.18983],[6.13537,46.18993],[6.1354,46.19009],[6.13549,46.18999],[6.13561,46.18987],[6.13568,46.18979],[6.13576,46.18972],[6.13568,46.18971],[6.13551,46.18963],[6.13538,46.18958],[6.13532,46.18949],[6.13523,46.18958],[6.13515,46.18965],[6.13507,46.18974],[6.13498,46.18982],[6.13489,46.18981],[6.13485,46.18969],[6.13497,46.18957],[6.1351,46.18945],[6.1351,46.18936],[6.13506,46.18935]]}},{"type":"Feature","properties":{"kind":"street","rank":"minor"},"geometry":{"type":"LineString","coordinates":[[6.14209,46.20321],[6.14219,46.20267],[6.14221,46.20261]]}},{"type":"Feature","properties":{"kind":"street","rank":"minor"},"geometry":{"type":"LineString","coordinates":[[6.14482,46.20622],[6.14472,46.20619],[6.14404,46.20601],[6.14371,46.20591],[6.14318,46.20575],[6.14307,46.20572]]}},{"type":"Feature","properties":{"kind":"street","rank":"minor"},"geometry":{"type":"LineString","coordinates":[[6.14939,46.20188],[6.1493,46.20192],[6.14918,46.20197],[6.14907,46.20203],[6.14891,46.20215],[6.14887,46.20225]]}},{"type":"Feature","properties":{"kind":"street","rank":"major"},"geometry":{"type":"LineString","coordinates":[[6.1555,46.2013],[6.15541,46.20129],[6.15494,46.20137],[6.15475,46.20141]]}},{"type":"Feature","properties":{"kind":"street","rank":"minor"},"geometry":{"type":"LineString","coordinates":[[6.13076,46.21375],[6.13088,46.21385],[6.13135,46.21418],[6.13183,46.21453],[6.13213,46.21474],[6.13232,46.21488],[6.13243,46.21497],[6.13266,46.21515]]}},{"type":"Feature","properties":{"kind":"street","rank":"minor"},"geometry":{"type":"LineString","coordinates":[[6.14562,46.18853],[6.14559,46.18845],[6.14534,46.18778],[6.14531,46.18771]]}},{"type":"Feature","properties":{"kind":"street","rank":"major"},"geometry":{"type":"LineString","coordinates":[[6.14789,46.18755],[6.14797,46.18765],[6.1481,46.18785],[6.14816,46.18794],[6.14824,46.18808],[6.14834,46.1883]]}},{"type":"Feature","properties":{"kind":"street","rank":"major"},"geometry":{"type":"LineString","coordinates":[[6.14469,46.18887],[6.14434,46.18802],[6.1443,46.18789],[6.14413,46.18743],[6.1441,46.18737]]}},{"type":"Feature","properties":{"kind":"street","rank":"minor"},"geometry":{"type":"LineString","coordinates":[[6.14503,46.19304],[6.14516,46.19303],[6.14577,46.19285],[6.1462,46.19272],[6.14672,46.19257],[6.14682,46.19253]]}},{"type":"Feature","properties":{"kind":"street","rank":"minor"},"geometry":{"type":"LineString","coordinates":[[6.14457,46.20323],[6.14469,46.2032],[6.14481,46.20327],[6.14459,46.20335],[6.14457,46.20323]]}},{"type":"Feature","properties":{"kind":"street","rank":"minor"},"geometry":{"type":"LineString","coordinates":[[6.14514,46.20314],[6.14523,46.20316],[6.14513,46.20323],[6.14502,46.20328],[6.14496,46.20319],[6.14514,46.20314]]}},{"type":"Feature","properties":{"kind":"street","rank":"minor"},"geometry":{"type":"LineString","coordinates":[[6.14806,46.20214],[6.1479,46.20219],[6.14774,46.20224],[6.14751,46.20228],[6.1476,46.20238],[6.14771,46.20241],[6.14783,46.20244],[6.14808,46.20238],[6.14799,46.20236],[6.1481,46.20233],[6.14815,46.20225],[6.14806,46.20214]]}},{"type":"Feature","properties":{"kind":"street","rank":"minor"},"geometry":{"type":"LineString","coordinates":[[6.13303,46.20797],[6.13275,46.20759],[6.13271,46.20752]]}},{"type":"Feature","properties":{"kind":"street","rank":"minor"},"geometry":{"type":"LineString","coordinates":[[6.15162,46.19213],[6.15172,46.19211],[6.15214,46.19203],[6.15237,46.19199],[6.15247,46.192]]}},{"type":"Feature","properties":{"kind":"street","rank":"minor"},"geometry":{"type":"LineString","coordinates":[[6.16998,46.21105],[6.1701,46.21092],[6.17019,46.21083],[6.17094,46.21117],[6.17086,46.21125],[6.17062,46.2115],[6.17037,46.21139],[6.16987,46.21117],[6.16998,46.21105]]}},{"type":"Feature","properties":{"kind":"street","rank":"minor"},"geometry":{"type":"LineString","coordinates":[[6.14629,46.207],[6.14619,46.20694],[6.14609,46.20687],[6.14609,46.20677],[6.1462,46.20667],[6.14631,46.20665],[6.14649,46.2067],[6.14644,46.20687],[6.1463,46.207],[6.14629,46.207]]}},{"type":"Feature","properties":{"kind":"street","rank":"minor"},"geometry":{"type":"LineString","coordinates":[[6.1454,46.20707],[6.14527,46.20715],[6.14517,46.20712],[6.14503,46.20701],[6.14493,46.20698],[6.14479,46.20688],[6.14465,46.20677],[6.14474,46.20663],[6.14477,46.20673],[6.14493,46.20691],[6.14521,46.20693],[6.1454,46.20707]]}},{"type":"Feature","properties":{"kind":"street","rank":"minor"},"geometry":{"type":"LineString","coordinates":[[6.14362,46.20389],[6.14372,46.2039],[6.14388,46.20387],[6.14407,46.20383],[6.14423,46.20379],[6.14429,46.20377]]}},{"type":"Feature","properties":{"kind":"street","rank":"minor"},"geometry":{"type":"LineString","coordinates":[[6.13041,46.1972],[6.13032,46.19714],[6.13007,46.19692],[6.12992,46.1968],[6.12945,46.19641],[6.12933,46.19631]]}},{"type":"Feature","properties":{"kind":"street","rank":"major"},"geometry":{"type":"LineString","coordinates":[[6.13726,46.18854],[6.13728,46.18843],[6.13729,46.1883],[6.13731,46.18808],[6.13732,46.18788],[6.13734,46.18764],[6.13738,46.18723],[6.13738,46.18713],[6.13739,46.187]]}},{"type":"Feature","properties":{"kind":"street","rank":"minor"},"geometry":{"type":"LineString","coordinates":[[6.13617,46.18768],[6.13628,46.18766],[6.13689,46.18764],[6.13722,46.18764],[6.13734,46.18764]]}},{"type":"Feature","properties":{"kind":"street","rank":"minor"},"geometry":{"type":"LineString","coordinates":[[6.13991,46.18657],[6.13993,46.18646],[6.13997,46.18632],[6.14,46.18621],[6.14009,46.18581],[6.14012,46.18568],[6.14023,46.18522],[6.14028,46.18499],[6.1404,46.18445],[6.14043,46.18432],[6.14047,46.18421]]}},{"type":"Feature","properties":{"kind":"street","rank":"major"},"geometry":{"type":"LineString","coordinates":[[6.13821,46.18818],[6.1381,46.18823],[6.13758,46.18844],[6.13742,46.18851],[6.13732,46.18854],[6.13726,46.18854]]}},{"type":"Feature","properties":{"kind":"street","rank":"major"},"geometry":{"type":"LineString","coordinates":[[6.13313,46.18698],[6.13327,46.18701],[6.13338,46.18702],[6.13362,46.187],[6.13383,46.18698],[6.13407,46.18698]]}},{"type":"Feature","properties":{"kind":"street","rank":"minor"},"geometry":{"type":"LineString","coordinates":[[6.13726,46.1962],[6.13672,46.19651],[6.13671,46.19653]]}},{"type":"Feature","properties":{"kind":"street","rank":"minor"},"geometry":{"type":"LineString","coordinates":[[6.14086,46.20115],[6.14115,46.20074],[6.14119,46.20069]]}},{"type":"Feature","properties":{"kind":"street","rank":"major"},"geometry":{"type":"LineString","coordinates":[[6.12726,46.20769],[6.1272,46.20778],[6.12708,46.20792],[6.12705,46.20803],[6.12704,46.20809]]}},{"type":"Feature","properties":{"kind":"street","rank":"minor"},"geometry":{"type":"LineString","coordinates":[[6.13397,46.18881],[6.13356,46.18907],[6.13339,46.18918],[6.13303,46.1894],[6.13294,46.18947]]}},{"type":"Feature","properties":{"kind":"street","rank":"minor"},"geometry":{"type":"LineString","coordinates":[[6.13929,46.19667],[6.14027,46.19611],[6.14032,46.19608]]}},{"type":"Feature","properties":{"kind":"street","rank":"minor"},"geometry":{"type":"LineString","coordinates":[[6.133,46.18716],[6.13303,46.18776],[6.13303,46.188],[6.13304,46.1881],[6.13303,46.18818]]}},{"type":"Feature","properties":{"kind":"street","rank":"minor"},"geometry":{"type":"LineString","coordinates":[[6.14162,46.20888],[6.14143,46.2087],[6.14137,46.2086],[6.1414,46.2085],[6.14143,46.20847]]}},{"type":"Feature","properties":{"kind":"street","rank":"minor"},"geometry":{"type":"LineString","coordinates":[[6.14173,46.20691],[6.14159,46.20682],[6.14148,46.2067],[6.14141,46.20661],[6.14137,46.20655]]}},{"type":"Feature","properties":{"kind":"street","rank":"minor"},"geometry":{"type":"LineString","coordinates":[[6.13764,46.20337],[6.13775,46.20338],[6.13831,46.20342],[6.13844,46.20343]]}},{"type":"Feature","properties":{"kind":"street","rank":"major"},"geometry":{"type":"LineString","coordinates":[[6.13983,46.20013],[6.13976,46.19991],[6.13967,46.19966],[6.13961,46.19948],[6.13953,46.19923],[6.13949,46.19912]]}},{"type":"Feature","properties":{"kind":"street","rank":"minor"},"geometry":{"type":"LineString","coordinates":[[6.14228,46.20052],[6.14243,46.20032],[6.14253,46.20018],[6.14262,46.20006],[6.14284,46.19976],[6.14295,46.19963],[6.14299,46.19959]]}},{"type":"Feature","properties":{"kind":"street","rank":"minor"},"geometry":{"type":"LineString","coordinates":[[6.13166,46.20038],[6.13156,46.20044],[6.13087,46.20082],[6.13063,46.20098]]}},{"type":"Feature","properties":{"kind":"street","rank":"major"},"geometry":{"type":"LineString","coordinates":[[6.14228,46.20052],[6.1425,46.20059],[6.14289,46.20073],[6.14311,46.20078]]}},{"type":"Feature","properties":{"kind":"street","rank":"minor"},"geometry":{"type":"LineString","coordinates":[[6.14441,46.20908],[6.1445,46.20915],[6.14463,46.20926],[6.14479,46.20943],[6.14491,46.20951],[6.14507,46.20967],[6.14526,46.20983],[6.14531,46.20987]]}},{"type":"Feature","properties":{"kind":"street","rank":"major"},"geometry":{"type":"LineString","coordinates":[[6.12835,46.19553],[6.12835,46.19582],[6.12835,46.19592],[6.12835,46.19601],[6.1284,46.1961],[6.1285,46.19616],[6.12858,46.19618]]}},{"type":"Feature","properties":{"kind":"street","rank":"major"},"geometry":{"type":"LineString","coordinates":[[6.13195,46.19442],[6.13185,46.19449],[6.13149,46.19469],[6.13136,46.19476],[6.13108,46.19492],[6.13018,46.19543]]}},{"type":"Feature","properties":{"kind":"street","rank":"major"},"geometry":{"type":"LineString","coordinates":[[6.12917,46.19589],[6.12931,46.19581],[6.12944,46.19574],[6.12961,46.19565],[6.13038,46.19522],[6.13069,46.19504],[6.13101,46.19486],[6.13122,46.19475]]}},{"type":"Feature","properties":{"kind":"street","rank":"minor"},"geometry":{"type":"LineString","coordinates":[[6.12842,46.19883],[6.12859,46.19874],[6.12876,46.19864],[6.12915,46.19843]]}},{"type":"Feature","properties":{"kind":"street","rank":"minor"},"geometry":{"type":"LineString","coordinates":[[6.12854,46.19791],[6.12888,46.1982],[6.12911,46.19839]]}},{"type":"Feature","properties":{"kind":"street","rank":"minor"},"geometry":{"type":"LineString","coordinates":[[6.13179,46.20344],[6.13195,46.20343],[6.13214,46.20343],[6.13251,46.20348],[6.13283,46.20353],[6.13296,46.20355],[6.1332,46.20363],[6.13348,46.20374],[6.13367,46.20383],[6.13383,46.2039],[6.13398,46.20398],[6.13413,46.20407],[6.13428,46.20417],[6.13443,46.20426],[6.13469,46.20444],[6.13496,46.20464]]}},{"type":"Feature","properties":{"kind":"street","rank":"minor"},"geometry":{"type":"LineString","coordinates":[[6.16664,46.20629],[6.16673,46.20636],[6.16682,46.20649],[6.16686,46.20665],[6.16687,46.20676],[6.16688,46.20686],[6.16687,46.207],[6.16685,46.20714],[6.1668,46.20726],[6.16674,46.20738],[6.16667,46.20748],[6.16658,46.20759],[6.16649,46.20767],[6.16634,46.20776],[6.1662,46.20784],[6.16603,46.2079],[6.16588,46.20794],[6.16555,46.208],[6.16516,46.20808],[6.16507,46.20817],[6.165,46.20825]]}},{"type":"Feature","properties":{"kind":"street","rank":"minor"},"geometry":{"type":"LineString","coordinates":[[6.16749,46.20927],[6.16745,46.20915],[6.16741,46.20899],[6.1674,46.2087],[6.16743,46.20855],[6.16749,46.20841],[6.16758,46.20831],[6.16769,46.20816],[6.16784,46.20802],[6.16798,46.20793],[6.16813,46.20785],[6.1683,46.20779],[6.16862,46.20773]]}},{"type":"Feature","properties":{"kind":"street","rank":"minor"},"geometry":{"type":"LineString","coordinates":[[6.16951,46.20789],[6.16946,46.20798],[6.16951,46.20814],[6.16954,46.20826],[6.16949,46.2084],[6.1694,46.20854],[6.16933,46.20862],[6.16916,46.20878],[6.16908,46.20884],[6.16889,46.20896],[6.16869,46.20907],[6.16856,46.20912],[6.16846,46.20916],[6.16835,46.20919],[6.16825,46.20921],[6.16811,46.20922],[6.16793,46.20923],[6.1677,46.20923],[6.16749,46.20927]]}},{"type":"Feature","properties":{"kind":"street","rank":"minor"},"geometry":{"type":"LineString","coordinates":[[6.13872,46.2084],[6.13846,46.20815],[6.13837,46.20806],[6.13808,46.20779],[6.13798,46.20771]]}},{"type":"Feature","properties":{"kind":"street","rank":"minor"},"geometry":{"type":"LineString","coordinates":[[6.13551,46.18751],[6.13529,46.18753],[6.13513,46.18761],[6.13486,46.18775],[6.13422,46.18808],[6.13418,46.18808]]}},{"type":"Feature","properties":{"kind":"street","rank":"major"},"geometry":{"type":"LineString","coordinates":[[6.15023,46.19719],[6.15039,46.19709],[6.15078,46.19683],[6.15091,46.19674],[6.1512,46.19654],[6.15126,46.1965]]}},{"type":"Feature","properties":{"kind":"street","rank":"major"},"geometry":{"type":"LineString","coordinates":[[6.15737,46.20237],[6.15723,46.20243],[6.1569,46.20256],[6.15671,46.20263]]}},{"type":"Feature","properties":{"kind":"street","rank":"major"},"geometry":{"type":"LineString","coordinates":[[6.15453,46.20134],[6.15426,46.20069],[6.15405,46.20053],[6.15401,46.2005]]}},{"type":"Feature","properties":{"kind":"street","rank":"major"},"geometry":{"type":"LineString","coordinates":[[6.15844,46.20588],[6.15881,46.20606],[6.15916,46.20623]]}},{"type":"Feature","properties":{"kind":"street","rank":"major"},"geometry":{"type":"LineString","coordinates":[[6.15417,46.20318],[6.15423,46.20331],[6.15448,46.20388],[6.15453,46.204]]}},{"type":"Feature","properties":{"kind":"street","rank":"minor"},"geometry":{"type":"LineString","coordinates":[[6.15786,46.20217],[6.15777,46.2021],[6.15741,46.20183],[6.15731,46.20175]]}},{"type":"Feature","properties":{"kind":"street","rank":"major"},"geometry":{"type":"LineString","coordinates":[[6.1547,46.20264],[6.15416,46.20276],[6.15402,46.20279]]}},{"type":"Feature","properties":{"kind":"street","rank":"minor"},"geometry":{"type":"LineString","coordinates":[[6.16084,46.20159],[6.16093,46.2015],[6.16044,46.20149],[6.16033,46.20151],[6.16037,46.20167],[6.16052,46.20165],[6.16066,46.20172],[6.16066,46.20158],[6.16078,46.20156],[6.16084,46.20159]]}},{"type":"Feature","properties":{"kind":"street","rank":"major"},"geometry":{"type":"LineString","coordinates":[[6.13576,46.19484],[6.1364,46.19544],[6.13642,46.19545]]}},{"type":"Feature","properties":{"kind":"street","rank":"minor"},"geometry":{"type":"LineString","coordinates":[[6.1456,46.20972],[6.14566,46.20982],[6.14608,46.21043],[6.14626,46.21067],[6.14635,46.21078],[6.14654,46.21109],[6.14657,46.21113]]}},{"type":"Feature","properties":{"kind":"street","rank":"minor"},"geometry":{"type":"LineString","coordinates":[[6.14831,46.21517],[6.14877,46.21568],[6.14883,46.21574]]}},{"type":"Feature","properties":{"kind":"street","rank":"minor"},"geometry":{"type":"LineString","coordinates":[[6.14961,46.21463],[6.1497,46.21474],[6.15005,46.21518],[6.15009,46.21523]]}},{"type":"Feature","properties":{"kind":"street","rank":"minor"},"geometry":{"type":"LineString","coordinates":[[6.14604,46.20865],[6.14658,46.20912],[6.14662,46.20916]]}},{"type":"Feature","properties":{"kind":"street","rank":"minor"},"geometry":{"type":"LineString","coordinates":[[6.14829,46.21359],[6.14781,46.2129]]}},{"type":"Feature","properties":{"kind":"street","rank":"minor"},"geometry":{"type":"LineString","coordinates":[[6.14916,46.21402],[6.14937,46.21432],[6.14954,46.21454],[6.14961,46.21463]]}},{"type":"Feature","properties":{"kind":"street","rank":"minor"},"geometry":{"type":"LineString","coordinates":[[6.14871,46.21343],[6.14911,46.21395],[6.14916,46.21402]]}},{"type":"Feature","properties":{"kind":"street","rank":"minor"},"geometry":{"type":"LineString","coordinates":[[6.15087,46.21426],[6.15075,46.21426],[6.15019,46.21444],[6.14968,46.21461],[6.14961,46.21463]]}},{"type":"Feature","properties":{"kind":"street","rank":"minor"},"geometry":{"type":"LineString","coordinates":[[6.14576,46.2147],[6.14653,46.21582],[6.14659,46.2159]]}},{"type":"Feature","properties":{"kind":"street","rank":"minor"},"geometry":{"type":"LineString","coordinates":[[6.14702,46.20951],[6.14669,46.20923],[6.14662,46.20916]]}},{"type":"Feature","properties":{"kind":"street","rank":"minor"},"geometry":{"type":"LineString","coordinates":[[6.14546,46.20814],[6.14555,46.20822],[6.14587,46.2085],[6.14604,46.20865]]}},{"type":"Feature","properties":{"kind":"street","rank":"minor"},"geometry":{"type":"LineString","coordinates":[[6.14601,46.21614],[6.14653,46.21592],[6.14668,46.21586],[6.14707,46.21569],[6.14714,46.21567]]}},{"type":"Feature","properties":{"kind":"street","rank":"minor"},"geometry":{"type":"LineString","coordinates":[[6.14961,46.21463],[6.1484,46.21513],[6.14831,46.21517]]}},{"type":"Feature","properties":{"kind":"street","rank":"minor"},"geometry":{"type":"LineString","coordinates":[[6.14448,46.20868],[6.14478,46.20851],[6.145,46.20839],[6.14517,46.2083]]}},{"type":"Feature","properties":{"kind":"street","rank":"minor"},"geometry":{"type":"LineString","coordinates":[[6.14659,46.2159],[6.14697,46.21645],[6.14706,46.21655],[6.14713,46.21661]]}},{"type":"Feature","properties":{"kind":"street","rank":"minor"},"geometry":{"type":"LineString","coordinates":[[6.14819,46.20897],[6.14914,46.20981],[6.14952,46.21013],[6.1496,46.2102]]}},{"type":"Feature","properties":{"kind":"street","rank":"minor"},"geometry":{"type":"LineString","coordinates":[[6.15096,46.21069],[6.15049,46.21094],[6.15045,46.21097]]}},{"type":"Feature","properties":{"kind":"street","rank":"minor"},"geometry":{"type":"LineString","coordinates":[[6.14676,46.21504],[6.14684,46.21501],[6.14776,46.21462],[6.14782,46.21459]]}},{"type":"Feature","properties":{"kind":"street","rank":"minor"},"geometry":{"type":"LineString","coordinates":[[6.15123,46.21169],[6.15131,46.21169],[6.15212,46.21167],[6.15249,46.21166],[6.1525,46.21166]]}},{"type":"Feature","properties":{"kind":"street","rank":"minor"},"geometry":{"type":"LineString","coordinates":[[6.1496,46.2102],[6.14969,46.21018],[6.1501,46.20995]]}},{"type":"Feature","properties":{"kind":"street","rank":"minor"},"geometry":{"type":"LineString","coordinates":[[6.14547,46.21489],[6.14576,46.2147],[6.14611,46.21447],[6.14622,46.21442],[6.14623,46.21442]]}},{"type":"Feature","properties":{"kind":"street","rank":"minor"},"geometry":{"type":"LineString","coordinates":[[6.15193,46.21388],[6.15181,46.21387],[6.15124,46.21379],[6.15118,46.21378]]}},{"type":"Feature","properties":{"kind":"street","rank":"minor"},"geometry":{"type":"LineString","coordinates":[[6.14608,46.20981],[6.14624,46.20976],[6.14645,46.2097],[6.14685,46.20957],[6.14702,46.20951]]}},{"type":"Feature","properties":{"kind":"street","rank":"minor"},"geometry":{"type":"LineString","coordinates":[[6.14978,46.21037],[6.14984,46.21131],[6.14981,46.21139]]}},{"type":"Feature","properties":{"kind":"street","rank":"minor"},"geometry":{"type":"LineString","coordinates":[[6.14933,46.21156],[6.14925,46.21143],[6.14902,46.2111],[6.14896,46.21102],[6.14861,46.21054],[6.14858,46.2105]]}},{"type":"Feature","properties":{"kind":"street","rank":"minor"},"geometry":{"type":"LineString","coordinates":[[6.14798,46.21846],[6.14751,46.21848],[6.1474,46.21847],[6.14724,46.21848],[6.14711,46.21852],[6.14709,46.21852]]}},{"type":"Feature","properties":{"kind":"street","rank":"minor"},"geometry":{"type":"LineString","coordinates":[[6.14798,46.21846],[6.14781,46.21807],[6.14761,46.21751],[6.14758,46.21743],[6.14751,46.21721],[6.14737,46.21682],[6.14732,46.21668],[6.14725,46.2166],[6.14722,46.21656]]}},{"type":"Feature","properties":{"kind":"street","rank":"minor"},"geometry":{"type":"LineString","coordinates":[[6.15064,46.21374],[6.1505,46.21376],[6.14975,46.21379],[6.14965,46.2138],[6.14956,46.21383],[6.14921,46.21397],[6.14916,46.21402]]}},{"type":"Feature","properties":{"kind":"street","rank":"minor"},"geometry":{"type":"LineString","coordinates":[[6.14767,46.21627],[6.14776,46.21621],[6.14837,46.21594]]}},{"type":"Feature","properties":{"kind":"street","rank":"minor"},"geometry":{"type":"LineString","coordinates":[[6.1496,46.2102],[6.14978,46.21037],[6.15045,46.21097],[6.15071,46.21121],[6.15082,46.21131],[6.15116,46.21162],[6.15186,46.21224],[6.15192,46.21229]]}},{"type":"Feature","properties":{"kind":"street","rank":"minor"},"geometry":{"type":"LineString","coordinates":[[6.1492,46.21324],[6.14871,46.21343],[6.14862,46.21346],[6.14835,46.21357],[6.14829,46.21359]]}},{"type":"Feature","properties":{"kind":"street","rank":"minor"},"geometry":{"type":"LineString","coordinates":[[6.14306,46.21771],[6.14294,46.2178],[6.14288,46.21789],[6.14284,46.21818],[6.1428,46.21856],[6.14278,46.21871],[6.14274,46.21904],[6.14273,46.2192],[6.14273,46.21936],[6.14274,46.21947],[6.14277,46.21965],[6.14279,46.21974],[6.14287,46.21999],[6.1429,46.22007],[6.14294,46.22016]]}},{"type":"Feature","properties":{"kind":"street","rank":"minor"},"geometry":{"type":"LineString","coordinates":[[6.14121,46.21773],[6.14131,46.21772],[6.142,46.21756],[6.14256,46.21741],[6.14265,46.21738]]}},{"type":"Feature","properties":{"kind":"street","rank":"major"},"geometry":{"type":"LineString","coordinates":[[6.14396,46.21815],[6.14473,46.21807],[6.14485,46.21804],[6.14503,46.21796],[6.14512,46.2179],[6.14565,46.21756]]}},{"type":"Feature","properties":{"kind":"street","rank":"major"},"geometry":{"type":"LineString","coordinates":[[6.14565,46.21756],[6.14622,46.21718]]}},{"type":"Feature","properties":{"kind":"street","rank":"major"},"geometry":{"type":"LineString","coordinates":[[6.15544,46.20115],[6.15533,46.20089],[6.1549,46.1999]]}},{"type":"Feature","properties":{"kind":"street","rank":"minor"},"geometry":{"type":"LineString","coordinates":[[6.13631,46.22036],[6.13642,46.22028],[6.13682,46.21999],[6.13706,46.21984]]}},{"type":"Feature","properties":{"kind":"street","rank":"minor"},"geometry":{"type":"LineString","coordinates":[[6.13706,46.21984],[6.13688,46.22003],[6.13677,46.22011],[6.13665,46.2202]]}},{"type":"Feature","properties":{"kind":"street","rank":"minor"},"geometry":{"type":"LineString","coordinates":[[6.1329,46.21939],[6.13299,46.21944],[6.13318,46.21959],[6.13326,46.2197],[6.13363,46.22],[6.13375,46.22009],[6.13382,46.22014]]}},{"type":"Feature","properties":{"kind":"street","rank":"minor"},"geometry":{"type":"LineString","coordinates":[[6.1387,46.21261],[6.13888,46.21283],[6.13904,46.21303],[6.13921,46.21328],[6.13941,46.21357],[6.13948,46.21372],[6.13955,46.21388],[6.1396,46.21407],[6.13964,46.21425],[6.13967,46.21439],[6.13969,46.21453],[6.1397,46.21463],[6.13972,46.21493],[6.13975,46.2152],[6.13973,46.21531],[6.13979,46.21605],[6.13983,46.21619],[6.13985,46.21633],[6.13986,46.21643]]}},{"type":"Feature","properties":{"kind":"street","rank":"minor"},"geometry":{"type":"LineString","coordinates":[[6.12865,46.21081],[6.12879,46.21082],[6.12911,46.21081],[6.12937,46.2108],[6.12946,46.2108],[6.1303,46.2108],[6.13048,46.21082],[6.13053,46.21085]]}},{"type":"Feature","properties":{"kind":"street","rank":"minor"},"geometry":{"type":"LineString","coordinates":[[6.13146,46.21093],[6.13185,46.21066],[6.13221,46.21041],[6.13264,46.21008],[6.13274,46.21],[6.13284,46.20993],[6.13292,46.20987]]}},{"type":"Feature","properties":{"kind":"street","rank":"minor"},"geometry":{"type":"LineString","coordinates":[[6.127,46.20943],[6.12689,46.20944],[6.1265,46.20945],[6.12628,46.20947],[6.12586,46.20948],[6.12575,46.20949],[6.12567,46.2095],[6.12527,46.20954],[6.12518,46.20956],[6.1251,46.20957],[6.1247,46.20966],[6.12459,46.20969],[6.1243,46.20975],[6.124,46.20981],[6.12327,46.20996],[6.12311,46.21],[6.12243,46.21014],[6.12227,46.21016],[6.12195,46.21023],[6.12186,46.21026],[6.12171,46.21029],[6.12121,46.21039],[6.12113,46.21041],[6.12086,46.21046],[6.12067,46.21052],[6.12052,46.21055],[6.12037,46.21057]]}},{"type":"Feature","properties":{"kind":"street","rank":"major"},"geometry":{"type":"LineString","coordinates":[[6.13778,46.20637],[6.13825,46.2064],[6.13834,46.20641],[6.13844,46.20642]]}},{"type":"Feature","properties":{"kind":"street","rank":"minor"},"geometry":{"type":"LineString","coordinates":[[6.13613,46.21734],[6.1359,46.21711],[6.13523,46.21637],[6.13514,46.21626],[6.13483,46.21594],[6.13474,46.21585],[6.13467,46.21578]]}},{"type":"Feature","properties":{"kind":"street","rank":"minor"},"geometry":{"type":"LineString","coordinates":[[6.13363,46.21041],[6.13332,46.21022],[6.13316,46.21011]]}},{"type":"Feature","properties":{"kind":"street","rank":"major"},"geometry":{"type":"LineString","coordinates":[[6.13811,46.2067],[6.13768,46.20647],[6.1375,46.20636]]}},{"type":"Feature","properties":{"kind":"street","rank":"minor"},"geometry":{"type":"LineString","coordinates":[[6.1576,46.19527],[6.15744,46.19514],[6.15695,46.19476],[6.15621,46.1942],[6.1561,46.19412]]}},{"type":"Feature","properties":{"kind":"street","rank":"minor"},"geometry":{"type":"LineString","coordinates":[[6.14996,46.21171],[6.15047,46.21171],[6.15076,46.2117],[6.15086,46.2117],[6.15114,46.21169],[6.15123,46.21169]]}},{"type":"Feature","properties":{"kind":"street","rank":"minor"},"geometry":{"type":"LineString","coordinates":[[6.14812,46.21732],[6.14822,46.21729],[6.14833,46.21725],[6.14852,46.21718],[6.14901,46.21699],[6.14927,46.2169],[6.14935,46.21691],[6.14967,46.21726],[6.14969,46.21737],[6.14916,46.21789],[6.14908,46.21795],[6.14895,46.21803],[6.14881,46.21809],[6.14872,46.21812],[6.14858,46.21817],[6.1485,46.21819]]}},{"type":"Feature","properties":{"kind":"street","rank":"minor"},"geometry":{"type":"LineString","coordinates":[[6.12724,46.20784],[6.12713,46.20793],[6.12713,46.20807],[6.1272,46.20817],[6.12731,46.20824],[6.12735,46.20813],[6.12729,46.20793],[6.12724,46.20784]]}},{"type":"Feature","properties":{"kind":"street","rank":"minor"},"geometry":{"type":"LineString","coordinates":[[6.13231,46.20697],[6.13182,46.20628],[6.13168,46.20608],[6.13164,46.20602]]}},{"type":"Feature","properties":{"kind":"street","rank":"minor"},"geometry":{"type":"LineString","coordinates":[[6.12999,46.20684],[6.13037,46.20757],[6.1304,46.20761]]}},{"type":"Feature","properties":{"kind":"street","rank":"minor"},"geometry":{"type":"LineString","coordinates":[[6.13126,46.20734],[6.1308,46.20662],[6.13068,46.20647],[6.13062,46.20639]]}},{"type":"Feature","properties":{"kind":"street","rank":"minor"},"geometry":{"type":"LineString","coordinates":[[6.13222,46.20882],[6.13214,46.20874],[6.13206,46.20864],[6.13199,46.20852],[6.13186,46.20833],[6.13159,46.2079],[6.13127,46.20739],[6.13126,46.20734]]}},{"type":"Feature","properties":{"kind":"street","rank":"minor"},"geometry":{"type":"LineString","coordinates":[[6.13448,46.20599],[6.1343,46.20597],[6.13386,46.20593],[6.13313,46.20587]]}},{"type":"Feature","properties":{"kind":"street","rank":"minor"},"geometry":{"type":"LineString","coordinates":[[6.13123,46.20617],[6.13094,46.20578],[6.13089,46.20572]]}},{"type":"Feature","properties":{"kind":"street","rank":"minor"},"geometry":{"type":"LineString","coordinates":[[6.12476,46.20422],[6.12483,46.20405],[6.12486,46.20389],[6.12498,46.20353],[6.12501,46.20342]]}},{"type":"Feature","properties":{"kind":"street","rank":"minor"},"geometry":{"type":"LineString","coordinates":[[6.12825,46.20533],[6.1281,46.20535],[6.12819,46.20492],[6.12835,46.20494],[6.1283,46.20511],[6.12827,46.20523],[6.12825,46.20533]]}},{"type":"Feature","properties":{"kind":"street","rank":"minor"},"geometry":{"type":"LineString","coordinates":[[6.14628,46.21335],[6.1458,46.21277],[6.14578,46.21274]]}},{"type":"Feature","properties":{"kind":"street","rank":"minor"},"geometry":{"type":"LineString","coordinates":[[6.14734,46.21225],[6.14773,46.21279],[6.14781,46.2129]]}},{"type":"Feature","properties":{"kind":"street","rank":"minor"},"geometry":{"type":"LineString","coordinates":[[6.14665,46.21314],[6.14679,46.21318],[6.14681,46.21309],[6.14672,46.21296],[6.14663,46.2129],[6.1465,46.21294],[6.14665,46.21314]]}},{"type":"Feature","properties":{"kind":"street","rank":"minor"},"geometry":{"type":"LineString","coordinates":[[6.14679,46.21318],[6.14663,46.2129],[6.14641,46.21258]]}},{"type":"Feature","properties":{"kind":"street","rank":"minor"},"geometry":{"type":"LineString","coordinates":[[6.16117,46.2024],[6.16124,46.20229],[6.16136,46.20225],[6.16165,46.20239],[6.16156,46.20239],[6.16146,46.20237],[6.16136,46.20239],[6.16127,46.20234],[6.16117,46.2024]]}},{"type":"Feature","properties":{"kind":"street","rank":"major"},"geometry":{"type":"LineString","coordinates":[[6.16178,46.20091],[6.16182,46.20148],[6.16172,46.20158]]}},{"type":"Feature","properties":{"kind":"street","rank":"minor"},"geometry":{"type":"LineString","coordinates":[[6.16537,46.20339],[6.16563,46.20348],[6.16555,46.20361],[6.16535,46.20353],[6.16534,46.20343],[6.16537,46.20339]]}},{"type":"Feature","properties":{"kind":"street","rank":"minor"},"geometry":{"type":"LineString","coordinates":[[6.16585,46.20369],[6.16577,46.20365],[6.16599,46.20335],[6.16637,46.20358],[6.1662,46.20369],[6.16603,46.20379],[6.16585,46.20369]]}},{"type":"Feature","properties":{"kind":"street","rank":"minor"},"geometry":{"type":"LineString","coordinates":[[6.15401,46.19237],[6.15391,46.1923],[6.15374,46.19214],[6.1536,46.19199],[6.15351,46.1919],[6.15344,46.19181],[6.15333,46.19173],[6.1533,46.19169]]}},{"type":"Feature","properties":{"kind":"street","rank":"minor"},"geometry":{"type":"LineString","coordinates":[[6.16356,46.20499],[6.16369,46.20489],[6.16365,46.20481],[6.16357,46.20482],[6.16345,46.20491],[6.16351,46.205],[6.16356,46.20499]]}},{"type":"Feature","properties":{"kind":"street","rank":"minor"},"geometry":{"type":"LineString","coordinates":[[6.16519,46.20486],[6.16529,46.20479],[6.16509,46.20464],[6.16491,46.20452],[6.16476,46.20443],[6.16465,46.20451],[6.16513,46.20481],[6.16519,46.20486]]}},{"type":"Feature","properties":{"kind":"street","rank":"minor"},"geometry":{"type":"LineString","coordinates":[[6.16404,46.20494],[6.16394,46.20501],[6.16408,46.2051],[6.16425,46.20522],[6.16439,46.2053],[6.16449,46.2053],[6.16404,46.20494]]}},{"type":"Feature","properties":{"kind":"street","rank":"minor"},"geometry":{"type":"LineString","coordinates":[[6.12988,46.20667],[6.12976,46.2065],[6.12968,46.20644],[6.12952,46.20625],[6.1295,46.20616],[6.12942,46.20606],[6.12935,46.20594],[6.12929,46.20583],[6.12922,46.20576]]}},{"type":"Feature","properties":{"kind":"street","rank":"major"},"geometry":{"type":"LineString","coordinates":[[6.13051,46.20643],[6.13027,46.20652],[6.13,46.20662],[6.12988,46.20667],[6.12926,46.2069],[6.1291,46.20696],[6.12896,46.20702],[6.12855,46.20718],[6.12828,46.20728]]}},{"type":"Feature","properties":{"kind":"street","rank":"minor"},"geometry":{"type":"LineString","coordinates":[[6.14416,46.20146],[6.14399,46.20153],[6.14391,46.20158],[6.14384,46.20167],[6.14385,46.20175],[6.14395,46.20175],[6.14416,46.20146]]}},{"type":"Feature","properties":{"kind":"street","rank":"minor"},"geometry":{"type":"LineString","coordinates":[[6.13811,46.20589],[6.13802,46.20578],[6.13791,46.20565],[6.13786,46.20555],[6.13784,46.20548]]}},{"type":"Feature","properties":{"kind":"street","rank":"minor"},"geometry":{"type":"LineString","coordinates":[[6.1426,46.20551],[6.1425,46.2055],[6.14227,46.20546],[6.14204,46.20542],[6.14143,46.20534],[6.14115,46.20532],[6.14086,46.2053],[6.14054,46.20528],[6.14024,46.20528],[6.13989,46.20528],[6.13988,46.20537],[6.14002,46.20539],[6.14016,46.20539],[6.14038,46.20539],[6.1407,46.20541],[6.14082,46.20541],[6.14125,46.20544],[6.1416,46.20548],[6.14193,46.20553],[6.14204,46.20555],[6.14231,46.20558],[6.14243,46.20558],[6.14254,46.20555],[6.1426,46.20551]]}},{"type":"Feature","properties":{"kind":"street","rank":"minor"},"geometry":{"type":"LineString","coordinates":[[6.13716,46.20704],[6.13695,46.20709],[6.13646,46.20719]]}},{"type":"Feature","properties":{"kind":"street","rank":"minor"},"geometry":{"type":"LineString","coordinates":[[6.14015,46.20763],[6.14003,46.2077],[6.13958,46.20793]]}},{"type":"Feature","properties":{"kind":"street","rank":"minor"},"geometry":{"type":"LineString","coordinates":[[6.14073,46.20677],[6.14091,46.20671],[6.14107,46.20665],[6.14132,46.20657],[6.14137,46.20655]]}},{"type":"Feature","properties":{"kind":"street","rank":"minor"},"geometry":{"type":"LineString","coordinates":[[6.1424,46.20657],[6.14209,46.20704]]}},{"type":"Feature","properties":{"kind":"street","rank":"minor"},"geometry":{"type":"LineString","coordinates":[[6.136,46.20738],[6.13604,46.20729],[6.13619,46.20732],[6.13619,46.20743],[6.13603,46.20743],[6.136,46.20738]]}},{"type":"Feature","properties":{"kind":"street","rank":"major"},"geometry":{"type":"LineString","coordinates":[[6.14109,46.20617],[6.14129,46.20607],[6.14147,46.20594],[6.14154,46.2059]]}},{"type":"Feature","properties":{"kind":"street","rank":"minor"},"geometry":{"type":"LineString","coordinates":[[6.13874,46.2021],[6.13882,46.20211],[6.13933,46.20214],[6.13941,46.20215]]}},{"type":"Feature","properties":{"kind":"street","rank":"major"},"geometry":{"type":"LineString","coordinates":[[6.16647,46.19676],[6.16683,46.19718],[6.16691,46.19728],[6.16725,46.19769],[6.16733,46.19781],[6.1674,46.19792],[6.16744,46.19801],[6.16747,46.19814],[6.1675,46.1983],[6.1675,46.1984],[6.16749,46.19849],[6.16743,46.19895]]}},{"type":"Feature","properties":{"kind":"street","rank":"major"},"geometry":{"type":"LineString","coordinates":[[6.16353,46.19608],[6.16342,46.19587],[6.16333,46.1957],[6.16326,46.19557],[6.16318,46.19545],[6.16307,46.19532],[6.16291,46.19517],[6.16283,46.19511],[6.16271,46.19502],[6.16263,46.19496],[6.16253,46.1949],[6.16237,46.19482],[6.16224,46.19475],[6.16213,46.19471],[6.16204,46.19467],[6.16176,46.19455],[6.16167,46.19452],[6.1613,46.19437],[6.16114,46.19431],[6.161,46.19425],[6.16067,46.19411]]}},{"type":"Feature","properties":{"kind":"street","rank":"minor"},"geometry":{"type":"LineString","coordinates":[[6.17331,46.20157],[6.1731,46.20131],[6.17297,46.20118],[6.17277,46.20099],[6.17265,46.20086],[6.1722,46.20038],[6.17206,46.20025],[6.17192,46.20013],[6.17188,46.20007]]}},{"type":"Feature","properties":{"kind":"street","rank":"major"},"geometry":{"type":"LineString","coordinates":[[6.16768,46.19996],[6.1685,46.19996],[6.16866,46.19997],[6.16878,46.19997],[6.16887,46.19998],[6.16912,46.2],[6.16948,46.20001],[6.17009,46.20002],[6.17065,46.20003],[6.17087,46.20003],[6.17105,46.20003],[6.1714,46.20002],[6.1715,46.20001],[6.17175,46.19999],[6.17202,46.19996],[6.1723,46.19992],[6.17279,46.19984]]}},{"type":"Feature","properties":{"kind":"street","rank":"major"},"geometry":{"type":"LineString","coordinates":[[6.17417,46.19963],[6.17432,46.19959],[6.17461,46.19954],[6.17487,46.19949]]}},{"type":"Feature","properties":{"kind":"street","rank":"major"},"geometry":{"type":"LineString","coordinates":[[6.18075,46.19888],[6.18066,46.19889],[6.18037,46.19892],[6.18008,46.19895],[6.17961,46.19899],[6.17936,46.19901],[6.17899,46.19904],[6.17779,46.19917],[6.1773,46.19922],[6.17696,46.19925],[6.17674,46.19928],[6.17651,46.19931],[6.17617,46.19936],[6.17595,46.1994],[6.17569,46.19945]]}},{"type":"Feature","properties":{"kind":"street","rank":"minor"},"geometry":{"type":"LineString","coordinates":[[6.17432,46.20018],[6.1743,46.20026],[6.17444,46.20031],[6.17453,46.2004],[6.17471,46.2007],[6.17482,46.20071],[6.17481,46.2008],[6.17489,46.20089],[6.17478,46.20094],[6.17467,46.20081],[6.17454,46.20068],[6.17442,46.20056],[6.17431,46.20045],[6.17419,46.20031],[6.17403,46.20038],[6.17432,46.20018]]}},{"type":"Feature","properties":{"kind":"street","rank":"minor"},"geometry":{"type":"LineString","coordinates":[[6.1737,46.20197],[6.17321,46.20219],[6.17305,46.20226]]}},{"type":"Feature","properties":{"kind":"street","rank":"major"},"geometry":{"type":"LineString","coordinates":[[6.13894,46.19772],[6.13851,46.19733],[6.13836,46.19719],[6.1381,46.19695],[6.13797,46.19683]]}},{"type":"Feature","properties":{"kind":"street","rank":"minor"},"geometry":{"type":"LineString","coordinates":[[6.17408,46.20343],[6.17385,46.20321],[6.17378,46.20305],[6.17365,46.20295],[6.17367,46.20282],[6.17379,46.20275],[6.17409,46.20259],[6.17462,46.2023]]}},{"type":"Feature","properties":{"kind":"street","rank":"minor"},"geometry":{"type":"LineString","coordinates":[[6.17415,46.20339],[6.17425,46.20334],[6.17469,46.20309],[6.17522,46.20281]]}},{"type":"Feature","properties":{"kind":"street","rank":"minor"},"geometry":{"type":"LineString","coordinates":[[6.1735,46.20389],[6.17365,46.20372],[6.17408,46.20343],[6.17415,46.20339]]}},{"type":"Feature","properties":{"kind":"street","rank":"major"},"geometry":{"type":"LineString","coordinates":[[6.1281,46.21437],[6.12798,46.21441],[6.12777,46.21448],[6.12756,46.21454],[6.12734,46.21461],[6.12716,46.21465],[6.12704,46.21469],[6.12691,46.21472],[6.12646,46.21482],[6.12623,46.21486],[6.12602,46.2149],[6.12594,46.21492],[6.12578,46.21496],[6.12562,46.215],[6.12553,46.21502],[6.12484,46.21515],[6.12476,46.21516]]}},{"type":"Feature","properties":{"kind":"street","rank":"major"},"geometry":{"type":"LineString","coordinates":[[6.12642,46.21472],[6.12664,46.21468],[6.12686,46.21463],[6.12704,46.21458],[6.12729,46.21451],[6.1275,46.21445],[6.12771,46.21439],[6.12782,46.21435],[6.12806,46.21426],[6.12824,46.21419]]}},{"type":"Feature","properties":{"kind":"street","rank":"major"},"geometry":{"type":"LineString","coordinates":[[6.12923,46.21394],[6.12862,46.21418],[6.12859,46.21419]]}},{"type":"Feature","properties":{"kind":"street","rank":"minor"},"geometry":{"type":"LineString","coordinates":[[6.13556,46.21418],[6.13545,46.21408],[6.13524,46.21389],[6.13485,46.21357],[6.13476,46.2135],[6.13459,46.21335],[6.13404,46.21289],[6.13396,46.21282],[6.13385,46.21273],[6.1337,46.2126],[6.13361,46.21252],[6.13336,46.21231],[6.13323,46.21219],[6.13318,46.21214]]}},{"type":"Feature","properties":{"kind":"street","rank":"minor"},"geometry":{"type":"LineString","coordinates":[[6.13293,46.21197],[6.13226,46.21149],[6.13212,46.21139],[6.13154,46.21098],[6.13146,46.21093]]}},{"type":"Feature","properties":{"kind":"street","rank":"major"},"geometry":{"type":"LineString","coordinates":[[6.12997,46.21405],[6.13023,46.21445],[6.13031,46.21459],[6.13038,46.2147],[6.13053,46.21496],[6.1306,46.21509],[6.13063,46.21512]]}},{"type":"Feature","properties":{"kind":"street","rank":"major"},"geometry":{"type":"LineString","coordinates":[[6.13113,46.21291],[6.13155,46.21271],[6.13186,46.21256],[6.13205,46.21247],[6.13261,46.2122],[6.13284,46.21209],[6.13299,46.212]]}},{"type":"Feature","properties":{"kind":"street","rank":"minor"},"geometry":{"type":"LineString","coordinates":[[6.14561,46.19619],[6.14564,46.19591],[6.14571,46.19537],[6.14571,46.19533]]}},{"type":"Feature","properties":{"kind":"street","rank":"minor"},"geometry":{"type":"LineString","coordinates":[[6.14677,46.19684],[6.14685,46.19677],[6.14682,46.19669],[6.1467,46.19666],[6.14671,46.19675],[6.14677,46.19684]]}},{"type":"Feature","properties":{"kind":"street","rank":"minor"},"geometry":{"type":"LineString","coordinates":[[6.14555,46.19635],[6.14546,46.19634],[6.14543,46.19644],[6.14533,46.19655],[6.14518,46.1966],[6.14507,46.19661],[6.14493,46.19661],[6.14479,46.19661],[6.14468,46.1966],[6.14494,46.19679],[6.14548,46.19651],[6.14556,46.19653],[6.14555,46.19642],[6.14555,46.19635]]}},{"type":"Feature","properties":{"kind":"street","rank":"minor"},"geometry":{"type":"LineString","coordinates":[[6.14593,46.19572],[6.14609,46.19572],[6.1462,46.1956],[6.14629,46.19558],[6.1462,46.19555],[6.14606,46.19555],[6.14593,46.19572]]}},{"type":"Feature","properties":{"kind":"street","rank":"minor"},"geometry":{"type":"LineString","coordinates":[[6.14293,46.19735],[6.14293,46.19753],[6.14285,46.19761],[6.14271,46.1977],[6.14263,46.19765],[6.14273,46.19762],[6.14281,46.19751],[6.14289,46.19739],[6.14293,46.19735]]}},{"type":"Feature","properties":{"kind":"street","rank":"minor"},"geometry":{"type":"LineString","coordinates":[[6.14305,46.19764],[6.14309,46.19777],[6.14309,46.19797],[6.1431,46.19808],[6.14319,46.19807],[6.14328,46.19802],[6.14335,46.19792],[6.14334,46.1978],[6.14327,46.19771],[6.14314,46.19766],[6.14305,46.19764]]}},{"type":"Feature","properties":{"kind":"street","rank":"minor"},"geometry":{"type":"LineString","coordinates":[[6.14345,46.19759],[6.14319,46.19746],[6.14319,46.19755],[6.14331,46.19761],[6.14341,46.19761],[6.14345,46.19759]]}},{"type":"Feature","properties":{"kind":"street","rank":"minor"},"geometry":{"type":"LineString","coordinates":[[6.14395,46.19157],[6.14385,46.19158],[6.14375,46.1916],[6.14363,46.19161],[6.14334,46.19165]]}},{"type":"Feature","properties":{"kind":"street","rank":"minor"},"geometry":{"type":"LineString","coordinates":[[6.14316,46.19392],[6.14288,46.19382],[6.14283,46.19393],[6.14315,46.19396],[6.14316,46.19392]]}},{"type":"Feature","properties":{"kind":"street","rank":"minor"},"geometry":{"type":"LineString","coordinates":[[6.14553,46.19211],[6.14526,46.19114],[6.14525,46.1911]]}},{"type":"Feature","properties":{"kind":"street","rank":"minor"},"geometry":{"type":"LineString","coordinates":[[6.14185,46.19009],[6.14172,46.19011],[6.14165,46.19026],[6.14184,46.19029],[6.14195,46.19032],[6.14195,46.19022],[6.14187,46.19016],[6.14185,46.19009]]}},{"type":"Feature","properties":{"kind":"street","rank":"minor"},"geometry":{"type":"LineString","coordinates":[[6.14243,46.19107],[6.14255,46.19108],[6.14249,46.19088],[6.14244,46.19063],[6.14234,46.19063],[6.14227,46.19044],[6.14216,46.19038],[6.14207,46.19039],[6.14199,46.19048],[6.14223,46.19044],[6.14231,46.19067],[6.14232,46.1909],[6.14243,46.19107]]}},{"type":"Feature","properties":{"kind":"street","rank":"minor"},"geometry":{"type":"LineString","coordinates":[[6.14244,46.19001],[6.14284,46.18998],[6.14288,46.1901],[6.14276,46.19012],[6.14265,46.19014],[6.14269,46.19024],[6.14277,46.19018],[6.14287,46.19021],[6.14301,46.19022],[6.14304,46.19007],[6.143,46.18996],[6.14301,46.18988],[6.14292,46.18987],[6.14271,46.1899],[6.14249,46.18993],[6.14244,46.19001]]}},{"type":"Feature","properties":{"kind":"street","rank":"minor"},"geometry":{"type":"LineString","coordinates":[[6.13836,46.19719],[6.13929,46.19667]]}},{"type":"Feature","properties":{"kind":"street","rank":"minor"},"geometry":{"type":"LineString","coordinates":[[6.13791,46.19635],[6.13811,46.19624],[6.13779,46.19596],[6.13748,46.19565],[6.13757,46.1956],[6.13745,46.19549],[6.13735,46.1954],[6.13704,46.19557],[6.13791,46.19635]]}},{"type":"Feature","properties":{"kind":"street","rank":"minor"},"geometry":{"type":"LineString","coordinates":[[6.14383,46.19459],[6.14459,46.19466]]}},{"type":"Feature","properties":{"kind":"street","rank":"minor"},"geometry":{"type":"LineString","coordinates":[[6.14459,46.19499],[6.14448,46.19498],[6.14452,46.19479],[6.14438,46.19477],[6.14441,46.19467],[6.14459,46.19468],[6.14468,46.19465],[6.14468,46.19477],[6.14466,46.1949],[6.14464,46.19498],[6.14459,46.19499]]}},{"type":"Feature","properties":{"kind":"street","rank":"major"},"geometry":{"type":"LineString","coordinates":[[6.1293,46.19969],[6.12949,46.19958],[6.12966,46.19948],[6.12983,46.19938]]}},{"type":"Feature","properties":{"kind":"street","rank":"major"},"geometry":{"type":"LineString","coordinates":[[6.13478,46.19648],[6.13486,46.19641],[6.13509,46.19629],[6.13549,46.19607],[6.13563,46.196],[6.13575,46.1959],[6.13592,46.19579],[6.13596,46.19577]]}},{"type":"Feature","properties":{"kind":"street","rank":"major"},"geometry":{"type":"LineString","coordinates":[[6.12904,46.19998],[6.1293,46.20022],[6.12942,46.20035],[6.12949,46.20047]]}},{"type":"Feature","properties":{"kind":"street","rank":"major"},"geometry":{"type":"LineString","coordinates":[[6.12949,46.2006],[6.12978,46.20088],[6.12995,46.20105],[6.13001,46.20111]]}},{"type":"Feature","properties":{"kind":"street","rank":"minor"},"geometry":{"type":"LineString","coordinates":[[6.14459,46.19468],[6.14469,46.19412]]}},{"type":"Feature","properties":{"kind":"street","rank":"minor"},"geometry":{"type":"LineString","coordinates":[[6.14201,46.19507],[6.14192,46.19501],[6.14199,46.19492],[6.14213,46.19492],[6.14219,46.19503],[6.14239,46.19505],[6.14257,46.19501],[6.14284,46.19509],[6.1427,46.19511],[6.14244,46.19509],[6.14224,46.19507],[6.14201,46.19507]]}},{"type":"Feature","properties":{"kind":"street","rank":"minor"},"geometry":{"type":"LineString","coordinates":[[6.13544,46.20003],[6.13539,46.19994],[6.13501,46.19942],[6.13494,46.19934]]}},{"type":"Feature","properties":{"kind":"street","rank":"minor"},"geometry":{"type":"LineString","coordinates":[[6.13494,46.19934],[6.13466,46.19911],[6.13444,46.19892],[6.13437,46.19885]]}},{"type":"Feature","properties":{"kind":"street","rank":"minor"},"geometry":{"type":"LineString","coordinates":[[6.13414,46.19887],[6.13441,46.19872],[6.13419,46.19848],[6.134,46.19832],[6.13382,46.19817],[6.13354,46.19833],[6.13369,46.19849],[6.13388,46.19865],[6.13414,46.19887]]}},{"type":"Feature","properties":{"kind":"street","rank":"minor"},"geometry":{"type":"LineString","coordinates":[[6.13931,46.19897],[6.13925,46.19877],[6.13908,46.1988],[6.13898,46.19884],[6.13897,46.19893],[6.13897,46.19901],[6.13906,46.19901],[6.13928,46.19896],[6.13931,46.19897]]}},{"type":"Feature","properties":{"kind":"street","rank":"minor"},"geometry":{"type":"LineString","coordinates":[[6.13507,46.20014],[6.1347,46.20022],[6.13482,46.20046],[6.13518,46.20041],[6.13538,46.20036],[6.13547,46.20055],[6.13554,46.20068],[6.1356,46.20081],[6.13571,46.20079],[6.13546,46.2003],[6.13519,46.20037],[6.13511,46.20021],[6.13507,46.20014]]}},{"type":"Feature","properties":{"kind":"street","rank":"minor"},"geometry":{"type":"LineString","coordinates":[[6.14199,46.20624],[6.14143,46.20653],[6.14137,46.20655]]}},{"type":"Feature","properties":{"kind":"street","rank":"minor"},"geometry":{"type":"LineString","coordinates":[[6.13069,46.20006],[6.1308,46.20002],[6.13091,46.19998],[6.13102,46.19994],[6.13113,46.1999],[6.13124,46.19986],[6.13135,46.19982],[6.13146,46.19978],[6.13157,46.19974],[6.1318,46.19998],[6.13137,46.20009],[6.13016,46.20031],[6.13025,46.20022],[6.13036,46.20017],[6.13047,46.20013],[6.13058,46.20009],[6.13069,46.20006]]}},{"type":"Feature","properties":{"kind":"street","rank":"minor"},"geometry":{"type":"LineString","coordinates":[[6.15295,46.18866],[6.15288,46.18857],[6.15274,46.18836],[6.15257,46.1881],[6.15245,46.18792],[6.15229,46.18771]]}},{"type":"Feature","properties":{"kind":"street","rank":"minor"},"geometry":{"type":"LineString","coordinates":[[6.1573,46.19037],[6.15745,46.19053],[6.15753,46.19061],[6.15762,46.1907],[6.15791,46.19099],[6.15833,46.1914],[6.15839,46.19146]]}},{"type":"Feature","properties":{"kind":"street","rank":"minor"},"geometry":{"type":"LineString","coordinates":[[6.14482,46.20622],[6.14505,46.20628],[6.14525,46.20633],[6.14566,46.20644],[6.14581,46.20648],[6.14626,46.2066],[6.14652,46.20667],[6.14658,46.20668]]}},{"type":"Feature","properties":{"kind":"street","rank":"minor"},"geometry":{"type":"LineString","coordinates":[[6.15733,46.19758],[6.15768,46.19744],[6.15829,46.19719],[6.15838,46.19714],[6.15878,46.19698],[6.15908,46.19686],[6.15949,46.1967]]}},{"type":"Feature","properties":{"kind":"street","rank":"major"},"geometry":{"type":"LineString","coordinates":[[6.14045,46.20651],[6.14053,46.20658],[6.14067,46.20671],[6.14075,46.20679],[6.14091,46.20694],[6.14107,46.20709],[6.14108,46.2071]]}},{"type":"Feature","properties":{"kind":"street","rank":"minor"},"geometry":{"type":"LineString","coordinates":[[6.14015,46.18749],[6.14005,46.18751],[6.13997,46.18749],[6.14006,46.18741],[6.14015,46.18749]]}},{"type":"Feature","properties":{"kind":"street","rank":"minor"},"geometry":{"type":"LineString","coordinates":[[6.13973,46.20965],[6.13956,46.20972],[6.13939,46.20968],[6.13931,46.20965],[6.13941,46.20959],[6.13973,46.20965]]}},{"type":"Feature","properties":{"kind":"street","rank":"minor"},"geometry":{"type":"LineString","coordinates":[[6.13973,46.20935],[6.13979,46.20921],[6.13954,46.20929],[6.13973,46.20935]]}},{"type":"Feature","properties":{"kind":"street","rank":"minor"},"geometry":{"type":"LineString","coordinates":[[6.13968,46.2099],[6.13981,46.20975],[6.13958,46.20973],[6.1396,46.20985],[6.13968,46.2099]]}},{"type":"Feature","properties":{"kind":"street","rank":"minor"},"geometry":{"type":"LineString","coordinates":[[6.13996,46.20878],[6.13948,46.20834],[6.1393,46.20817],[6.13925,46.20812]]}},{"type":"Feature","properties":{"kind":"street","rank":"major"},"geometry":{"type":"LineString","coordinates":[[6.14046,46.20864],[6.14056,46.20861],[6.1407,46.20856],[6.14081,46.20854],[6.14093,46.20852],[6.14102,46.20851]]}},{"type":"Feature","properties":{"kind":"street","rank":"minor"},"geometry":{"type":"LineString","coordinates":[[6.13652,46.21216],[6.13641,46.212],[6.13632,46.21187],[6.13618,46.21168],[6.13619,46.21163]]}},{"type":"Feature","properties":{"kind":"street","rank":"minor"},"geometry":{"type":"LineString","coordinates":[[6.13738,46.21175],[6.13742,46.21184],[6.13734,46.21184],[6.13723,46.2119],[6.1372,46.21199],[6.13717,46.21208],[6.13725,46.21209],[6.1372,46.21219],[6.1373,46.21226],[6.13738,46.21231],[6.13746,46.21234],[6.1373,46.21241],[6.13728,46.21251],[6.13719,46.21258],[6.13711,46.21251],[6.137,46.21249],[6.13702,46.2124],[6.13709,46.2123],[6.137,46.21227],[6.13688,46.21226],[6.13682,46.21218],[6.13673,46.21212],[6.13684,46.21205],[6.13701,46.21207],[6.13703,46.21196],[6.13718,46.21184],[6.13726,46.21179],[6.13738,46.21175]]}},{"type":"Feature","properties":{"kind":"street","rank":"minor"},"geometry":{"type":"LineString","coordinates":[[6.13596,46.21292],[6.13613,46.21284],[6.13603,46.21299],[6.13596,46.21292]]}},{"type":"Feature","properties":{"kind":"street","rank":"minor"},"geometry":{"type":"LineString","coordinates":[[6.1418,46.21096],[6.14184,46.21082],[6.14201,46.2109],[6.14192,46.21094],[6.1418,46.21096]]}},{"type":"Feature","properties":{"kind":"street","rank":"minor"},"geometry":{"type":"LineString","coordinates":[[6.14007,46.21103],[6.13999,46.21095],[6.14007,46.21094],[6.14026,46.21088],[6.14031,46.21097],[6.14011,46.21102],[6.14007,46.21103]]}},{"type":"Feature","properties":{"kind":"street","rank":"minor"},"geometry":{"type":"LineString","coordinates":[[6.1398,46.21094],[6.13992,46.21093],[6.14003,46.21094],[6.13998,46.2108],[6.13979,46.2108],[6.1398,46.21094]]}},{"type":"Feature","properties":{"kind":"street","rank":"minor"},"geometry":{"type":"LineString","coordinates":[[6.14003,46.21122],[6.14012,46.21121],[6.14019,46.2113],[6.14028,46.21131],[6.14037,46.21128],[6.14048,46.21126],[6.14051,46.21135],[6.1404,46.21136],[6.14031,46.21138],[6.14009,46.2114],[6.14003,46.21126],[6.14003,46.21122]]}},{"type":"Feature","properties":{"kind":"street","rank":"minor"},"geometry":{"type":"LineString","coordinates":[[6.14026,46.21095],[6.14008,46.21099],[6.14009,46.21108],[6.14008,46.21121],[6.14012,46.21132],[6.14027,46.21134],[6.14035,46.21132],[6.14045,46.21129]]}},{"type":"Feature","properties":{"kind":"street","rank":"minor"},"geometry":{"type":"LineString","coordinates":[[6.13945,46.21116],[6.13938,46.21091],[6.13934,46.21082],[6.13919,46.21092],[6.13937,46.21116],[6.13945,46.21116]]}},{"type":"Feature","properties":{"kind":"street","rank":"minor"},"geometry":{"type":"LineString","coordinates":[[6.13934,46.21082],[6.13942,46.21076],[6.13951,46.21082],[6.13949,46.21091],[6.13938,46.21091],[6.13934,46.21082]]}},{"type":"Feature","properties":{"kind":"street","rank":"minor"},"geometry":{"type":"LineString","coordinates":[[6.12597,46.19659],[6.12588,46.19655],[6.12559,46.19641],[6.12537,46.1963],[6.12525,46.19625],[6.12517,46.1962],[6.12501,46.1961],[6.1246,46.19585],[6.1244,46.19572],[6.12413,46.19555],[6.12374,46.19532],[6.12347,46.19515],[6.12325,46.19501],[6.12313,46.19494],[6.12303,46.19488]]}},{"type":"Feature","properties":{"kind":"street","rank":"minor"},"geometry":{"type":"LineString","coordinates":[[6.13838,46.21075],[6.13826,46.21073],[6.13823,46.21063],[6.13806,46.21065],[6.13791,46.2107],[6.13779,46.21069],[6.13793,46.21077],[6.13813,46.21079],[6.1381,46.2109],[6.13797,46.21092],[6.13808,46.21099],[6.13818,46.21095],[6.13821,46.21083],[6.1383,46.2108],[6.13838,46.21075]]}},{"type":"Feature","properties":{"kind":"street","rank":"minor"},"geometry":{"type":"LineString","coordinates":[[6.13772,46.2107],[6.13789,46.21069],[6.13799,46.21065],[6.13789,46.21053],[6.1378,46.21056],[6.1377,46.21058],[6.13761,46.21064],[6.13771,46.21062],[6.13787,46.21056],[6.13778,46.21061],[6.13764,46.21066],[6.13772,46.2107]]}},{"type":"Feature","properties":{"kind":"street","rank":"minor"},"geometry":{"type":"LineString","coordinates":[[6.13909,46.21022],[6.1392,46.2102],[6.13932,46.21017],[6.13927,46.21028],[6.13918,46.21033],[6.13908,46.21039],[6.13897,46.21047],[6.13892,46.21039],[6.13885,46.21029],[6.1389,46.21017],[6.13902,46.21015],[6.13894,46.21022],[6.13893,46.21031],[6.13903,46.21036],[6.13903,46.21027],[6.13909,46.21022]]}},{"type":"Feature","properties":{"kind":"street","rank":"minor"},"geometry":{"type":"LineString","coordinates":[[6.1326,46.21574],[6.13272,46.21569],[6.13295,46.21585],[6.13284,46.21592],[6.13266,46.21603],[6.13244,46.21589],[6.13248,46.2158],[6.13268,46.21591],[6.1326,46.21574]]}},{"type":"Feature","properties":{"kind":"street","rank":"minor"},"geometry":{"type":"LineString","coordinates":[[6.13167,46.2158],[6.13177,46.21577],[6.13251,46.21637],[6.13167,46.2158]]}},{"type":"Feature","properties":{"kind":"street","rank":"minor"},"geometry":{"type":"LineString","coordinates":[[6.13156,46.21605],[6.13135,46.21609],[6.13153,46.21631],[6.13167,46.21626],[6.13175,46.21623],[6.13156,46.21605]]}},{"type":"Feature","properties":{"kind":"street","rank":"minor"},"geometry":{"type":"LineString","coordinates":[[6.13219,46.21655],[6.1321,46.2166],[6.132,46.21665],[6.1321,46.21672],[6.132,46.21678],[6.1321,46.21686],[6.13237,46.2167],[6.13223,46.21659],[6.13219,46.21655]]}},{"type":"Feature","properties":{"kind":"street","rank":"minor"},"geometry":{"type":"LineString","coordinates":[[6.13191,46.21478],[6.13169,46.2148],[6.13157,46.21478],[6.13139,46.21494],[6.13125,46.21498],[6.13191,46.21478]]}},{"type":"Feature","properties":{"kind":"street","rank":"minor"},"geometry":{"type":"LineString","coordinates":[[6.12637,46.21705],[6.12579,46.21673],[6.12574,46.2167]]}},{"type":"Feature","properties":{"kind":"street","rank":"minor"},"geometry":{"type":"LineString","coordinates":[[6.12583,46.21713],[6.12616,46.21727],[6.12607,46.21736],[6.12596,46.2173],[6.12589,46.2172],[6.12583,46.21713]]}},{"type":"Feature","properties":{"kind":"street","rank":"minor"},"geometry":{"type":"LineString","coordinates":[[6.12764,46.2163],[6.12781,46.2162],[6.12772,46.21614],[6.12761,46.21605],[6.12744,46.21615],[6.12764,46.2163]]}},{"type":"Feature","properties":{"kind":"street","rank":"minor"},"geometry":{"type":"LineString","coordinates":[[6.12532,46.21727],[6.12518,46.21735],[6.12548,46.21766],[6.12568,46.21755],[6.12532,46.21727]]}},{"type":"Feature","properties":{"kind":"street","rank":"minor"},"geometry":{"type":"LineString","coordinates":[[6.1274,46.21609],[6.12729,46.21608],[6.1272,46.21599],[6.1273,46.21599],[6.12741,46.21599],[6.1274,46.21609]]}},{"type":"Feature","properties":{"kind":"street","rank":"minor"},"geometry":{"type":"LineString","coordinates":[[6.14326,46.21856],[6.14325,46.21847],[6.14332,46.21837],[6.14341,46.21834],[6.14352,46.21836],[6.14361,46.21844],[6.14362,46.21853],[6.14326,46.21856]]}},{"type":"Feature","properties":{"kind":"street","rank":"minor"},"geometry":{"type":"LineString","coordinates":[[6.14741,46.21939],[6.14721,46.21945],[6.14681,46.21956],[6.14639,46.21967],[6.14589,46.2198],[6.14555,46.21989]]}},{"type":"Feature","properties":{"kind":"street","rank":"minor"},"geometry":{"type":"LineString","coordinates":[[6.14549,46.21994],[6.1455,46.21975],[6.14549,46.21923],[6.14549,46.21895]]}},{"type":"Feature","properties":{"kind":"street","rank":"minor"},"geometry":{"type":"LineString","coordinates":[[6.14746,46.2069],[6.14734,46.20688],[6.14683,46.20675],[6.14663,46.2067],[6.14658,46.20668]]}},{"type":"Feature","properties":{"kind":"street","rank":"minor"},"geometry":{"type":"LineString","coordinates":[[6.13471,46.21929],[6.1348,46.21936],[6.13489,46.2194],[6.13498,46.21942],[6.13491,46.21933],[6.13493,46.21925],[6.13484,46.21921],[6.13471,46.21929]]}},{"type":"Feature","properties":{"kind":"street","rank":"minor"},"geometry":{"type":"LineString","coordinates":[[6.14027,46.21472],[6.14044,46.21495],[6.14026,46.21503],[6.14034,46.2149],[6.14017,46.2148],[6.14027,46.21472]]}},{"type":"Feature","properties":{"kind":"street","rank":"minor"},"geometry":{"type":"LineString","coordinates":[[6.12486,46.21192],[6.12523,46.21233],[6.12526,46.21236]]}},{"type":"Feature","properties":{"kind":"street","rank":"major"},"geometry":{"type":"LineString","coordinates":[[6.14104,46.21922],[6.14099,46.21935],[6.14089,46.21961],[6.14083,46.21977],[6.14076,46.21994],[6.14072,46.22004],[6.14062,46.22031],[6.14054,46.2205]]}},{"type":"Feature","properties":{"kind":"street","rank":"minor"},"geometry":{"type":"LineString","coordinates":[[6.12588,46.2112],[6.12596,46.21118],[6.12641,46.21118],[6.1265,46.21118],[6.12692,46.21118],[6.127,46.21118],[6.12711,46.21118],[6.12716,46.21119]]}},{"type":"Feature","properties":{"kind":"street","rank":"minor"},"geometry":{"type":"LineString","coordinates":[[6.12445,46.21119],[6.12455,46.21119],[6.12466,46.2112],[6.12512,46.2112],[6.12526,46.2112],[6.12557,46.2112],[6.12588,46.2112]]}},{"type":"Feature","properties":{"kind":"street","rank":"minor"},"geometry":{"type":"LineString","coordinates":[[6.12865,46.21081],[6.12856,46.2108],[6.12785,46.2108]]}},{"type":"Feature","properties":{"kind":"street","rank":"minor"},"geometry":{"type":"LineString","coordinates":[[6.12864,46.21025],[6.12856,46.21025],[6.12835,46.21025],[6.12814,46.21025],[6.12798,46.21025],[6.12784,46.21025]]}},{"type":"Feature","properties":{"kind":"street","rank":"minor"},"geometry":{"type":"LineString","coordinates":[[6.12628,46.21927],[6.12632,46.21916],[6.12612,46.21899],[6.12606,46.21891],[6.12614,46.21882],[6.12623,46.21879],[6.12635,46.21873],[6.12653,46.21884],[6.12671,46.21889],[6.12655,46.21902],[6.12628,46.21887],[6.12618,46.21894],[6.12647,46.21912],[6.12628,46.21927]]}},{"type":"Feature","properties":{"kind":"street","rank":"minor"},"geometry":{"type":"LineString","coordinates":[[6.14749,46.21811],[6.14738,46.21805],[6.14734,46.21792],[6.14743,46.21785],[6.14751,46.21791],[6.14755,46.21799],[6.14751,46.2181],[6.14749,46.21811]]}},{"type":"Feature","properties":{"kind":"street","rank":"major"},"geometry":{"type":"LineString","coordinates":[[6.12585,46.19462],[6.1255,46.1945],[6.12483,46.19427]]}},{"type":"Feature","properties":{"kind":"street","rank":"major"},"geometry":{"type":"LineString","coordinates":[[6.14124,46.2168],[6.1412,46.21716],[6.14121,46.21748],[6.14121,46.21749]]}},{"type":"Feature","properties":{"kind":"street","rank":"major"},"geometry":{"type":"LineString","coordinates":[[6.14185,46.21674],[6.142,46.21685],[6.14209,46.21693],[6.14219,46.21701],[6.14265,46.21738],[6.14306,46.21771]]}},{"type":"Feature","properties":{"kind":"street","rank":"major"},"geometry":{"type":"LineString","coordinates":[[6.13331,46.19983],[6.13364,46.20007],[6.1338,46.20018],[6.13396,46.2003],[6.1341,46.2004],[6.13424,46.2005],[6.13475,46.20084],[6.13516,46.20114]]}},{"type":"Feature","properties":{"kind":"street","rank":"minor"},"geometry":{"type":"LineString","coordinates":[[6.12985,46.20125],[6.12976,46.20125],[6.12954,46.20124],[6.12944,46.20124],[6.12882,46.20123],[6.12873,46.20123],[6.12831,46.20122],[6.1282,46.20123],[6.12805,46.20126],[6.12787,46.20126],[6.12771,46.20125],[6.12762,46.20125],[6.1274,46.20125],[6.12724,46.20125],[6.12712,46.20125],[6.12693,46.20124],[6.12683,46.20124],[6.12672,46.20122],[6.12654,46.20118],[6.12611,46.20117],[6.12596,46.20117]]}},{"type":"Feature","properties":{"kind":"street","rank":"minor"},"geometry":{"type":"LineString","coordinates":[[6.13057,46.20029],[6.13089,46.20023],[6.13189,46.20006]]}},{"type":"Feature","properties":{"kind":"street","rank":"minor"},"geometry":{"type":"LineString","coordinates":[[6.13051,46.20145],[6.13035,46.20132],[6.1306,46.2013],[6.13056,46.2014],[6.13051,46.20145]]}},{"type":"Feature","properties":{"kind":"street","rank":"minor"},"geometry":{"type":"LineString","coordinates":[[6.14774,46.21144],[6.14809,46.21134],[6.14892,46.21108],[6.14898,46.21106]]}},{"type":"Feature","properties":{"kind":"street","rank":"minor"},"geometry":{"type":"LineString","coordinates":[[6.14829,46.21359],[6.1482,46.21366],[6.14732,46.21401],[6.14638,46.21437],[6.14631,46.2144]]}},{"type":"Feature","properties":{"kind":"street","rank":"minor"},"geometry":{"type":"LineString","coordinates":[[6.15009,46.21523],[6.1502,46.21523],[6.15043,46.21519],[6.15051,46.21507],[6.15073,46.2146],[6.15081,46.21441]]}},{"type":"Feature","properties":{"kind":"street","rank":"minor"},"geometry":{"type":"LineString","coordinates":[[6.14665,46.21064],[6.14688,46.21098],[6.14691,46.21102]]}},{"type":"Feature","properties":{"kind":"street","rank":"minor"},"geometry":{"type":"LineString","coordinates":[[6.13636,46.20326],[6.13638,46.20316],[6.13644,46.20278]]}},{"type":"Feature","properties":{"kind":"street","rank":"minor"},"geometry":{"type":"LineString","coordinates":[[6.14621,46.1959],[6.14663,46.19554],[6.14679,46.19542]]}},{"type":"Feature","properties":{"kind":"street","rank":"major"},"geometry":{"type":"LineString","coordinates":[[6.1537,46.20009],[6.15414,46.2004]]}},{"type":"Feature","properties":{"kind":"street","rank":"minor"},"geometry":{"type":"LineString","coordinates":[[6.15401,46.2005],[6.1541,46.20044],[6.15418,46.20038],[6.15443,46.20021],[6.15483,46.19995],[6.1549,46.1999]]}},{"type":"Feature","properties":{"kind":"street","rank":"major"},"geometry":{"type":"LineString","coordinates":[[6.15439,46.19951],[6.1542,46.19963],[6.15384,46.19988]]}},{"type":"Feature","properties":{"kind":"street","rank":"minor"},"geometry":{"type":"LineString","coordinates":[[6.17253,46.19816],[6.17245,46.19805],[6.17259,46.19798],[6.1728,46.19787],[6.17291,46.19797],[6.17292,46.19811],[6.17278,46.1982],[6.17262,46.1982],[6.17253,46.19816]]}},{"type":"Feature","properties":{"kind":"street","rank":"minor"},"geometry":{"type":"LineString","coordinates":[[6.17258,46.19882],[6.17248,46.19883],[6.17208,46.19893],[6.1724,46.19881],[6.17232,46.19878],[6.17217,46.19879],[6.17205,46.19883],[6.172,46.19863],[6.17228,46.19859],[6.17225,46.19849],[6.17195,46.19852],[6.17196,46.1986],[6.17184,46.19862],[6.17176,46.19859],[6.17173,46.1985],[6.17193,46.19846],[6.17246,46.19835],[6.17266,46.19831],[6.17284,46.19828],[6.17291,46.1985],[6.17295,46.19862],[6.17271,46.19866],[6.17253,46.19869],[6.17258,46.19882]]}},{"type":"Feature","properties":{"kind":"street","rank":"major"},"geometry":{"type":"LineString","coordinates":[[6.17487,46.19949],[6.17537,46.19941],[6.1756,46.19937],[6.17591,46.19931],[6.17613,46.19927],[6.17622,46.19926],[6.17649,46.19922],[6.1767,46.19919],[6.17694,46.19916],[6.17724,46.19913],[6.17734,46.19912]]}},{"type":"Feature","properties":{"kind":"street","rank":"major"},"geometry":{"type":"LineString","coordinates":[[6.17728,46.20321],[6.17719,46.20325],[6.1768,46.20339],[6.17668,46.20343],[6.176,46.20367],[6.17573,46.20376],[6.17558,46.20379],[6.17547,46.20382],[6.17536,46.20384],[6.17521,46.20387],[6.17507,46.20389],[6.17496,46.2039],[6.17475,46.20392],[6.17453,46.20394],[6.17433,46.20394],[6.17408,46.20394]]}},{"type":"Feature","properties":{"kind":"street","rank":"minor"},"geometry":{"type":"LineString","coordinates":[[6.17323,46.20353],[6.17357,46.20335],[6.17348,46.20327],[6.17338,46.20329],[6.17312,46.20343],[6.17323,46.20353]]}},{"type":"Feature","properties":{"kind":"street","rank":"minor"},"geometry":{"type":"LineString","coordinates":[[6.17484,46.20277],[6.17472,46.20275],[6.17462,46.20265],[6.17462,46.20256],[6.1745,46.20262],[6.17437,46.20271],[6.17419,46.20281],[6.17403,46.20285],[6.17412,46.20299],[6.17422,46.20309],[6.17442,46.20302],[6.17456,46.20291],[6.17471,46.20282],[6.17484,46.20277]]}},{"type":"Feature","properties":{"kind":"street","rank":"minor"},"geometry":{"type":"LineString","coordinates":[[6.1746,46.20185],[6.17446,46.20171],[6.17422,46.20146]]}},{"type":"Feature","properties":{"kind":"street","rank":"minor"},"geometry":{"type":"LineString","coordinates":[[6.15089,46.21225],[6.15097,46.21312],[6.15099,46.21333],[6.151,46.21346],[6.15102,46.21371],[6.15102,46.21376]]}},{"type":"Feature","properties":{"kind":"street","rank":"minor"},"geometry":{"type":"LineString","coordinates":[[6.15055,46.21595],[6.15058,46.21582],[6.15025,46.21544],[6.1502,46.21536],[6.15009,46.21523]]}},{"type":"Feature","properties":{"kind":"street","rank":"minor"},"geometry":{"type":"LineString","coordinates":[[6.14595,46.21115],[6.14515,46.2101],[6.14506,46.21001]]}},{"type":"Feature","properties":{"kind":"street","rank":"minor"},"geometry":{"type":"LineString","coordinates":[[6.16617,46.19478],[6.16603,46.19461],[6.16616,46.19456],[6.16625,46.19467],[6.16617,46.19478]]}},{"type":"Feature","properties":{"kind":"street","rank":"minor"},"geometry":{"type":"LineString","coordinates":[[6.16594,46.19424],[6.16583,46.19429],[6.16572,46.19434],[6.16558,46.19419],[6.1658,46.19409],[6.16594,46.19424]]}},{"type":"Feature","properties":{"kind":"street","rank":"minor"},"geometry":{"type":"LineString","coordinates":[[6.14941,46.2155],[6.14966,46.2154],[6.14999,46.21526],[6.15009,46.21523]]}},{"type":"Feature","properties":{"kind":"street","rank":"minor"},"geometry":{"type":"LineString","coordinates":[[6.14831,46.21517],[6.14786,46.21464],[6.14777,46.21454],[6.14737,46.21406],[6.14732,46.21401]]}},{"type":"Feature","properties":{"kind":"street","rank":"major"},"geometry":{"type":"LineString","coordinates":[[6.13845,46.18757],[6.13834,46.18803],[6.1383,46.1881]]}},{"type":"Feature","properties":{"kind":"street","rank":"major"},"geometry":{"type":"LineString","coordinates":[[6.13369,46.20557],[6.13416,46.20563],[6.13435,46.20566],[6.13448,46.20568]]}},{"type":"Feature","properties":{"kind":"street","rank":"minor"},"geometry":{"type":"LineString","coordinates":[[6.14964,46.2041],[6.15003,46.20402],[6.15023,46.20398]]}},{"type":"Feature","properties":{"kind":"street","rank":"minor"},"geometry":{"type":"LineString","coordinates":[[6.14964,46.2041],[6.1493,46.20417],[6.14903,46.20422]]}},{"type":"Feature","properties":{"kind":"street","rank":"minor"},"geometry":{"type":"LineString","coordinates":[[6.15003,46.20439],[6.15001,46.20427],[6.14996,46.20418],[6.14981,46.20412],[6.14973,46.20411],[6.14964,46.2041]]}},{"type":"Feature","properties":{"kind":"street","rank":"minor"},"geometry":{"type":"LineString","coordinates":[[6.14916,46.20447],[6.14898,46.20438],[6.14868,46.20442],[6.1486,46.20447],[6.14847,46.20446],[6.14821,46.20451],[6.14851,46.20449],[6.14828,46.2046],[6.14799,46.20466],[6.14771,46.20472],[6.14742,46.20478],[6.14713,46.20484],[6.14684,46.2049],[6.14675,46.20491],[6.14682,46.20483],[6.14707,46.20478],[6.14702,46.20468],[6.14736,46.20461],[6.14756,46.20457],[6.14813,46.20446],[6.14849,46.20438],[6.14859,46.20436],[6.14896,46.20428],[6.14905,46.20427],[6.14944,46.20418],[6.1496,46.20416],[6.14971,46.20416],[6.1498,46.20416],[6.14989,46.2042],[6.14965,46.20422],[6.14956,46.20424],[6.1493,46.20429],[6.14921,46.20439],[6.14916,46.20447]]}},{"type":"Feature","properties":{"kind":"street","rank":"minor"},"geometry":{"type":"LineString","coordinates":[[6.14834,46.20427],[6.14843,46.2043],[6.14851,46.20427],[6.14826,46.20406],[6.14834,46.20427]]}},{"type":"Feature","properties":{"kind":"street","rank":"major"},"geometry":{"type":"LineString","coordinates":[[6.16677,46.19039],[6.16665,46.19055],[6.16643,46.19079],[6.16634,46.19088],[6.16599,46.19122],[6.16586,46.19132],[6.16578,46.19139],[6.16561,46.19151]]}},{"type":"Feature","properties":{"kind":"street","rank":"major"},"geometry":{"type":"LineString","coordinates":[[6.16753,46.18922],[6.1675,46.18932],[6.16744,46.18945],[6.16738,46.18954],[6.16729,46.18969],[6.16714,46.18983]]}},{"type":"Feature","properties":{"kind":"street","rank":"major"},"geometry":{"type":"LineString","coordinates":[[6.16382,46.19223],[6.16369,46.19212],[6.16323,46.19171],[6.16294,46.19145],[6.16291,46.19142]]}},{"type":"Feature","properties":{"kind":"street","rank":"major"},"geometry":{"type":"LineString","coordinates":[[6.15984,46.19424],[6.15961,46.19435],[6.1595,46.1944],[6.15886,46.1947],[6.15849,46.19486],[6.15823,46.19498]]}},{"type":"Feature","properties":{"kind":"street","rank":"major"},"geometry":{"type":"LineString","coordinates":[[6.16342,46.19263],[6.16267,46.19296],[6.16245,46.19306],[6.16233,46.19312]]}},{"type":"Feature","properties":{"kind":"street","rank":"major"},"geometry":{"type":"LineString","coordinates":[[6.16212,46.19321],[6.16179,46.19336],[6.16166,46.19341],[6.16153,46.19347],[6.16125,46.1936],[6.16109,46.19367]]}},{"type":"Feature","properties":{"kind":"street","rank":"minor"},"geometry":{"type":"LineString","coordinates":[[6.16051,46.19508],[6.16006,46.19476],[6.1596,46.19446],[6.1595,46.1944]]}},{"type":"Feature","properties":{"kind":"street","rank":"minor"},"geometry":{"type":"LineString","coordinates":[[6.16154,46.19457],[6.16132,46.19447],[6.16112,46.19439],[6.16129,46.19456],[6.16137,46.19465],[6.16148,46.1946],[6.16154,46.19457]]}},{"type":"Feature","properties":{"kind":"street","rank":"minor"},"geometry":{"type":"LineString","coordinates":[[6.16422,46.19648],[6.16437,46.19646],[6.16434,46.19623],[6.16421,46.1962],[6.16408,46.19628],[6.16412,46.19638],[6.16419,46.19648],[6.16422,46.19648]]}},{"type":"Feature","properties":{"kind":"street","rank":"minor"},"geometry":{"type":"LineString","coordinates":[[6.15736,46.19878],[6.15769,46.1987],[6.15779,46.19883],[6.15749,46.19892],[6.15739,46.19885],[6.15736,46.19878]]}},{"type":"Feature","properties":{"kind":"street","rank":"minor"},"geometry":{"type":"LineString","coordinates":[[6.15713,46.19997],[6.15714,46.19984],[6.15724,46.19984],[6.15703,46.1998],[6.15691,46.1998],[6.15701,46.19983],[6.15689,46.1999],[6.15703,46.19997],[6.15713,46.19997]]}},{"type":"Feature","properties":{"kind":"street","rank":"minor"},"geometry":{"type":"LineString","coordinates":[[6.13887,46.18612],[6.13884,46.1862],[6.13877,46.18644],[6.13869,46.18673],[6.13862,46.18699],[6.13859,46.18708],[6.13857,46.18715]]}},{"type":"Feature","properties":{"kind":"street","rank":"minor"},"geometry":{"type":"LineString","coordinates":[[6.15111,46.19882],[6.15066,46.1985],[6.15043,46.19866],[6.15089,46.19898]]}},{"type":"Feature","properties":{"kind":"street","rank":"major"},"geometry":{"type":"LineString","coordinates":[[6.14842,46.19844],[6.14851,46.19845],[6.14861,46.19845],[6.14871,46.19845],[6.14881,46.19845],[6.14908,46.19847],[6.14925,46.19849],[6.14935,46.1985],[6.1496,46.19852]]}},{"type":"Feature","properties":{"kind":"street","rank":"minor"},"geometry":{"type":"LineString","coordinates":[[6.1495,46.20003],[6.14963,46.20002],[6.1497,46.19992],[6.14948,46.19991],[6.1495,46.20003]]}},{"type":"Feature","properties":{"kind":"street","rank":"major"},"geometry":{"type":"LineString","coordinates":[[6.14007,46.20135],[6.1398,46.20139],[6.13947,46.20143],[6.13939,46.20143],[6.13929,46.20144],[6.13904,46.20141]]}},{"type":"Feature","properties":{"kind":"street","rank":"major"},"geometry":{"type":"LineString","coordinates":[[6.15348,46.20014],[6.1534,46.20019],[6.15302,46.20044]]}},{"type":"Feature","properties":{"kind":"street","rank":"minor"},"geometry":{"type":"LineString","coordinates":[[6.14994,46.20116],[6.15028,46.20144],[6.15039,46.2015]]}},{"type":"Feature","properties":{"kind":"street","rank":"minor"},"geometry":{"type":"LineString","coordinates":[[6.14928,46.20113],[6.14938,46.20134],[6.14944,46.2015],[6.14936,46.20153],[6.14916,46.20158],[6.14903,46.20147],[6.14918,46.20143],[6.1493,46.20137],[6.14925,46.20121],[6.14928,46.20113]]}},{"type":"Feature","properties":{"kind":"street","rank":"minor"},"geometry":{"type":"LineString","coordinates":[[6.14909,46.20192],[6.14937,46.20185],[6.14927,46.20178],[6.14922,46.20188],[6.14913,46.20191],[6.14909,46.20192]]}},{"type":"Feature","properties":{"kind":"street","rank":"minor"},"geometry":{"type":"LineString","coordinates":[[6.14143,46.20084],[6.14183,46.20097],[6.1419,46.20086],[6.14155,46.20074],[6.14143,46.20084]]}},{"type":"Feature","properties":{"kind":"street","rank":"minor"},"geometry":{"type":"LineString","coordinates":[[6.14494,46.20286],[6.14489,46.20276],[6.14512,46.20265],[6.14524,46.20261],[6.14532,46.2027],[6.14567,46.20253]]}},{"type":"Feature","properties":{"kind":"street","rank":"minor"},"geometry":{"type":"LineString","coordinates":[[6.144,46.20829],[6.14434,46.20859],[6.14448,46.20868]]}},{"type":"Feature","properties":{"kind":"street","rank":"major"},"geometry":{"type":"LineString","coordinates":[[6.1365,46.19552],[6.13658,46.19558],[6.13699,46.19596],[6.13717,46.19611],[6.13726,46.1962],[6.13769,46.19657]]}},{"type":"Feature","properties":{"kind":"street","rank":"major"},"geometry":{"type":"LineString","coordinates":[[6.15404,46.19728],[6.15387,46.19716],[6.15363,46.19699]]}},{"type":"Feature","properties":{"kind":"street","rank":"minor"},"geometry":{"type":"LineString","coordinates":[[6.14931,46.19716],[6.14921,46.19723],[6.14872,46.19755]]}},{"type":"Feature","properties":{"kind":"street","rank":"minor"},"geometry":{"type":"LineString","coordinates":[[6.15335,46.19732],[6.15327,46.19737],[6.15266,46.19778],[6.1526,46.19782]]}},{"type":"Feature","properties":{"kind":"street","rank":"major"},"geometry":{"type":"LineString","coordinates":[[6.13957,46.20606],[6.13959,46.2059],[6.13964,46.20558]]}},{"type":"Feature","properties":{"kind":"street","rank":"minor"},"geometry":{"type":"LineString","coordinates":[[6.14079,46.2062],[6.14062,46.20615],[6.14068,46.20605],[6.14083,46.20614],[6.14079,46.2062]]}},{"type":"Feature","properties":{"kind":"street","rank":"major"},"geometry":{"type":"LineString","coordinates":[[6.16131,46.19004],[6.16107,46.18984],[6.16068,46.18951],[6.16043,46.18924],[6.15987,46.18862],[6.15949,46.18817],[6.15934,46.188]]}},{"type":"Feature","properties":{"kind":"street","rank":"major"},"geometry":{"type":"LineString","coordinates":[[6.13797,46.19683],[6.13783,46.19689],[6.13766,46.19699],[6.13741,46.19713]]}},{"type":"Feature","properties":{"kind":"street","rank":"minor"},"geometry":{"type":"LineString","coordinates":[[6.12819,46.20466],[6.12827,46.20467],[6.1283,46.20454],[6.12841,46.20449],[6.12836,46.20468],[6.12852,46.2047],[6.12853,46.20458],[6.12857,46.20446],[6.1286,46.20433],[6.12858,46.20419],[6.12841,46.20416],[6.12837,46.2043],[6.12828,46.20442],[6.12824,46.20454],[6.12822,46.20464],[6.12819,46.20466]]}},{"type":"Feature","properties":{"kind":"street","rank":"minor"},"geometry":{"type":"LineString","coordinates":[[6.13256,46.20515],[6.13255,46.20525],[6.13252,46.20533],[6.13288,46.20538],[6.13291,46.20527],[6.13296,46.20513],[6.13258,46.20508],[6.13256,46.20515]]}},{"type":"Feature","properties":{"kind":"street","rank":"minor"},"geometry":{"type":"LineString","coordinates":[[6.12489,46.20609],[6.12535,46.20587],[6.1255,46.20581],[6.12557,46.2057],[6.1256,46.20562],[6.12569,46.20559],[6.12573,46.20581],[6.12536,46.20596],[6.12522,46.20598],[6.12489,46.20609]]}},{"type":"Feature","properties":{"kind":"street","rank":"minor"},"geometry":{"type":"LineString","coordinates":[[6.13324,46.20476],[6.13333,46.20477],[6.13331,46.20489],[6.1334,46.2049],[6.13332,46.20496],[6.13317,46.205],[6.13324,46.20476]]}},{"type":"Feature","properties":{"kind":"street","rank":"minor"},"geometry":{"type":"LineString","coordinates":[[6.1274,46.20464],[6.12771,46.20468],[6.12785,46.2047],[6.12829,46.20476],[6.12876,46.20482],[6.12908,46.20487],[6.12927,46.20489],[6.12954,46.20493],[6.12961,46.20494]]}},{"type":"Feature","properties":{"kind":"street","rank":"minor"},"geometry":{"type":"LineString","coordinates":[[6.1248,46.20424],[6.12495,46.20426],[6.12518,46.20429],[6.12538,46.20432],[6.1255,46.20438]]}},{"type":"Feature","properties":{"kind":"street","rank":"minor"},"geometry":{"type":"LineString","coordinates":[[6.14263,46.20139],[6.14247,46.20133],[6.14259,46.20126],[6.14271,46.20126],[6.1428,46.20129],[6.14306,46.2014],[6.14316,46.20142],[6.14323,46.20152],[6.14315,46.20175],[6.14307,46.20174],[6.14306,46.20164],[6.14311,46.20155],[6.14302,46.20152],[6.14276,46.20142],[6.14267,46.2014],[6.14263,46.20139]]}},{"type":"Feature","properties":{"kind":"street","rank":"major"},"geometry":{"type":"LineString","coordinates":[[6.13526,46.2058],[6.13549,46.20584],[6.13597,46.20593],[6.13635,46.20602],[6.13651,46.20606]]}},{"type":"Feature","properties":{"kind":"street","rank":"major"},"geometry":{"type":"LineString","coordinates":[[6.14015,46.20763],[6.13963,46.20717],[6.13956,46.2071]]}},{"type":"Feature","properties":{"kind":"street","rank":"major"},"geometry":{"type":"LineString","coordinates":[[6.14263,46.20848],[6.14266,46.20859],[6.14278,46.20908]]}},{"type":"Feature","properties":{"kind":"street","rank":"minor"},"geometry":{"type":"LineString","coordinates":[[6.14491,46.19885],[6.1447,46.199],[6.14498,46.19889],[6.14508,46.19887],[6.14493,46.19873],[6.14483,46.19879],[6.14491,46.19885]]}},{"type":"Feature","properties":{"kind":"street","rank":"minor"},"geometry":{"type":"LineString","coordinates":[[6.14416,46.19901],[6.14431,46.19894],[6.14441,46.19886],[6.14451,46.1988],[6.14443,46.19869],[6.14429,46.19873],[6.14411,46.19886],[6.14402,46.19892],[6.14416,46.19901]]}},{"type":"Feature","properties":{"kind":"street","rank":"major"},"geometry":{"type":"LineString","coordinates":[[6.15374,46.20362],[6.15361,46.20356],[6.15352,46.20353],[6.15342,46.20349],[6.15327,46.20345],[6.15319,46.20344],[6.15305,46.20343]]}},{"type":"Feature","properties":{"kind":"street","rank":"minor"},"geometry":{"type":"LineString","coordinates":[[6.14098,46.20408],[6.14089,46.20408],[6.14042,46.20407],[6.14019,46.20407],[6.14,46.20408]]}},{"type":"Feature","properties":{"kind":"street","rank":"minor"},"geometry":{"type":"LineString","coordinates":[[6.13561,46.20381],[6.13617,46.20385],[6.13625,46.20384],[6.1363,46.20382]]}},{"type":"Feature","properties":{"kind":"street","rank":"minor"},"geometry":{"type":"LineString","coordinates":[[6.13124,46.18883],[6.13125,46.18892],[6.13138,46.18898],[6.13146,46.18902],[6.13124,46.18883]]}},{"type":"Feature","properties":{"kind":"street","rank":"major"},"geometry":{"type":"LineString","coordinates":[[6.12713,46.21098],[6.12714,46.21106],[6.12716,46.21119],[6.12725,46.21144],[6.12734,46.21159]]}},{"type":"Feature","properties":{"kind":"street","rank":"minor"},"geometry":{"type":"LineString","coordinates":[[6.12631,46.20825],[6.12645,46.20821],[6.12645,46.20812],[6.12632,46.20806],[6.12631,46.20825]]}},{"type":"Feature","properties":{"kind":"street","rank":"major"},"geometry":{"type":"LineString","coordinates":[[6.163,46.19137],[6.16338,46.1917],[6.16355,46.19185],[6.16382,46.19209]]}},{"type":"Feature","properties":{"kind":"street","rank":"major"},"geometry":{"type":"LineString","coordinates":[[6.16278,46.1913],[6.16266,46.19119],[6.1621,46.19069],[6.16175,46.19038],[6.1616,46.19026],[6.16142,46.19013],[6.16131,46.19004]]}},{"type":"Feature","properties":{"kind":"street","rank":"major"},"geometry":{"type":"LineString","coordinates":[[6.14854,46.1953],[6.1488,46.19575],[6.14898,46.19606],[6.14909,46.19623],[6.14913,46.19632]]}},{"type":"Feature","properties":{"kind":"street","rank":"major"},"geometry":{"type":"LineString","coordinates":[[6.14933,46.2196],[6.14968,46.22012],[6.14973,46.22021]]}},{"type":"Feature","properties":{"kind":"street","rank":"minor"},"geometry":{"type":"LineString","coordinates":[[6.15401,46.19237],[6.15421,46.19256],[6.15439,46.19273],[6.1545,46.19284],[6.15457,46.1929]]}},{"type":"Feature","properties":{"kind":"street","rank":"major"},"geometry":{"type":"LineString","coordinates":[[6.15349,46.1916],[6.1536,46.19152],[6.15369,46.19145],[6.15388,46.19132],[6.15413,46.19115],[6.15436,46.19099],[6.15461,46.19082],[6.15476,46.19071],[6.15508,46.19049]]}},{"type":"Feature","properties":{"kind":"street","rank":"major"},"geometry":{"type":"LineString","coordinates":[[6.16391,46.19832],[6.16416,46.19812],[6.16424,46.19803],[6.1643,46.19795],[6.16436,46.19779],[6.16436,46.19766],[6.16435,46.19758],[6.16432,46.19744]]}},{"type":"Feature","properties":{"kind":"street","rank":"minor"},"geometry":{"type":"LineString","coordinates":[[6.12975,46.19148],[6.12968,46.19158],[6.12968,46.19185],[6.12969,46.19217],[6.12971,46.19227],[6.12976,46.19239],[6.12987,46.19254],[6.12997,46.19264],[6.13016,46.19281],[6.13031,46.19294],[6.13047,46.19308],[6.13077,46.19334],[6.13096,46.19351],[6.13106,46.19359],[6.13115,46.19367],[6.13123,46.19374],[6.13156,46.19402]]}},{"type":"Feature","properties":{"kind":"street","rank":"minor"},"geometry":{"type":"LineString","coordinates":[[6.1586,46.20362],[6.1579,46.20325],[6.15784,46.20322]]}},{"type":"Feature","properties":{"kind":"street","rank":"minor"},"geometry":{"type":"LineString","coordinates":[[6.17868,46.19484],[6.17841,46.19495],[6.17751,46.19526],[6.17738,46.19531],[6.17729,46.19538],[6.17715,46.1955],[6.17687,46.19577],[6.17643,46.19607],[6.17583,46.19646],[6.17539,46.19675],[6.1752,46.19686],[6.17514,46.19686]]}},{"type":"Feature","properties":{"kind":"street","rank":"major"},"geometry":{"type":"LineString","coordinates":[[6.16528,46.20853],[6.16564,46.20869],[6.16733,46.20945],[6.16758,46.20957],[6.17031,46.2108]]}},{"type":"Feature","properties":{"kind":"street","rank":"major"},"geometry":{"type":"LineString","coordinates":[[6.16405,46.20811],[6.16384,46.20806],[6.16355,46.20799],[6.16306,46.20787],[6.16297,46.20784],[6.16258,46.20774],[6.16237,46.20765]]}},{"type":"Feature","properties":{"kind":"street","rank":"major"},"geometry":{"type":"LineString","coordinates":[[6.16383,46.20792],[6.16414,46.20801],[6.16439,46.2081],[6.16459,46.20819],[6.16468,46.20822]]}},{"type":"Feature","properties":{"kind":"street","rank":"major"},"geometry":{"type":"LineString","coordinates":[[6.12803,46.19431],[6.12802,46.19073],[6.12801,46.18988]]}},{"type":"Feature","properties":{"kind":"street","rank":"minor"},"geometry":{"type":"LineString","coordinates":[[6.13756,46.20391],[6.13742,46.2039],[6.13707,46.20389],[6.13676,46.20388],[6.13664,46.20387]]}},{"type":"Feature","properties":{"kind":"street","rank":"minor"},"geometry":{"type":"LineString","coordinates":[[6.13431,46.21081],[6.13363,46.21041]]}},{"type":"Feature","properties":{"kind":"street","rank":"minor"},"geometry":{"type":"LineString","coordinates":[[6.14837,46.21594],[6.14883,46.21574],[6.14941,46.2155]]}},{"type":"Feature","properties":{"kind":"street","rank":"minor"},"geometry":{"type":"LineString","coordinates":[[6.14782,46.21459],[6.14908,46.21407],[6.14916,46.21402]]}},{"type":"Feature","properties":{"kind":"street","rank":"minor"},"geometry":{"type":"LineString","coordinates":[[6.14628,46.21335],[6.14669,46.21321],[6.14679,46.21318],[6.14707,46.21308],[6.14736,46.21298]]}},{"type":"Feature","properties":{"kind":"street","rank":"minor"},"geometry":{"type":"LineString","coordinates":[[6.14918,46.20984],[6.14836,46.2101],[6.14825,46.21014],[6.14734,46.21043],[6.14728,46.21044]]}},{"type":"Feature","properties":{"kind":"street","rank":"minor"},"geometry":{"type":"LineString","coordinates":[[6.14092,46.21101],[6.14101,46.21139],[6.14103,46.21146]]}},{"type":"Feature","properties":{"kind":"street","rank":"major"},"geometry":{"type":"LineString","coordinates":[[6.14121,46.21773],[6.14122,46.21789],[6.14124,46.21822],[6.14125,46.21834],[6.14124,46.21846],[6.14122,46.21859],[6.14117,46.21878]]}},{"type":"Feature","properties":{"kind":"street","rank":"major"},"geometry":{"type":"LineString","coordinates":[[6.13919,46.21181],[6.13946,46.21172],[6.1396,46.21168],[6.13969,46.21166],[6.13978,46.21165]]}},{"type":"Feature","properties":{"kind":"street","rank":"major"},"geometry":{"type":"LineString","coordinates":[[6.13672,46.2135],[6.13646,46.21367],[6.13637,46.21372],[6.13607,46.2139],[6.13568,46.21412],[6.13556,46.21418]]}},{"type":"Feature","properties":{"kind":"street","rank":"major"},"geometry":{"type":"LineString","coordinates":[[6.13848,46.20544],[6.13916,46.20539],[6.13929,46.20538],[6.13941,46.20538],[6.13953,46.20539],[6.13979,46.2054],[6.14009,46.20543]]}},{"type":"Feature","properties":{"kind":"street","rank":"major"},"geometry":{"type":"LineString","coordinates":[[6.1417,46.20771],[6.14214,46.20815],[6.14218,46.20819]]}},{"type":"Feature","properties":{"kind":"street","rank":"minor"},"geometry":{"type":"LineString","coordinates":[[6.14079,46.21042],[6.1404,46.21052],[6.1403,46.21043],[6.14013,46.21028]]}},{"type":"Feature","properties":{"kind":"street","rank":"major"},"geometry":{"type":"LineString","coordinates":[[6.13798,46.20771],[6.13828,46.20762],[6.13848,46.20755],[6.13858,46.2075],[6.13863,46.20748]]}},{"type":"Feature","properties":{"kind":"street","rank":"major"},"geometry":{"type":"LineString","coordinates":[[6.13601,46.20814],[6.13613,46.20812],[6.13639,46.20807],[6.13663,46.20801],[6.1369,46.20795],[6.13702,46.20793]]}},{"type":"Feature","properties":{"kind":"street","rank":"major"},"geometry":{"type":"LineString","coordinates":[[6.13041,46.20864],[6.13023,46.20862],[6.12948,46.20855]]}},{"type":"Feature","properties":{"kind":"street","rank":"minor"},"geometry":{"type":"LineString","coordinates":[[6.13864,46.2106],[6.13853,46.21049],[6.13841,46.2104],[6.13825,46.2103],[6.13813,46.21021]]}},{"type":"Feature","properties":{"kind":"street","rank":"major"},"geometry":{"type":"LineString","coordinates":[[6.13288,46.20372],[6.13319,46.20381],[6.13331,46.20385],[6.13345,46.2039],[6.13365,46.20397],[6.13388,46.20409]]}},{"type":"Feature","properties":{"kind":"street","rank":"major"},"geometry":{"type":"LineString","coordinates":[[6.13257,46.20409],[6.13276,46.20417],[6.1331,46.20429],[6.1332,46.20433]]}},{"type":"Feature","properties":{"kind":"street","rank":"minor"},"geometry":{"type":"LineString","coordinates":[[6.12359,46.20454],[6.12372,46.20447],[6.12397,46.20441],[6.12454,46.20429],[6.12463,46.20426]]}},{"type":"Feature","properties":{"kind":"street","rank":"minor"},"geometry":{"type":"LineString","coordinates":[[6.12526,46.21236],[6.12512,46.21247],[6.12488,46.21257],[6.12462,46.21269],[6.12452,46.21273],[6.12433,46.21274],[6.12416,46.21281],[6.12384,46.21295],[6.12329,46.21318]]}},{"type":"Feature","properties":{"kind":"street","rank":"minor"},"geometry":{"type":"LineString","coordinates":[[6.1259,46.21209],[6.12538,46.21233],[6.12526,46.21236]]}},{"type":"Feature","properties":{"kind":"street","rank":"minor"},"geometry":{"type":"LineString","coordinates":[[6.12664,46.21178],[6.1261,46.21201],[6.12601,46.21204],[6.1259,46.21209]]}},{"type":"Feature","properties":{"kind":"street","rank":"major"},"geometry":{"type":"LineString","coordinates":[[6.12705,46.20993],[6.12708,46.21024],[6.12709,46.21041],[6.12712,46.2108],[6.12712,46.21083]]}},{"type":"Feature","properties":{"kind":"street","rank":"minor"},"geometry":{"type":"LineString","coordinates":[[6.12867,46.2123],[6.12867,46.21207],[6.12864,46.21196],[6.12867,46.21187],[6.12868,46.21169],[6.12863,46.21154],[6.12863,46.21144],[6.12864,46.21122],[6.12867,46.21089],[6.12863,46.21079],[6.12862,46.21061],[6.12862,46.21031],[6.12867,46.21016],[6.12867,46.20981],[6.12866,46.20956],[6.12862,46.20946],[6.12861,46.20912],[6.1286,46.20885]]}},{"type":"Feature","properties":{"kind":"street","rank":"minor"},"geometry":{"type":"LineString","coordinates":[[6.13142,46.21202],[6.13094,46.21171],[6.13072,46.21157],[6.13065,46.21153]]}},{"type":"Feature","properties":{"kind":"street","rank":"major"},"geometry":{"type":"LineString","coordinates":[[6.13277,46.21524],[6.13307,46.21514],[6.13333,46.21505]]}},{"type":"Feature","properties":{"kind":"street","rank":"major"},"geometry":{"type":"LineString","coordinates":[[6.12986,46.2163],[6.12952,46.21641],[6.12858,46.21675],[6.12807,46.21695],[6.12794,46.217],[6.12782,46.21705],[6.12765,46.21712],[6.12748,46.2172],[6.12738,46.21724]]}},{"type":"Feature","properties":{"kind":"street","rank":"major"},"geometry":{"type":"LineString","coordinates":[[6.1286,46.21987],[6.12873,46.21995],[6.12883,46.22001],[6.12924,46.22026],[6.12934,46.22033],[6.12948,46.22044]]}},{"type":"Feature","properties":{"kind":"street","rank":"major"},"geometry":{"type":"LineString","coordinates":[[6.13486,46.21955],[6.13477,46.21948],[6.13465,46.21939],[6.13422,46.21905],[6.13413,46.21897],[6.13394,46.21882]]}},{"type":"Feature","properties":{"kind":"street","rank":"major"},"geometry":{"type":"LineString","coordinates":[[6.12417,46.2195],[6.12438,46.21933],[6.12466,46.21912],[6.12483,46.219],[6.12522,46.2187],[6.12534,46.2186],[6.12546,46.21851]]}},{"type":"Feature","properties":{"kind":"street","rank":"minor"},"geometry":{"type":"LineString","coordinates":[[6.13163,46.21952],[6.13093,46.21994]]}},{"type":"Feature","properties":{"kind":"street","rank":"minor"},"geometry":{"type":"LineString","coordinates":[[6.13199,46.21851],[6.13221,46.21868],[6.13249,46.21891],[6.13251,46.21896]]}},{"type":"Feature","properties":{"kind":"street","rank":"major"},"geometry":{"type":"LineString","coordinates":[[6.13919,46.20944],[6.139,46.20956],[6.13874,46.2097],[6.13863,46.20975],[6.13795,46.21003],[6.13782,46.21009],[6.13751,46.21019],[6.13737,46.21023],[6.13723,46.21028],[6.13695,46.2104],[6.13679,46.21047]]}},{"type":"Feature","properties":{"kind":"street","rank":"minor"},"geometry":{"type":"LineString","coordinates":[[6.14243,46.20814],[6.14246,46.20804],[6.14243,46.20795],[6.14236,46.20782],[6.14227,46.20773],[6.14216,46.20763],[6.1421,46.20753],[6.14201,46.20737],[6.14194,46.20723],[6.14194,46.20714],[6.14199,46.20709]]}},{"type":"Feature","properties":{"kind":"street","rank":"major"},"geometry":{"type":"LineString","coordinates":[[6.15599,46.20238],[6.15579,46.20242],[6.15553,46.20247],[6.15537,46.20251],[6.15523,46.20254]]}},{"type":"Feature","properties":{"kind":"street","rank":"major"},"geometry":{"type":"LineString","coordinates":[[6.1318,46.19877],[6.13217,46.19904],[6.13225,46.19908]]}},{"type":"Feature","properties":{"kind":"street","rank":"major"},"geometry":{"type":"LineString","coordinates":[[6.13379,46.19917],[6.13324,46.19947],[6.13312,46.19954],[6.13299,46.19961]]}},{"type":"Feature","properties":{"kind":"street","rank":"major"},"geometry":{"type":"LineString","coordinates":[[6.13516,46.20133],[6.13534,46.20133],[6.13549,46.20133],[6.13562,46.20133],[6.13605,46.20134],[6.13619,46.20134],[6.13676,46.20135],[6.13737,46.20136],[6.1376,46.20136],[6.1378,46.20135]]}},{"type":"Feature","properties":{"kind":"street","rank":"major"},"geometry":{"type":"LineString","coordinates":[[6.13162,46.20275],[6.13195,46.2035],[6.13196,46.20352]]}},{"type":"Feature","properties":{"kind":"street","rank":"major"},"geometry":{"type":"LineString","coordinates":[[6.13136,46.19844],[6.1315,46.19835],[6.13165,46.19826],[6.1318,46.19816],[6.13235,46.19784],[6.13331,46.1973],[6.13396,46.19693],[6.13438,46.1967],[6.13473,46.19651],[6.13478,46.19648]]}},{"type":"Feature","properties":{"kind":"street","rank":"major"},"geometry":{"type":"LineString","coordinates":[[6.12983,46.19938],[6.13011,46.19921],[6.13028,46.19911],[6.13043,46.19902],[6.13068,46.19887],[6.13073,46.19884]]}},{"type":"Feature","properties":{"kind":"street","rank":"minor"},"geometry":{"type":"LineString","coordinates":[[6.12596,46.20117],[6.12592,46.2013],[6.12595,46.2016],[6.12596,46.20168],[6.12598,46.20181],[6.12599,46.20195]]}},{"type":"Feature","properties":{"kind":"street","rank":"minor"},"geometry":{"type":"LineString","coordinates":[[6.13176,46.20233],[6.13185,46.202],[6.13193,46.20166],[6.13199,46.20139],[6.13199,46.20128]]}},{"type":"Feature","properties":{"kind":"street","rank":"minor"},"geometry":{"type":"LineString","coordinates":[[6.13595,46.20107],[6.13555,46.20025],[6.13547,46.20009],[6.13544,46.20003]]}},{"type":"Feature","properties":{"kind":"street","rank":"minor"},"geometry":{"type":"LineString","coordinates":[[6.13153,46.20247],[6.13163,46.20254],[6.13174,46.20259],[6.13182,46.20242],[6.13169,46.20243],[6.13154,46.20246],[6.13153,46.20247]]}},{"type":"Feature","properties":{"kind":"street","rank":"major"},"geometry":{"type":"LineString","coordinates":[[6.13943,46.19755],[6.13988,46.19707]]}},{"type":"Feature","properties":{"kind":"street","rank":"major"},"geometry":{"type":"LineString","coordinates":[[6.14061,46.1963],[6.1411,46.19575],[6.14119,46.19565]]}},{"type":"Feature","properties":{"kind":"street","rank":"major"},"geometry":{"type":"LineString","coordinates":[[6.13988,46.19707],[6.14054,46.19637],[6.14061,46.1963]]}},{"type":"Feature","properties":{"kind":"street","rank":"major"},"geometry":{"type":"LineString","coordinates":[[6.13716,46.19727],[6.13664,46.19756]]}},{"type":"Feature","properties":{"kind":"street","rank":"major"},"geometry":{"type":"LineString","coordinates":[[6.1399,46.19573],[6.13897,46.19627],[6.13889,46.19631]]}},{"type":"Feature","properties":{"kind":"street","rank":"minor"},"geometry":{"type":"LineString","coordinates":[[6.13741,46.19713],[6.13718,46.19694],[6.13671,46.19653]]}},{"type":"Feature","properties":{"kind":"street","rank":"major"},"geometry":{"type":"LineString","coordinates":[[6.13851,46.19446],[6.13859,46.1944],[6.13938,46.19396],[6.1395,46.19389]]}},{"type":"Feature","properties":{"kind":"street","rank":"minor"},"geometry":{"type":"LineString","coordinates":[[6.13778,46.20257],[6.13785,46.20212],[6.13789,46.20183],[6.13789,46.20175]]}},{"type":"Feature","properties":{"kind":"street","rank":"major"},"geometry":{"type":"LineString","coordinates":[[6.13853,46.19287],[6.13834,46.19278],[6.13795,46.19257],[6.13778,46.19248],[6.13757,46.19235]]}},{"type":"Feature","properties":{"kind":"street","rank":"major"},"geometry":{"type":"LineString","coordinates":[[6.14397,46.19886],[6.14415,46.19874],[6.14433,46.19861],[6.14452,46.19848],[6.14501,46.19815],[6.1451,46.19809],[6.14578,46.19764],[6.14589,46.19757]]}},{"type":"Feature","properties":{"kind":"street","rank":"minor"},"geometry":{"type":"LineString","coordinates":[[6.14132,46.20316],[6.14142,46.20317],[6.14194,46.2032],[6.14209,46.20321]]}},{"type":"Feature","properties":{"kind":"street","rank":"major"},"geometry":{"type":"LineString","coordinates":[[6.14448,46.19521],[6.1451,46.19527],[6.14529,46.19529]]}},{"type":"Feature","properties":{"kind":"street","rank":"major"},"geometry":{"type":"LineString","coordinates":[[6.14571,46.19533],[6.14607,46.19536],[6.14637,46.19538]]}},{"type":"Feature","properties":{"kind":"street","rank":"major"},"geometry":{"type":"LineString","coordinates":[[6.14345,46.19511],[6.14424,46.19519]]}},{"type":"Feature","properties":{"kind":"street","rank":"major"},"geometry":{"type":"LineString","coordinates":[[6.14589,46.19757],[6.14617,46.19737],[6.14662,46.19707]]}},{"type":"Feature","properties":{"kind":"street","rank":"major"},"geometry":{"type":"LineString","coordinates":[[6.14842,46.19844],[6.14866,46.19827],[6.14884,46.19815],[6.14886,46.19813]]}},{"type":"Feature","properties":{"kind":"street","rank":"major"},"geometry":{"type":"LineString","coordinates":[[6.14834,46.1883],[6.14841,46.18846],[6.14855,46.18889],[6.14859,46.18903],[6.14871,46.18949],[6.14873,46.18958],[6.14878,46.18985],[6.14884,46.19024],[6.14887,46.19049],[6.14888,46.1906],[6.14889,46.19073],[6.14893,46.19102],[6.14895,46.19119],[6.14895,46.19125]]}},{"type":"Feature","properties":{"kind":"street","rank":"major"},"geometry":{"type":"LineString","coordinates":[[6.14223,46.18888],[6.14245,46.18843],[6.14251,46.18831],[6.14255,46.18825]]}},{"type":"Feature","properties":{"kind":"street","rank":"minor"},"geometry":{"type":"LineString","coordinates":[[6.14613,46.19025],[6.14605,46.19028],[6.14596,46.19032],[6.14583,46.19037],[6.14568,46.19039],[6.14558,46.19042],[6.14553,46.19043]]}},{"type":"Feature","properties":{"kind":"street","rank":"major"},"geometry":{"type":"LineString","coordinates":[[6.15019,46.1942],[6.15008,46.19427],[6.14966,46.19447]]}},{"type":"Feature","properties":{"kind":"street","rank":"minor"},"geometry":{"type":"LineString","coordinates":[[6.14543,46.18874],[6.14529,46.18889],[6.14497,46.18919],[6.14486,46.1893],[6.14477,46.18937],[6.14443,46.18971]]}},{"type":"Feature","properties":{"kind":"street","rank":"minor"},"geometry":{"type":"LineString","coordinates":[[6.14432,46.18983],[6.14411,46.19003],[6.14367,46.19046],[6.14363,46.1905]]}},{"type":"Feature","properties":{"kind":"street","rank":"minor"},"geometry":{"type":"LineString","coordinates":[[6.14892,46.20332],[6.14806,46.20347]]}},{"type":"Feature","properties":{"kind":"street","rank":"minor"},"geometry":{"type":"LineString","coordinates":[[6.14946,46.20104],[6.1496,46.20136],[6.14972,46.20159],[6.14981,46.20173],[6.14993,46.20188],[6.14998,46.20194]]}},{"type":"Feature","properties":{"kind":"street","rank":"major"},"geometry":{"type":"LineString","coordinates":[[6.15109,46.2034],[6.15077,46.20346],[6.15067,46.20348],[6.15048,46.20353],[6.15038,46.20354]]}},{"type":"Feature","properties":{"kind":"street","rank":"minor"},"geometry":{"type":"LineString","coordinates":[[6.15068,46.20011],[6.15042,46.19975],[6.14998,46.19918],[6.14971,46.19895],[6.14961,46.19883]]}},{"type":"Feature","properties":{"kind":"street","rank":"major"},"geometry":{"type":"LineString","coordinates":[[6.15586,46.20464],[6.15597,46.20469],[6.15667,46.20503],[6.15727,46.20532]]}},{"type":"Feature","properties":{"kind":"street","rank":"major"},"geometry":{"type":"LineString","coordinates":[[6.1537,46.20256],[6.15345,46.20199],[6.15338,46.20189]]}},{"type":"Feature","properties":{"kind":"street","rank":"major"},"geometry":{"type":"LineString","coordinates":[[6.15275,46.19941],[6.15325,46.19977]]}},{"type":"Feature","properties":{"kind":"street","rank":"major"},"geometry":{"type":"LineString","coordinates":[[6.15312,46.19988],[6.15224,46.19925],[6.152,46.19907],[6.15139,46.19864],[6.15079,46.1982]]}},{"type":"Feature","properties":{"kind":"street","rank":"major"},"geometry":{"type":"LineString","coordinates":[[6.15457,46.20145],[6.15443,46.20148],[6.15403,46.20156],[6.15389,46.20162],[6.15378,46.2017]]}},{"type":"Feature","properties":{"kind":"street","rank":"major"},"geometry":{"type":"LineString","coordinates":[[6.14762,46.19652],[6.14741,46.19659],[6.14728,46.19666],[6.14719,46.19671],[6.14712,46.19675]]}},{"type":"Feature","properties":{"kind":"street","rank":"major"},"geometry":{"type":"LineString","coordinates":[[6.15092,46.19811],[6.15213,46.19898]]}},{"type":"Feature","properties":{"kind":"street","rank":"major"},"geometry":{"type":"LineString","coordinates":[[6.15042,46.19776],[6.15092,46.19811]]}},{"type":"Feature","properties":{"kind":"street","rank":"major"},"geometry":{"type":"LineString","coordinates":[[6.15481,46.19644],[6.15504,46.19636],[6.15523,46.19629],[6.15542,46.19623],[6.15559,46.19615],[6.15582,46.19605],[6.15589,46.19602]]}},{"type":"Feature","properties":{"kind":"street","rank":"major"},"geometry":{"type":"LineString","coordinates":[[6.1735,46.20389],[6.17328,46.20386],[6.17314,46.20384],[6.17297,46.2038],[6.1728,46.20376]]}},{"type":"Feature","properties":{"kind":"street","rank":"major"},"geometry":{"type":"LineString","coordinates":[[6.14118,46.20014],[6.14103,46.20035],[6.14087,46.20057],[6.14076,46.20074]]}},{"type":"Feature","properties":{"kind":"street","rank":"major"},"geometry":{"type":"LineString","coordinates":[[6.13988,46.19079],[6.13976,46.19104],[6.13951,46.19161],[6.1394,46.19188],[6.13916,46.19243]]}},{"type":"Feature","properties":{"kind":"street","rank":"major"},"geometry":{"type":"LineString","coordinates":[[6.13857,46.18715],[6.13853,46.1873],[6.13848,46.18747],[6.13845,46.18757]]}},{"type":"Feature","properties":{"kind":"street","rank":"minor"},"geometry":{"type":"LineString","coordinates":[[6.13625,46.18968],[6.13615,46.18964],[6.1359,46.18952],[6.1355,46.18933],[6.13526,46.18921],[6.1351,46.18914]]}},{"type":"Feature","properties":{"kind":"street","rank":"minor"},"geometry":{"type":"LineString","coordinates":[[6.14134,46.20363],[6.14201,46.20368],[6.14225,46.2037],[6.14241,46.20371]]}},{"type":"Feature","properties":{"kind":"street","rank":"major"},"geometry":{"type":"LineString","coordinates":[[6.14352,46.21101],[6.14337,46.21108],[6.14318,46.21115],[6.14303,46.2112],[6.14289,46.21123],[6.14275,46.21126],[6.14253,46.21129]]}},{"type":"Feature","properties":{"kind":"street","rank":"major"},"geometry":{"type":"LineString","coordinates":[[6.15992,46.20659],[6.16007,46.20667],[6.16035,46.2068],[6.16063,46.20693],[6.16103,46.20712],[6.16124,46.20723],[6.16139,46.2073]]}},{"type":"Feature","properties":{"kind":"street","rank":"minor"},"geometry":{"type":"LineString","coordinates":[[6.15913,46.20519],[6.15951,46.2048],[6.15956,46.20475]]}},{"type":"Feature","properties":{"kind":"street","rank":"minor"},"geometry":{"type":"LineString","coordinates":[[6.15569,46.20413],[6.15717,46.20315],[6.15722,46.20311]]}},{"type":"Feature","properties":{"kind":"street","rank":"minor"},"geometry":{"type":"LineString","coordinates":[[6.15913,46.20191],[6.15898,46.20206],[6.15866,46.20239]]}},{"type":"Feature","properties":{"kind":"street","rank":"minor"},"geometry":{"type":"LineString","coordinates":[[6.16164,46.20401],[6.16155,46.20409],[6.16033,46.20516],[6.1602,46.20528],[6.15923,46.20616],[6.15916,46.20623]]}},{"type":"Feature","properties":{"kind":"street","rank":"minor"},"geometry":{"type":"LineString","coordinates":[[6.15888,46.20436],[6.15897,46.20427],[6.15961,46.20363],[6.16002,46.20324],[6.1601,46.20317]]}},{"type":"Feature","properties":{"kind":"street","rank":"minor"},"geometry":{"type":"LineString","coordinates":[[6.16082,46.20246],[6.16091,46.2025],[6.16133,46.2027],[6.1614,46.20273]]}},{"type":"Feature","properties":{"kind":"street","rank":"minor"},"geometry":{"type":"LineString","coordinates":[[6.16244,46.20324],[6.16321,46.20361],[6.1633,46.20362],[6.1636,46.20342],[6.16365,46.20338]]}},{"type":"Feature","properties":{"kind":"street","rank":"minor"},"geometry":{"type":"LineString","coordinates":[[6.1584,46.20481],[6.15881,46.20502],[6.15907,46.20516],[6.15913,46.20519]]}},{"type":"Feature","properties":{"kind":"street","rank":"major"},"geometry":{"type":"LineString","coordinates":[[6.15618,46.19968],[6.15608,46.19994],[6.15597,46.20021],[6.15592,46.20034],[6.15587,46.20045]]}},{"type":"Feature","properties":{"kind":"street","rank":"minor"},"geometry":{"type":"LineString","coordinates":[[6.15652,46.19854],[6.15692,46.19806],[6.15702,46.19793],[6.15727,46.19764],[6.15733,46.19758]]}},{"type":"Feature","properties":{"kind":"street","rank":"major"},"geometry":{"type":"LineString","coordinates":[[6.15692,46.19904],[6.15708,46.19921],[6.15733,46.19947]]}},{"type":"Feature","properties":{"kind":"street","rank":"minor"},"geometry":{"type":"LineString","coordinates":[[6.16509,46.20829],[6.16538,46.20842],[6.16705,46.20917],[6.16743,46.20934]]}},{"type":"Feature","properties":{"kind":"street","rank":"major"},"geometry":{"type":"LineString","coordinates":[[6.16237,46.20177],[6.16258,46.20183],[6.16291,46.20193],[6.16319,46.20203],[6.16337,46.20209],[6.16354,46.20214],[6.16366,46.20218],[6.1638,46.20223],[6.16395,46.20228]]}},{"type":"Feature","properties":{"kind":"street","rank":"major"},"geometry":{"type":"LineString","coordinates":[[6.16632,46.20305],[6.16664,46.20315],[6.16716,46.20332],[6.16717,46.20332]]}},{"type":"Feature","properties":{"kind":"street","rank":"major"},"geometry":{"type":"LineString","coordinates":[[6.16395,46.20228],[6.16436,46.20241],[6.16449,46.20246],[6.1646,46.20249],[6.16521,46.20269],[6.16546,46.20277],[6.16563,46.20282],[6.16576,46.20287]]}},{"type":"Feature","properties":{"kind":"street","rank":"minor"},"geometry":{"type":"LineString","coordinates":[[6.14877,46.21251],[6.14898,46.21243],[6.1497,46.21219],[6.14975,46.21217]]}},{"type":"Feature","properties":{"kind":"street","rank":"major"},"geometry":{"type":"LineString","coordinates":[[6.12776,46.19719],[6.12778,46.19709],[6.12781,46.19697],[6.12786,46.19683],[6.12793,46.19664]]}},{"type":"Feature","properties":{"kind":"street","rank":"minor"},"geometry":{"type":"LineString","coordinates":[[6.13321,46.19248],[6.13334,46.19239],[6.1336,46.19221],[6.13374,46.19209],[6.13395,46.19193],[6.13418,46.19173],[6.13451,46.19142],[6.13473,46.19121]]}},{"type":"Feature","properties":{"kind":"street","rank":"major"},"geometry":{"type":"LineString","coordinates":[[6.12804,46.19613],[6.12804,46.19595],[6.12804,46.19539]]}},{"type":"Feature","properties":{"kind":"street","rank":"major"},"geometry":{"type":"LineString","coordinates":[[6.12817,46.19528],[6.12817,46.19616],[6.12817,46.19627]]}},{"type":"Feature","properties":{"kind":"street","rank":"minor"},"geometry":{"type":"LineString","coordinates":[[6.13309,46.18584],[6.13299,46.18589],[6.13293,46.18598],[6.13294,46.18606],[6.13295,46.18619],[6.13298,46.1865],[6.13298,46.18666]]}},{"type":"Feature","properties":{"kind":"street","rank":"minor"},"geometry":{"type":"LineString","coordinates":[[6.13697,46.18583],[6.13697,46.18595],[6.13695,46.18628],[6.13694,46.18639],[6.13692,46.18684],[6.13692,46.18687]]}},{"type":"Feature","properties":{"kind":"street","rank":"minor"},"geometry":{"type":"LineString","coordinates":[[6.15753,46.19061],[6.15743,46.19066],[6.15678,46.19099],[6.15639,46.19119],[6.15631,46.19123]]}},{"type":"Feature","properties":{"kind":"street","rank":"major"},"geometry":{"type":"LineString","coordinates":[[6.15836,46.18696],[6.1579,46.18648],[6.15785,46.18633]]}},{"type":"Feature","properties":{"kind":"street","rank":"major"},"geometry":{"type":"LineString","coordinates":[[6.15356,46.19278],[6.15346,46.19266],[6.15336,46.19251],[6.15332,46.19243],[6.15326,46.1923],[6.15318,46.19211],[6.15313,46.19199],[6.15305,46.19181],[6.15303,46.19171]]}},{"type":"Feature","properties":{"kind":"street","rank":"major"},"geometry":{"type":"LineString","coordinates":[[6.15799,46.18813],[6.15821,46.18798],[6.15863,46.18769]]}},{"type":"Feature","properties":{"kind":"street","rank":"major"},"geometry":{"type":"LineString","coordinates":[[6.15508,46.19049],[6.15532,46.19032],[6.1556,46.19012],[6.15574,46.19001],[6.15626,46.18953],[6.15635,46.18944]]}},{"type":"Feature","properties":{"kind":"street","rank":"minor"},"geometry":{"type":"LineString","coordinates":[[6.16007,46.18693],[6.16037,46.18673],[6.15993,46.18625],[6.15973,46.18604],[6.15949,46.18579]]}},{"type":"Feature","properties":{"kind":"street","rank":"minor"},"geometry":{"type":"LineString","coordinates":[[6.15136,46.19132],[6.15145,46.19162],[6.15155,46.19192],[6.15162,46.19213],[6.15167,46.19228],[6.15174,46.19248],[6.15175,46.19253]]}},{"type":"Feature","properties":{"kind":"street","rank":"minor"},"geometry":{"type":"LineString","coordinates":[[6.1507,46.18872],[6.15125,46.18973],[6.15127,46.18977]]}},{"type":"Feature","properties":{"kind":"street","rank":"minor"},"geometry":{"type":"LineString","coordinates":[[6.15229,46.18771],[6.15221,46.18769],[6.15212,46.18769],[6.15204,46.18772],[6.15138,46.18793]]}},{"type":"Feature","properties":{"kind":"street","rank":"minor"},"geometry":{"type":"LineString","coordinates":[[6.15641,46.18703],[6.15654,46.18697],[6.15693,46.18678],[6.15704,46.18673],[6.15734,46.18658],[6.15764,46.18642],[6.15776,46.18637],[6.15785,46.18633]]}},{"type":"Feature","properties":{"kind":"street","rank":"major"},"geometry":{"type":"LineString","coordinates":[[6.15684,46.19561],[6.15658,46.19572],[6.15649,46.19577],[6.15633,46.19583]]}},{"type":"Feature","properties":{"kind":"street","rank":"major"},"geometry":{"type":"LineString","coordinates":[[6.1576,46.19527],[6.15748,46.19533],[6.15705,46.19551],[6.15684,46.19561]]}},{"type":"Feature","properties":{"kind":"street","rank":"major"},"geometry":{"type":"LineString","coordinates":[[6.15225,46.19584],[6.15239,46.19578],[6.15381,46.19515],[6.15389,46.19511],[6.15398,46.19507],[6.15435,46.19491]]}},{"type":"Feature","properties":{"kind":"street","rank":"major"},"geometry":{"type":"LineString","coordinates":[[6.16567,46.19544],[6.16578,46.19568],[6.16586,46.19585]]}},{"type":"Feature","properties":{"kind":"street","rank":"major"},"geometry":{"type":"LineString","coordinates":[[6.15868,46.19823],[6.15878,46.1982],[6.15923,46.19809],[6.1596,46.19799]]}},{"type":"Feature","properties":{"kind":"street","rank":"major"},"geometry":{"type":"LineString","coordinates":[[6.16034,46.19776],[6.16047,46.19772],[6.16068,46.19765],[6.16094,46.19756],[6.16122,46.19747],[6.16145,46.19739]]}},{"type":"Feature","properties":{"kind":"street","rank":"minor"},"geometry":{"type":"LineString","coordinates":[[6.16476,46.19509],[6.16455,46.19513],[6.16422,46.19518],[6.1641,46.19521],[6.1639,46.19526],[6.1634,46.19538],[6.16331,46.1954],[6.16318,46.19545]]}},{"type":"Feature","properties":{"kind":"street","rank":"major"},"geometry":{"type":"LineString","coordinates":[[6.1622,46.19955],[6.1619,46.19979],[6.16175,46.19995]]}},{"type":"Feature","properties":{"kind":"street","rank":"major"},"geometry":{"type":"LineString","coordinates":[[6.16432,46.19744],[6.16426,46.1973],[6.1642,46.19721],[6.16407,46.19702]]}},{"type":"Feature","properties":{"kind":"street","rank":"minor"},"geometry":{"type":"LineString","coordinates":[[6.17,46.19184],[6.17036,46.19214],[6.17054,46.19228],[6.1707,46.1924],[6.17104,46.19264],[6.17117,46.19275],[6.17181,46.19324],[6.1724,46.1937]]}},{"type":"Feature","properties":{"kind":"street","rank":"major"},"geometry":{"type":"LineString","coordinates":[[6.16654,46.20009],[6.16582,46.20008],[6.1657,46.20008]]}},{"type":"Feature","properties":{"kind":"street","rank":"major"},"geometry":{"type":"LineString","coordinates":[[6.1673,46.19594],[6.16763,46.19583],[6.16802,46.1957],[6.16853,46.19552],[6.16871,46.19544]]}},{"type":"Feature","properties":{"kind":"street","rank":"minor"},"geometry":{"type":"LineString","coordinates":[[6.16081,46.20013],[6.1615,46.2],[6.16159,46.19999],[6.16175,46.19995]]}},{"type":"Feature","properties":{"kind":"street","rank":"minor"},"geometry":{"type":"LineString","coordinates":[[6.16242,46.19995],[6.16274,46.19995],[6.16331,46.19996]]}},{"type":"Feature","properties":{"kind":"street","rank":"major"},"geometry":{"type":"LineString","coordinates":[[6.12652,46.18759],[6.12597,46.18754],[6.12573,46.18753]]}},{"type":"Feature","properties":{"kind":"street","rank":"major"},"geometry":{"type":"LineString","coordinates":[[6.17184,46.18571],[6.1715,46.1859],[6.17121,46.18609],[6.171,46.18624],[6.1708,46.18639],[6.17057,46.1866]]}},{"type":"Feature","properties":{"kind":"street","rank":"major"},"geometry":{"type":"LineString","coordinates":[[6.17014,46.19486],[6.17083,46.19457],[6.17089,46.19455]]}},{"type":"Feature","properties":{"kind":"street","rank":"major"},"geometry":{"type":"LineString","coordinates":[[6.17304,46.19373],[6.17326,46.19367],[6.17357,46.1936],[6.1739,46.19353],[6.17427,46.19347],[6.17462,46.19342],[6.1751,46.19337]]}},{"type":"Feature","properties":{"kind":"street","rank":"minor"},"geometry":{"type":"LineString","coordinates":[[6.16743,46.20934],[6.16763,46.20944],[6.16787,46.20954],[6.16951,46.21029],[6.17133,46.2111],[6.17205,46.21142]]}},{"type":"Feature","properties":{"kind":"street","rank":"major"},"geometry":{"type":"LineString","coordinates":[[6.1719,46.20588],[6.17294,46.20624],[6.17405,46.20663],[6.17447,46.20678],[6.17464,46.20684],[6.17472,46.20687]]}},{"type":"Feature","properties":{"kind":"street","rank":"major"},"geometry":{"type":"LineString","coordinates":[[6.16853,46.20378],[6.1687,46.20387],[6.16884,46.20396],[6.16899,46.20405],[6.16933,46.20432],[6.16943,46.2044],[6.16959,46.20452],[6.16978,46.20466],[6.17002,46.2048],[6.17012,46.20487]]}},{"type":"Feature","properties":{"kind":"street","rank":"major"},"geometry":{"type":"LineString","coordinates":[[6.17572,46.20607],[6.17579,46.20598],[6.17589,46.20587],[6.17602,46.20578],[6.1761,46.20575]]}},{"type":"Feature","properties":{"kind":"street","rank":"major"},"geometry":{"type":"LineString","coordinates":[[6.1761,46.20575],[6.17623,46.20573],[6.17742,46.20572],[6.17779,46.20571],[6.17816,46.20571],[6.17829,46.20571],[6.17855,46.2057]]}},{"type":"Feature","properties":{"kind":"street","rank":"major"},"geometry":{"type":"LineString","coordinates":[[6.17031,46.2108],[6.17197,46.21154],[6.17214,46.21162],[6.17218,46.21164]]}},{"type":"Feature","properties":{"kind":"street","rank":"major"},"geometry":{"type":"LineString","coordinates":[[6.17525,46.19954],[6.17498,46.1996],[6.17473,46.19966],[6.17449,46.1997]]}},{"type":"Feature","properties":{"kind":"street","rank":"major"},"geometry":{"type":"LineString","coordinates":[[6.17279,46.19984],[6.17303,46.1998],[6.17334,46.19975],[6.17382,46.19968]]}},{"type":"Feature","properties":{"kind":"street","rank":"major"},"geometry":{"type":"LineString","coordinates":[[6.1728,46.20376],[6.1719,46.20353],[6.1717,46.20347],[6.17098,46.20329],[6.17074,46.20323],[6.17048,46.20316],[6.17034,46.20311],[6.17019,46.20303]]}},{"type":"Feature","properties":{"kind":"street","rank":"major"},"geometry":{"type":"LineString","coordinates":[[6.17701,46.20237],[6.17669,46.20207],[6.17647,46.20187],[6.17638,46.20179],[6.17604,46.20146],[6.17589,46.20133],[6.17577,46.20121],[6.17561,46.20107],[6.17526,46.20073]]}},{"type":"Feature","properties":{"kind":"street","rank":"major"},"geometry":{"type":"LineString","coordinates":[[6.12808,46.18857],[6.12807,46.18898],[6.12809,46.18925],[6.1281,46.1895],[6.12811,46.1899],[6.12811,46.19026],[6.12812,46.1905],[6.12815,46.19074]]}},{"type":"Feature","properties":{"kind":"street","rank":"minor"},"geometry":{"type":"LineString","coordinates":[[6.15375,46.19336],[6.15385,46.19331],[6.15406,46.19319],[6.15423,46.19311],[6.15433,46.19306],[6.15447,46.19299],[6.15459,46.19292]]}},{"type":"Feature","properties":{"kind":"street","rank":"minor"},"geometry":{"type":"LineString","coordinates":[[6.17006,46.19322],[6.17028,46.19309],[6.17063,46.19286]]}},{"type":"Feature","properties":{"kind":"street","rank":"minor"},"geometry":{"type":"LineString","coordinates":[[6.16939,46.19269],[6.16973,46.19296],[6.17006,46.19322],[6.17038,46.19348],[6.17052,46.19359]]}},{"type":"Feature","properties":{"kind":"street","rank":"major"},"geometry":{"type":"LineString","coordinates":[[6.18518,46.2274],[6.18497,46.22725],[6.18484,46.22715],[6.18462,46.22698],[6.18447,46.22684],[6.18433,46.2267],[6.18421,46.22655],[6.18403,46.22633],[6.18335,46.22543],[6.18291,46.22484],[6.18276,46.22465],[6.18219,46.2239],[6.18169,46.22324],[6.18107,46.22242],[6.18029,46.2214],[6.18022,46.2213],[6.17963,46.22049],[6.17931,46.22007],[6.1792,46.21991],[6.17868,46.2192],[6.17797,46.21822],[6.17737,46.21741],[6.17703,46.21693],[6.17648,46.21615],[6.17643,46.21608]]}},{"type":"Feature","properties":{"kind":"street","rank":"major"},"geometry":{"type":"LineString","coordinates":[[6.12816,46.19352],[6.12816,46.19422]]}},{"type":"Feature","properties":{"kind":"street","rank":"major"},"geometry":{"type":"LineString","coordinates":[[6.12816,46.19422],[6.12815,46.19441],[6.12815,46.19453],[6.12815,46.19463]]}},{"type":"Feature","properties":{"kind":"street","rank":"minor"},"geometry":{"type":"LineString","coordinates":[[6.14155,46.1913],[6.14168,46.19132],[6.14252,46.19149],[6.1427,46.19153]]}},{"type":"Feature","properties":{"kind":"street","rank":"major"},"geometry":{"type":"LineString","coordinates":[[6.14306,46.21771],[6.14349,46.21804]]}},{"type":"Feature","properties":{"kind":"street","rank":"minor"},"geometry":{"type":"LineString","coordinates":[[6.14104,46.21644],[6.14001,46.21643],[6.13986,46.21643]]}},{"type":"Feature","properties":{"kind":"street","rank":"minor"},"geometry":{"type":"LineString","coordinates":[[6.1492,46.21324],[6.14879,46.21255],[6.14877,46.21251]]}},{"type":"Feature","properties":{"kind":"street","rank":"major"},"geometry":{"type":"LineString","coordinates":[[6.13421,46.19064],[6.13405,46.19057],[6.13386,46.19047],[6.1335,46.19029],[6.13324,46.19014],[6.13299,46.19001],[6.13289,46.18996],[6.13282,46.18994]]}},{"type":"Feature","properties":{"kind":"street","rank":"minor"},"geometry":{"type":"LineString","coordinates":[[6.14988,46.20259],[6.14984,46.20251],[6.14978,46.20217],[6.14974,46.20207]]}},{"type":"Feature","properties":{"kind":"street","rank":"minor"},"geometry":{"type":"LineString","coordinates":[[6.14262,46.20432],[6.14233,46.20426],[6.14209,46.20421],[6.14201,46.20419]]}},{"type":"Feature","properties":{"kind":"street","rank":"major"},"geometry":{"type":"LineString","coordinates":[[6.12938,46.21372],[6.12918,46.21351],[6.1291,46.21342],[6.12901,46.21329]]}},{"type":"Feature","properties":{"kind":"street","rank":"major"},"geometry":{"type":"LineString","coordinates":[[6.15167,46.19621],[6.1515,46.1961],[6.15101,46.19591],[6.15086,46.19585],[6.15065,46.19575]]}},{"type":"Feature","properties":{"kind":"street","rank":"major"},"geometry":{"type":"LineString","coordinates":[[6.12463,46.20777],[6.12474,46.2078],[6.1254,46.20795],[6.12564,46.20799]]}},{"type":"Feature","properties":{"kind":"street","rank":"minor"},"geometry":{"type":"LineString","coordinates":[[6.12789,46.19756],[6.12799,46.19758],[6.12807,46.1976],[6.12814,46.19769],[6.12817,46.19783],[6.12823,46.19795],[6.12835,46.19798],[6.12844,46.19795],[6.12854,46.19791],[6.12884,46.19775]]}},{"type":"Feature","properties":{"kind":"street","rank":"minor"},"geometry":{"type":"LineString","coordinates":[[6.15449,46.21025],[6.15474,46.21011],[6.15487,46.21008],[6.15513,46.20994],[6.15522,46.20991],[6.15535,46.20991],[6.15599,46.20995],[6.15627,46.20996],[6.15644,46.20997],[6.15658,46.20997],[6.1568,46.20999],[6.1569,46.20999],[6.15644,46.20999],[6.15626,46.20998],[6.15614,46.20998],[6.15593,46.21],[6.15579,46.21002],[6.15565,46.21004],[6.15542,46.21007],[6.15528,46.2101],[6.15518,46.21012],[6.15488,46.2102],[6.15473,46.21025],[6.15458,46.2103],[6.15444,46.21036],[6.15433,46.2104],[6.15417,46.21048],[6.154,46.21057],[6.15373,46.21072],[6.15414,46.21043],[6.15426,46.21039],[6.15449,46.21025]]}},{"type":"Feature","properties":{"kind":"street","rank":"minor"},"geometry":{"type":"LineString","coordinates":[[6.14997,46.20363],[6.14914,46.20381],[6.14873,46.20391],[6.14839,46.20398],[6.14826,46.20401],[6.14798,46.20407],[6.14726,46.20423],[6.14682,46.20433]]}},{"type":"Feature","properties":{"kind":"street","rank":"minor"},"geometry":{"type":"LineString","coordinates":[[6.14544,46.19417],[6.14481,46.19413],[6.14469,46.19412]]}},{"type":"Feature","properties":{"kind":"street","rank":"minor"},"geometry":{"type":"LineString","coordinates":[[6.14321,46.20532],[6.14346,46.20537],[6.14396,46.20551],[6.14405,46.20551],[6.14424,46.20539],[6.14437,46.20527]]}},{"type":"Feature","properties":{"kind":"street","rank":"minor"},"geometry":{"type":"LineString","coordinates":[[6.14371,46.19874],[6.14383,46.19863],[6.14396,46.19869],[6.14388,46.19882],[6.14377,46.19878],[6.14371,46.19874]]}},{"type":"Feature","properties":{"kind":"street","rank":"minor"},"geometry":{"type":"LineString","coordinates":[[6.14332,46.20049],[6.14332,46.20057],[6.14356,46.20076],[6.14384,46.20098],[6.14392,46.20105],[6.14397,46.20115],[6.14423,46.20112],[6.1441,46.20106],[6.14391,46.20093],[6.14395,46.20085],[6.1438,46.20073],[6.1437,46.20065],[6.14357,46.20055],[6.14347,46.20053],[6.14332,46.20049]]}},{"type":"Feature","properties":{"kind":"street","rank":"major"},"geometry":{"type":"LineString","coordinates":[[6.14151,46.18792],[6.14159,46.18795],[6.14234,46.18818],[6.14241,46.1882]]}},{"type":"Feature","properties":{"kind":"street","rank":"minor"},"geometry":{"type":"LineString","coordinates":[[6.15814,46.20292],[6.15844,46.20261],[6.15857,46.20249],[6.15866,46.20239]]}},{"type":"Feature","properties":{"kind":"street","rank":"minor"},"geometry":{"type":"LineString","coordinates":[[6.15737,46.20237],[6.15746,46.20243],[6.15807,46.20288],[6.15814,46.20292]]}},{"type":"Feature","properties":{"kind":"street","rank":"major"},"geometry":{"type":"LineString","coordinates":[[6.15133,46.19499],[6.15148,46.19485],[6.1516,46.19476],[6.15176,46.19465],[6.15201,46.19451],[6.15214,46.19445]]}},{"type":"Feature","properties":{"kind":"street","rank":"minor"},"geometry":{"type":"LineString","coordinates":[[6.14145,46.20883],[6.14129,46.20868],[6.14109,46.2085]]}},{"type":"Feature","properties":{"kind":"street","rank":"minor"},"geometry":{"type":"LineString","coordinates":[[6.14329,46.2029],[6.14327,46.20299],[6.14326,46.20308],[6.14322,46.20323],[6.1431,46.20358],[6.14304,46.20369],[6.14296,46.20378]]}},{"type":"Feature","properties":{"kind":"street","rank":"minor"},"geometry":{"type":"LineString","coordinates":[[6.15016,46.19656],[6.15007,46.19663],[6.14961,46.19694],[6.14949,46.19702],[6.14944,46.19706]]}},{"type":"Feature","properties":{"kind":"street","rank":"major"},"geometry":{"type":"LineString","coordinates":[[6.12738,46.21724],[6.12722,46.21731],[6.1271,46.21737],[6.12692,46.21747],[6.1268,46.21754],[6.12663,46.21765]]}},{"type":"Feature","properties":{"kind":"street","rank":"major"},"geometry":{"type":"LineString","coordinates":[[6.12619,46.21795],[6.12624,46.21785],[6.12644,46.21771],[6.12654,46.21767],[6.12663,46.21765]]}},{"type":"Feature","properties":{"kind":"street","rank":"minor"},"geometry":{"type":"LineString","coordinates":[[6.15395,46.1984],[6.15415,46.19854],[6.15435,46.19841],[6.15416,46.19826],[6.15395,46.1984]]}},{"type":"Feature","properties":{"kind":"street","rank":"major"},"geometry":{"type":"LineString","coordinates":[[6.12468,46.21503],[6.12484,46.215],[6.12553,46.21487],[6.12582,46.21483],[6.12597,46.21481],[6.1262,46.21477],[6.12642,46.21472]]}},{"type":"Feature","properties":{"kind":"street","rank":"major"},"geometry":{"type":"LineString","coordinates":[[6.12824,46.21419],[6.1284,46.21413],[6.12898,46.21389]]}},{"type":"Feature","properties":{"kind":"street","rank":"minor"},"geometry":{"type":"LineString","coordinates":[[6.14292,46.20521],[6.14315,46.20533],[6.14304,46.20524],[6.14292,46.20521]]}},{"type":"Feature","properties":{"kind":"street","rank":"minor"},"geometry":{"type":"LineString","coordinates":[[6.14292,46.2052],[6.14291,46.2053],[6.14306,46.20548],[6.14316,46.20533],[6.14293,46.20522],[6.14292,46.2052]]}},{"type":"Feature","properties":{"kind":"street","rank":"minor"},"geometry":{"type":"LineString","coordinates":[[6.14388,46.20149],[6.14382,46.20163],[6.14368,46.20197],[6.14346,46.2025],[6.14337,46.2027],[6.14329,46.2029]]}},{"type":"Feature","properties":{"kind":"street","rank":"minor"},"geometry":{"type":"LineString","coordinates":[[6.14293,46.19767],[6.14257,46.19789],[6.14249,46.19793],[6.14228,46.19797],[6.14217,46.19796],[6.14218,46.19805],[6.1424,46.19807],[6.14279,46.19808],[6.14292,46.19809],[6.14294,46.19799],[6.14293,46.19777],[6.14293,46.19767]]}},{"type":"Feature","properties":{"kind":"street","rank":"minor"},"geometry":{"type":"LineString","coordinates":[[6.14266,46.20011],[6.14289,46.20018],[6.14296,46.20007],[6.14295,46.19989],[6.14295,46.19976],[6.14266,46.20011]]}},{"type":"Feature","properties":{"kind":"street","rank":"minor"},"geometry":{"type":"LineString","coordinates":[[6.14105,46.1874],[6.14077,46.18748],[6.14066,46.18751],[6.1405,46.18756],[6.14023,46.18763],[6.14035,46.18768],[6.14122,46.18779],[6.14106,46.18742],[6.14105,46.1874]]}},{"type":"Feature","properties":{"kind":"street","rank":"major"},"geometry":{"type":"LineString","coordinates":[[6.1673,46.20011],[6.16716,46.20011],[6.16654,46.20009]]}},{"type":"Feature","properties":{"kind":"street","rank":"major"},"geometry":{"type":"LineString","coordinates":[[6.16263,46.20024],[6.16279,46.20014],[6.16287,46.2001],[6.16303,46.20003],[6.16317,46.19999],[6.16331,46.19996]]}},{"type":"Feature","properties":{"kind":"street","rank":"major"},"geometry":{"type":"LineString","coordinates":[[6.13967,46.20541],[6.13981,46.20447]]}},{"type":"Feature","properties":{"kind":"street","rank":"major"},"geometry":{"type":"LineString","coordinates":[[6.14007,46.2027],[6.14009,46.20257],[6.14019,46.20194],[6.14022,46.20174]]}},{"type":"Feature","properties":{"kind":"street","rank":"minor"},"geometry":{"type":"LineString","coordinates":[[6.14008,46.20356],[6.14017,46.20356],[6.14071,46.20361],[6.14105,46.20364],[6.14115,46.20364],[6.14125,46.20363]]}},{"type":"Feature","properties":{"kind":"street","rank":"minor"},"geometry":{"type":"LineString","coordinates":[[6.13925,46.20348],[6.13959,46.20351],[6.13977,46.20352],[6.1399,46.20354]]}},{"type":"Feature","properties":{"kind":"street","rank":"major"},"geometry":{"type":"LineString","coordinates":[[6.14466,46.21173],[6.14497,46.21231],[6.14524,46.2128],[6.14526,46.21283]]}},{"type":"Feature","properties":{"kind":"street","rank":"major"},"geometry":{"type":"LineString","coordinates":[[6.1476,46.21632],[6.14753,46.2162],[6.14739,46.21601],[6.14723,46.21579],[6.14714,46.21567]]}},{"type":"Feature","properties":{"kind":"street","rank":"minor"},"geometry":{"type":"LineString","coordinates":[[6.13308,46.20295],[6.13299,46.20293],[6.13277,46.20289],[6.13203,46.20275],[6.13249,46.20287],[6.13292,46.20297],[6.13315,46.20305],[6.13348,46.20315],[6.13425,46.20344],[6.13455,46.20358],[6.13465,46.20351],[6.13426,46.20336],[6.13417,46.20327],[6.13418,46.20314],[6.13404,46.20311],[6.13394,46.2031],[6.13385,46.20312],[6.13307,46.20298],[6.13308,46.20295]]}},{"type":"Feature","properties":{"kind":"street","rank":"minor"},"geometry":{"type":"LineString","coordinates":[[6.13421,46.20329],[6.13506,46.20364],[6.13543,46.20379],[6.13561,46.20381]]}},{"type":"Feature","properties":{"kind":"street","rank":"minor"},"geometry":{"type":"LineString","coordinates":[[6.12746,46.18739],[6.12747,46.18723],[6.12748,46.18706],[6.12748,46.18691]]}},{"type":"Feature","properties":{"kind":"street","rank":"minor"},"geometry":{"type":"LineString","coordinates":[[6.13429,46.20132],[6.13414,46.20192],[6.13447,46.20195],[6.13436,46.20232],[6.13429,46.20259],[6.13425,46.20271],[6.13418,46.20296],[6.13416,46.20303]]}},{"type":"Feature","properties":{"kind":"street","rank":"minor"},"geometry":{"type":"LineString","coordinates":[[6.13986,46.21643],[6.13963,46.21644],[6.13941,46.21646],[6.13912,46.21649],[6.13887,46.21652],[6.13862,46.21656],[6.13834,46.21661],[6.13824,46.21663],[6.13789,46.21671],[6.1376,46.21678],[6.13747,46.21682],[6.13702,46.21697],[6.13666,46.21711],[6.13623,46.21729],[6.13613,46.21734]]}},{"type":"Feature","properties":{"kind":"street","rank":"minor"},"geometry":{"type":"LineString","coordinates":[[6.14225,46.20374],[6.1419,46.20371],[6.14187,46.20392],[6.14184,46.20407],[6.14223,46.20377],[6.14225,46.20374]]}},{"type":"Feature","properties":{"kind":"street","rank":"minor"},"geometry":{"type":"LineString","coordinates":[[6.14332,46.20916],[6.14308,46.20937],[6.1432,46.20947],[6.14331,46.20941],[6.1434,46.20936],[6.1435,46.20931],[6.14368,46.20921],[6.14379,46.20915],[6.14389,46.2091],[6.14398,46.20905],[6.14408,46.209],[6.14418,46.20894],[6.14433,46.20889],[6.14448,46.20881],[6.14443,46.2087],[6.14434,46.20864],[6.14414,46.20872],[6.14398,46.2088],[6.14388,46.20885],[6.14378,46.2089],[6.14368,46.20896],[6.1436,46.20901],[6.14343,46.2091],[6.14332,46.20916]]}},{"type":"Feature","properties":{"kind":"street","rank":"major"},"geometry":{"type":"LineString","coordinates":[[6.14008,46.20335],[6.14008,46.20344],[6.14008,46.20353],[6.14007,46.20365],[6.14002,46.20397],[6.14,46.20408]]}},{"type":"Feature","properties":{"kind":"street","rank":"major"},"geometry":{"type":"LineString","coordinates":[[6.15871,46.20159],[6.15894,46.20154],[6.15908,46.20152],[6.15938,46.20148],[6.1596,46.20146]]}},{"type":"Feature","properties":{"kind":"street","rank":"major"},"geometry":{"type":"LineString","coordinates":[[6.15901,46.20047],[6.1591,46.2005],[6.15932,46.20056],[6.15986,46.20082],[6.15999,46.20089],[6.1601,46.20095]]}},{"type":"Feature","properties":{"kind":"street","rank":"major"},"geometry":{"type":"LineString","coordinates":[[6.16047,46.20139],[6.16019,46.2014],[6.16007,46.2014],[6.15987,46.2014],[6.15978,46.2014],[6.15971,46.20142]]}},{"type":"Feature","properties":{"kind":"street","rank":"major"},"geometry":{"type":"LineString","coordinates":[[6.13259,46.206],[6.13293,46.20634],[6.13326,46.20666]]}},{"type":"Feature","properties":{"kind":"street","rank":"minor"},"geometry":{"type":"LineString","coordinates":[[6.14577,46.19847],[6.14588,46.19855],[6.14604,46.19844],[6.14593,46.19836],[6.14577,46.19847]]}},{"type":"Feature","properties":{"kind":"street","rank":"minor"},"geometry":{"type":"LineString","coordinates":[[6.14985,46.19783],[6.14975,46.19785],[6.14973,46.19794],[6.14982,46.19802],[6.14992,46.19804],[6.15,46.19796],[6.14985,46.19783]]}},{"type":"Feature","properties":{"kind":"street","rank":"minor"},"geometry":{"type":"LineString","coordinates":[[6.14963,46.19813],[6.14959,46.19823],[6.14967,46.19833],[6.14977,46.19836],[6.14983,46.19826],[6.14974,46.19815],[6.14963,46.19813]]}},{"type":"Feature","properties":{"kind":"street","rank":"minor"},"geometry":{"type":"LineString","coordinates":[[6.1255,46.20438],[6.12587,46.20444],[6.12602,46.20445],[6.12686,46.20457],[6.12728,46.20463],[6.1274,46.20464]]}},{"type":"Feature","properties":{"kind":"street","rank":"minor"},"geometry":{"type":"LineString","coordinates":[[6.16459,46.20897],[6.16442,46.20873],[6.1647,46.20877],[6.16459,46.20897]]}},{"type":"Feature","properties":{"kind":"street","rank":"major"},"geometry":{"type":"LineString","coordinates":[[6.15278,46.20348],[6.15193,46.20366],[6.15141,46.20377]]}},{"type":"Feature","properties":{"kind":"street","rank":"major"},"geometry":{"type":"LineString","coordinates":[[6.16176,46.20745],[6.16187,46.20749],[6.16195,46.20752],[6.16215,46.20758],[6.16237,46.20765]]}},{"type":"Feature","properties":{"kind":"street","rank":"minor"},"geometry":{"type":"LineString","coordinates":[[6.16184,46.20654],[6.16193,46.20649],[6.16236,46.2062]]}},{"type":"Feature","properties":{"kind":"street","rank":"minor"},"geometry":{"type":"LineString","coordinates":[[6.16236,46.2062],[6.16252,46.2061],[6.16297,46.20581],[6.16321,46.20566],[6.1637,46.20535],[6.1638,46.20528]]}},{"type":"Feature","properties":{"kind":"street","rank":"minor"},"geometry":{"type":"LineString","coordinates":[[6.14702,46.20951],[6.14754,46.20936],[6.14769,46.20929]]}},{"type":"Feature","properties":{"kind":"street","rank":"major"},"geometry":{"type":"LineString","coordinates":[[6.16237,46.20765],[6.16261,46.20767],[6.16297,46.20774],[6.16383,46.20792]]}},{"type":"Feature","properties":{"kind":"street","rank":"minor"},"geometry":{"type":"LineString","coordinates":[[6.14833,46.20887],[6.14849,46.20887],[6.1496,46.2089]]}},{"type":"Feature","properties":{"kind":"street","rank":"major"},"geometry":{"type":"LineString","coordinates":[[6.15225,46.2135],[6.15246,46.2127]]}},{"type":"Feature","properties":{"kind":"street","rank":"major"},"geometry":{"type":"LineString","coordinates":[[6.15251,46.21251],[6.15256,46.21233],[6.15262,46.2121]]}},{"type":"Feature","properties":{"kind":"street","rank":"major"},"geometry":{"type":"LineString","coordinates":[[6.14628,46.20935],[6.146,46.2095],[6.14591,46.20955],[6.14582,46.2096],[6.14571,46.20966],[6.1456,46.20972]]}},{"type":"Feature","properties":{"kind":"street","rank":"minor"},"geometry":{"type":"LineString","coordinates":[[6.12869,46.19995],[6.1285,46.20003],[6.12792,46.20029],[6.12776,46.20036],[6.12759,46.20038]]}},{"type":"Feature","properties":{"kind":"street","rank":"major"},"geometry":{"type":"LineString","coordinates":[[6.12789,46.19777],[6.1279,46.19786],[6.12792,46.19795],[6.12795,46.19806],[6.12807,46.19848],[6.1281,46.19862]]}},{"type":"Feature","properties":{"kind":"street","rank":"major"},"geometry":{"type":"LineString","coordinates":[[6.13375,46.2046],[6.13397,46.2048],[6.13416,46.20501]]}},{"type":"Feature","properties":{"kind":"street","rank":"major"},"geometry":{"type":"LineString","coordinates":[[6.13049,46.20157],[6.13063,46.20171],[6.13085,46.20193]]}},{"type":"Feature","properties":{"kind":"street","rank":"minor"},"geometry":{"type":"LineString","coordinates":[[6.13313,46.20587],[6.13291,46.20585],[6.13273,46.20584],[6.1326,46.20582],[6.13253,46.2058]]}},{"type":"Feature","properties":{"kind":"street","rank":"minor"},"geometry":{"type":"LineString","coordinates":[[6.12961,46.20494],[6.12995,46.20497],[6.1304,46.20502],[6.13128,46.20514],[6.13151,46.20517],[6.13158,46.20518]]}},{"type":"Feature","properties":{"kind":"street","rank":"major"},"geometry":{"type":"LineString","coordinates":[[6.13651,46.20606],[6.13676,46.20613],[6.13685,46.20616],[6.137,46.2062],[6.13707,46.20622]]}},{"type":"Feature","properties":{"kind":"street","rank":"major"},"geometry":{"type":"LineString","coordinates":[[6.1276,46.21188],[6.12791,46.21223]]}},{"type":"Feature","properties":{"kind":"street","rank":"minor"},"geometry":{"type":"LineString","coordinates":[[6.12823,46.2079],[6.12831,46.20801],[6.12837,46.20812],[6.12844,46.20825],[6.12855,46.20845]]}},{"type":"Feature","properties":{"kind":"street","rank":"major"},"geometry":{"type":"LineString","coordinates":[[6.13164,46.20602],[6.13123,46.20617],[6.13062,46.20639],[6.13051,46.20643]]}},{"type":"Feature","properties":{"kind":"street","rank":"major"},"geometry":{"type":"LineString","coordinates":[[6.13556,46.21418],[6.1353,46.21431],[6.13492,46.21449],[6.13461,46.21463]]}},{"type":"Feature","properties":{"kind":"street","rank":"major"},"geometry":{"type":"LineString","coordinates":[[6.1374,46.21297],[6.13714,46.21318],[6.13695,46.21333],[6.13683,46.21342]]}},{"type":"Feature","properties":{"kind":"street","rank":"major"},"geometry":{"type":"LineString","coordinates":[[6.14017,46.20277],[6.14016,46.20287],[6.14012,46.20308],[6.14009,46.2033],[6.14008,46.20335]]}},{"type":"Feature","properties":{"kind":"street","rank":"major"},"geometry":{"type":"LineString","coordinates":[[6.13997,46.20337],[6.14006,46.20276]]}},{"type":"Feature","properties":{"kind":"street","rank":"major"},"geometry":{"type":"LineString","coordinates":[[6.14141,46.21471],[6.14143,46.21515],[6.14144,46.21529],[6.14144,46.2155]]}},{"type":"Feature","properties":{"kind":"street","rank":"minor"},"geometry":{"type":"LineString","coordinates":[[6.14659,46.2172],[6.14673,46.21756],[6.14688,46.21799],[6.14709,46.21852]]}},{"type":"Feature","properties":{"kind":"street","rank":"major"},"geometry":{"type":"LineString","coordinates":[[6.14661,46.21694],[6.14713,46.21661],[6.14722,46.21656]]}},{"type":"Feature","properties":{"kind":"street","rank":"major"},"geometry":{"type":"LineString","coordinates":[[6.14144,46.2155],[6.14136,46.21595],[6.14133,46.21612]]}},{"type":"Feature","properties":{"kind":"street","rank":"minor"},"geometry":{"type":"LineString","coordinates":[[6.14709,46.21852],[6.1472,46.21884],[6.14729,46.21909],[6.1474,46.21938],[6.14741,46.21939]]}},{"type":"Feature","properties":{"kind":"street","rank":"minor"},"geometry":{"type":"LineString","coordinates":[[6.13515,46.20864],[6.13513,46.20892],[6.13511,46.20914],[6.1351,46.20931],[6.13501,46.21021],[6.13501,46.21027]]}},{"type":"Feature","properties":{"kind":"street","rank":"minor"},"geometry":{"type":"LineString","coordinates":[[6.14249,46.19325],[6.14365,46.19335]]}},{"type":"Feature","properties":{"kind":"street","rank":"minor"},"geometry":{"type":"LineString","coordinates":[[6.14171,46.19464],[6.14182,46.1947],[6.14191,46.19451],[6.14176,46.19449],[6.14172,46.19461],[6.14171,46.19464]]}},{"type":"Feature","properties":{"kind":"street","rank":"major"},"geometry":{"type":"LineString","coordinates":[[6.13344,46.2013],[6.13362,46.20131],[6.13429,46.20132],[6.13496,46.20132],[6.13516,46.20133]]}},{"type":"Feature","properties":{"kind":"street","rank":"minor"},"geometry":{"type":"LineString","coordinates":[[6.15127,46.18977],[6.15138,46.18974],[6.15213,46.18959],[6.15234,46.18955]]}},{"type":"Feature","properties":{"kind":"street","rank":"major"},"geometry":{"type":"LineString","coordinates":[[6.1365,46.19552],[6.13662,46.19547],[6.13709,46.19522],[6.13717,46.19518]]}},{"type":"Feature","properties":{"kind":"street","rank":"major"},"geometry":{"type":"LineString","coordinates":[[6.1658,46.19999],[6.16641,46.20001],[6.16679,46.20001],[6.1671,46.20001],[6.16731,46.2]]}},{"type":"Feature","properties":{"kind":"street","rank":"major"},"geometry":{"type":"LineString","coordinates":[[6.16382,46.19999],[6.16486,46.2],[6.16492,46.2]]}},{"type":"Feature","properties":{"kind":"street","rank":"minor"},"geometry":{"type":"LineString","coordinates":[[6.16571,46.20029],[6.16622,46.20058],[6.16664,46.2008],[6.16669,46.20086]]}},{"type":"Feature","properties":{"kind":"street","rank":"minor"},"geometry":{"type":"LineString","coordinates":[[6.15302,46.19287],[6.15289,46.19293],[6.15274,46.193],[6.15245,46.19314],[6.15237,46.19317],[6.15222,46.19322],[6.15211,46.19325],[6.15201,46.19328],[6.15188,46.1933],[6.15179,46.19331],[6.15166,46.19332],[6.15157,46.19333],[6.15134,46.19333],[6.15098,46.19334],[6.15083,46.19334]]}},{"type":"Feature","properties":{"kind":"street","rank":"major"},"geometry":{"type":"LineString","coordinates":[[6.1537,46.19293],[6.15372,46.19305],[6.15372,46.19314],[6.15372,46.19323],[6.15375,46.19336]]}},{"type":"Feature","properties":{"kind":"street","rank":"minor"},"geometry":{"type":"LineString","coordinates":[[6.14549,46.21895],[6.14616,46.21891],[6.14636,46.21887],[6.14649,46.21887],[6.14714,46.21885],[6.1472,46.21884]]}},{"type":"Feature","properties":{"kind":"street","rank":"major"},"geometry":{"type":"LineString","coordinates":[[6.12834,46.19482],[6.12837,46.19496],[6.12837,46.19505],[6.12837,46.19518],[6.12835,46.19547],[6.12835,46.19553]]}},{"type":"Feature","properties":{"kind":"street","rank":"major"},"geometry":{"type":"LineString","coordinates":[[6.1762,46.21568],[6.17636,46.21585],[6.17651,46.21607]]}},{"type":"Feature","properties":{"kind":"street","rank":"major"},"geometry":{"type":"LineString","coordinates":[[6.1762,46.21568],[6.17609,46.21552],[6.17603,46.21543],[6.1759,46.21525],[6.17528,46.21438],[6.17515,46.2142]]}},{"type":"Feature","properties":{"kind":"street","rank":"minor"},"geometry":{"type":"LineString","coordinates":[[6.12498,46.18673],[6.12512,46.18672],[6.12561,46.18673]]}},{"type":"Feature","properties":{"kind":"street","rank":"major"},"geometry":{"type":"LineString","coordinates":[[6.12834,46.19426],[6.12835,46.19444],[6.12835,46.19454],[6.12834,46.19472],[6.12834,46.19482]]}},{"type":"Feature","properties":{"kind":"street","rank":"major"},"geometry":{"type":"LineString","coordinates":[[6.12826,46.18925],[6.12831,46.18969]]}},{"type":"Feature","properties":{"kind":"street","rank":"major"},"geometry":{"type":"LineString","coordinates":[[6.12873,46.19622],[6.12864,46.19628],[6.12844,46.19642],[6.12829,46.19652],[6.1282,46.1966],[6.12814,46.19669]]}},{"type":"Feature","properties":{"kind":"street","rank":"major"},"geometry":{"type":"LineString","coordinates":[[6.13435,46.19356],[6.13426,46.1935],[6.13417,46.19345],[6.13407,46.19343],[6.13396,46.1934],[6.13388,46.19334],[6.13386,46.19332]]}},{"type":"Feature","properties":{"kind":"street","rank":"major"},"geometry":{"type":"LineString","coordinates":[[6.13386,46.19332],[6.13396,46.19324],[6.13416,46.19308],[6.13441,46.19287],[6.13456,46.19273]]}},{"type":"Feature","properties":{"kind":"street","rank":"major"},"geometry":{"type":"LineString","coordinates":[[6.13299,46.19382],[6.13346,46.19356],[6.13356,46.19351]]}},{"type":"Feature","properties":{"kind":"street","rank":"minor"},"geometry":{"type":"LineString","coordinates":[[6.1268,46.18736],[6.12683,46.18689]]}},{"type":"Feature","properties":{"kind":"street","rank":"minor"},"geometry":{"type":"LineString","coordinates":[[6.12567,46.18733],[6.12568,46.18721],[6.12567,46.18703],[6.12566,46.18684],[6.12566,46.18673]]}},{"type":"Feature","properties":{"kind":"street","rank":"major"},"geometry":{"type":"LineString","coordinates":[[6.16743,46.19895],[6.16742,46.1991],[6.16739,46.19929],[6.16739,46.19937]]}},{"type":"Feature","properties":{"kind":"street","rank":"major"},"geometry":{"type":"LineString","coordinates":[[6.15214,46.19445],[6.15254,46.19428],[6.15282,46.19417]]}},{"type":"Feature","properties":{"kind":"street","rank":"minor"},"geometry":{"type":"LineString","coordinates":[[6.12784,46.18693],[6.12748,46.18691],[6.12683,46.18689],[6.12612,46.18687],[6.126,46.18678],[6.12582,46.18675],[6.12566,46.18673],[6.12561,46.18673]]}},{"type":"Feature","properties":{"kind":"street","rank":"minor"},"geometry":{"type":"LineString","coordinates":[[6.14877,46.21251],[6.14866,46.21255],[6.14783,46.21282],[6.1477,46.21286],[6.14744,46.21295],[6.14736,46.21298]]}},{"type":"Feature","properties":{"kind":"street","rank":"minor"},"geometry":{"type":"LineString","coordinates":[[6.13798,46.20771],[6.13722,46.20706],[6.13716,46.20704]]}},{"type":"Feature","properties":{"kind":"street","rank":"major"},"geometry":{"type":"LineString","coordinates":[[6.14214,46.19816],[6.14216,46.19836],[6.14218,46.19868],[6.14216,46.19878],[6.14193,46.19912],[6.14187,46.19917]]}},{"type":"Feature","properties":{"kind":"street","rank":"major"},"geometry":{"type":"LineString","coordinates":[[6.13995,46.20431],[6.13979,46.20532],[6.13975,46.20559]]}},{"type":"Feature","properties":{"kind":"street","rank":"minor"},"geometry":{"type":"LineString","coordinates":[[6.13487,46.21115],[6.13431,46.21081]]}},{"type":"Feature","properties":{"kind":"street","rank":"major"},"geometry":{"type":"LineString","coordinates":[[6.14043,46.20938],[6.14014,46.20902],[6.14003,46.20889]]}},{"type":"Feature","properties":{"kind":"street","rank":"major"},"geometry":{"type":"LineString","coordinates":[[6.14512,46.22011],[6.14521,46.22008],[6.1453,46.22005],[6.14566,46.21997],[6.1459,46.21992],[6.14603,46.21991],[6.14617,46.21989],[6.14637,46.21984],[6.14679,46.21973],[6.14712,46.21962],[6.14728,46.21955],[6.14743,46.21949],[6.14745,46.21948]]}},{"type":"Feature","properties":{"kind":"street","rank":"major"},"geometry":{"type":"LineString","coordinates":[[6.13258,46.21776],[6.13219,46.21745],[6.13208,46.21736],[6.13179,46.21711],[6.13171,46.21704]]}},{"type":"Feature","properties":{"kind":"street","rank":"major"},"geometry":{"type":"LineString","coordinates":[[6.13378,46.2149],[6.13389,46.21486],[6.13411,46.21478],[6.13422,46.21475],[6.13442,46.21471]]}},{"type":"Feature","properties":{"kind":"street","rank":"minor"},"geometry":{"type":"LineString","coordinates":[[6.13352,46.21487],[6.13315,46.21452]]}},{"type":"Feature","properties":{"kind":"street","rank":"minor"},"geometry":{"type":"LineString","coordinates":[[6.13329,46.21444],[6.1337,46.21481]]}},{"type":"Feature","properties":{"kind":"street","rank":"major"},"geometry":{"type":"LineString","coordinates":[[6.14041,46.21158],[6.14056,46.21157],[6.14074,46.21154],[6.14087,46.2115],[6.14103,46.21146]]}},{"type":"Feature","properties":{"kind":"street","rank":"major"},"geometry":{"type":"LineString","coordinates":[[6.13875,46.20923],[6.13811,46.20907],[6.13798,46.20904],[6.13796,46.20904]]}},{"type":"Feature","properties":{"kind":"street","rank":"minor"},"geometry":{"type":"LineString","coordinates":[[6.15101,46.21665],[6.1509,46.21655],[6.1507,46.21619],[6.15055,46.21595]]}},{"type":"Feature","properties":{"kind":"street","rank":"minor"},"geometry":{"type":"LineString","coordinates":[[6.15229,46.21263],[6.15199,46.21235],[6.15192,46.21229]]}},{"type":"Feature","properties":{"kind":"street","rank":"major"},"geometry":{"type":"LineString","coordinates":[[6.1503,46.20925],[6.15072,46.20962]]}},{"type":"Feature","properties":{"kind":"street","rank":"major"},"geometry":{"type":"LineString","coordinates":[[6.15072,46.20962],[6.15155,46.21038]]}},{"type":"Feature","properties":{"kind":"street","rank":"minor"},"geometry":{"type":"LineString","coordinates":[[6.1501,46.20995],[6.15056,46.20971],[6.15072,46.20962]]}},{"type":"Feature","properties":{"kind":"street","rank":"minor"},"geometry":{"type":"LineString","coordinates":[[6.14691,46.21102],[6.14755,46.21082],[6.1481,46.21065]]}},{"type":"Feature","properties":{"kind":"street","rank":"minor"},"geometry":{"type":"LineString","coordinates":[[6.13442,46.21987],[6.1347,46.21958],[6.13478,46.21949]]}},{"type":"Feature","properties":{"kind":"street","rank":"minor"},"geometry":{"type":"LineString","coordinates":[[6.14697,46.21169],[6.14774,46.21144]]}},{"type":"Feature","properties":{"kind":"street","rank":"major"},"geometry":{"type":"LineString","coordinates":[[6.133,46.20549],[6.13318,46.20551],[6.1336,46.20556],[6.13369,46.20557]]}},{"type":"Feature","properties":{"kind":"street","rank":"major"},"geometry":{"type":"LineString","coordinates":[[6.15018,46.19409],[6.15027,46.19401],[6.1504,46.19385],[6.15048,46.19373]]}},{"type":"Feature","properties":{"kind":"street","rank":"major"},"geometry":{"type":"LineString","coordinates":[[6.14851,46.19519],[6.14841,46.19528],[6.14784,46.19573]]}},{"type":"Feature","properties":{"kind":"street","rank":"major"},"geometry":{"type":"LineString","coordinates":[[6.15698,46.19715],[6.15728,46.19751],[6.15733,46.19758]]}},{"type":"Feature","properties":{"kind":"street","rank":"minor"},"geometry":{"type":"LineString","coordinates":[[6.1641,46.2005],[6.16408,46.20038],[6.16385,46.20024],[6.16367,46.20014]]}},{"type":"Feature","properties":{"kind":"street","rank":"minor"},"geometry":{"type":"LineString","coordinates":[[6.1673,46.20011],[6.1673,46.20023],[6.1673,46.20034],[6.16729,46.20067]]}},{"type":"Feature","properties":{"kind":"street","rank":"minor"},"geometry":{"type":"LineString","coordinates":[[6.14301,46.20233],[6.14307,46.20217],[6.14325,46.20169]]}},{"type":"Feature","properties":{"kind":"street","rank":"minor"},"geometry":{"type":"LineString","coordinates":[[6.15487,46.19318],[6.15498,46.19328],[6.15511,46.19337],[6.15549,46.19366],[6.15598,46.19403],[6.1561,46.19412]]}},{"type":"Feature","properties":{"kind":"street","rank":"major"},"geometry":{"type":"LineString","coordinates":[[6.14682,46.19253],[6.14669,46.19232],[6.14649,46.19198],[6.14643,46.19189]]}},{"type":"Feature","properties":{"kind":"street","rank":"minor"},"geometry":{"type":"LineString","coordinates":[[6.14692,46.19195],[6.14687,46.19186],[6.1472,46.19176],[6.14768,46.19162],[6.14773,46.19171],[6.14727,46.19185],[6.14692,46.19195]]}},{"type":"Feature","properties":{"kind":"street","rank":"minor"},"geometry":{"type":"LineString","coordinates":[[6.14672,46.1918],[6.14701,46.19171],[6.14782,46.19147],[6.14817,46.19138]]}},{"type":"Feature","properties":{"kind":"street","rank":"minor"},"geometry":{"type":"LineString","coordinates":[[6.16004,46.19375],[6.16007,46.19362],[6.16021,46.19312],[6.16028,46.19286]]}},{"type":"Feature","properties":{"kind":"street","rank":"minor"},"geometry":{"type":"LineString","coordinates":[[6.14892,46.20332],[6.14912,46.20376],[6.14914,46.20381]]}},{"type":"Feature","properties":{"kind":"street","rank":"minor"},"geometry":{"type":"LineString","coordinates":[[6.14892,46.20332],[6.14868,46.2028]]}},{"type":"Feature","properties":{"kind":"street","rank":"major"},"geometry":{"type":"LineString","coordinates":[[6.1522,46.20203],[6.15252,46.2028]]}},{"type":"Feature","properties":{"kind":"street","rank":"major"},"geometry":{"type":"LineString","coordinates":[[6.13561,46.22014],[6.1354,46.21997],[6.13486,46.21955]]}},{"type":"Feature","properties":{"kind":"street","rank":"minor"},"geometry":{"type":"LineString","coordinates":[[6.12987,46.21208],[6.13003,46.21199],[6.1303,46.21178],[6.13041,46.2117],[6.13065,46.21153],[6.13076,46.21145],[6.13129,46.21105],[6.1314,46.21097],[6.13146,46.21093]]}},{"type":"Feature","properties":{"kind":"street","rank":"minor"},"geometry":{"type":"LineString","coordinates":[[6.13375,46.20961],[6.13388,46.20958],[6.13407,46.20952],[6.13433,46.20945],[6.13498,46.20924],[6.1351,46.20922]]}},{"type":"Feature","properties":{"kind":"street","rank":"minor"},"geometry":{"type":"LineString","coordinates":[[6.13292,46.20987],[6.13301,46.20982],[6.13327,46.20974],[6.13339,46.2097],[6.13375,46.20961]]}},{"type":"Feature","properties":{"kind":"street","rank":"major"},"geometry":{"type":"LineString","coordinates":[[6.13442,46.20845],[6.13375,46.2086]]}},{"type":"Feature","properties":{"kind":"street","rank":"major"},"geometry":{"type":"LineString","coordinates":[[6.13702,46.20793],[6.13762,46.20779],[6.13798,46.20771]]}},{"type":"Feature","properties":{"kind":"street","rank":"major"},"geometry":{"type":"LineString","coordinates":[[6.12459,46.20865],[6.12406,46.20876],[6.1235,46.20888],[6.12339,46.2089],[6.12328,46.20892]]}},{"type":"Feature","properties":{"kind":"street","rank":"major"},"geometry":{"type":"LineString","coordinates":[[6.13422,46.2031],[6.13516,46.20317]]}},{"type":"Feature","properties":{"kind":"street","rank":"minor"},"geometry":{"type":"LineString","coordinates":[[6.13517,46.20311],[6.13519,46.20299],[6.13523,46.20268],[6.13523,46.20246],[6.13486,46.20238],[6.13436,46.20232]]}},{"type":"Feature","properties":{"kind":"street","rank":"minor"},"geometry":{"type":"LineString","coordinates":[[6.1349,46.20235],[6.13443,46.20231],[6.13452,46.20195],[6.1349,46.20199],[6.1349,46.20235]]}},{"type":"Feature","properties":{"kind":"street","rank":"minor"},"geometry":{"type":"LineString","coordinates":[[6.13496,46.20132],[6.13495,46.20147],[6.1349,46.20199],[6.13452,46.20195],[6.13447,46.20195]]}},{"type":"Feature","properties":{"kind":"street","rank":"major"},"geometry":{"type":"LineString","coordinates":[[6.13636,46.20326],[6.13649,46.20328],[6.13673,46.2033],[6.13714,46.20333],[6.13729,46.20334]]}},{"type":"Feature","properties":{"kind":"street","rank":"minor"},"geometry":{"type":"LineString","coordinates":[[6.13429,46.20259],[6.13362,46.20251],[6.13367,46.20231],[6.13381,46.20188],[6.13414,46.20192]]}},{"type":"Feature","properties":{"kind":"street","rank":"major"},"geometry":{"type":"LineString","coordinates":[[6.17033,46.20503],[6.17065,46.20526],[6.17077,46.20533],[6.17089,46.20541],[6.17113,46.20555],[6.17134,46.20568],[6.17143,46.20572],[6.17153,46.20576]]}},{"type":"Feature","properties":{"kind":"street","rank":"minor"},"geometry":{"type":"LineString","coordinates":[[6.14556,46.19591],[6.14448,46.19599],[6.14439,46.19599]]}},{"type":"Feature","properties":{"kind":"street","rank":"minor"},"geometry":{"type":"LineString","coordinates":[[6.1479,46.19906],[6.14828,46.19946],[6.14833,46.19956]]}},{"type":"Feature","properties":{"kind":"street","rank":"minor"},"geometry":{"type":"LineString","coordinates":[[6.13932,46.21761],[6.14003,46.21775],[6.14053,46.21784]]}},{"type":"Feature","properties":{"kind":"street","rank":"major"},"geometry":{"type":"LineString","coordinates":[[6.15161,46.21579],[6.15153,46.21598],[6.15144,46.21617],[6.15137,46.21631]]}},{"type":"Feature","properties":{"kind":"street","rank":"minor"},"geometry":{"type":"LineString","coordinates":[[6.14931,46.19697],[6.14942,46.19691],[6.14978,46.19666],[6.14982,46.19663]]}},{"type":"Feature","properties":{"kind":"street","rank":"major"},"geometry":{"type":"LineString","coordinates":[[6.14055,46.20645],[6.14109,46.20617]]}},{"type":"Feature","properties":{"kind":"street","rank":"major"},"geometry":{"type":"LineString","coordinates":[[6.14487,46.20092],[6.1464,46.20019]]}},{"type":"Feature","properties":{"kind":"street","rank":"minor"},"geometry":{"type":"LineString","coordinates":[[6.1614,46.20273],[6.16236,46.2032],[6.16244,46.20324]]}},{"type":"Feature","properties":{"kind":"street","rank":"major"},"geometry":{"type":"LineString","coordinates":[[6.15079,46.1982],[6.15048,46.19799],[6.15026,46.19783]]}},{"type":"Feature","properties":{"kind":"street","rank":"minor"},"geometry":{"type":"LineString","coordinates":[[6.17514,46.19316],[6.17575,46.19226]]}},{"type":"Feature","properties":{"kind":"street","rank":"minor"},"geometry":{"type":"LineString","coordinates":[[6.1351,46.18914],[6.13453,46.18887]]}},{"type":"Feature","properties":{"kind":"street","rank":"major"},"geometry":{"type":"LineString","coordinates":[[6.16324,46.1988],[6.16333,46.19873],[6.16358,46.19856],[6.1638,46.1984],[6.16391,46.19832]]}},{"type":"Feature","properties":{"kind":"street","rank":"minor"},"geometry":{"type":"LineString","coordinates":[[6.16336,46.19091],[6.163,46.19117],[6.16287,46.19125]]}},{"type":"Feature","properties":{"kind":"street","rank":"major"},"geometry":{"type":"LineString","coordinates":[[6.16517,46.19393],[6.16532,46.19462]]}},{"type":"Feature","properties":{"kind":"street","rank":"major"},"geometry":{"type":"LineString","coordinates":[[6.16234,46.20691],[6.16224,46.20684],[6.16199,46.20666],[6.16189,46.20659]]}},{"type":"Feature","properties":{"kind":"street","rank":"major"},"geometry":{"type":"LineString","coordinates":[[6.14793,46.21709],[6.14787,46.21691],[6.14781,46.21677],[6.14775,46.21662],[6.14771,46.21653]]}},{"type":"Feature","properties":{"kind":"street","rank":"minor"},"geometry":{"type":"LineString","coordinates":[[6.14831,46.21517],[6.14777,46.2154]]}},{"type":"Feature","properties":{"kind":"street","rank":"minor"},"geometry":{"type":"LineString","coordinates":[[6.1431,46.21026],[6.14293,46.21011],[6.14284,46.21002],[6.14267,46.20988],[6.14244,46.20969]]}},{"type":"Feature","properties":{"kind":"street","rank":"major"},"geometry":{"type":"LineString","coordinates":[[6.14499,46.21251],[6.14491,46.21236],[6.14475,46.21208],[6.14463,46.21184],[6.14461,46.2118]]}},{"type":"Feature","properties":{"kind":"street","rank":"major"},"geometry":{"type":"LineString","coordinates":[[6.14714,46.21567],[6.1467,46.21507],[6.14646,46.21474],[6.14632,46.21454],[6.14623,46.21442]]}},{"type":"Feature","properties":{"kind":"street","rank":"minor"},"geometry":{"type":"LineString","coordinates":[[6.16017,46.20214],[6.16074,46.20242],[6.16082,46.20246]]}},{"type":"Feature","properties":{"kind":"street","rank":"minor"},"geometry":{"type":"LineString","coordinates":[[6.16172,46.20158],[6.16162,46.20167],[6.16108,46.20219],[6.16088,46.2024],[6.16076,46.20252],[6.16048,46.20278],[6.16016,46.20311],[6.1601,46.20317]]}},{"type":"Feature","properties":{"kind":"street","rank":"minor"},"geometry":{"type":"LineString","coordinates":[[6.1584,46.20481],[6.15792,46.20527]]}},{"type":"Feature","properties":{"kind":"street","rank":"minor"},"geometry":{"type":"LineString","coordinates":[[6.15888,46.20436],[6.15878,46.20445],[6.15844,46.20477],[6.1584,46.20481]]}},{"type":"Feature","properties":{"kind":"street","rank":"major"},"geometry":{"type":"LineString","coordinates":[[6.14203,46.19743],[6.14199,46.19672],[6.14198,46.19657]]}},{"type":"Feature","properties":{"kind":"street","rank":"minor"},"geometry":{"type":"LineString","coordinates":[[6.17593,46.20032],[6.1756,46.20048],[6.17554,46.2006],[6.1753,46.20072],[6.17526,46.20073]]}},{"type":"Feature","properties":{"kind":"street","rank":"minor"},"geometry":{"type":"LineString","coordinates":[[6.14092,46.19239],[6.14188,46.19263]]}},{"type":"Feature","properties":{"kind":"street","rank":"minor"},"geometry":{"type":"LineString","coordinates":[[6.15365,46.19351],[6.1535,46.19335],[6.1534,46.19325],[6.1532,46.19306],[6.15311,46.19297],[6.15302,46.19287]]}},{"type":"Feature","properties":{"kind":"street","rank":"major"},"geometry":{"type":"LineString","coordinates":[[6.14892,46.19489],[6.14872,46.19503],[6.14851,46.19519]]}},{"type":"Feature","properties":{"kind":"street","rank":"major"},"geometry":{"type":"LineString","coordinates":[[6.14343,46.20095],[6.14367,46.20116],[6.14376,46.20124],[6.14379,46.20127]]}},{"type":"Feature","properties":{"kind":"street","rank":"minor"},"geometry":{"type":"LineString","coordinates":[[6.14631,46.20702],[6.14586,46.20732],[6.14583,46.20734]]}},{"type":"Feature","properties":{"kind":"street","rank":"minor"},"geometry":{"type":"LineString","coordinates":[[6.16318,46.19946],[6.16302,46.19951],[6.16266,46.19963],[6.16254,46.1997],[6.16246,46.19978],[6.16243,46.19991],[6.16242,46.19995]]}},{"type":"Feature","properties":{"kind":"street","rank":"major"},"geometry":{"type":"LineString","coordinates":[[6.15059,46.20416],[6.15029,46.20441],[6.15009,46.20461],[6.14994,46.20475],[6.14976,46.20486]]}},{"type":"Feature","properties":{"kind":"street","rank":"major"},"geometry":{"type":"LineString","coordinates":[[6.15062,46.20391],[6.15082,46.20386],[6.15105,46.20381],[6.15141,46.20377]]}},{"type":"Feature","properties":{"kind":"street","rank":"minor"},"geometry":{"type":"LineString","coordinates":[[6.14667,46.18744],[6.14616,46.18799],[6.14607,46.18808],[6.14584,46.18831],[6.14578,46.18838]]}},{"type":"Feature","properties":{"kind":"street","rank":"minor"},"geometry":{"type":"LineString","coordinates":[[6.14531,46.18771],[6.14519,46.1874],[6.14514,46.18726],[6.14511,46.18719]]}},{"type":"Feature","properties":{"kind":"street","rank":"major"},"geometry":{"type":"LineString","coordinates":[[6.15316,46.19187],[6.1532,46.19198],[6.15336,46.19234]]}},{"type":"Feature","properties":{"kind":"street","rank":"major"},"geometry":{"type":"LineString","coordinates":[[6.15336,46.19234],[6.15341,46.19246],[6.15348,46.19258],[6.15362,46.19275]]}},{"type":"Feature","properties":{"kind":"street","rank":"minor"},"geometry":{"type":"LineString","coordinates":[[6.1506,46.19299],[6.15061,46.1929],[6.15055,46.19276],[6.1505,46.19265],[6.15044,46.19251],[6.15041,46.19241],[6.15039,46.19229],[6.15031,46.19176],[6.1503,46.1916],[6.15029,46.19145],[6.15029,46.19135],[6.15029,46.19123],[6.15041,46.19061],[6.15043,46.19048],[6.15043,46.19042]]}},{"type":"Feature","properties":{"kind":"street","rank":"minor"},"geometry":{"type":"LineString","coordinates":[[6.13499,46.21599],[6.13491,46.2159],[6.13542,46.21564],[6.13562,46.21555],[6.13499,46.21599]]}},{"type":"Feature","properties":{"kind":"street","rank":"major"},"geometry":{"type":"LineString","coordinates":[[6.14255,46.18825],[6.14261,46.18815],[6.14269,46.18805],[6.14279,46.18795],[6.14289,46.18787],[6.14299,46.1878],[6.14311,46.18773],[6.14322,46.18768],[6.14336,46.18761],[6.14352,46.18755],[6.1438,46.18746],[6.14403,46.18739],[6.1441,46.18737]]}},{"type":"Feature","properties":{"kind":"street","rank":"minor"},"geometry":{"type":"LineString","coordinates":[[6.12596,46.20117],[6.12586,46.20116],[6.12546,46.20114],[6.12537,46.20114]]}},{"type":"Feature","properties":{"kind":"street","rank":"minor"},"geometry":{"type":"LineString","coordinates":[[6.14192,46.2056],[6.14204,46.20558],[6.14231,46.2056],[6.14239,46.2056],[6.14249,46.20559],[6.14253,46.20558]]}},{"type":"Feature","properties":{"kind":"street","rank":"major"},"geometry":{"type":"LineString","coordinates":[[6.13411,46.21166],[6.13331,46.21201],[6.13324,46.21205]]}},{"type":"Feature","properties":{"kind":"street","rank":"minor"},"geometry":{"type":"LineString","coordinates":[[6.13281,46.21346],[6.13328,46.21385]]}},{"type":"Feature","properties":{"kind":"street","rank":"minor"},"geometry":{"type":"LineString","coordinates":[[6.16571,46.20176],[6.16615,46.20138],[6.16637,46.2015],[6.1666,46.20163],[6.16616,46.202],[6.1659,46.20186],[6.16571,46.20176]]}},{"type":"Feature","properties":{"kind":"street","rank":"minor"},"geometry":{"type":"LineString","coordinates":[[6.16781,46.20166],[6.16762,46.20156],[6.16709,46.20126],[6.16704,46.20122]]}},{"type":"Feature","properties":{"kind":"street","rank":"minor"},"geometry":{"type":"LineString","coordinates":[[6.14054,46.20976],[6.13996,46.21007],[6.13994,46.21011]]}},{"type":"Feature","properties":{"kind":"street","rank":"major"},"geometry":{"type":"LineString","coordinates":[[6.14107,46.19994],[6.14081,46.19994],[6.14036,46.19994],[6.13989,46.19994]]}},{"type":"Feature","properties":{"kind":"street","rank":"major"},"geometry":{"type":"LineString","coordinates":[[6.13944,46.19897],[6.1393,46.19856]]}},{"type":"Feature","properties":{"kind":"street","rank":"minor"},"geometry":{"type":"LineString","coordinates":[[6.13818,46.1915],[6.13802,46.19136],[6.13782,46.19125],[6.13777,46.19112],[6.13752,46.19079]]}},{"type":"Feature","properties":{"kind":"street","rank":"minor"},"geometry":{"type":"LineString","coordinates":[[6.13938,46.21006],[6.139,46.20992],[6.1389,46.20988],[6.13877,46.20973],[6.13874,46.2097]]}},{"type":"Feature","properties":{"kind":"street","rank":"minor"},"geometry":{"type":"LineString","coordinates":[[6.12486,46.21192],[6.12451,46.21152]]}},{"type":"Feature","properties":{"kind":"street","rank":"minor"},"geometry":{"type":"LineString","coordinates":[[6.13251,46.21896],[6.13163,46.21952]]}},{"type":"Feature","properties":{"kind":"street","rank":"major"},"geometry":{"type":"LineString","coordinates":[[6.17643,46.21608],[6.17629,46.21588],[6.1762,46.21568]]}},{"type":"Feature","properties":{"kind":"street","rank":"major"},"geometry":{"type":"LineString","coordinates":[[6.13437,46.18697],[6.13463,46.18697],[6.13484,46.18696],[6.13498,46.18696]]}},{"type":"Feature","properties":{"kind":"street","rank":"major"},"geometry":{"type":"LineString","coordinates":[[6.15483,46.1947],[6.15492,46.19479],[6.15542,46.19534]]}},{"type":"Feature","properties":{"kind":"street","rank":"minor"},"geometry":{"type":"LineString","coordinates":[[6.14192,46.19564],[6.14201,46.19564],[6.14256,46.19561]]}},{"type":"Feature","properties":{"kind":"street","rank":"minor"},"geometry":{"type":"LineString","coordinates":[[6.17457,46.19703],[6.17484,46.19694],[6.17503,46.19688],[6.17514,46.19686]]}},{"type":"Feature","properties":{"kind":"street","rank":"minor"},"geometry":{"type":"LineString","coordinates":[[6.17371,46.19731],[6.17457,46.19703]]}},{"type":"Feature","properties":{"kind":"street","rank":"minor"},"geometry":{"type":"LineString","coordinates":[[6.13569,46.21241],[6.13593,46.21267],[6.136,46.21275],[6.13601,46.21279]]}},{"type":"Feature","properties":{"kind":"street","rank":"minor"},"geometry":{"type":"LineString","coordinates":[[6.13718,46.21123],[6.13687,46.21135],[6.13649,46.21151]]}},{"type":"Feature","properties":{"kind":"street","rank":"minor"},"geometry":{"type":"LineString","coordinates":[[6.13797,46.21096],[6.13751,46.2109],[6.13738,46.21091],[6.13726,46.21096]]}},{"type":"Feature","properties":{"kind":"street","rank":"major"},"geometry":{"type":"LineString","coordinates":[[6.1296,46.21363],[6.12972,46.21357],[6.13057,46.21316],[6.13059,46.21315]]}},{"type":"Feature","properties":{"kind":"street","rank":"major"},"geometry":{"type":"LineString","coordinates":[[6.13456,46.19273],[6.13471,46.19259],[6.135,46.19233],[6.13543,46.19191]]}},{"type":"Feature","properties":{"kind":"street","rank":"major"},"geometry":{"type":"LineString","coordinates":[[6.13741,46.19226],[6.13716,46.19214],[6.13689,46.19199]]}},{"type":"Feature","properties":{"kind":"street","rank":"minor"},"geometry":{"type":"LineString","coordinates":[[6.13003,46.20266],[6.13088,46.20265]]}},{"type":"Feature","properties":{"kind":"street","rank":"minor"},"geometry":{"type":"LineString","coordinates":[[6.12996,46.20266],[6.12939,46.20267],[6.12907,46.20268],[6.12877,46.20265],[6.12855,46.20263]]}},{"type":"Feature","properties":{"kind":"street","rank":"major"},"geometry":{"type":"LineString","coordinates":[[6.12691,46.19463],[6.127,46.19464],[6.12748,46.19475],[6.12766,46.19478]]}},{"type":"Feature","properties":{"kind":"street","rank":"minor"},"geometry":{"type":"LineString","coordinates":[[6.12417,46.18729],[6.12444,46.18729],[6.12459,46.1873],[6.12466,46.18689],[6.12495,46.18685],[6.12498,46.18673],[6.12488,46.18668],[6.12468,46.18668],[6.12463,46.18653],[6.12464,46.18644],[6.12464,46.18632],[6.12465,46.18615],[6.12471,46.18585],[6.12451,46.18584],[6.12442,46.18584],[6.12433,46.18584],[6.12432,46.18593],[6.12424,46.18601],[6.12424,46.18615],[6.1242,46.18679],[6.12419,46.18693],[6.12418,46.18719],[6.12417,46.18729]]}},{"type":"Feature","properties":{"kind":"street","rank":"minor"},"geometry":{"type":"LineString","coordinates":[[6.1391,46.19798],[6.13898,46.19796],[6.13824,46.19792]]}},{"type":"Feature","properties":{"kind":"street","rank":"minor"},"geometry":{"type":"LineString","coordinates":[[6.13403,46.21842],[6.13441,46.2182],[6.13453,46.21811],[6.13493,46.21789],[6.13507,46.21785]]}},{"type":"Feature","properties":{"kind":"street","rank":"minor"},"geometry":{"type":"LineString","coordinates":[[6.14289,46.20584],[6.14263,46.20623]]}},{"type":"Feature","properties":{"kind":"street","rank":"minor"},"geometry":{"type":"LineString","coordinates":[[6.12775,46.18686],[6.12779,46.18627]]}},{"type":"Feature","properties":{"kind":"street","rank":"minor"},"geometry":{"type":"LineString","coordinates":[[6.12567,46.18703],[6.126,46.18704],[6.1261,46.18691],[6.12612,46.18687]]}},{"type":"Feature","properties":{"kind":"street","rank":"minor"},"geometry":{"type":"LineString","coordinates":[[6.12947,46.19795],[6.12893,46.19824]]}},{"type":"Feature","properties":{"kind":"street","rank":"minor"},"geometry":{"type":"LineString","coordinates":[[6.12911,46.19839],[6.12961,46.19811],[6.12947,46.19795]]}},{"type":"Feature","properties":{"kind":"street","rank":"minor"},"geometry":{"type":"LineString","coordinates":[[6.12884,46.19775],[6.12902,46.19758],[6.12915,46.19764],[6.12898,46.19778],[6.12889,46.19778],[6.12884,46.19775]]}},{"type":"Feature","properties":{"kind":"street","rank":"minor"},"geometry":{"type":"LineString","coordinates":[[6.13032,46.19714],[6.13022,46.19719],[6.12962,46.19752],[6.12924,46.19766],[6.12916,46.19768]]}},{"type":"Feature","properties":{"kind":"street","rank":"minor"},"geometry":{"type":"LineString","coordinates":[[6.13338,46.19988],[6.13311,46.20003],[6.1331,46.20014],[6.13314,46.20022]]}},{"type":"Feature","properties":{"kind":"street","rank":"minor"},"geometry":{"type":"LineString","coordinates":[[6.13292,46.20987],[6.13287,46.20978],[6.13264,46.20938],[6.13249,46.20915]]}},{"type":"Feature","properties":{"kind":"street","rank":"minor"},"geometry":{"type":"LineString","coordinates":[[6.13399,46.21405],[6.13474,46.21363],[6.13485,46.21357]]}},{"type":"Feature","properties":{"kind":"street","rank":"minor"},"geometry":{"type":"LineString","coordinates":[[6.14309,46.20696],[6.14335,46.20676],[6.14333,46.20666],[6.14325,46.20666]]}},{"type":"Feature","properties":{"kind":"street","rank":"major"},"geometry":{"type":"LineString","coordinates":[[6.1493,46.20528],[6.14801,46.20663]]}},{"type":"Feature","properties":{"kind":"street","rank":"major"},"geometry":{"type":"LineString","coordinates":[[6.17488,46.21385],[6.17459,46.21348]]}},{"type":"Feature","properties":{"kind":"street","rank":"major"},"geometry":{"type":"LineString","coordinates":[[6.15262,46.2121],[6.15271,46.21175],[6.15273,46.21169]]}},{"type":"Feature","properties":{"kind":"street","rank":"major"},"geometry":{"type":"LineString","coordinates":[[6.13503,46.19093],[6.1352,46.191],[6.13565,46.19123]]}},{"type":"Feature","properties":{"kind":"street","rank":"major"},"geometry":{"type":"LineString","coordinates":[[6.13666,46.19177],[6.13748,46.19219]]}},{"type":"Feature","properties":{"kind":"street","rank":"major"},"geometry":{"type":"LineString","coordinates":[[6.13455,46.19068],[6.13484,46.19083],[6.13492,46.19088],[6.13503,46.19093]]}},{"type":"Feature","properties":{"kind":"street","rank":"major"},"geometry":{"type":"LineString","coordinates":[[6.14066,46.1942],[6.14053,46.19411],[6.14045,46.19406],[6.14022,46.19389],[6.14013,46.19381]]}},{"type":"Feature","properties":{"kind":"street","rank":"major"},"geometry":{"type":"LineString","coordinates":[[6.13901,46.19291],[6.13909,46.19297],[6.13919,46.19303],[6.13977,46.19335]]}},{"type":"Feature","properties":{"kind":"street","rank":"major"},"geometry":{"type":"LineString","coordinates":[[6.14011,46.1936],[6.14023,46.19372],[6.14046,46.19395],[6.14066,46.1942]]}},{"type":"Feature","properties":{"kind":"street","rank":"major"},"geometry":{"type":"LineString","coordinates":[[6.13986,46.2041],[6.13991,46.20373],[6.13992,46.20362],[6.13994,46.20354]]}},{"type":"Feature","properties":{"kind":"street","rank":"major"},"geometry":{"type":"LineString","coordinates":[[6.14842,46.21832],[6.1483,46.21811],[6.1482,46.2179],[6.14813,46.21772],[6.14802,46.21743]]}},{"type":"Feature","properties":{"kind":"street","rank":"major"},"geometry":{"type":"LineString","coordinates":[[6.14849,46.21915],[6.148,46.21936],[6.14766,46.21951],[6.1475,46.21957],[6.14736,46.21963]]}},{"type":"Feature","properties":{"kind":"street","rank":"major"},"geometry":{"type":"LineString","coordinates":[[6.14736,46.21963],[6.14727,46.21967],[6.14711,46.21972],[6.14688,46.21979],[6.14659,46.21987],[6.14631,46.21995],[6.14616,46.21998],[6.14601,46.22003],[6.14535,46.22017],[6.14516,46.2202]]}},{"type":"Feature","properties":{"kind":"street","rank":"major"},"geometry":{"type":"LineString","coordinates":[[6.14745,46.21948],[6.1479,46.2193],[6.14806,46.21923]]}},{"type":"Feature","properties":{"kind":"street","rank":"major"},"geometry":{"type":"LineString","coordinates":[[6.14438,46.21123],[6.14443,46.21133],[6.14458,46.21159],[6.14466,46.21173]]}},{"type":"Feature","properties":{"kind":"street","rank":"major"},"geometry":{"type":"LineString","coordinates":[[6.14573,46.21354],[6.14593,46.21384],[6.14622,46.21427],[6.1463,46.21439]]}},{"type":"Feature","properties":{"kind":"street","rank":"major"},"geometry":{"type":"LineString","coordinates":[[6.14811,46.21729],[6.14827,46.21771],[6.14832,46.21785],[6.14847,46.21815],[6.14856,46.21829],[6.14866,46.21843],[6.14875,46.21856]]}},{"type":"Feature","properties":{"kind":"street","rank":"major"},"geometry":{"type":"LineString","coordinates":[[6.15504,46.20257],[6.155,46.20248],[6.15492,46.20227],[6.15486,46.20213],[6.15482,46.20205]]}},{"type":"Feature","properties":{"kind":"street","rank":"major"},"geometry":{"type":"LineString","coordinates":[[6.15213,46.19898],[6.15239,46.19915],[6.15275,46.19941]]}},{"type":"Feature","properties":{"kind":"street","rank":"major"},"geometry":{"type":"LineString","coordinates":[[6.1566,46.19879],[6.15654,46.19889],[6.15647,46.19905],[6.15633,46.19936],[6.15622,46.19958]]}},{"type":"Feature","properties":{"kind":"street","rank":"major"},"geometry":{"type":"LineString","coordinates":[[6.13198,46.1943],[6.13209,46.19425],[6.13232,46.19413],[6.13252,46.19403],[6.13268,46.19397],[6.1328,46.19393]]}},{"type":"Feature","properties":{"kind":"street","rank":"major"},"geometry":{"type":"LineString","coordinates":[[6.1328,46.19393],[6.13271,46.19399],[6.13262,46.19404],[6.13221,46.19428],[6.13209,46.19435],[6.13203,46.19438]]}},{"type":"Feature","properties":{"kind":"street","rank":"major"},"geometry":{"type":"LineString","coordinates":[[6.16013,46.18873],[6.16056,46.18923],[6.16074,46.18942],[6.16092,46.18958],[6.16113,46.18976],[6.16122,46.18983],[6.1614,46.18997]]}},{"type":"Feature","properties":{"kind":"street","rank":"major"},"geometry":{"type":"LineString","coordinates":[[6.13059,46.21315],[6.13073,46.2131],[6.13084,46.21305],[6.13102,46.21297],[6.13113,46.21291]]}},{"type":"Feature","properties":{"kind":"street","rank":"major"},"geometry":{"type":"LineString","coordinates":[[6.13123,46.21299],[6.13094,46.21313],[6.13085,46.21317],[6.13077,46.21323]]}},{"type":"Feature","properties":{"kind":"street","rank":"major"},"geometry":{"type":"LineString","coordinates":[[6.13188,46.21267],[6.13139,46.21291],[6.13123,46.21299]]}},{"type":"Feature","properties":{"kind":"street","rank":"major"},"geometry":{"type":"LineString","coordinates":[[6.13299,46.212],[6.13317,46.21191],[6.13396,46.21155],[6.134,46.21154]]}},{"type":"Feature","properties":{"kind":"street","rank":"major"},"geometry":{"type":"LineString","coordinates":[[6.13312,46.21209],[6.133,46.21213],[6.13209,46.21257],[6.13188,46.21267]]}},{"type":"Feature","properties":{"kind":"street","rank":"major"},"geometry":{"type":"LineString","coordinates":[[6.13629,46.21069],[6.13601,46.21081],[6.13589,46.21086],[6.13576,46.2109],[6.13567,46.21092],[6.13555,46.21095],[6.13546,46.21097]]}},{"type":"Feature","properties":{"kind":"street","rank":"major"},"geometry":{"type":"LineString","coordinates":[[6.134,46.21154],[6.13443,46.21134],[6.13456,46.21129],[6.13464,46.21125],[6.13479,46.21118],[6.13487,46.21115]]}},{"type":"Feature","properties":{"kind":"street","rank":"major"},"geometry":{"type":"LineString","coordinates":[[6.13673,46.21038],[6.13681,46.21035],[6.13722,46.21017],[6.13733,46.21013],[6.13752,46.21005],[6.13769,46.20998],[6.13857,46.20961]]}},{"type":"Feature","properties":{"kind":"street","rank":"major"},"geometry":{"type":"LineString","coordinates":[[6.13493,46.21112],[6.13506,46.21106],[6.13547,46.21089],[6.13567,46.21083],[6.13584,46.21077],[6.13595,46.21072],[6.13654,46.21046],[6.13673,46.21038]]}},{"type":"Feature","properties":{"kind":"street","rank":"major"},"geometry":{"type":"LineString","coordinates":[[6.13464,46.21133],[6.13441,46.21148],[6.13431,46.21155],[6.13423,46.2116],[6.13411,46.21166]]}},{"type":"Feature","properties":{"kind":"street","rank":"major"},"geometry":{"type":"LineString","coordinates":[[6.13063,46.21512],[6.13089,46.21555]]}},{"type":"Feature","properties":{"kind":"street","rank":"major"},"geometry":{"type":"LineString","coordinates":[[6.14506,46.21001],[6.14477,46.21017],[6.14457,46.21027]]}},{"type":"Feature","properties":{"kind":"street","rank":"major"},"geometry":{"type":"LineString","coordinates":[[6.1477,46.21631],[6.14777,46.21642],[6.14781,46.2165],[6.14786,46.2166],[6.14792,46.21675],[6.14809,46.21719],[6.14811,46.21729]]}},{"type":"Feature","properties":{"kind":"street","rank":"major"},"geometry":{"type":"LineString","coordinates":[[6.1464,46.20019],[6.1469,46.19995],[6.14713,46.19983]]}},{"type":"Feature","properties":{"kind":"street","rank":"minor"},"geometry":{"type":"LineString","coordinates":[[6.15932,46.20173],[6.16017,46.20214]]}},{"type":"Feature","properties":{"kind":"street","rank":"minor"},"geometry":{"type":"LineString","coordinates":[[6.14223,46.1937],[6.14203,46.1944]]}},{"type":"Feature","properties":{"kind":"street","rank":"major"},"geometry":{"type":"LineString","coordinates":[[6.14137,46.18786],[6.14132,46.18795],[6.14126,46.18806],[6.14118,46.18822],[6.14114,46.1883]]}},{"type":"Feature","properties":{"kind":"street","rank":"major"},"geometry":{"type":"LineString","coordinates":[[6.14623,46.21442],[6.14617,46.21432],[6.14573,46.21369],[6.14571,46.21366]]}},{"type":"Feature","properties":{"kind":"street","rank":"major"},"geometry":{"type":"LineString","coordinates":[[6.14631,46.2144],[6.14652,46.21469],[6.14678,46.21504],[6.14715,46.21554],[6.14722,46.21564]]}},{"type":"Feature","properties":{"kind":"street","rank":"major"},"geometry":{"type":"LineString","coordinates":[[6.14571,46.21366],[6.14565,46.21357],[6.14556,46.21344],[6.14547,46.21331],[6.14529,46.21304],[6.14524,46.21295]]}},{"type":"Feature","properties":{"kind":"street","rank":"major"},"geometry":{"type":"LineString","coordinates":[[6.14526,46.21283],[6.14539,46.21301],[6.14556,46.21327],[6.14563,46.21338],[6.14568,46.21346]]}},{"type":"Feature","properties":{"kind":"street","rank":"major"},"geometry":{"type":"LineString","coordinates":[[6.14416,46.21084],[6.14438,46.21123]]}},{"type":"Feature","properties":{"kind":"street","rank":"major"},"geometry":{"type":"LineString","coordinates":[[6.12656,46.19494],[6.1267,46.19512],[6.12676,46.19523],[6.1268,46.19535],[6.12684,46.19548],[6.12723,46.19673],[6.12728,46.19688],[6.12748,46.1975],[6.12753,46.19768],[6.12759,46.19785]]}},{"type":"Feature","properties":{"kind":"street","rank":"major"},"geometry":{"type":"LineString","coordinates":[[6.1278,46.19884],[6.12773,46.19865],[6.1273,46.19726],[6.12675,46.19549],[6.1267,46.19535],[6.12663,46.1952],[6.12654,46.19506],[6.12642,46.19493],[6.12628,46.19482],[6.12614,46.19472]]}},{"type":"Feature","properties":{"kind":"street","rank":"major"},"geometry":{"type":"LineString","coordinates":[[6.12763,46.19796],[6.12769,46.19813],[6.12781,46.19853]]}},{"type":"Feature","properties":{"kind":"street","rank":"major"},"geometry":{"type":"LineString","coordinates":[[6.12503,46.19422],[6.12517,46.19427],[6.12585,46.1945],[6.12596,46.19455],[6.12607,46.1946],[6.12619,46.19465],[6.1263,46.19472],[6.12642,46.19481],[6.1265,46.19488],[6.12656,46.19494]]}},{"type":"Feature","properties":{"kind":"street","rank":"major"},"geometry":{"type":"LineString","coordinates":[[6.16341,46.20757],[6.16327,46.20748],[6.16319,46.20743],[6.16293,46.20727]]}},{"type":"Feature","properties":{"kind":"street","rank":"major"},"geometry":{"type":"LineString","coordinates":[[6.16184,46.20654],[6.16156,46.20631],[6.1614,46.20617],[6.16137,46.20614]]}},{"type":"Feature","properties":{"kind":"street","rank":"major"},"geometry":{"type":"LineString","coordinates":[[6.15826,46.20401],[6.15807,46.20391],[6.15795,46.20385],[6.15781,46.20376],[6.15769,46.20366],[6.15756,46.20351],[6.1575,46.20343],[6.15745,46.20338]]}},{"type":"Feature","properties":{"kind":"street","rank":"minor"},"geometry":{"type":"LineString","coordinates":[[6.14296,46.20378],[6.14312,46.20382],[6.14331,46.20385],[6.14355,46.20389],[6.14362,46.20389]]}},{"type":"Feature","properties":{"kind":"street","rank":"minor"},"geometry":{"type":"LineString","coordinates":[[6.13831,46.21214],[6.13838,46.21223],[6.13848,46.21235],[6.1387,46.21261]]}},{"type":"Feature","properties":{"kind":"street","rank":"minor"},"geometry":{"type":"LineString","coordinates":[[6.12464,46.19342],[6.12458,46.19352],[6.12453,46.19361],[6.12444,46.1937],[6.1243,46.19376],[6.12418,46.19374],[6.12406,46.19375]]}},{"type":"Feature","properties":{"kind":"street","rank":"minor"},"geometry":{"type":"LineString","coordinates":[[6.13479,46.19264],[6.13488,46.19268],[6.13515,46.19282],[6.13598,46.19323],[6.1363,46.19339]]}},{"type":"Feature","properties":{"kind":"street","rank":"minor"},"geometry":{"type":"LineString","coordinates":[[6.16246,46.19768],[6.16214,46.19727],[6.16207,46.19718]]}},{"type":"Feature","properties":{"kind":"street","rank":"minor"},"geometry":{"type":"LineString","coordinates":[[6.16275,46.19804],[6.16246,46.19768]]}},{"type":"Feature","properties":{"kind":"street","rank":"minor"},"geometry":{"type":"LineString","coordinates":[[6.14289,46.18837],[6.14301,46.18861],[6.14306,46.18871],[6.14319,46.1891]]}},{"type":"Feature","properties":{"kind":"street","rank":"minor"},"geometry":{"type":"LineString","coordinates":[[6.14824,46.19077],[6.14883,46.19074],[6.14889,46.19073]]}},{"type":"Feature","properties":{"kind":"street","rank":"minor"},"geometry":{"type":"LineString","coordinates":[[6.15129,46.20307],[6.15077,46.20238]]}},{"type":"Feature","properties":{"kind":"street","rank":"minor"},"geometry":{"type":"LineString","coordinates":[[6.15098,46.20318],[6.15048,46.20246]]}},{"type":"Feature","properties":{"kind":"street","rank":"minor"},"geometry":{"type":"LineString","coordinates":[[6.15163,46.20264],[6.15132,46.20221]]}},{"type":"Feature","properties":{"kind":"street","rank":"minor"},"geometry":{"type":"LineString","coordinates":[[6.12988,46.19092],[6.12988,46.18948]]}},{"type":"Feature","properties":{"kind":"street","rank":"minor"},"geometry":{"type":"LineString","coordinates":[[6.12958,46.18941],[6.12968,46.18933],[6.12982,46.18924],[6.1299,46.18927],[6.12994,46.18936],[6.12992,46.1895],[6.12977,46.18942],[6.12962,46.18943],[6.12958,46.18941]]}},{"type":"Feature","properties":{"kind":"street","rank":"minor"},"geometry":{"type":"LineString","coordinates":[[6.14325,46.18673],[6.14271,46.18685],[6.14237,46.18699],[6.14228,46.18698]]}},{"type":"Feature","properties":{"kind":"street","rank":"minor"},"geometry":{"type":"LineString","coordinates":[[6.15144,46.21044],[6.15096,46.21069]]}},{"type":"Feature","properties":{"kind":"street","rank":"minor"},"geometry":{"type":"LineString","coordinates":[[6.14086,46.20115],[6.14154,46.20139],[6.14163,46.20142]]}},{"type":"Feature","properties":{"kind":"street","rank":"major"},"geometry":{"type":"LineString","coordinates":[[6.13138,46.20127],[6.13088,46.20126],[6.1305,46.20126],[6.13048,46.20126]]}},{"type":"Feature","properties":{"kind":"street","rank":"minor"},"geometry":{"type":"LineString","coordinates":[[6.12515,46.19373],[6.12497,46.19373],[6.12472,46.19372],[6.12455,46.19374],[6.12444,46.1937]]}},{"type":"Feature","properties":{"kind":"street","rank":"minor"},"geometry":{"type":"LineString","coordinates":[[6.14728,46.21044],[6.14669,46.21062],[6.1466,46.21065],[6.14637,46.21072],[6.14632,46.21074]]}},{"type":"Feature","properties":{"kind":"street","rank":"minor"},"geometry":{"type":"LineString","coordinates":[[6.14608,46.20981],[6.1464,46.21027],[6.14643,46.21032]]}},{"type":"Feature","properties":{"kind":"street","rank":"minor"},"geometry":{"type":"LineString","coordinates":[[6.13706,46.19267],[6.13629,46.19228],[6.13593,46.19209],[6.13562,46.19193],[6.13557,46.1919]]}},{"type":"Feature","properties":{"kind":"street","rank":"minor"},"geometry":{"type":"LineString","coordinates":[[6.13637,46.1935],[6.13662,46.19375],[6.13698,46.19409]]}},{"type":"Feature","properties":{"kind":"street","rank":"major"},"geometry":{"type":"LineString","coordinates":[[6.12847,46.18757],[6.1286,46.18761],[6.12878,46.1877],[6.1291,46.18788]]}},{"type":"Feature","properties":{"kind":"street","rank":"major"},"geometry":{"type":"LineString","coordinates":[[6.13179,46.18928],[6.13215,46.18946],[6.13231,46.18953]]}},{"type":"Feature","properties":{"kind":"street","rank":"minor"},"geometry":{"type":"LineString","coordinates":[[6.1363,46.19339],[6.13676,46.19296],[6.13706,46.19267]]}},{"type":"Feature","properties":{"kind":"street","rank":"minor"},"geometry":{"type":"LineString","coordinates":[[6.14424,46.19296],[6.1449,46.19303],[6.14503,46.19304]]}},{"type":"Feature","properties":{"kind":"street","rank":"minor"},"geometry":{"type":"LineString","coordinates":[[6.14377,46.19094],[6.14419,46.19082],[6.14432,46.19078]]}},{"type":"Feature","properties":{"kind":"street","rank":"major"},"geometry":{"type":"LineString","coordinates":[[6.13739,46.187],[6.1374,46.18689],[6.13741,46.18676],[6.13743,46.18653],[6.13744,46.18637],[6.13745,46.18622],[6.13748,46.18583],[6.13749,46.18574],[6.1375,46.18565],[6.13751,46.18562]]}},{"type":"Feature","properties":{"kind":"street","rank":"major"},"geometry":{"type":"LineString","coordinates":[[6.16137,46.20614],[6.16094,46.20577],[6.16083,46.20567]]}},{"type":"Feature","properties":{"kind":"water","name":"Le Léman"},"geometry":{"type":"Polygon","coordinates":[[[6.1765,46.21653],[6.17562,46.21535],[6.17553,46.21525],[6.17544,46.21519],[6.17531,46.21514]]]}},{"type":"Feature","properties":{"kind":"water","name":"Le Léman"},"geometry":{"type":"Polygon","coordinates":[[[6.17531,46.21514],[6.1752,46.21515],[6.17514,46.21511],[6.17487,46.2151],[6.17452,46.2151],[6.1745,46.21501],[6.17458,46.215],[6.17464,46.21503],[6.17477,46.21505],[6.17481,46.21498],[6.17482,46.2149],[6.17477,46.21482],[6.17442,46.21478],[6.1741,46.21474],[6.17365,46.21465],[6.17355,46.21466],[6.17351,46.21459],[6.17302,46.21446],[6.17291,46.2145],[6.17277,46.21463],[6.17269,46.21464],[6.17277,46.21454],[6.17268,46.2145],[6.17257,46.21447],[6.17243,46.21446],[6.17227,46.21445],[6.17172,46.21445],[6.17157,46.21446],[6.17146,46.21448],[6.17135,46.2145]]]}},{"type":"Feature","properties":{"kind":"water","name":"Le Léman"},"geometry":{"type":"Polygon","coordinates":[[[6.17135,46.2145],[6.17103,46.21452],[6.17062,46.21469],[6.17073,46.21481],[6.17089,46.21492],[6.17051,46.21498],[6.1703,46.21506],[6.17004,46.2152],[6.16954,46.21547],[6.1694,46.21536],[6.16889,46.21566],[6.16882,46.21566],[6.16872,46.21563],[6.16865,46.21558],[6.16865,46.21551],[6.16871,46.21546],[6.16878,46.21545],[6.16885,46.21546],[6.16891,46.21549],[6.16916,46.21534],[6.17013,46.21476],[6.17004,46.21468],[6.17024,46.21447],[6.17037,46.21433],[6.17057,46.21412],[6.17029,46.21399],[6.1706,46.21366],[6.1709,46.2138]]]}},{"type":"Feature","properties":{"kind":"water","name":"Le Léman"},"geometry":{"type":"Polygon","coordinates":[[[6.17226,46.21311],[6.17232,46.21308],[6.17266,46.2127],[6.17274,46.21261],[6.17284,46.2125],[6.17303,46.21229],[6.17295,46.21225],[6.17287,46.21221],[6.17281,46.21218],[6.17269,46.21212],[6.17244,46.21199]]]}},{"type":"Feature","properties":{"kind":"water","name":"Le Léman"},"geometry":{"type":"Polygon","coordinates":[[[6.16981,46.21107],[6.16854,46.2105],[6.16847,46.21046],[6.16787,46.2102],[6.16743,46.21],[6.167,46.2098],[6.16663,46.20963],[6.16651,46.20959],[6.16653,46.2097],[6.16666,46.20983],[6.16679,46.20995],[6.1671,46.21025],[6.16725,46.2104],[6.1676,46.21076],[6.16769,46.21085],[6.16775,46.21093],[6.16778,46.21102],[6.16773,46.21111],[6.1677,46.2112],[6.16778,46.21125]]]}},{"type":"Feature","properties":{"kind":"water","name":"Le Léman"},"geometry":{"type":"Polygon","coordinates":[[[6.16778,46.21125],[6.16772,46.21137],[6.16705,46.21208],[6.16698,46.21205],[6.16716,46.21182],[6.16698,46.21164],[6.1668,46.21148],[6.16669,46.21139],[6.1666,46.21137],[6.16638,46.21139],[6.16658,46.21133],[6.16655,46.21123],[6.16645,46.21114],[6.16628,46.211],[6.16613,46.21085],[6.16601,46.21077],[6.16576,46.21064],[6.16566,46.21065],[6.16577,46.2106],[6.16574,46.2105],[6.16569,46.2104],[6.16565,46.21033],[6.16554,46.21022],[6.16542,46.2101],[6.1653,46.21003],[6.16512,46.20996],[6.16493,46.20991],[6.16493,46.20974],[6.16488,46.20963],[6.16483,46.20955],[6.16482,46.20946],[6.16471,46.20934],[6.1646,46.20928],[6.16447,46.20924],[6.16437,46.20921],[6.1642,46.20916],[6.16431,46.20912],[6.16428,46.20906],[6.16428,46.20896],[6.16423,46.2089],[6.16405,46.20882],[6.16389,46.20879],[6.16375,46.20877],[6.1634,46.2088],[6.16299,46.20883],[6.1628,46.20887],[6.16271,46.2089],[6.16265,46.20894],[6.16253,46.20917],[6.16258,46.20925],[6.16257,46.20929]]]}},{"type":"Feature","properties":{"kind":"water","name":"Le Léman"},"geometry":{"type":"Polygon","coordinates":[[[6.16257,46.20929],[6.16251,46.20936],[6.16245,46.20938],[6.16235,46.20938],[6.16228,46.20936],[6.16222,46.2093],[6.16201,46.20923],[6.16154,46.20909],[6.16138,46.20908],[6.16121,46.20907],[6.16015,46.20903],[6.15966,46.209],[6.15918,46.20898],[6.15912,46.20897],[6.15905,46.209],[6.15901,46.20894],[6.15901,46.20881],[6.15905,46.20888],[6.16154,46.20905],[6.16203,46.20919],[6.16222,46.20923],[6.1623,46.20916],[6.16237,46.20914],[6.1624,46.20905],[6.16243,46.20897],[6.16247,46.20887],[6.16251,46.20878],[6.16256,46.20868],[6.16262,46.20858],[6.16257,46.20851],[6.16257,46.20844],[6.16236,46.20826],[6.16202,46.2081],[6.1617,46.20795],[6.16132,46.20777],[6.16124,46.20777],[6.16114,46.20783],[6.16106,46.20796],[6.16099,46.208],[6.16092,46.20801],[6.16055,46.20804],[6.16039,46.20806],[6.16013,46.20806],[6.15972,46.20806],[6.15962,46.20806],[6.15954,46.20807],[6.15938,46.20807],[6.16039,46.20801],[6.16096,46.20794],[6.16102,46.2079],[6.1612,46.20771],[6.16088,46.20755],[6.16056,46.2074],[6.16024,46.20725],[6.15995,46.20711],[6.15988,46.20708],[6.1597,46.20699],[6.15949,46.20689],[6.15936,46.20683],[6.15927,46.20683],[6.15919,46.20679],[6.15884,46.20658],[6.15857,46.20645],[6.15754,46.20596],[6.15746,46.20603],[6.15739,46.20612],[6.15726,46.20626],[6.15719,46.20627],[6.15749,46.20593],[6.15709,46.20574],[6.15696,46.20568],[6.15689,46.20565],[6.15677,46.20559],[6.15671,46.20556],[6.15661,46.2055],[6.15641,46.20543],[6.15627,46.20536],[6.15596,46.2052],[6.15546,46.20496],[6.15509,46.20478],[6.15465,46.20457],[6.15455,46.20453],[6.15418,46.20435],[6.15405,46.20435],[6.15392,46.20436],[6.15383,46.20435],[6.15376,46.20432],[6.15366,46.20428],[6.15289,46.20448],[6.15098,46.20496],[6.15055,46.20507],[6.15031,46.20505]]]}},{"type":"Feature","properties":{"kind":"water","name":"Le Léman"},"geometry":{"type":"Polygon","coordinates":[[[6.14871,46.20725],[6.14882,46.20735],[6.14882,46.20742],[6.14878,46.20759],[6.14978,46.20854],[6.14994,46.20844],[6.15001,46.2084],[6.15008,46.20835],[6.15027,46.20854],[6.15033,46.2086]]]}},{"type":"Feature","properties":{"kind":"water","name":"Le Léman"},"geometry":{"type":"Polygon","coordinates":[[[6.15091,46.22],[6.15333,46.22],[6.1532,46.21994],[6.15327,46.21987],[6.15324,46.21981],[6.15314,46.21974],[6.15319,46.21967],[6.15323,46.2196],[6.15329,46.21954],[6.15337,46.21948],[6.1533,46.21944],[6.15313,46.21951],[6.15307,46.21958],[6.15304,46.21968],[6.15316,46.21982],[6.15309,46.21987],[6.1525,46.2194],[6.1525,46.21934],[6.15256,46.21931],[6.15257,46.21924],[6.15255,46.2193],[6.15247,46.21928],[6.15248,46.21913],[6.15247,46.21877],[6.15217,46.21813],[6.15214,46.21801],[6.15218,46.21791],[6.1521,46.21797],[6.15205,46.21804],[6.15197,46.21804],[6.15191,46.21802],[6.15176,46.21776],[6.15166,46.21757],[6.15162,46.21742],[6.15165,46.21726]]]}},{"type":"Feature","properties":{"kind":"water","name":null},"geometry":{"type":"Polygon","coordinates":[[[6.14677,46.1865],[6.14985,46.1865],[6.14976,46.18651],[6.14946,46.18653],[6.14918,46.18655],[6.14888,46.18657],[6.14881,46.18659],[6.14871,46.18662],[6.14854,46.18661],[6.14838,46.18661],[6.14723,46.18659],[6.14692,46.18657],[6.14678,46.18652],[6.14673,46.18652]]]}},{"type":"Feature","properties":{"kind":"water","name":null},"geometry":{"type":"Polygon","coordinates":[[[6.14673,46.18652],[6.14665,46.1865],[6.14644,46.1865],[6.14637,46.18652],[6.14621,46.1865],[6.14611,46.18654],[6.14575,46.18658],[6.14564,46.18656],[6.1455,46.18656],[6.14538,46.18655],[6.14528,46.18654],[6.14514,46.18661],[6.14525,46.18651],[6.14515,46.1865],[6.14481,46.18655],[6.14427,46.18661],[6.14401,46.18671],[6.14373,46.18672],[6.14314,46.18689],[6.1428,46.18701],[6.14257,46.18713],[6.14226,46.1873],[6.14208,46.18743],[6.1419,46.18758],[6.14168,46.1878],[6.14165,46.18787],[6.14154,46.18799],[6.14123,46.18862],[6.14099,46.18916],[6.14076,46.18957],[6.14043,46.19017],[6.14023,46.19055],[6.14013,46.19082],[6.13998,46.19113],[6.13982,46.19148],[6.1396,46.19196],[6.13951,46.19214],[6.13942,46.19238],[6.13923,46.19273],[6.13915,46.19291],[6.13897,46.19314],[6.13887,46.19326],[6.13873,46.19338],[6.1386,46.19347],[6.13848,46.19363],[6.13821,46.19377],[6.13792,46.1939],[6.13729,46.19421],[6.13647,46.19463],[6.13613,46.19483],[6.13603,46.1949],[6.13576,46.19506],[6.13537,46.19521],[6.13514,46.19533],[6.13471,46.19554],[6.13463,46.19555],[6.13427,46.19571],[6.1339,46.19586],[6.13375,46.19594],[6.13354,46.19606],[6.13271,46.19647],[6.13162,46.19709],[6.13139,46.19724],[6.13126,46.19736],[6.13109,46.19748],[6.13088,46.19759],[6.13079,46.19767],[6.1307,46.19777],[6.13053,46.19785],[6.13042,46.19796],[6.13026,46.19805],[6.13003,46.19822],[6.12984,46.19834],[6.12967,46.19843],[6.12957,46.19846],[6.12951,46.19846],[6.12852,46.19903],[6.12839,46.19909],[6.12824,46.19916],[6.12801,46.19928]]]}},{"type":"Feature","properties":{"kind":"water","name":null},"geometry":{"type":"Polygon","coordinates":[[[6.1245,46.19999],[6.12801,46.19928],[6.1277,46.19942],[6.12744,46.1996],[6.12722,46.19971],[6.12702,46.19981],[6.12678,46.19988],[6.12663,46.19992],[6.12635,46.20001],[6.12609,46.20006],[6.12578,46.20013],[6.12547,46.20021],[6.12511,46.20032],[6.12485,46.20036],[6.12451,46.20038],[6.1245,46.20038]]]}},{"type":"Feature","properties":{"kind":"water","name":null},"geometry":{"type":"Polygon","coordinates":[[[6.1245,46.19988],[6.1245,46.20102],[6.12463,46.201],[6.12491,46.20094],[6.12521,46.20088],[6.12533,46.20086],[6.12549,46.20083],[6.12556,46.20081],[6.12571,46.20079],[6.12579,46.20077],[6.12591,46.20073],[6.12622,46.20065],[6.1265,46.20055],[6.12674,46.20048],[6.12699,46.20041],[6.12775,46.20017],[6.12787,46.20016],[6.12793,46.20014],[6.12833,46.19997],[6.12843,46.1999],[6.12857,46.19984],[6.12894,46.19965],[6.12915,46.19955],[6.12932,46.19943],[6.12958,46.19927],[6.13023,46.19888],[6.13091,46.19847],[6.13098,46.19841],[6.13111,46.19828],[6.13125,46.19817],[6.13153,46.19803],[6.13173,46.1979],[6.1319,46.19774],[6.13206,46.19768],[6.13297,46.19699],[6.13325,46.1968],[6.13333,46.19675],[6.1334,46.19672],[6.13351,46.19663],[6.13367,46.19656],[6.13375,46.19654],[6.13383,46.19651],[6.13396,46.19647],[6.13403,46.19646],[6.13412,46.19642],[6.13419,46.1964],[6.13453,46.19626],[6.13463,46.19621],[6.13469,46.1962],[6.13493,46.19611],[6.13536,46.1959],[6.13553,46.1958],[6.13564,46.19576],[6.13587,46.19559],[6.13604,46.19553],[6.13613,46.1955],[6.13621,46.19546],[6.1365,46.19534],[6.13698,46.19511],[6.13782,46.19466],[6.13796,46.19456],[6.13813,46.19447],[6.1382,46.19446],[6.13869,46.19421],[6.13887,46.1941],[6.13895,46.19404],[6.13903,46.19399],[6.1391,46.19392],[6.13918,46.19386],[6.13924,46.19385],[6.13932,46.19376],[6.13938,46.19362],[6.1396,46.1935],[6.13978,46.19326],[6.13986,46.19308],[6.13997,46.19293],[6.14014,46.19262],[6.14029,46.19227],[6.14038,46.19207],[6.14049,46.1919],[6.14063,46.19155],[6.1408,46.19113],[6.1409,46.19088],[6.14099,46.19074],[6.1412,46.19047],[6.14127,46.19037],[6.14138,46.19016],[6.14147,46.19003],[6.14155,46.18982],[6.14157,46.18972],[6.14169,46.18944],[6.14177,46.18927],[6.14192,46.1889],[6.14195,46.18878],[6.14201,46.18867],[6.14213,46.18843],[6.14227,46.18821],[6.14234,46.18812],[6.14239,46.18803],[6.14252,46.18795],[6.14266,46.18784],[6.14272,46.18778],[6.14284,46.1877],[6.14303,46.18759],[6.14326,46.18748],[6.1435,46.18739],[6.14394,46.18724],[6.14401,46.18724],[6.14423,46.18719],[6.1445,46.18713],[6.14475,46.1871],[6.14492,46.18707],[6.14499,46.18706],[6.14506,46.18704],[6.14513,46.18703],[6.14522,46.187],[6.14534,46.18702],[6.14543,46.18704],[6.1455,46.18702],[6.14562,46.18701],[6.14573,46.18701],[6.14581,46.18702],[6.14592,46.18702],[6.14636,46.18706],[6.14659,46.18708]]]}},{"type":"Feature","properties":{"kind":"water","name":null},"geometry":{"type":"Polygon","coordinates":[[[6.14806,46.1865],[6.14689,46.18709],[6.14697,46.18707],[6.14706,46.18709],[6.14718,46.18708],[6.1473,46.18708],[6.14739,46.18709],[6.14748,46.1871],[6.14758,46.18712],[6.14768,46.18712],[6.14776,46.18707],[6.14802,46.18708],[6.14833,46.18709],[6.14847,46.18709],[6.14866,46.18709],[6.14882,46.18709],[6.14904,46.18713],[6.14916,46.18714],[6.1494,46.18713],[6.14959,46.18709],[6.14982,46.18707],[6.15019,46.18704],[6.15045,46.18702],[6.15055,46.18701],[6.15073,46.18699],[6.15099,46.18696],[6.15105,46.18696],[6.1512,46.18695],[6.15137,46.18697],[6.15153,46.18697],[6.15164,46.18697],[6.15177,46.18697],[6.15189,46.18697],[6.15208,46.18694],[6.15229,46.18692],[6.15236,46.18692],[6.15276,46.18681],[6.15313,46.18669],[6.15362,46.18651],[6.15365,46.1865]]]}},{"type":"Feature","properties":{"kind":"water","name":null},"geometry":{"type":"Polygon","coordinates":[[[6.16211,46.1865],[6.16214,46.18661],[6.16209,46.18674],[6.16215,46.18706],[6.16245,46.18759],[6.16287,46.1879],[6.1631,46.18805],[6.1633,46.18813],[6.16352,46.1882],[6.16391,46.18827],[6.16465,46.18836],[6.1652,46.18838],[6.16553,46.18836],[6.16597,46.18827],[6.16687,46.188],[6.16722,46.18785],[6.16774,46.18761],[6.16807,46.1874],[6.16831,46.18725],[6.16866,46.18696],[6.16906,46.18667],[6.16921,46.1865]]]}},{"type":"Feature","properties":{"kind":"water","name":null},"geometry":{"type":"Polygon","coordinates":[[[6.16844,46.1865],[6.16812,46.18677],[6.16765,46.18719],[6.16732,46.18736],[6.16662,46.18762],[6.1662,46.18774],[6.16578,46.18784],[6.16535,46.18792],[6.1652,46.18792],[6.16468,46.18784],[6.16399,46.1877],[6.16377,46.18762],[6.16341,46.18743],[6.16316,46.18725],[6.16297,46.18702],[6.16283,46.18666],[6.16281,46.1865]]]}},{"type":"Feature","properties":{"kind":"water","name":"Le Rhône"},"geometry":{"type":"Polygon","coordinates":[[[6.1245,46.20173],[6.13947,46.20422],[6.13874,46.20421],[6.13866,46.20421],[6.13858,46.20421],[6.13832,46.20422],[6.13789,46.20424],[6.1368,46.20424],[6.13673,46.20424],[6.13644,46.20424],[6.13636,46.20424],[6.13599,46.20422],[6.13585,46.20419],[6.13575,46.20416],[6.1356,46.20439],[6.1357,46.20442],[6.13561,46.20445],[6.13535,46.20434],[6.13511,46.20425],[6.13527,46.204],[6.13515,46.20395],[6.13503,46.20389],[6.13478,46.20375],[6.13451,46.20362],[6.13441,46.20356],[6.13422,46.20348],[6.13404,46.20341],[6.13371,46.20327],[6.13339,46.20316],[6.13312,46.20307],[6.13277,46.20298],[6.13252,46.20294],[6.13235,46.20291],[6.13177,46.20281],[6.13149,46.20278],[6.13124,46.20275],[6.13114,46.20274],[6.13107,46.20273],[6.13092,46.20272],[6.13078,46.20272],[6.13065,46.20272],[6.13032,46.20273],[6.12998,46.20274],[6.12979,46.20275],[6.12968,46.20275],[6.12951,46.20275],[6.12943,46.20276],[6.12911,46.20276],[6.12899,46.20276],[6.12859,46.20272],[6.12809,46.20266],[6.12783,46.20264],[6.12762,46.20263],[6.12683,46.20249],[6.1265,46.20243],[6.12637,46.20241],[6.12626,46.2024],[6.12617,46.2024],[6.12609,46.2024],[6.12599,46.20239],[6.12588,46.20238],[6.1254,46.20229],[6.12489,46.2022],[6.12469,46.20215],[6.12451,46.20211],[6.1245,46.2021]]]}},{"type":"Feature","properties":{"kind":"water","name":"Le Rhône"},"geometry":{"type":"Polygon","coordinates":[[[6.14977,46.20506],[6.14943,46.20493],[6.14931,46.20488],[6.14893,46.20469],[6.14884,46.2047],[6.1487,46.20463],[6.14854,46.20455],[6.14675,46.20492],[6.14667,46.20493],[6.14657,46.20495],[6.14651,46.20486],[6.14647,46.20485]]]}},{"type":"Feature","properties":{"kind":"water","name":"Le Rhône"},"geometry":{"type":"Polygon","coordinates":[[[6.13989,46.20528],[6.14024,46.20528],[6.14054,46.20528],[6.14086,46.2053],[6.14115,46.20532],[6.14143,46.20534],[6.14204,46.20542],[6.14227,46.20546],[6.14249,46.2055],[6.14258,46.20551],[6.14268,46.20553],[6.14302,46.20562],[6.14312,46.20564],[6.14388,46.2059],[6.14474,46.20615],[6.14481,46.20617],[6.14507,46.20623],[6.14628,46.20654],[6.14654,46.20661],[6.14661,46.20662],[6.14668,46.20664],[6.14679,46.20667],[6.14719,46.20677],[6.14728,46.20675],[6.14743,46.20676],[6.14752,46.2068]]]}},{"type":"Feature","properties":{"kind":"water","name":"Le Rhône"},"geometry":{"type":"Polygon","coordinates":[[[6.13155,46.20347],[6.1317,46.20343],[6.13203,46.20339],[6.13229,46.20342],[6.13255,46.20341],[6.13273,46.20345],[6.13287,46.20348],[6.13299,46.20352],[6.13319,46.2036],[6.13336,46.20366],[6.13356,46.20375],[6.13373,46.20382],[6.13395,46.20394],[6.1342,46.20408],[6.13441,46.20422],[6.13493,46.20458],[6.13537,46.20489],[6.13563,46.20506],[6.13578,46.20514],[6.13593,46.20521],[6.13609,46.20527],[6.13624,46.2053],[6.1364,46.20534],[6.13657,46.20536],[6.13678,46.20537],[6.13699,46.20538],[6.13759,46.20535],[6.1387,46.2053],[6.1393,46.20527],[6.13957,46.20526],[6.13989,46.20528]]]}},{"type":"Feature","properties":{"kind":"water","name":"Le Rhône"},"geometry":{"type":"Polygon","coordinates":[[[6.1245,46.2024],[6.1245,46.20274],[6.12475,46.2028],[6.12488,46.20286],[6.12503,46.20297],[6.12537,46.20312],[6.12549,46.20317],[6.12561,46.20321],[6.12574,46.20324],[6.12581,46.20325],[6.12589,46.20328],[6.12596,46.20329],[6.12658,46.2034],[6.12681,46.20344],[6.12687,46.20343],[6.12701,46.20345],[6.12724,46.20344],[6.12782,46.20359],[6.12832,46.20369],[6.12861,46.20369],[6.12868,46.20366],[6.12907,46.20378],[6.12916,46.20376],[6.12929,46.20377],[6.12954,46.20375],[6.12964,46.20376],[6.12977,46.20377],[6.12987,46.20377],[6.13009,46.20373],[6.13016,46.20368],[6.13024,46.2037],[6.13035,46.20366],[6.13044,46.20365],[6.13061,46.20364],[6.13069,46.20362]]]}},{"type":"Feature","properties":{"kind":"water","name":null},"geometry":{"type":"Polygon","coordinates":[[[6.13155,46.20347],[6.1317,46.20343],[6.13203,46.20339],[6.13229,46.20342],[6.13255,46.20341],[6.13273,46.20345],[6.13287,46.20348],[6.13299,46.20352],[6.13319,46.2036],[6.13336,46.20366],[6.13356,46.20375],[6.13373,46.20382],[6.13395,46.20394],[6.1342,46.20408],[6.13441,46.20422],[6.13493,46.20458],[6.13537,46.20489],[6.13563,46.20506],[6.13578,46.20514],[6.13593,46.20521],[6.13609,46.20527],[6.13624,46.2053],[6.1364,46.20534],[6.13657,46.20536],[6.13678,46.20537],[6.13699,46.20538],[6.13759,46.20535],[6.1387,46.2053],[6.1393,46.20527],[6.13957,46.20526],[6.13989,46.20528]]]}},{"type":"Feature","properties":{"kind":"water","name":null},"geometry":{"type":"Polygon","coordinates":[[[6.1245,46.2024],[6.1245,46.20274],[6.12475,46.2028],[6.12488,46.20286],[6.12503,46.20297],[6.12537,46.20312],[6.12549,46.20317],[6.12561,46.20321],[6.12574,46.20324],[6.12581,46.20325],[6.12589,46.20328],[6.12596,46.20329],[6.12658,46.2034],[6.12681,46.20344],[6.12687,46.20343],[6.12701,46.20345],[6.12724,46.20344],[6.12782,46.20359],[6.12832,46.20369],[6.12861,46.20369],[6.12868,46.20366],[6.12907,46.20378],[6.12916,46.20376],[6.12929,46.20377],[6.12954,46.20375],[6.12964,46.20376],[6.12977,46.20377],[6.12987,46.20377],[6.13009,46.20373],[6.13016,46.20368],[6.13024,46.2037],[6.13035,46.20366],[6.13044,46.20365],[6.13061,46.20364],[6.13069,46.20362]]]}},{"type":"Feature","properties":{"kind":"water","name":null},"geometry":{"type":"Polygon","coordinates":[[[6.1245,46.20173],[6.13947,46.20422],[6.13874,46.20421],[6.13866,46.20421],[6.13858,46.20421],[6.13832,46.20422],[6.13789,46.20424],[6.1368,46.20424],[6.13673,46.20424],[6.13644,46.20424],[6.13636,46.20424],[6.13599,46.20422],[6.13585,46.20419],[6.13575,46.20416],[6.1356,46.20439],[6.1357,46.20442],[6.13561,46.20445],[6.13535,46.20434],[6.13511,46.20425],[6.13527,46.204],[6.13515,46.20395],[6.13503,46.20389],[6.13478,46.20375],[6.13451,46.20362],[6.13441,46.20356],[6.13422,46.20348],[6.13404,46.20341],[6.13371,46.20327],[6.13339,46.20316],[6.13312,46.20307],[6.13277,46.20298],[6.13252,46.20294],[6.13235,46.20291],[6.13177,46.20281],[6.13149,46.20278],[6.13124,46.20275],[6.13114,46.20274],[6.13107,46.20273],[6.13092,46.20272],[6.13078,46.20272],[6.13065,46.20272],[6.13032,46.20273],[6.12998,46.20274],[6.12979,46.20275],[6.12968,46.20275],[6.12951,46.20275],[6.12943,46.20276],[6.12911,46.20276],[6.12899,46.20276],[6.12859,46.20272],[6.12809,46.20266],[6.12783,46.20264],[6.12762,46.20263],[6.12683,46.20249],[6.1265,46.20243],[6.12637,46.20241],[6.12626,46.2024],[6.12617,46.2024],[6.12609,46.2024],[6.12599,46.20239],[6.12588,46.20238],[6.1254,46.20229],[6.12489,46.2022],[6.12469,46.20215],[6.12451,46.20211],[6.1245,46.2021]]]}},{"type":"Feature","properties":{"kind":"water","name":null},"geometry":{"type":"Polygon","coordinates":[[[6.14977,46.20506],[6.14943,46.20493],[6.14931,46.20488],[6.14893,46.20469],[6.14884,46.2047],[6.1487,46.20463],[6.14854,46.20455],[6.14675,46.20492],[6.14667,46.20493],[6.14657,46.20495],[6.14651,46.20486],[6.14647,46.20485]]]}},{"type":"Feature","properties":{"kind":"water","name":null},"geometry":{"type":"Polygon","coordinates":[[[6.13989,46.20528],[6.14024,46.20528],[6.14054,46.20528],[6.14086,46.2053],[6.14115,46.20532],[6.14143,46.20534],[6.14204,46.20542],[6.14227,46.20546],[6.14249,46.2055],[6.14258,46.20551],[6.14268,46.20553],[6.14302,46.20562],[6.14312,46.20564],[6.14388,46.2059],[6.14474,46.20615],[6.14481,46.20617],[6.14507,46.20623],[6.14628,46.20654],[6.14654,46.20661],[6.14661,46.20662],[6.14668,46.20664],[6.14679,46.20667],[6.14719,46.20677],[6.14728,46.20675],[6.14743,46.20676],[6.14752,46.2068]]]}}]}